latitude,longitude,brightness,scan,track,acq_date,acq_time,satellite,instrument,confidence,version,bright_t31,frp,daynight,type
0.4837,128.0044,304.2,1.2,1.1,2026-01-01,1825,Aqua,MODIS,59,61.03,289.6,5.6,N,2
0.5124,127.8932,307.1,1.2,1.1,2026-01-02,0043,Terra,MODIS,40,61.03,286.4,5.5,D,0
-8.2745,123.5095,310,1,1,2026-01-02,0045,Terra,MODIS,62,61.03,288,7.1,D,1
-1.3441,122.0037,305,1.4,1.2,2026-01-02,0644,Aqua,MODIS,56,61.03,284.5,6.1,D,0
-2.0149,121.4219,313.5,1.6,1.2,2026-01-02,0644,Aqua,MODIS,72,61.03,291.2,13.7,D,2
0.3535,120.1631,311.5,1.8,1.3,2026-01-02,0645,Aqua,MODIS,60,61.03,278.7,20,D,0
-2.0132,121.4176,306.5,1,1,2026-01-02,1302,Terra,MODIS,42,61.03,275.2,7.9,N,2
-8.1163,112.9275,340,1,1,2026-01-03,0125,Terra,MODIS,91,61.03,291.8,45,D,1
-8.115,112.9185,319,1,1,2026-01-03,0125,Terra,MODIS,75,61.03,286.9,17.5,D,1
-3.9341,138.5839,305.8,1.2,1.1,2026-01-03,0543,Aqua,MODIS,58,61.03,287.5,7.6,D,0
-3.9656,122.1293,310.1,1,1,2026-01-05,0700,Aqua,MODIS,65,61.03,285.1,5.3,D,0
2.6324,98.0659,311.6,1.1,1.1,2026-01-05,0840,Aqua,MODIS,65,61.03,294,8.1,D,0
1.4119,99.4451,312.1,1.3,1.1,2026-01-05,0840,Aqua,MODIS,61,61.03,292.2,9.4,D,0
1.4136,99.4562,309.5,1.3,1.1,2026-01-05,0840,Aqua,MODIS,51,61.03,292.3,6.2,D,0
4.5417,95.7574,311.1,1,1,2026-01-05,0841,Aqua,MODIS,64,61.03,296,4.5,D,0
-1.4619,127.4392,312.4,1.3,1.1,2026-01-06,1223,Terra,MODIS,79,61.03,279.3,16.7,N,2
-3.1078,101.913,309.7,1,1,2026-01-07,0817,Aqua,MODIS,62,61.03,287.8,5.6,D,0
-2.7085,103.1934,306.9,1,1,2026-01-07,0817,Aqua,MODIS,61,61.03,276.1,6,D,0
-2.6433,103.2491,313.5,1,1,2026-01-07,0817,Aqua,MODIS,0,61.03,288.5,7.2,D,0
-2.6231,103.2642,312,1,1,2026-01-07,0817,Aqua,MODIS,69,61.03,288.8,6.4,D,0
-2.7072,103.2022,316.8,1,1,2026-01-07,0817,Aqua,MODIS,76,61.03,275.6,13.6,D,0
-3.7163,104.2486,312.4,1.1,1,2026-01-07,0817,Aqua,MODIS,65,61.03,292.6,6.6,D,0
-3.5035,104.3791,331.1,1.1,1,2026-01-07,0817,Aqua,MODIS,85,61.03,290.4,27.8,D,0
-3.711,102.4111,315.7,1,1,2026-01-07,0817,Aqua,MODIS,72,61.03,291.4,8.9,D,0
-3.7122,102.4023,312.4,1,1,2026-01-07,0817,Aqua,MODIS,67,61.03,290.6,6.3,D,0
-3.4085,104.3297,313,1.1,1,2026-01-07,0817,Aqua,MODIS,66,61.03,291.4,6.9,D,0
-3.4112,104.3111,311.2,1.1,1,2026-01-07,0817,Aqua,MODIS,43,61.03,289.6,5.5,D,0
-3.3925,104.3752,321.9,1.1,1,2026-01-07,0817,Aqua,MODIS,78,61.03,292,15.2,D,0
-3.3802,104.0239,309.9,1,1,2026-01-07,0817,Aqua,MODIS,61,61.03,288.4,5.7,D,0
-3.2979,104.2694,308.1,1.1,1,2026-01-07,0817,Aqua,MODIS,56,61.03,285.3,4.8,D,0
-3.3141,104.0362,319,1,1,2026-01-07,0817,Aqua,MODIS,76,61.03,289.2,13.1,D,0
-3.3154,104.0271,312.7,1,1,2026-01-07,0817,Aqua,MODIS,68,61.03,290,7.3,D,0
-3.3043,103.9789,307.3,1,1,2026-01-07,0817,Aqua,MODIS,27,61.03,286.3,3.5,D,0
-3.3056,103.9698,315.7,1,1,2026-01-07,0817,Aqua,MODIS,72,61.03,286.3,10.4,D,0
-3.5571,102.1177,318,1,1,2026-01-07,0817,Aqua,MODIS,57,61.03,294.3,10.9,D,0
-3.2205,103.9784,312.7,1,1,2026-01-07,0817,Aqua,MODIS,64,61.03,289.6,7.4,D,0
-2.5194,102.8333,309.1,1,1,2026-01-07,0818,Aqua,MODIS,61,61.03,288.1,4.1,D,0
-2.0108,103.0951,309,1,1,2026-01-07,0818,Aqua,MODIS,58,61.03,288.4,3.9,D,0
-2.0025,102.1503,310.3,1,1,2026-01-07,0818,Aqua,MODIS,60,61.03,293.6,4.9,D,0
-1.7665,102.7445,310,1,1,2026-01-07,0818,Aqua,MODIS,56,61.03,290,5.1,D,0
-8.1137,112.9283,322.6,1,1,2026-01-08,0124,Terra,MODIS,66,61.03,276.1,23.1,D,1
-2.5802,121.3818,314.7,1.4,1.2,2026-01-08,0717,Aqua,MODIS,47,61.03,288.8,14.9,D,2
-1.896,115.8665,309.4,1.1,1,2026-01-08,0718,Aqua,MODIS,63,61.03,283.6,8.5,D,2
-8.1063,112.9312,309.9,1.2,1.1,2026-01-08,1939,Aqua,MODIS,79,61.03,273.3,16.6,N,1
-1.4584,127.4434,310.6,1.2,1.1,2026-01-09,0023,Terra,MODIS,0,61.03,292,9,D,2
-1.5684,127.4319,311.9,1.2,1.1,2026-01-09,0023,Terra,MODIS,45,61.03,296.3,7.5,D,2
-8.2674,123.5042,311.6,1.8,1.3,2026-01-09,0025,Terra,MODIS,44,61.03,279.7,12.9,D,1
-1.5605,127.4246,309.1,1.1,1,2026-01-09,1242,Terra,MODIS,65,61.03,290.2,8.4,N,2
1.499,127.6298,313.8,1.2,1.1,2026-01-09,1243,Terra,MODIS,83,61.03,289.8,15.8,N,1
1.4985,127.6359,317.5,1,1,2026-01-09,1837,Aqua,MODIS,94,61.03,270.7,18.8,N,1
-2.0128,121.4221,307.8,1.1,1,2026-01-10,0103,Terra,MODIS,49,61.03,282.7,6.3,D,2
-2.5786,121.3815,311.9,1.1,1,2026-01-10,0103,Terra,MODIS,72,61.03,293.8,8,D,2
-2.0116,121.4352,321.4,1.1,1,2026-01-10,0656,Aqua,MODIS,40,61.03,302.3,12,D,2
-2.9575,121.473,315.5,1.1,1,2026-01-10,0656,Aqua,MODIS,43,61.03,299.4,8.7,D,0
-2.8361,122.1765,320.8,1,1,2026-01-10,0656,Aqua,MODIS,57,61.03,299.5,7.6,D,2
-2.6833,121.7067,346.7,1.1,1,2026-01-10,0656,Aqua,MODIS,89,61.03,294.2,54.7,D,0
-2.7753,121.0694,311.9,1.1,1.1,2026-01-10,0656,Aqua,MODIS,57,61.03,296.7,7.3,D,0
-2.5825,121.3842,365,1.1,1,2026-01-10,0656,Aqua,MODIS,100,61.03,299.4,106.9,D,2
-2.013,121.4259,319.7,1.1,1,2026-01-10,0656,Aqua,MODIS,38,61.03,300.6,9.5,D,2
-2.0143,121.4166,330,1.1,1,2026-01-10,0656,Aqua,MODIS,82,61.03,302.5,22,D,2
-1.3779,123.3005,311.1,1,1,2026-01-10,0656,Aqua,MODIS,61,61.03,297.3,4.6,D,0
-1.2361,121.6852,319.6,1,1,2026-01-10,0656,Aqua,MODIS,78,61.03,299.6,11.9,D,0
-0.8543,123.2135,315.3,1,1,2026-01-10,0656,Aqua,MODIS,73,61.03,295.9,8.2,D,0
2.2222,117.8363,312,1.5,1.2,2026-01-10,0657,Aqua,MODIS,66,61.03,293.5,10.6,D,0
4.5844,95.6909,316,1,1,2026-01-10,0836,Aqua,MODIS,76,61.03,295.2,8.9,D,0
4.5933,95.6896,311.4,1,1,2026-01-10,0836,Aqua,MODIS,58,61.03,293.9,4.7,D,0
4.6853,95.5674,310.1,1.1,1,2026-01-10,0836,Aqua,MODIS,61,61.03,293.5,5.9,D,0
-1.8117,136.756,301.3,1.8,1.3,2026-01-10,1738,Aqua,MODIS,40,61.03,283.2,9.6,N,0
-6.0035,105.9758,305.4,1,1,2026-01-11,1400,Terra,MODIS,29,61.03,291.4,4.9,N,0
1.0016,102.7055,309.3,1,1,2026-01-12,0814,Aqua,MODIS,36,61.03,292.9,4.5,D,2
4.7016,97.285,303.6,1.8,1.3,2026-01-12,0815,Aqua,MODIS,37,61.03,288,5.5,D,0
-1.8954,115.8581,305,1,1,2026-01-13,0122,Terra,MODIS,40,61.03,283.9,4,D,2
-1.8967,115.867,315.2,1,1,2026-01-13,0122,Terra,MODIS,74,61.03,283.6,11.3,D,2
-6.2161,139.3941,334.5,1.8,1.3,2026-01-13,0533,Aqua,MODIS,88,61.03,290,71.2,D,0
-3.8169,119.9983,310.3,1,1,2026-01-13,0712,Aqua,MODIS,67,61.03,289.6,6.7,D,0
-1.9935,119.3821,307.8,1,1,2026-01-13,0713,Aqua,MODIS,65,61.03,291.4,4.7,D,0
-2.0163,121.4248,316.9,1.2,1.1,2026-01-13,0713,Aqua,MODIS,52,61.03,297.4,10.1,D,2
-0.4164,116.8545,316.8,1.1,1,2026-01-13,0713,Aqua,MODIS,72,61.03,293.8,10.5,D,0
-0.5221,116.1431,335.6,1.2,1.1,2026-01-13,0713,Aqua,MODIS,88,61.03,294.3,39.3,D,0
-0.2614,117.2122,310.8,1,1,2026-01-13,0713,Aqua,MODIS,62,61.03,291.2,5.8,D,0
1.5624,117.1708,304.2,1,1,2026-01-13,0714,Aqua,MODIS,52,61.03,279.2,6.1,D,0
-1.4621,127.4409,317.8,1.2,1.1,2026-01-14,0023,Terra,MODIS,0,61.03,287.1,17.1,D,2
-4.858,105.2392,310.8,1,1,2026-01-14,0202,Terra,MODIS,69,61.03,291.7,5.3,D,0
-2.6881,110.2837,321.8,1,1,2026-01-14,0751,Aqua,MODIS,0,61.03,269,21.9,D,0
0.3817,109.344,320.5,1,1,2026-01-14,0752,Aqua,MODIS,76,61.03,294,12.9,D,0
-0.26,109.3208,312.6,1,1,2026-01-14,0752,Aqua,MODIS,45,61.03,298.4,5.5,D,0
-0.2613,109.3121,314.6,1,1,2026-01-14,0752,Aqua,MODIS,40,61.03,298.7,7.1,D,0
-3.8716,122.3917,300.2,1.4,1.2,2026-01-14,1241,Terra,MODIS,22,61.03,279.9,4.5,N,2
-3.8699,122.4041,303.7,1.4,1.2,2026-01-14,1241,Terra,MODIS,57,61.03,281.4,7.3,N,2
-1.4553,127.4399,308.8,1,1,2026-01-14,1833,Aqua,MODIS,63,61.03,279.6,10.4,N,2
0.486,127.9912,315.2,2.8,1.6,2026-01-15,0101,Terra,MODIS,0,61.03,292.7,45.9,D,2
-1.5424,122.1503,314.2,1.1,1.1,2026-01-15,0102,Terra,MODIS,63,61.03,295.4,8.1,D,0
-1.635,121.2507,316.7,1,1,2026-01-15,0102,Terra,MODIS,70,61.03,297.3,9.2,D,0
-2.0096,121.418,322.1,1.1,1,2026-01-15,0102,Terra,MODIS,72,61.03,298.7,14.6,D,2
-2.2706,121.7675,313,1.1,1,2026-01-15,0102,Terra,MODIS,54,61.03,297.6,6.6,D,0
-2.8333,122.1763,317.8,1.2,1.1,2026-01-15,0651,Aqua,MODIS,52,61.03,298.3,7.3,D,2
-1.8413,121.5142,324.6,1.2,1.1,2026-01-15,0651,Aqua,MODIS,81,61.03,296,21.7,D,0
-2.0083,121.4301,321.8,1.2,1.1,2026-01-15,0651,Aqua,MODIS,73,61.03,293.6,20.6,D,2
-1.0936,114.0603,308.2,4.5,2,2026-01-15,0652,Aqua,MODIS,55,61.03,289.7,44.8,D,0
-1.5727,122.2203,316,1.1,1.1,2026-01-15,0652,Aqua,MODIS,57,61.03,294.4,7.8,D,0
-1.1552,114.9927,313.4,3.8,1.8,2026-01-15,0652,Aqua,MODIS,68,61.03,291.2,54.1,D,0
-1.0849,114.0942,306.5,4.5,2,2026-01-15,0652,Aqua,MODIS,36,61.03,287.7,28.8,D,0
0.5625,120.3579,318.3,1.3,1.1,2026-01-15,0652,Aqua,MODIS,77,61.03,296.6,17.7,D,0
-2.2312,101.1735,322.6,1.1,1,2026-01-15,0830,Aqua,MODIS,80,61.03,286.7,18.4,D,0
-2.2325,101.1643,308.8,1.1,1,2026-01-15,0830,Aqua,MODIS,62,61.03,286.5,5,D,0
1.7402,98.6971,314.2,1,1,2026-01-15,0831,Aqua,MODIS,0,61.03,298.5,6.2,D,0
1.7989,98.6707,320,1,1,2026-01-15,0831,Aqua,MODIS,78,61.03,298.8,11.2,D,0
1.7976,98.662,333.6,1,1,2026-01-15,0831,Aqua,MODIS,76,61.03,301.4,26.6,D,0
1.9717,99.4683,313.4,1,1,2026-01-15,0831,Aqua,MODIS,71,61.03,282.2,11.6,D,0
3.0015,97.5462,312.7,1,1,2026-01-15,0831,Aqua,MODIS,68,61.03,298.8,6.7,D,0
2.5063,98.0107,312,1,1,2026-01-15,0831,Aqua,MODIS,60,61.03,295.7,6.8,D,0
2.6819,97.7641,320.1,1,1,2026-01-15,0831,Aqua,MODIS,65,61.03,301.1,11.5,D,0
2.8767,97.832,320.3,1,1,2026-01-15,0831,Aqua,MODIS,77,61.03,299.5,13.1,D,0
2.9798,98.2063,321.2,1,1,2026-01-15,0831,Aqua,MODIS,78,61.03,296.3,15.4,D,0
2.9811,98.2151,332.7,1,1,2026-01-15,0831,Aqua,MODIS,87,61.03,295.4,29.3,D,0
4.5317,95.8921,316.8,1.2,1.1,2026-01-15,0832,Aqua,MODIS,77,61.03,294.2,14.3,D,0
3.9471,96.6928,312.7,1.1,1,2026-01-15,0832,Aqua,MODIS,64,61.03,298.6,6.3,D,0
4.1932,96.1015,315.8,1.1,1.1,2026-01-15,0832,Aqua,MODIS,75,61.03,300.7,10.5,D,0
4.325,96.3082,308,1.1,1.1,2026-01-15,0832,Aqua,MODIS,46,61.03,288.5,6.4,D,0
4.5332,95.803,306.1,1.2,1.1,2026-01-15,0832,Aqua,MODIS,44,61.03,292,6.3,D,0
-1.891,115.8632,320.8,1,1,2026-01-15,1321,Terra,MODIS,100,61.03,292.7,16.6,N,2
-2.8873,115.2565,305.5,1,1,2026-01-15,1321,Terra,MODIS,65,61.03,287.9,5.7,N,0
-2.0059,121.423,305.3,1.2,1.1,2026-01-15,1911,Aqua,MODIS,64,61.03,292.8,6.4,N,2
-2.5744,121.389,307.6,1.2,1.1,2026-01-15,1912,Aqua,MODIS,72,61.03,290.3,10.9,N,2
-1.8883,115.8703,310.6,1.2,1.1,2026-01-15,1912,Aqua,MODIS,80,61.03,291.7,12.3,N,2
-3.8679,122.3978,304.5,1.5,1.2,2026-01-15,1912,Aqua,MODIS,60,61.03,290,7.5,N,2
-3.8698,122.411,303.8,1.5,1.2,2026-01-15,1912,Aqua,MODIS,51,61.03,290.1,6.5,N,2
-2.5728,121.3781,301.1,1.2,1.1,2026-01-15,1912,Aqua,MODIS,36,61.03,289.1,5.9,N,2
-0.16,109.3078,311.3,1,1,2026-01-16,0141,Terra,MODIS,70,61.03,293.2,6.6,D,0
-0.1614,109.3169,311.3,1,1,2026-01-16,0141,Terra,MODIS,70,61.03,292.6,6.6,D,0
-0.789,109.515,316.1,1,1,2026-01-16,0141,Terra,MODIS,74,61.03,290.6,11.2,D,0
-7.0479,110.3333,304.6,1,1,2026-01-16,0143,Terra,MODIS,30,61.03,286.4,2.4,D,0
-6.3181,139.1236,324.4,1,1,2026-01-16,0550,Aqua,MODIS,79,61.03,294,18.5,D,0
-6.2604,139.006,315.9,1,1,2026-01-16,0550,Aqua,MODIS,69,61.03,294.6,9.2,D,0
-7.493,110.9337,314.8,1.7,1.3,2026-01-16,0728,Aqua,MODIS,69,61.03,285.1,18.8,D,0
-7.4951,110.9183,311.2,1.7,1.3,2026-01-16,0728,Aqua,MODIS,63,61.03,284.8,12.5,D,0
-1.0295,114.3725,320.5,1,1,2026-01-16,0730,Aqua,MODIS,75,61.03,298.4,12.4,D,0
-0.9347,114.7141,330.9,1,1,2026-01-16,0730,Aqua,MODIS,84,61.03,298.7,23.7,D,0
-0.8558,115.0688,311,1,1,2026-01-16,0730,Aqua,MODIS,55,61.03,298,4.8,D,0
-0.8797,114.6995,326.5,1,1,2026-01-16,0730,Aqua,MODIS,81,61.03,298.5,18.2,D,0
-0.871,114.6982,318.4,1,1,2026-01-16,0730,Aqua,MODIS,73,61.03,296.8,10.5,D,0
-1.4066,110.4454,314.2,1.5,1.2,2026-01-16,0730,Aqua,MODIS,69,61.03,294.4,15.1,D,0
-1.0716,112.6444,308.8,1.1,1,2026-01-16,0730,Aqua,MODIS,63,61.03,285.8,7.2,D,0
-0.648,114.6531,315.1,1,1,2026-01-16,0730,Aqua,MODIS,70,61.03,297.4,8.2,D,0
-0.7114,111.6851,312.5,1.2,1.1,2026-01-16,0730,Aqua,MODIS,51,61.03,291.7,11.3,D,0
-0.8835,110.169,309.2,1.6,1.2,2026-01-16,0730,Aqua,MODIS,47,61.03,290.8,9,D,0
-0.3711,112.2544,311.4,1.1,1.1,2026-01-16,0730,Aqua,MODIS,64,61.03,296.1,6.1,D,0
-0.1941,111.9403,324.2,1.2,1.1,2026-01-16,0730,Aqua,MODIS,82,61.03,292,21.5,D,0
-0.1955,111.9301,316,1.2,1.1,2026-01-16,0730,Aqua,MODIS,66,61.03,292.5,11.3,D,0
-0.1889,111.9329,316.8,1.2,1.1,2026-01-16,0730,Aqua,MODIS,76,61.03,292.1,12.9,D,0
-2.0137,121.4208,313.5,2.4,1.5,2026-01-16,0730,Aqua,MODIS,49,61.03,289.1,25.2,D,2
-2.0172,121.4161,314.6,2.4,1.5,2026-01-16,0730,Aqua,MODIS,56,61.03,290.4,27.6,D,2
-2.8884,115.2532,317.5,1,1,2026-01-16,0730,Aqua,MODIS,61,61.03,299.4,8,D,0
-2.4258,115.9476,320.9,1,1,2026-01-16,0730,Aqua,MODIS,74,61.03,297.8,13.1,D,0
-2.2708,115.9307,318.2,1,1,2026-01-16,0730,Aqua,MODIS,71,61.03,296.9,11,D,0
-2.764,110.3849,310.9,1.6,1.2,2026-01-16,0730,Aqua,MODIS,55,61.03,292.3,9,D,0
-2.2219,113.8036,328.6,1,1,2026-01-16,0730,Aqua,MODIS,82,61.03,298.6,21.7,D,0
-2.4952,111.6114,312.8,1.3,1.1,2026-01-16,0730,Aqua,MODIS,57,61.03,292.7,12.6,D,0
-2.1872,112.1592,319.5,1.2,1.1,2026-01-16,0730,Aqua,MODIS,63,61.03,296.8,13.4,D,0
-2.1887,112.1488,325.3,1.2,1.1,2026-01-16,0730,Aqua,MODIS,80,61.03,297.3,21.1,D,0
-2.1776,112.1579,323.8,1.2,1.1,2026-01-16,0730,Aqua,MODIS,78,61.03,296.6,19.9,D,0
-2.1792,112.1474,334.3,1.2,1.1,2026-01-16,0730,Aqua,MODIS,87,61.03,297.2,36.6,D,0
-2.3661,110.6639,332.7,1.5,1.2,2026-01-16,0730,Aqua,MODIS,86,61.03,294.7,50.1,D,0
-2.368,110.6506,322,1.5,1.2,2026-01-16,0730,Aqua,MODIS,77,61.03,294.7,27,D,0
-1.7489,113.0633,320.5,1.1,1,2026-01-16,0730,Aqua,MODIS,74,61.03,296.5,12.5,D,0
-1.7674,112.7456,326.1,1.1,1.1,2026-01-16,0730,Aqua,MODIS,80,61.03,295.7,22.2,D,0
-2.0672,110.5222,324.3,1.5,1.2,2026-01-16,0730,Aqua,MODIS,79,61.03,295.1,31.9,D,0
-2.0691,110.5087,316.6,1.5,1.2,2026-01-16,0730,Aqua,MODIS,71,61.03,294.8,17.8,D,0
-1.4358,114.8337,312.4,1,1,2026-01-16,0730,Aqua,MODIS,35,61.03,298.1,5.6,D,0
-1.371,115.1301,311.2,1,1,2026-01-16,0730,Aqua,MODIS,43,61.03,291.5,6.3,D,0
-1.8032,111.9937,317.1,1.2,1.1,2026-01-16,0730,Aqua,MODIS,71,61.03,295.3,13.8,D,0
-1.7274,112.3815,310.2,1.2,1.1,2026-01-16,0730,Aqua,MODIS,53,61.03,294.9,5.8,D,0
-1.7289,112.3714,308.3,1.2,1.1,2026-01-16,0730,Aqua,MODIS,37,61.03,292.8,4.6,D,0
-1.4093,114.4407,327.1,1,1,2026-01-16,0730,Aqua,MODIS,81,61.03,298.5,18,D,0
-1.4006,114.4394,324.5,1,1,2026-01-16,0730,Aqua,MODIS,78,61.03,298.2,15.6,D,0
-1.6561,112.437,312.8,1.1,1.1,2026-01-16,0730,Aqua,MODIS,63,61.03,296,7.9,D,0
-1.3783,114.2702,321,1,1,2026-01-16,0730,Aqua,MODIS,75,61.03,297,12.2,D,0
-1.3796,114.2615,322.2,1,1,2026-01-16,0730,Aqua,MODIS,76,61.03,297.8,13.7,D,0
-1.5702,112.5191,312.1,1.1,1.1,2026-01-16,0730,Aqua,MODIS,51,61.03,293.2,7.8,D,0
-1.3305,113.9615,313,1,1,2026-01-16,0730,Aqua,MODIS,61,61.03,297.4,5.5,D,0
-1.1525,114.8711,323.8,1,1,2026-01-16,0730,Aqua,MODIS,64,61.03,298.5,15.2,D,0
-1.1538,114.8623,312.9,1,1,2026-01-16,0730,Aqua,MODIS,43,61.03,295.4,5.2,D,0
-1.261,114.1305,311.6,1,1,2026-01-16,0730,Aqua,MODIS,56,61.03,294.9,5.2,D,0
-1.2622,114.1217,310.7,1,1,2026-01-16,0730,Aqua,MODIS,52,61.03,296.9,4.6,D,0
-1.3567,113.2181,317,1.1,1,2026-01-16,0730,Aqua,MODIS,71,61.03,296.2,10.7,D,0
-1.3636,112.9824,320.3,1.1,1,2026-01-16,0730,Aqua,MODIS,75,61.03,294.9,15,D,0
-1.0475,114.7542,321.6,1,1,2026-01-16,0730,Aqua,MODIS,76,61.03,298.2,13.7,D,0
-1.1343,114.1621,316.4,1,1,2026-01-16,0730,Aqua,MODIS,69,61.03,296.7,9,D,0
-1.2322,113.1839,311.5,1.1,1,2026-01-16,0730,Aqua,MODIS,58,61.03,291.7,8.1,D,0
-0.9318,115.1756,314.8,1,1,2026-01-16,0730,Aqua,MODIS,58,61.03,296.6,7.5,D,0
-1.1757,113.5093,331.4,1,1,2026-01-16,0730,Aqua,MODIS,85,61.03,294.9,27,D,0
-1.5627,110.8266,335.4,1.4,1.2,2026-01-16,0730,Aqua,MODIS,88,61.03,295.3,53.8,D,0
-0.9335,114.7229,328.2,1,1,2026-01-16,0730,Aqua,MODIS,82,61.03,298.2,20.4,D,0
1.1696,109.4132,311.9,1.6,1.3,2026-01-16,0731,Aqua,MODIS,51,61.03,294.8,12.2,D,0
1.1586,109.4148,317.3,1.6,1.3,2026-01-16,0731,Aqua,MODIS,72,61.03,294.6,21.8,D,0
1.0417,109.6259,310.4,1.6,1.2,2026-01-16,0731,Aqua,MODIS,59,61.03,295.2,10.2,D,0
1.0438,109.6398,315.2,1.6,1.2,2026-01-16,0731,Aqua,MODIS,69,61.03,295.1,17.5,D,0
0.5742,109.5821,319.2,1.6,1.3,2026-01-16,0731,Aqua,MODIS,75,61.03,293.4,27.1,D,0
0.503,109.347,309.8,1.7,1.3,2026-01-16,0731,Aqua,MODIS,55,61.03,295,11.2,D,0
0.5555,109.9973,330.2,1.5,1.2,2026-01-16,0731,Aqua,MODIS,85,61.03,295.6,44.8,D,0
0.4698,109.6673,316.3,1.6,1.3,2026-01-16,0731,Aqua,MODIS,71,61.03,294.2,20,D,0
0.5575,110.0106,321.1,1.5,1.2,2026-01-16,0731,Aqua,MODIS,77,61.03,294.8,25.3,D,0
0.2479,111.6388,332.5,1.2,1.1,2026-01-16,0731,Aqua,MODIS,0,61.03,296.4,35,D,0
0.0726,110.105,312.1,1.5,1.2,2026-01-16,0731,Aqua,MODIS,68,61.03,292.2,14.7,D,0
0.5131,112.5492,315.2,1.1,1,2026-01-16,0731,Aqua,MODIS,71,61.03,296.2,8.6,D,0
0.4524,109.9223,317,1.6,1.2,2026-01-16,0731,Aqua,MODIS,72,61.03,292.9,19.7,D,0
0.4837,128.0005,309,1.1,1.1,2026-01-16,1222,Terra,MODIS,55,61.03,296.1,7.3,N,2
-1.5632,127.4288,307.8,1.3,1.1,2026-01-16,1222,Terra,MODIS,57,61.03,293.7,8.2,N,2
-1.4591,127.4429,310.7,1.3,1.1,2026-01-16,1222,Terra,MODIS,72,61.03,291.8,12,N,2
-1.4587,127.4368,320,1.3,1.1,2026-01-16,1222,Terra,MODIS,99,61.03,292.5,23.9,N,2
0.4902,127.9795,306,1.1,1.1,2026-01-16,1222,Terra,MODIS,39,61.03,295.4,4.9,N,2
0.5654,109.9986,302.9,1.6,1.2,2026-01-16,1401,Terra,MODIS,32,61.03,291.7,8.7,N,0
4.1977,96.0982,301.3,3.5,1.8,2026-01-16,1402,Terra,MODIS,40,61.03,279.2,39.5,N,0
0.4862,127.9905,305.8,2.2,1.4,2026-01-16,1811,Aqua,MODIS,37,61.03,292.6,17.6,N,2
0.4857,127.9927,319.7,1.2,1.1,2026-01-17,0042,Terra,MODIS,52,61.03,297.5,15.4,D,2
0.4842,128.003,312.9,1.2,1.1,2026-01-17,0042,Terra,MODIS,22,61.03,294.6,8.1,D,2
-0.9149,132.7851,303.2,2.9,1.6,2026-01-17,0042,Terra,MODIS,23,61.03,285.2,14.5,D,0
0.5088,127.9009,311.4,1.2,1.1,2026-01-17,0042,Terra,MODIS,53,61.03,295.5,6.9,D,0
0.4873,127.9822,317.5,1.2,1.1,2026-01-17,0042,Terra,MODIS,26,61.03,298.3,12,D,2
-2.591,107.6828,317.6,1.2,1.1,2026-01-17,0808,Aqua,MODIS,64,61.03,281.6,17.3,D,0
-3.0368,108.1503,318.1,1.2,1.1,2026-01-17,0808,Aqua,MODIS,69,61.03,287.8,15.1,D,0
4.4359,95.8737,309.7,3,1.6,2026-01-17,0810,Aqua,MODIS,52,61.03,289.3,25.5,D,0
4.44,95.8995,314.2,3,1.6,2026-01-17,0810,Aqua,MODIS,71,61.03,291.7,43,D,0
-3.9007,122.4144,307,1,1,2026-01-17,1301,Terra,MODIS,70,61.03,293,5.6,N,2
-1.1573,113.7065,310.1,2.5,1.5,2026-01-17,1302,Terra,MODIS,79,61.03,290,31.6,N,0
-1.1486,113.7,307.1,2.5,1.5,2026-01-17,1302,Terra,MODIS,70,61.03,289.8,23.7,N,0
-2.0071,121.42,308.7,1.2,1.1,2026-01-17,1850,Aqua,MODIS,75,61.03,293.4,9.4,N,2
-2.8781,122.1618,306.5,1.1,1,2026-01-17,1850,Aqua,MODIS,68,61.03,292.9,6.6,N,0
-3.8683,122.4042,306.5,1.1,1,2026-01-17,1851,Aqua,MODIS,68,61.03,290.8,6.2,N,2
4.2005,96.1073,300.2,1.7,1.3,2026-01-17,2027,Aqua,MODIS,20,61.03,281.3,10.1,N,0
-1.4571,120.4053,305.8,1.8,1.3,2026-01-18,0121,Terra,MODIS,51,61.03,292.8,12.1,D,0
-2.0141,121.4136,311.2,2.3,1.5,2026-01-18,0122,Terra,MODIS,68,61.03,295.1,19,D,2
4.1965,96.1059,311.4,1.6,1.2,2026-01-18,0259,Terra,MODIS,67,61.03,295.1,12.4,D,0
-6.5816,139.3483,314.3,2.3,1.5,2026-01-18,0529,Aqua,MODIS,67,61.03,288,19.8,D,0
-4.5549,121.5689,342.4,1,1,2026-01-18,0707,Aqua,MODIS,91,61.03,297.4,40.9,D,0
-4.505,121.6617,328.4,1,1,2026-01-18,0707,Aqua,MODIS,81,61.03,297.8,19,D,0
-4.4265,121.8087,313.7,1,1,2026-01-18,0707,Aqua,MODIS,60,61.03,297.7,5.7,D,0
-4.5036,121.6706,314.2,1,1,2026-01-18,0707,Aqua,MODIS,40,61.03,296.8,4.7,D,0
-4.5165,122.0149,321,1,1,2026-01-18,0707,Aqua,MODIS,58,61.03,299.8,8.9,D,0
-4.5062,122.0227,317.2,1,1,2026-01-18,0707,Aqua,MODIS,30,61.03,299.3,5.1,D,0
-2.6417,121.567,317.7,1,1,2026-01-18,0708,Aqua,MODIS,46,61.03,297.2,7.2,D,0
-3.9969,121.7787,324.7,1,1,2026-01-18,0708,Aqua,MODIS,78,61.03,299.8,17,D,0
-3.9982,121.7696,322,1,1,2026-01-18,0708,Aqua,MODIS,70,61.03,299.2,13.6,D,0
-2.9127,121.8004,313.5,1.1,1,2026-01-18,0708,Aqua,MODIS,64,61.03,298.2,6.3,D,0
-2.9698,121.3548,319.7,1,1,2026-01-18,0708,Aqua,MODIS,67,61.03,300,10.6,D,0
-2.8317,121.6049,317.7,1,1,2026-01-18,0708,Aqua,MODIS,70,61.03,298.3,8.4,D,0
-2.833,121.596,320,1,1,2026-01-18,0708,Aqua,MODIS,74,61.03,298.7,10.5,D,0
-2.7845,121.6655,324.6,1.1,1,2026-01-18,0708,Aqua,MODIS,79,61.03,294.3,17.8,D,0
-2.754,121.6244,315.9,1,1,2026-01-18,0708,Aqua,MODIS,51,61.03,292.4,7.8,D,0
-2.6193,121.6573,321.9,1.1,1,2026-01-18,0708,Aqua,MODIS,76,61.03,296,13.4,D,0
-2.6207,121.6481,324,1.1,1,2026-01-18,0708,Aqua,MODIS,78,61.03,298.8,15.3,D,0
-2.6158,121.6192,325.8,1,1,2026-01-18,0708,Aqua,MODIS,80,61.03,299,16.9,D,0
-2.5408,121.6298,315.7,1.1,1,2026-01-18,0708,Aqua,MODIS,34,61.03,296.2,8.2,D,0
-2.5474,121.5846,323.6,1,1,2026-01-18,0708,Aqua,MODIS,29,61.03,301.6,12.2,D,0
-2.5765,121.3851,334.8,1,1,2026-01-18,0708,Aqua,MODIS,82,61.03,296.7,29.1,D,2
-2.5778,121.3761,327.1,1,1,2026-01-18,0708,Aqua,MODIS,81,61.03,298.8,18.7,D,2
-2.5398,121.574,318.8,1,1,2026-01-18,0708,Aqua,MODIS,14,61.03,299.5,7.8,D,0
-2.5411,121.5649,324.7,1,1,2026-01-18,0708,Aqua,MODIS,51,61.03,300.3,14.2,D,0
-2.4578,121.0065,310.3,1,1,2026-01-18,0708,Aqua,MODIS,37,61.03,290.1,4.2,D,0
-2.0326,120.8229,311.4,1,1,2026-01-18,0708,Aqua,MODIS,36,61.03,295.8,4.5,D,0
-2.1805,119.3626,316,1,1,2026-01-18,0708,Aqua,MODIS,74,61.03,294,8.5,D,0
-1.5815,122.1167,321.1,1.1,1.1,2026-01-18,0708,Aqua,MODIS,75,61.03,298.7,12.1,D,0
-1.5645,121.4883,312.9,1.1,1,2026-01-18,0708,Aqua,MODIS,31,61.03,294.2,7.3,D,0
-1.5435,121.4973,320.2,1.1,1,2026-01-18,0708,Aqua,MODIS,55,61.03,297.5,15,D,0
-1.5346,121.4958,320.2,1.1,1,2026-01-18,0708,Aqua,MODIS,69,61.03,296.6,15.2,D,0
-1.8139,119.4657,310.8,1,1,2026-01-18,0708,Aqua,MODIS,61,61.03,295.9,4.4,D,0
-1.6776,120.2126,314,1,1,2026-01-18,0708,Aqua,MODIS,63,61.03,296.4,8.7,D,0
-1.6789,120.2039,313.3,1,1,2026-01-18,0708,Aqua,MODIS,55,61.03,297.3,8.3,D,0
-1.7634,119.5032,334.3,1,1,2026-01-18,0708,Aqua,MODIS,88,61.03,294.7,29.9,D,0
-1.7647,119.4943,332.4,1,1,2026-01-18,0708,Aqua,MODIS,86,61.03,295.7,26.9,D,0
-1.7547,119.5019,308.6,1,1,2026-01-18,0708,Aqua,MODIS,45,61.03,293.7,3.6,D,0
-1.4015,121.5272,312.2,1.1,1,2026-01-18,0708,Aqua,MODIS,36,61.03,296.2,6.9,D,0
-1.6757,119.4753,315.3,1,1,2026-01-18,0708,Aqua,MODIS,70,61.03,296.1,7.6,D,0
-1.2719,121.7124,322.9,1.1,1,2026-01-18,0708,Aqua,MODIS,79,61.03,297.6,17,D,0
-1.0093,121.493,323.9,1.1,1,2026-01-18,0708,Aqua,MODIS,71,61.03,298,15,D,0
0.1077,111.2362,320.3,3.4,1.7,2026-01-18,0709,Aqua,MODIS,0,61.03,292.1,80.6,D,0
-0.8512,115.0422,304,1.7,1.3,2026-01-18,0709,Aqua,MODIS,19,61.03,282.5,8.8,D,0
-0.1627,117.1097,311.6,1.2,1.1,2026-01-18,0709,Aqua,MODIS,60,61.03,293.2,7.9,D,0
0.3379,120.2177,316.6,1,1,2026-01-18,0709,Aqua,MODIS,58,61.03,298.6,7,D,0
0.5012,120.7685,315.4,1,1,2026-01-18,0709,Aqua,MODIS,68,61.03,298.5,5.9,D,0
-0.0165,117.2463,316.1,1.2,1.1,2026-01-18,0709,Aqua,MODIS,70,61.03,298.5,11.3,D,0
-0.018,117.2361,311.6,1.2,1.1,2026-01-18,0709,Aqua,MODIS,61,61.03,297.2,6.8,D,0
0.6165,120.7345,313.8,1,1,2026-01-18,0709,Aqua,MODIS,65,61.03,293.8,8.6,D,0
0.2961,116.3097,311.6,1.3,1.1,2026-01-18,0709,Aqua,MODIS,61,61.03,283.3,12.7,D,0
0.4797,117.2156,314.8,1.2,1.1,2026-01-18,0709,Aqua,MODIS,63,61.03,299.3,9.2,D,0
1.0354,120.8198,315.5,1,1,2026-01-18,0709,Aqua,MODIS,14,61.03,301.2,8,D,2
0.6851,117.5507,312,1.1,1.1,2026-01-18,0709,Aqua,MODIS,55,61.03,296.6,7,D,2
0.8271,117.5175,313,1.1,1.1,2026-01-18,0709,Aqua,MODIS,56,61.03,297.5,8.3,D,0
-0.0489,110.7015,309.1,3.8,1.8,2026-01-18,0709,Aqua,MODIS,62,61.03,292.7,34.6,D,0
0.9695,117.1069,312.4,1.2,1.1,2026-01-18,0709,Aqua,MODIS,53,61.03,297.6,7.5,D,0
1.0706,117.1692,318.1,1.2,1.1,2026-01-18,0709,Aqua,MODIS,31,61.03,298.7,11.4,D,0
1.0676,117.1492,321,1.2,1.1,2026-01-18,0709,Aqua,MODIS,62,61.03,298.3,14.7,D,0
1.0662,117.1394,319.7,1.2,1.1,2026-01-18,0709,Aqua,MODIS,69,61.03,297.9,13.4,D,0
1.0616,117.1089,312.6,1.2,1.1,2026-01-18,0709,Aqua,MODIS,63,61.03,298,6.1,D,0
1.1196,117.1106,315.7,1.2,1.1,2026-01-18,0709,Aqua,MODIS,70,61.03,299,10.2,D,0
1.1682,117.2,323.6,1.2,1.1,2026-01-18,0709,Aqua,MODIS,77,61.03,298.8,19.7,D,0
1.1791,117.2089,338.7,1.2,1.1,2026-01-18,0709,Aqua,MODIS,90,61.03,293.5,44,D,0
1.1775,117.1986,323.2,1.2,1.1,2026-01-18,0709,Aqua,MODIS,71,61.03,297.7,18.9,D,0
0.5509,112.3499,321,2.7,1.6,2026-01-18,0709,Aqua,MODIS,78,61.03,289.3,63.6,D,0
0.5473,112.3265,309.4,2.7,1.6,2026-01-18,0709,Aqua,MODIS,55,61.03,288.2,21.7,D,0
0.3865,111.2666,309.2,3.3,1.7,2026-01-18,0709,Aqua,MODIS,61,61.03,291.8,25.1,D,0
0.2285,110.005,307.5,4.3,1.9,2026-01-18,0709,Aqua,MODIS,54,61.03,292.3,30.6,D,0
1.3856,117.2269,313.9,1.1,1.1,2026-01-18,0709,Aqua,MODIS,65,61.03,300.1,6.8,D,0
0.8921,113.0403,313.9,2.3,1.5,2026-01-18,0709,Aqua,MODIS,72,61.03,287.8,32,D,0
0.5689,110.7382,311.8,3.7,1.8,2026-01-18,0709,Aqua,MODIS,68,61.03,291.9,41.4,D,0
0.8911,113.0335,313.4,2.3,1.5,2026-01-18,0709,Aqua,MODIS,72,61.03,287.7,30.7,D,0
0.5641,110.7312,308.5,3.7,1.8,2026-01-18,0709,Aqua,MODIS,62,61.03,291.7,28.9,D,0
0.8787,111.8038,309.8,3,1.6,2026-01-18,0709,Aqua,MODIS,34,61.03,291.8,20.3,D,0
0.8929,111.8018,322.1,3,1.6,2026-01-18,0709,Aqua,MODIS,81,61.03,293.4,74.4,D,0
0.8862,111.8218,313,2.9,1.6,2026-01-18,0709,Aqua,MODIS,72,61.03,291.7,35.8,D,0
0.8822,111.7966,320.4,3,1.6,2026-01-18,0709,Aqua,MODIS,79,61.03,292.8,67.2,D,0
1.9909,117.5088,321.3,1.1,1,2026-01-18,0709,Aqua,MODIS,77,61.03,297,15.3,D,0
-0.4849,119.9756,310.1,1,1,2026-01-18,0709,Aqua,MODIS,18,61.03,293.7,5.7,D,0
-1.1523,113.3281,314.1,2.4,1.5,2026-01-18,0709,Aqua,MODIS,74,61.03,285.7,35.9,D,0
3.9753,117.2425,314.9,1.1,1,2026-01-18,0710,Aqua,MODIS,64,61.03,298.6,7.5,D,0
3.9822,117.0377,320.6,1.1,1,2026-01-18,0710,Aqua,MODIS,76,61.03,298.5,13.1,D,0
3.989,117.0311,311.5,1.1,1,2026-01-18,0710,Aqua,MODIS,62,61.03,298.4,5.1,D,0
3.9456,117.0432,313.4,1.1,1,2026-01-18,0710,Aqua,MODIS,66,61.03,298.5,6.4,D,0
2.7641,117.6142,307.8,1.1,1,2026-01-18,0710,Aqua,MODIS,59,61.03,288.7,5.7,D,0
3.9767,117.2519,314,1.1,1,2026-01-18,0710,Aqua,MODIS,58,61.03,299.3,6.6,D,0
1.208,98.9075,303.3,1.5,1.2,2026-01-18,0847,Aqua,MODIS,55,61.03,274.4,8.9,D,0
2.6469,97.8107,335.6,1.3,1.1,2026-01-18,0848,Aqua,MODIS,88,61.03,298,46.1,D,0
2.6751,97.795,320.7,1.3,1.1,2026-01-18,0848,Aqua,MODIS,77,61.03,298.5,16,D,0
2.6734,97.7836,326,1.3,1.1,2026-01-18,0848,Aqua,MODIS,82,61.03,299.4,24.6,D,0
4.199,96.1086,315.3,1.1,1,2026-01-18,0848,Aqua,MODIS,72,61.03,300.4,7.9,D,0
2.67,97.7608,313.7,1.3,1.1,2026-01-18,0848,Aqua,MODIS,39,61.03,297,9.6,D,0
2.6757,97.7882,326.5,1.3,1.1,2026-01-18,0848,Aqua,MODIS,82,61.03,299.4,25,D,0
2.9543,97.4551,317.7,1.3,1.1,2026-01-18,0848,Aqua,MODIS,65,61.03,301,12.1,D,0
4.1885,96.1003,342.9,1.1,1,2026-01-18,0848,Aqua,MODIS,70,61.03,305.1,46.5,D,0
3.8325,96.6357,320.1,1.2,1.1,2026-01-18,0848,Aqua,MODIS,78,61.03,299.5,13.3,D,0
4.5246,95.803,317.9,1.1,1,2026-01-18,0848,Aqua,MODIS,75,61.03,300.1,10.3,D,0
4.5276,95.8896,315,1.1,1,2026-01-18,0848,Aqua,MODIS,71,61.03,298.3,7.3,D,0
4.4248,96.0045,315.7,1.1,1,2026-01-18,0848,Aqua,MODIS,72,61.03,298.5,9,D,0
4.4501,96.7442,304.6,1.2,1.1,2026-01-18,0848,Aqua,MODIS,18,61.03,288.2,5,D,0
1.4042,97.2815,313,1.2,1.1,2026-01-18,0848,Aqua,MODIS,53,61.03,285.8,11.1,D,0
2.2033,98.4199,304,1.4,1.2,2026-01-18,0848,Aqua,MODIS,17,61.03,279.4,8.9,D,0
-1.8895,115.8611,309.4,1.7,1.3,2026-01-18,1340,Terra,MODIS,77,61.03,284.8,19.5,N,2
1.0745,109.1003,311.4,1,1,2026-01-18,1341,Terra,MODIS,82,61.03,294.9,10.1,N,0
4.1992,96.1051,318.1,1.7,1.3,2026-01-18,2105,Aqua,MODIS,96,61.03,284.2,36.5,N,0
0.4911,127.9837,322.3,1.2,1.1,2026-01-19,0022,Terra,MODIS,59,61.03,299.9,17.7,D,2
0.4249,109.0362,310.1,1.3,1.1,2026-01-19,0200,Terra,MODIS,69,61.03,291.8,9.5,D,0
-4.0042,136.1378,318.3,1,1,2026-01-19,0608,Aqua,MODIS,78,61.03,296.6,12.6,D,0
-2.8065,133.0045,314.6,1.2,1.1,2026-01-19,0608,Aqua,MODIS,62,61.03,296,7.9,D,2
-3.8364,136.388,313.1,1,1,2026-01-19,0608,Aqua,MODIS,72,61.03,292.9,8.8,D,0
-3.8352,136.3968,311.9,1,1,2026-01-19,0608,Aqua,MODIS,71,61.03,294,7.8,D,0
-4.0145,136.0678,317.6,1,1,2026-01-19,0608,Aqua,MODIS,77,61.03,295.2,11.2,D,0
-2.816,133.0058,316.9,1.2,1.1,2026-01-19,0608,Aqua,MODIS,71,61.03,296.4,10.4,D,2
-3.1114,112.5838,330.3,1.1,1,2026-01-19,0746,Aqua,MODIS,84,61.03,294.2,26.8,D,0
-3.11,112.5933,316.3,1.1,1,2026-01-19,0746,Aqua,MODIS,70,61.03,292.8,9.8,D,0
-2.4533,112.1588,314,1.1,1,2026-01-19,0746,Aqua,MODIS,52,61.03,296.8,7,D,0
-2.1992,110.7353,336.7,1,1,2026-01-19,0747,Aqua,MODIS,89,61.03,297.3,31.8,D,0
-2.6196,110.962,329.5,1,1,2026-01-19,0747,Aqua,MODIS,83,61.03,296.6,23.3,D,0
-2.4389,111.0569,312.1,1,1,2026-01-19,0747,Aqua,MODIS,62,61.03,295.1,5.2,D,0
-2.8326,107.771,313.2,1.3,1.1,2026-01-19,0747,Aqua,MODIS,67,61.03,285,11.5,D,0
-1.8861,113.1787,311.4,1.2,1.1,2026-01-19,0747,Aqua,MODIS,63,61.03,289.5,7,D,0
-1.9868,111.2523,310.7,1,1,2026-01-19,0747,Aqua,MODIS,62,61.03,287.4,5.5,D,0
-1.9881,111.2435,309.7,1,1,2026-01-19,0747,Aqua,MODIS,60,61.03,288.4,5,D,0
-1.8984,111.6667,307,1,1,2026-01-19,0747,Aqua,MODIS,47,61.03,282.2,4.8,D,0
-1.9021,111.4412,317,1,1,2026-01-19,0747,Aqua,MODIS,73,61.03,287.6,11.1,D,0
-1.9034,111.4324,327.1,1,1,2026-01-19,0747,Aqua,MODIS,83,61.03,290,21.8,D,0
-1.5517,113.359,324.7,1.2,1.1,2026-01-19,0747,Aqua,MODIS,80,61.03,291.9,21.9,D,0
-1.5128,113.2709,309.4,1.2,1.1,2026-01-19,0747,Aqua,MODIS,54,61.03,289.1,5.7,D,0
-1.4616,113.3221,310.6,1.2,1.1,2026-01-19,0747,Aqua,MODIS,16,61.03,288.8,5.3,D,0
-1.4632,113.3114,346.2,1.2,1.1,2026-01-19,0747,Aqua,MODIS,94,61.03,291.3,66.6,D,0
-1.4307,113.1975,316.1,1.2,1.1,2026-01-19,0747,Aqua,MODIS,70,61.03,291.8,11.4,D,0
-1.0451,114.3327,310,1.5,1.2,2026-01-19,0747,Aqua,MODIS,38,61.03,289.8,6.8,D,0
-1.0618,109.6696,318.9,1,1,2026-01-19,0747,Aqua,MODIS,75,61.03,294.1,11.8,D,0
-0.8866,110.2371,336,1,1,2026-01-19,0747,Aqua,MODIS,89,61.03,293.5,32.9,D,0
-0.7763,110.2943,310.1,1,1,2026-01-19,0747,Aqua,MODIS,63,61.03,290.8,5.5,D,0
-0.5126,109.9618,326.4,1,1,2026-01-19,0747,Aqua,MODIS,84,61.03,279.7,23.8,D,0
-0.5139,109.9531,302.9,1,1,2026-01-19,0747,Aqua,MODIS,53,61.03,279.9,4.1,D,0
0.2033,111.9416,306.1,1.1,1,2026-01-19,0747,Aqua,MODIS,58,61.03,282.5,7,D,0
0.2953,111.8158,304.6,1.1,1,2026-01-19,0747,Aqua,MODIS,56,61.03,279,7,D,0
0.1557,110.8611,318.5,1,1,2026-01-19,0747,Aqua,MODIS,60,61.03,283.3,14.2,D,0
0.1813,110.9749,309.5,1,1,2026-01-19,0747,Aqua,MODIS,67,61.03,288,6,D,0
0.1645,110.8598,321.9,1,1,2026-01-19,0747,Aqua,MODIS,81,61.03,284.4,17.2,D,0
0.1632,110.851,316.4,1,1,2026-01-19,0747,Aqua,MODIS,61,61.03,284.6,11.9,D,0
0.2495,111.3778,327.7,1,1,2026-01-19,0747,Aqua,MODIS,85,61.03,295,22.7,D,0
0.2482,111.3687,322.7,1,1,2026-01-19,0747,Aqua,MODIS,81,61.03,294.1,17,D,0
0.2133,109.6031,304.7,1,1,2026-01-19,0747,Aqua,MODIS,37,61.03,278,4.6,D,0
0.212,109.5943,315.2,1,1,2026-01-19,0747,Aqua,MODIS,55,61.03,278.8,12,D,0
0.325,109.2475,308.4,1,1,2026-01-19,0747,Aqua,MODIS,63,61.03,283.6,6,D,0
0.3873,108.976,315.9,1,1,2026-01-19,0747,Aqua,MODIS,75,61.03,279.9,12.6,D,0
0.3951,108.96,306.6,1,1,2026-01-19,0747,Aqua,MODIS,0,61.03,281.1,5.5,D,0
0.4159,109.0396,306.9,1,1,2026-01-19,0747,Aqua,MODIS,41,61.03,273.4,5.9,D,0
0.8901,111.8371,310.3,1.1,1,2026-01-19,0747,Aqua,MODIS,51,61.03,291.6,7.2,D,0
0.7721,110.4041,314.9,1,1,2026-01-19,0747,Aqua,MODIS,73,61.03,290.7,8.5,D,0
0.6432,109.5242,312.4,1,1,2026-01-19,0747,Aqua,MODIS,69,61.03,291.2,7.6,D,0
0.7822,110.4116,315,1,1,2026-01-19,0747,Aqua,MODIS,73,61.03,291,8.7,D,0
0.8577,110.8535,307.6,1,1,2026-01-19,0747,Aqua,MODIS,59,61.03,288.9,4.4,D,0
0.7902,109.6332,305.7,1,1,2026-01-19,0747,Aqua,MODIS,58,61.03,275,5.5,D,0
1.8579,109.4736,323.5,1,1,2026-01-19,0748,Aqua,MODIS,76,61.03,296.2,16.8,D,0
1.3012,109.848,312.9,1,1,2026-01-19,0748,Aqua,MODIS,68,61.03,293.2,7.1,D,0
1.8592,109.4823,347.6,1,1,2026-01-19,0748,Aqua,MODIS,94,61.03,297.6,53.2,D,0
1.0724,109.1,308.6,1,1,2026-01-19,0748,Aqua,MODIS,61,61.03,282,6.3,D,0
0.9257,109.0522,306.5,1,1,2026-01-19,0748,Aqua,MODIS,63,61.03,272.3,7,D,0
0.927,109.0611,306,1,1,2026-01-19,0748,Aqua,MODIS,62,61.03,273.9,6.9,D,0
-8.2702,123.5036,317.3,1.4,1.2,2026-01-19,1240,Terra,MODIS,93,61.03,286.5,24.7,N,1
-3.8996,122.4137,304.5,1.4,1.2,2026-01-19,1241,Terra,MODIS,60,61.03,290.4,6.2,N,2
-3.8721,122.4043,306.5,1.4,1.2,2026-01-19,1241,Terra,MODIS,68,61.03,290.8,8.3,N,2
-3.8738,122.392,305.3,1.4,1.2,2026-01-19,1241,Terra,MODIS,64,61.03,290.2,7.4,N,2
0.4838,127.9995,306.6,1.2,1.1,2026-01-19,1242,Terra,MODIS,54,61.03,292.3,6.9,N,2
0.491,127.9876,306.6,1.1,1.1,2026-01-19,1828,Aqua,MODIS,69,61.03,291.2,6.6,N,2
0.4895,127.9976,306.2,1.1,1.1,2026-01-19,1828,Aqua,MODIS,67,61.03,292.9,6.4,N,2
-1.4597,127.442,307.1,1.2,1.1,2026-01-19,1828,Aqua,MODIS,52,61.03,280.1,9.2,N,2
4.7539,96.4313,309.4,1,1,2026-01-20,0239,Terra,MODIS,67,61.03,284.9,9.7,D,0
-2.9426,121.6991,317.7,1.5,1.2,2026-01-20,0646,Aqua,MODIS,58,61.03,290.9,20.5,D,0
-2.9361,121.7039,319.7,1.5,1.2,2026-01-20,0646,Aqua,MODIS,72,61.03,287.8,22.7,D,0
1.4032,97.2272,317.5,1.3,1.1,2026-01-20,0826,Aqua,MODIS,51,61.03,296.1,16.1,D,0
0.2882,99.2487,304.9,1,1,2026-01-20,0826,Aqua,MODIS,56,61.03,281,4.4,D,0
1.4049,97.2383,311.7,1.3,1.1,2026-01-20,0826,Aqua,MODIS,38,61.03,295.5,9.4,D,0
2.3436,98.5242,319.2,1.1,1,2026-01-20,0826,Aqua,MODIS,79,61.03,282.5,18.9,D,0
2.6439,97.819,320.7,1.1,1.1,2026-01-20,0826,Aqua,MODIS,66,61.03,283.1,20.2,D,0
1.086,109.1071,322.1,1.1,1,2026-01-21,0141,Terra,MODIS,81,61.03,290.2,19.1,D,0
-1.8976,115.8627,317.3,1,1,2026-01-21,0725,Aqua,MODIS,76,61.03,281.1,11.5,D,2
-1.6674,116.1722,311.1,1,1,2026-01-21,0725,Aqua,MODIS,61,61.03,287.3,5.7,D,0
-1.7086,114.317,310.6,1.1,1,2026-01-21,0725,Aqua,MODIS,0,61.03,270.5,9.8,D,0
-1.6995,114.3157,303,1.1,1,2026-01-21,0725,Aqua,MODIS,16,61.03,270.4,4.1,D,0
-1.6727,114.3158,314.3,1.1,1,2026-01-21,0725,Aqua,MODIS,66,61.03,273.9,11.6,D,0
-1.6636,114.3144,318.1,1.1,1,2026-01-21,0725,Aqua,MODIS,78,61.03,273.8,15.8,D,0
-1.5403,113.9616,303.7,1.1,1.1,2026-01-21,0725,Aqua,MODIS,52,61.03,278.4,4.2,D,0
-1.5426,113.5552,318.2,1.2,1.1,2026-01-21,0725,Aqua,MODIS,77,61.03,274.7,17.5,D,0
-1.5504,113.3667,303.5,1.2,1.1,2026-01-21,0725,Aqua,MODIS,52,61.03,276.2,5.6,D,0
-1.4497,113.5559,308.7,1.2,1.1,2026-01-21,0725,Aqua,MODIS,66,61.03,280.1,8.2,D,0
-1.4511,113.5457,304.8,1.2,1.1,2026-01-21,0725,Aqua,MODIS,55,61.03,278.5,5.3,D,0
-0.7874,116.2016,308,1,1,2026-01-21,0725,Aqua,MODIS,56,61.03,286.6,4.3,D,0
-0.7754,115.1447,315,1,1,2026-01-21,0725,Aqua,MODIS,72,61.03,287.4,10.2,D,0
-0.8571,114.015,306.9,1.1,1,2026-01-21,0725,Aqua,MODIS,62,61.03,278.6,5.9,D,0
-0.7989,114.0398,306.5,1.1,1,2026-01-21,0725,Aqua,MODIS,53,61.03,279.3,5.2,D,0
-0.4862,114.5956,311.2,1,1,2026-01-21,0725,Aqua,MODIS,67,61.03,285.4,7.9,D,0
0.4402,116.2542,309.3,1,1,2026-01-21,0726,Aqua,MODIS,58,61.03,291.6,4.7,D,0
-0.5358,110.1095,305.7,2,1.4,2026-01-21,0726,Aqua,MODIS,0,61.03,268.9,18.5,D,0
0.4415,116.263,323.5,1,1,2026-01-21,0726,Aqua,MODIS,80,61.03,293.1,17.3,D,0
0.5973,117.199,313.5,1.1,1,2026-01-21,0726,Aqua,MODIS,43,61.03,293.8,7.4,D,0
-0.3726,110.0974,305.2,2,1.4,2026-01-21,0726,Aqua,MODIS,41,61.03,279.7,12.1,D,0
-0.3789,110.0916,305.9,2,1.4,2026-01-21,0726,Aqua,MODIS,33,61.03,280.7,11.9,D,0
-0.1391,111.5217,310.6,1.5,1.2,2026-01-21,0726,Aqua,MODIS,69,61.03,284.6,12,D,0
-0.0474,109.973,305.7,2,1.4,2026-01-21,0726,Aqua,MODIS,40,61.03,285.6,10.2,D,0
1.0846,117.1147,314.2,1.1,1,2026-01-21,0726,Aqua,MODIS,65,61.03,272.5,15.9,D,0
0.0856,109.999,310.8,2,1.4,2026-01-21,0726,Aqua,MODIS,60,61.03,286.2,19.3,D,0
0.0786,109.9951,312.8,2,1.4,2026-01-21,0726,Aqua,MODIS,70,61.03,286.5,23.4,D,0
0.1354,110.2093,314.4,1.9,1.3,2026-01-21,0726,Aqua,MODIS,72,61.03,287.3,27.3,D,0
0.2727,110.8965,314.4,1.7,1.3,2026-01-21,0726,Aqua,MODIS,73,61.03,286.6,20.8,D,0
0.2706,110.8821,307,1.7,1.3,2026-01-21,0726,Aqua,MODIS,60,61.03,285.8,9.3,D,0
0.8604,110.9042,332.7,1.6,1.3,2026-01-21,0726,Aqua,MODIS,88,61.03,289.9,57.1,D,0
0.8583,110.89,358.5,1.6,1.3,2026-01-21,0726,Aqua,MODIS,99,61.03,289.7,159.8,D,0
0.8563,110.8758,309.2,1.6,1.3,2026-01-21,0726,Aqua,MODIS,63,61.03,287.5,9.6,D,0
0.8514,110.8989,362.3,1.6,1.3,2026-01-21,0726,Aqua,MODIS,100,61.03,291.1,180.5,D,0
0.8492,110.8847,337.5,1.6,1.3,2026-01-21,0726,Aqua,MODIS,90,61.03,290.1,72,D,0
0.8624,110.8973,343.4,1.6,1.3,2026-01-21,0726,Aqua,MODIS,93,61.03,290,92.4,D,0
0.8602,110.8831,325.9,1.6,1.3,2026-01-21,0726,Aqua,MODIS,84,61.03,287.4,40.4,D,0
0.8178,110.4537,317.8,1.8,1.3,2026-01-21,0726,Aqua,MODIS,73,61.03,282.6,30.8,D,0
2.6191,117.4403,339.6,1.2,1.1,2026-01-21,0726,Aqua,MODIS,91,61.03,297.9,47.4,D,0
0.1672,109.2542,302.6,1.1,1,2026-01-21,1945,Aqua,MODIS,50,61.03,280.6,6.7,N,0
-1.5674,127.4307,310,1.2,1.1,2026-01-22,0042,Terra,MODIS,9,61.03,289.6,5.7,D,2
-2.008,121.4289,313.7,1.4,1.2,2026-01-22,0042,Terra,MODIS,52,61.03,295.7,9.9,D,2
-2.0164,121.4153,312.2,1.4,1.2,2026-01-22,0042,Terra,MODIS,39,61.03,295.4,8.4,D,2
-2.5737,121.3746,310.4,1.3,1.1,2026-01-22,0042,Terra,MODIS,54,61.03,290.7,10.1,D,2
-2.5754,121.3861,336,1.3,1.1,2026-01-22,0042,Terra,MODIS,90,61.03,290.7,52.4,D,2
-3.9062,122.4147,311.8,1.1,1.1,2026-01-22,0043,Terra,MODIS,70,61.03,294.4,6.8,D,2
-3.8699,122.4061,317.5,1.1,1.1,2026-01-22,0043,Terra,MODIS,77,61.03,296.8,11.5,D,2
-1.3382,122.4558,322.2,3.4,1.7,2026-01-22,0625,Aqua,MODIS,71,61.03,286.6,89.4,D,0
-1.3354,122.4604,321.3,3.4,1.7,2026-01-22,0625,Aqua,MODIS,70,61.03,286.3,90.9,D,0
-0.6852,128.193,311.4,1.2,1.1,2026-01-22,0625,Aqua,MODIS,42,61.03,293.7,9.6,D,0
-2.446,133.1354,312.7,1.1,1,2026-01-22,0625,Aqua,MODIS,48,61.03,293.5,6.8,D,0
0.4936,127.9838,318.5,1.2,1.1,2026-01-22,0626,Aqua,MODIS,21,61.03,298.7,12.3,D,2
0.5041,127.8895,313.3,1.2,1.1,2026-01-22,0626,Aqua,MODIS,20,61.03,296.9,7.2,D,0
-1.9959,110.4637,324.1,1.5,1.2,2026-01-22,0803,Aqua,MODIS,80,61.03,291.8,26.4,D,0
-2.1579,110.1197,304.1,1.4,1.2,2026-01-22,0803,Aqua,MODIS,17,61.03,273.2,6.7,D,0
-1.1683,102.7561,312.4,1.4,1.2,2026-01-22,0804,Aqua,MODIS,72,61.03,286.5,13,D,0
-0.0641,103.0208,313,1.3,1.1,2026-01-22,0804,Aqua,MODIS,70,61.03,286,13.2,D,0
-0.0482,103.1308,315.4,1.3,1.1,2026-01-22,0804,Aqua,MODIS,74,61.03,289.1,14.5,D,0
0.4182,109.0316,325.4,1.3,1.1,2026-01-22,0804,Aqua,MODIS,80,61.03,298,24.2,D,0
0.236,109.1853,317,1.3,1.1,2026-01-22,0804,Aqua,MODIS,61,61.03,290.7,14.8,D,0
0.2376,109.1966,315.6,1.3,1.1,2026-01-22,0804,Aqua,MODIS,65,61.03,290.5,13.3,D,0
1.0765,109.1104,325.3,1.3,1.1,2026-01-22,0804,Aqua,MODIS,52,61.03,294.7,22.8,D,0
0.2645,109.4522,313.1,1.4,1.2,2026-01-22,0804,Aqua,MODIS,64,61.03,287,12,D,0
0.2391,109.6198,315.5,1.4,1.2,2026-01-22,0804,Aqua,MODIS,66,61.03,283.1,17.6,D,0
0.2409,109.632,316.5,1.4,1.2,2026-01-22,0804,Aqua,MODIS,69,61.03,284.8,18.6,D,0
0.0755,109.4206,321.8,1.3,1.1,2026-01-22,0804,Aqua,MODIS,78,61.03,291.9,21.6,D,0
0.9318,104.5269,318.1,1.1,1,2026-01-22,0804,Aqua,MODIS,69,61.03,295.6,10.6,D,0
1.0864,109.1089,335.6,1.3,1.1,2026-01-22,0804,Aqua,MODIS,88,61.03,294.6,42.5,D,0
-1.8075,105.443,316.4,1,1,2026-01-22,0804,Aqua,MODIS,57,61.03,284.9,12.4,D,0
-1.1666,102.768,315.3,1.4,1.2,2026-01-22,0804,Aqua,MODIS,75,61.03,286.7,16.7,D,0
-1.5359,105.7895,317.7,1,1,2026-01-22,0804,Aqua,MODIS,52,61.03,289.4,11,D,0
1.1836,99.0579,310.4,2.4,1.5,2026-01-22,0805,Aqua,MODIS,70,61.03,280.3,29,D,0
-2.5778,121.3783,324.2,1,1,2026-01-22,1301,Terra,MODIS,100,61.03,273.8,23.3,N,2
-2.0103,121.4152,311.7,1,1,2026-01-22,1301,Terra,MODIS,83,61.03,290.2,10.6,N,2
-2.5765,121.3871,318.9,1,1,2026-01-22,1301,Terra,MODIS,97,61.03,274.1,17.9,N,2
-2.0091,121.424,304.2,1,1,2026-01-22,1301,Terra,MODIS,42,61.03,285.8,5.3,N,2
1.955,117.2741,306.5,1.2,1.1,2026-01-22,1302,Terra,MODIS,68,61.03,277.5,10,N,0
3.0217,117.4089,307,1.2,1.1,2026-01-22,1302,Terra,MODIS,68,61.03,291.5,6.4,N,0
4.1859,117.0278,300.5,1.2,1.1,2026-01-22,1302,Terra,MODIS,28,61.03,286.3,4.1,N,0
4.2107,96.098,328.5,1,1,2026-01-22,1441,Terra,MODIS,100,61.03,286.6,28.9,N,0
4.2017,96.0993,303.7,1,1,2026-01-22,1441,Terra,MODIS,56,61.03,285.6,5.7,N,0
0.4919,127.9852,316.2,1.1,1.1,2026-01-22,1844,Aqua,MODIS,93,61.03,284.5,16.9,N,2
0.4905,127.9949,305.9,1.1,1.1,2026-01-22,1844,Aqua,MODIS,66,61.03,284.8,8.1,N,2
4.2125,96.0886,304.7,2.2,1.4,2026-01-22,2022,Aqua,MODIS,61,61.03,282.9,19,N,0
4.2099,96.1074,320.2,2.1,1.4,2026-01-22,2022,Aqua,MODIS,100,61.03,284.8,55.7,N,0
1.8136,98.7763,300.6,1.2,1.1,2026-01-22,2023,Aqua,MODIS,30,61.03,280.8,6.8,N,0
-2.3543,114.6669,310.7,1,1,2026-01-23,0122,Terra,MODIS,69,61.03,285.6,7.7,D,0
-2.3455,114.6681,306.4,1,1,2026-01-23,0122,Terra,MODIS,59,61.03,285.3,4.7,D,0
-2.3468,114.6769,306.8,1,1,2026-01-23,0122,Terra,MODIS,62,61.03,285.1,5,D,0
-2.8828,115.2607,310.4,1,1,2026-01-23,0122,Terra,MODIS,70,61.03,282.4,7.4,D,0
-2.8916,115.2595,305.1,1,1,2026-01-23,0122,Terra,MODIS,35,61.03,281.7,4,D,0
4.2063,96.0927,315.9,1.6,1.2,2026-01-23,0258,Terra,MODIS,72,61.03,292.4,20.2,D,0
4.2043,96.1065,316.7,1.6,1.2,2026-01-23,0258,Terra,MODIS,77,61.03,292.8,21.7,D,0
-2.6288,121.5428,320.9,1,1,2026-01-23,0703,Aqua,MODIS,69,61.03,285.3,14.9,D,0
-2.7547,119.7878,304.7,1.1,1.1,2026-01-23,0703,Aqua,MODIS,59,61.03,279.2,8.6,D,0
-2.6149,121.5763,312.3,1,1,2026-01-23,0703,Aqua,MODIS,49,61.03,287.6,5.9,D,0
1.164,117.7431,311.1,1.3,1.1,2026-01-23,0704,Aqua,MODIS,59,61.03,287.4,10.2,D,0
1.1657,117.7542,305.1,1.3,1.1,2026-01-23,0704,Aqua,MODIS,0,61.03,284.1,4.4,D,0
0.7733,120.6756,315.8,1,1,2026-01-23,0704,Aqua,MODIS,75,61.03,292.3,10.4,D,0
-1.3635,121.792,312.1,1,1,2026-01-23,0704,Aqua,MODIS,72,61.03,289.8,7.2,D,0
-1.4353,121.6688,304.4,1,1,2026-01-23,0704,Aqua,MODIS,45,61.03,283.7,3.6,D,0
1.301,117.2122,307.9,1.4,1.2,2026-01-23,0704,Aqua,MODIS,65,61.03,287.3,9.2,D,0
1.4276,117.2423,313.4,1.4,1.2,2026-01-23,0704,Aqua,MODIS,53,61.03,285.7,13.2,D,0
2.2298,117.2545,316.5,1.3,1.1,2026-01-23,0705,Aqua,MODIS,75,61.03,288.9,16.9,D,0
1.9477,117.2918,315.2,1.3,1.1,2026-01-23,0705,Aqua,MODIS,75,61.03,288.8,14.2,D,0
1.9459,117.2801,328.7,1.3,1.2,2026-01-23,0705,Aqua,MODIS,86,61.03,287.5,35.6,D,0
2.0548,117.4572,315.2,1.3,1.1,2026-01-23,0705,Aqua,MODIS,70,61.03,284.7,13.7,D,0
2.0763,117.4655,309.3,1.3,1.1,2026-01-23,0705,Aqua,MODIS,27,61.03,284.4,6.9,D,0
2.0354,117.1875,312.5,1.4,1.2,2026-01-23,0705,Aqua,MODIS,71,61.03,287.4,12.4,D,0
2.0336,117.1757,306.8,1.4,1.2,2026-01-23,0705,Aqua,MODIS,57,61.03,287.3,6.1,D,0
2.0608,117.2264,315.5,1.4,1.2,2026-01-23,0705,Aqua,MODIS,74,61.03,284.8,16.6,D,0
2.246,117.833,305.7,1.2,1.1,2026-01-23,0705,Aqua,MODIS,41,61.03,280.5,5.4,D,0
2.1831,117.2851,312.3,1.3,1.1,2026-01-23,0705,Aqua,MODIS,71,61.03,288.2,12,D,0
2.1814,117.2736,308.6,1.3,1.1,2026-01-23,0705,Aqua,MODIS,65,61.03,287.3,7.8,D,0
2.2846,117.8274,305.7,1.2,1.1,2026-01-23,0705,Aqua,MODIS,55,61.03,283.5,5.3,D,0
2.283,117.8167,311.3,1.2,1.1,2026-01-23,0705,Aqua,MODIS,68,61.03,282.4,10.7,D,0
2.4633,117.9182,319.5,1.2,1.1,2026-01-23,0705,Aqua,MODIS,79,61.03,287,18.7,D,0
2.4617,117.9077,321.5,1.2,1.1,2026-01-23,0705,Aqua,MODIS,80,61.03,287.1,21.4,D,0
0.4235,100.1536,310.2,1.4,1.2,2026-01-23,0842,Aqua,MODIS,51,61.03,288.9,11.8,D,0
0.4258,100.1461,309.7,1.4,1.2,2026-01-23,0842,Aqua,MODIS,37,61.03,287.6,10.7,D,0
2.8088,97.7286,321.1,1.1,1,2026-01-23,0843,Aqua,MODIS,78,61.03,283.7,19.9,D,0
2.6771,97.784,338.4,1.1,1,2026-01-23,0843,Aqua,MODIS,91,61.03,291,41.7,D,0
2.2218,98.0757,312.9,1.1,1.1,2026-01-23,0843,Aqua,MODIS,42,61.03,295.7,8.7,D,0
4.434,95.8805,308.5,1,1,2026-01-23,0844,Aqua,MODIS,30,61.03,288.4,4.2,D,0
4.8088,95.4884,309.8,1,1,2026-01-23,0844,Aqua,MODIS,64,61.03,293.3,4.9,D,0
4.3111,96.3062,319.8,1,1,2026-01-23,0844,Aqua,MODIS,78,61.03,293.4,12.4,D,0
4.2952,96.0117,342.1,1,1,2026-01-23,0844,Aqua,MODIS,92,61.03,288.5,43.2,D,0
4.3666,96.3162,313.2,1,1,2026-01-23,0844,Aqua,MODIS,67,61.03,286.9,8.3,D,0
4.3715,96.2883,309,1,1,2026-01-23,0844,Aqua,MODIS,40,61.03,287.7,4.8,D,0
4.3689,96.2706,307.8,1,1,2026-01-23,0844,Aqua,MODIS,43,61.03,286.3,3.9,D,0
4.1976,96.0945,369.2,1,1,2026-01-23,0844,Aqua,MODIS,94,61.03,304.7,106.1,D,0
4.1963,96.0857,336.7,1,1,2026-01-23,0844,Aqua,MODIS,31,61.03,298.9,28.1,D,0
4.2076,96.1019,324,1,1,2026-01-23,0844,Aqua,MODIS,63,61.03,297.7,14.6,D,0
4.2965,96.0204,338.1,1,1,2026-01-23,0844,Aqua,MODIS,90,61.03,288.2,36.3,D,0
1.4,109.1278,307.9,1,1,2026-01-23,1341,Terra,MODIS,73,61.03,276.2,9.7,N,0
1.4013,109.1369,307.1,1,1,2026-01-23,1341,Terra,MODIS,70,61.03,275.5,9.3,N,0
0.4183,109.0284,305.4,1.1,1,2026-01-23,1341,Terra,MODIS,64,61.03,269.6,9,N,0
0.2334,109.4253,305.6,1,1,2026-01-23,1341,Terra,MODIS,47,61.03,284.1,6.9,N,0
-0.0939,109.3233,304.8,1,1,2026-01-23,1341,Terra,MODIS,61,61.03,283.7,5.9,N,0
-0.1399,109.3264,303.9,1,1,2026-01-23,1341,Terra,MODIS,12,61.03,283,4.4,N,0
-0.1387,109.3355,308.9,1,1,2026-01-23,1341,Terra,MODIS,59,61.03,283.1,7.7,N,0
-0.1502,109.3185,306.2,1,1,2026-01-23,1341,Terra,MODIS,33,61.03,282.8,6.1,N,0
-0.1489,109.3276,311.5,1,1,2026-01-23,1341,Terra,MODIS,79,61.03,282.7,10,N,0
-0.1414,109.3822,300.3,1,1,2026-01-23,1341,Terra,MODIS,23,61.03,281.1,3.6,N,0
-0.1952,109.396,301.1,1,1,2026-01-23,1341,Terra,MODIS,38,61.03,273.8,5.2,N,0
-2.5738,121.3811,306.3,2,1.4,2026-01-23,1924,Aqua,MODIS,68,61.03,281.3,22.2,N,2
4.208,96.1015,306.7,1.4,1.2,2026-01-23,2100,Aqua,MODIS,69,61.03,292.9,10.9,N,0
-1.4609,127.441,322.5,1.2,1.1,2026-01-24,0022,Terra,MODIS,0,61.03,295.5,20.3,D,2
1.4024,109.1377,317.6,1.3,1.1,2026-01-24,0200,Terra,MODIS,77,61.03,284.7,20.2,D,0
1.3924,109.1363,314.7,1.3,1.1,2026-01-24,0200,Terra,MODIS,74,61.03,285.5,16,D,0
1.0892,109.1103,311.2,1.3,1.1,2026-01-24,0200,Terra,MODIS,40,61.03,287,9.8,D,0
1.0876,109.1218,313.9,1.3,1.1,2026-01-24,0200,Terra,MODIS,47,61.03,286.8,13,D,0
0.4145,109.0323,329.7,1.3,1.1,2026-01-24,0200,Terra,MODIS,82,61.03,287.7,37,D,0
0.4141,109.0378,319.1,1.3,1.1,2026-01-24,0200,Terra,MODIS,71,61.03,286.8,22.3,D,0
0.1575,109.2565,302.5,1.4,1.2,2026-01-24,0200,Terra,MODIS,39,61.03,277.7,6.8,D,0
-3.7252,103.7167,302.4,1,1,2026-01-24,0201,Terra,MODIS,50,61.03,281,4.5,D,0
-4.4216,135.9951,312.2,1,1,2026-01-24,0603,Aqua,MODIS,63,61.03,294.8,6.1,D,0
-3.3009,135.5651,315.5,1.1,1,2026-01-24,0603,Aqua,MODIS,59,61.03,294.3,8.6,D,0
-3.2996,135.5743,318.5,1.1,1,2026-01-24,0603,Aqua,MODIS,71,61.03,293.6,11.7,D,0
-4.0193,136.0181,313.7,1,1,2026-01-24,0603,Aqua,MODIS,56,61.03,288.8,11.8,D,0
0.0502,109.9073,317.6,1.1,1,2026-01-24,0742,Aqua,MODIS,71,61.03,290.8,10.4,D,0
-0.1895,109.2828,316.8,1.2,1.1,2026-01-24,0742,Aqua,MODIS,64,61.03,293.6,10.8,D,0
-0.3409,109.5099,307,1.1,1.1,2026-01-24,0742,Aqua,MODIS,26,61.03,284.4,7.1,D,0
-0.2652,110.149,343.3,1.1,1,2026-01-24,0742,Aqua,MODIS,93,61.03,295.8,47.9,D,0
-0.2639,110.1582,346.3,1.1,1,2026-01-24,0742,Aqua,MODIS,94,61.03,295.2,53.7,D,0
-0.7465,110.397,305.7,1,1,2026-01-24,0742,Aqua,MODIS,62,61.03,282.5,5.6,D,0
-1.4166,110.1116,311,1.1,1,2026-01-24,0742,Aqua,MODIS,70,61.03,290.1,6.9,D,0
-1.4153,110.1211,319.9,1.1,1,2026-01-24,0742,Aqua,MODIS,80,61.03,290.3,15.6,D,0
-2.2432,111.4747,321.1,1,1,2026-01-24,0742,Aqua,MODIS,76,61.03,294.5,13.5,D,0
-2.3505,111.1109,314.1,1,1,2026-01-24,0742,Aqua,MODIS,56,61.03,292.9,7.6,D,0
-2.4159,110.9898,316.7,1,1,2026-01-24,0742,Aqua,MODIS,66,61.03,300.3,7.9,D,0
0.4797,111.8941,322.7,1,1,2026-01-24,0742,Aqua,MODIS,0,61.03,283.7,18.5,D,0
0.1079,109.4239,304.5,1.1,1.1,2026-01-24,0742,Aqua,MODIS,29,61.03,280.5,4.9,D,0
0.0488,109.898,318.3,1.1,1,2026-01-24,0742,Aqua,MODIS,76,61.03,291.3,11.4,D,0
0.3648,109.3472,317.2,1.1,1.1,2026-01-24,0743,Aqua,MODIS,75,61.03,284.5,14.4,D,0
0.293,109.5532,312.5,1.1,1,2026-01-24,0743,Aqua,MODIS,69,61.03,289.3,8.5,D,0
0.9069,112.9134,311.6,1.1,1,2026-01-24,0743,Aqua,MODIS,63,61.03,292.6,7.2,D,0
0.4094,109.0285,333.5,1.2,1.1,2026-01-24,0743,Aqua,MODIS,85,61.03,277.6,39,D,0
1.0381,111.9814,328,1,1,2026-01-24,0743,Aqua,MODIS,84,61.03,290.8,22.1,D,0
1.0469,111.9801,325.8,1,1,2026-01-24,0743,Aqua,MODIS,83,61.03,293.7,19.1,D,0
-8.2777,123.5024,312.8,1.4,1.2,2026-01-24,1239,Terra,MODIS,86,61.03,273.2,19.9,N,1
-4.5138,121.8421,309.3,1.6,1.2,2026-01-24,1240,Terra,MODIS,77,61.03,291.8,13.4,N,0
-4.512,121.8558,304.4,1.6,1.2,2026-01-24,1240,Terra,MODIS,60,61.03,291.8,6.9,N,0
-3.4978,121.4484,309.9,1.6,1.3,2026-01-24,1241,Terra,MODIS,79,61.03,290.4,17.4,N,0
-1.3675,121.5606,300.6,1.5,1.2,2026-01-24,1241,Terra,MODIS,19,61.03,280.8,9.9,N,0
-1.3656,121.5736,304,1.5,1.2,2026-01-24,1241,Terra,MODIS,49,61.03,286.4,13.2,N,0
-1.4566,127.4407,316.3,1.1,1,2026-01-24,1241,Terra,MODIS,91,61.03,293.4,14.5,N,2
-2.8779,122.1575,303.4,1.4,1.2,2026-01-24,1241,Terra,MODIS,30,61.03,290.3,7.5,N,0
0.4914,127.9814,325.8,1.2,1.1,2026-01-24,1241,Terra,MODIS,100,61.03,292.8,28.9,N,2
0.4833,127.9938,309.8,1.2,1.1,2026-01-24,1241,Terra,MODIS,67,61.03,293.5,9.7,N,2
1.6973,127.8777,305.8,1.3,1.1,2026-01-24,1242,Terra,MODIS,37,61.03,288.9,10.1,N,1
1.4997,127.6338,309.9,1.2,1.1,2026-01-24,1242,Terra,MODIS,69,61.03,290.1,11.9,N,1
-2.3194,101.2338,303.3,1,1,2026-01-24,1419,Terra,MODIS,54,61.03,289,4.4,N,0
-2.5138,103.0844,304.5,1.1,1,2026-01-24,1419,Terra,MODIS,61,61.03,290.7,5.7,N,0
1.8004,101.6888,301.2,1.1,1,2026-01-24,1420,Terra,MODIS,27,61.03,286.5,3.9,N,0
0.218,99.8374,305.5,1,1,2026-01-24,1420,Terra,MODIS,64,61.03,293.4,5.1,N,0
0.1327,102.5679,327.9,1.1,1.1,2026-01-24,1420,Terra,MODIS,100,61.03,284.4,31.5,N,0
-0.0319,103.0342,305.2,1.2,1.1,2026-01-24,1420,Terra,MODIS,63,61.03,282.8,8.4,N,0
1.1784,101.0587,303,1,1,2026-01-24,1420,Terra,MODIS,53,61.03,287.2,5.4,N,0
1.7622,98.6759,309.8,1.1,1,2026-01-24,1421,Terra,MODIS,78,61.03,294.2,8.7,N,0
1.7829,98.6922,322.6,1.1,1,2026-01-24,1421,Terra,MODIS,100,61.03,294.3,20.7,N,0
2.5326,97.9959,302.2,1.1,1.1,2026-01-24,1421,Terra,MODIS,46,61.03,290.6,4.8,N,0
4.2863,96.1541,303.6,1.4,1.2,2026-01-24,1421,Terra,MODIS,56,61.03,291.6,9.9,N,0
0.1323,102.5678,304,1.5,1.2,2026-01-24,2002,Aqua,MODIS,58,61.03,279.9,14,N,0
0.1303,102.5811,302.5,1.5,1.2,2026-01-24,2002,Aqua,MODIS,50,61.03,280.7,13,N,0
-4.8625,105.6863,306.7,1,1,2026-01-24,2003,Aqua,MODIS,56,61.03,290.8,5.9,N,0
-4.8113,105.7183,312.1,1,1,2026-01-24,2003,Aqua,MODIS,68,61.03,290.9,9.3,N,0
-4.82,105.717,305.8,1,1,2026-01-24,2003,Aqua,MODIS,48,61.03,290.7,5.3,N,0
-4.8214,105.7258,308.9,1,1,2026-01-24,2003,Aqua,MODIS,76,61.03,290.8,7.4,N,0
-4.8537,105.6876,309.1,1,1,2026-01-24,2003,Aqua,MODIS,76,61.03,290.9,7.5,N,0
-3.5011,121.4487,305.6,1.1,1,2026-01-25,0102,Terra,MODIS,51,61.03,290.4,4.7,D,0
4.201,96.0974,353.3,1,1,2026-01-25,0238,Terra,MODIS,86,61.03,306.7,64.4,D,0
-0.1236,100.6854,305.2,1.8,1.3,2026-01-25,0239,Terra,MODIS,41,61.03,288.5,8.8,D,0
-4.4623,121.7374,311.2,2,1.4,2026-01-25,0641,Aqua,MODIS,57,61.03,291.1,14,D,0
-1.5906,121.9771,314.5,1.8,1.3,2026-01-25,0642,Aqua,MODIS,70,61.03,295.3,17.7,D,0
-3.2746,122.1754,311.8,1.8,1.3,2026-01-25,0642,Aqua,MODIS,55,61.03,289.7,15.9,D,0
-1.466,127.4348,314.2,1,1,2026-01-25,0642,Aqua,MODIS,0,61.03,294.8,6.6,D,2
-1.7819,119.4962,309.6,2.8,1.6,2026-01-25,0642,Aqua,MODIS,50,61.03,284.9,24.2,D,0
2.0467,128.3331,327.6,1.1,1.1,2026-01-25,0643,Aqua,MODIS,61,61.03,295.9,23.3,D,0
-4.9428,105.5935,311.9,1.2,1.1,2026-01-25,0819,Aqua,MODIS,39,61.03,292.4,6.3,D,0
-4.8072,105.7219,323.2,1.2,1.1,2026-01-25,0819,Aqua,MODIS,34,61.03,291.2,15.8,D,0
-4.856,105.6807,324.1,1.2,1.1,2026-01-25,0819,Aqua,MODIS,59,61.03,289.1,19.5,D,0
-4.8544,105.6913,315,1.2,1.1,2026-01-25,0819,Aqua,MODIS,55,61.03,289.8,8.7,D,0
-3.6892,103.6525,308.8,1,1,2026-01-25,0820,Aqua,MODIS,12,61.03,291.7,5.2,D,0
-3.1702,104.1679,334.4,1.1,1,2026-01-25,0820,Aqua,MODIS,87,61.03,287.8,33.7,D,0
-3.3483,102.7721,310.6,1,1,2026-01-25,0820,Aqua,MODIS,37,61.03,291.9,5.3,D,0
-3.1189,103.9462,311.9,1.1,1,2026-01-25,0820,Aqua,MODIS,49,61.03,292.2,6.5,D,0
-3.1137,101.9716,317.5,1,1,2026-01-25,0820,Aqua,MODIS,72,61.03,298.4,9.8,D,0
-2.7326,102.8605,361,1,1,2026-01-25,0820,Aqua,MODIS,100,61.03,294,82.8,D,0
-2.7339,102.8518,316.1,1,1,2026-01-25,0820,Aqua,MODIS,22,61.03,291.3,7.4,D,0
-2.7238,102.8592,373.6,1,1,2026-01-25,0820,Aqua,MODIS,100,61.03,293.8,123.3,D,0
-2.7251,102.8505,316.9,1,1,2026-01-25,0820,Aqua,MODIS,52,61.03,291.4,8.9,D,0
-2.5961,102.799,309.8,1,1,2026-01-25,0820,Aqua,MODIS,46,61.03,287.8,4.5,D,0
-2.5974,102.7903,309.2,1,1,2026-01-25,0820,Aqua,MODIS,37,61.03,287.5,4.2,D,0
-2.4922,103.1171,313.1,1,1,2026-01-25,0820,Aqua,MODIS,62,61.03,294,7.2,D,0
-2.4873,103.0894,313.6,1,1,2026-01-25,0820,Aqua,MODIS,69,61.03,290.4,7.9,D,0
-2.4785,103.0881,311.3,1,1,2026-01-25,0820,Aqua,MODIS,65,61.03,288.9,6.2,D,0
-2.5084,102.8239,310.4,1,1,2026-01-25,0820,Aqua,MODIS,53,61.03,283.4,6.1,D,0
-2.267,103.5169,315.7,1,1,2026-01-25,0820,Aqua,MODIS,71,61.03,293.3,9.3,D,0
-2.2683,103.5079,321.9,1,1,2026-01-25,0820,Aqua,MODIS,74,61.03,293,15.2,D,0
-2.2456,103.0358,318.8,1,1,2026-01-25,0820,Aqua,MODIS,75,61.03,291.8,12.7,D,0
-2.321,101.2001,310.2,1,1,2026-01-25,0820,Aqua,MODIS,46,61.03,287.6,4.7,D,0
-2.2674,102.4589,317.2,1,1,2026-01-25,0820,Aqua,MODIS,72,61.03,297.5,9.2,D,0
-1.2457,102.5518,313.6,1,1,2026-01-25,0820,Aqua,MODIS,70,61.03,289.4,7.6,D,0
-1.2449,102.802,311.1,1,1,2026-01-25,0820,Aqua,MODIS,66,61.03,287.2,6.5,D,0
-1.7147,102.4473,316.2,1,1,2026-01-25,0820,Aqua,MODIS,73,61.03,291.8,9.8,D,0
-2.1239,100.9715,311.7,1.1,1,2026-01-25,0820,Aqua,MODIS,64,61.03,290.6,5.9,D,0
-1.9298,102.607,315.6,1,1,2026-01-25,0820,Aqua,MODIS,71,61.03,291.3,9.5,D,0
-2.1521,101.1541,346.9,1,1,2026-01-25,0820,Aqua,MODIS,0,61.03,289.3,55.6,D,0
-2.1986,101.0259,319.2,1.1,1,2026-01-25,0820,Aqua,MODIS,75,61.03,293.7,10.8,D,0
-2.2476,101.0048,314.2,1.1,1,2026-01-25,0820,Aqua,MODIS,40,61.03,293.8,6.2,D,0
-2.2839,101.204,312.1,1,1,2026-01-25,0820,Aqua,MODIS,54,61.03,291.1,6,D,0
-2.2826,101.2131,309.8,1,1,2026-01-25,0820,Aqua,MODIS,47,61.03,290.7,4.7,D,0
-2.2812,101.2223,310.4,1,1,2026-01-25,0820,Aqua,MODIS,29,61.03,289.8,5.3,D,0
-3.6357,104.2014,319.6,1.1,1,2026-01-25,0820,Aqua,MODIS,75,61.03,296.4,13,D,0
1.7705,101.1909,305.6,1,1,2026-01-25,0821,Aqua,MODIS,30,61.03,280.6,3.8,D,0
-0.947,101.3169,315.2,1,1,2026-01-25,0821,Aqua,MODIS,72,61.03,291.1,9.3,D,0
-0.8548,101.5582,322.5,1,1,2026-01-25,0821,Aqua,MODIS,75,61.03,292.2,16.3,D,0
0.0857,103.3788,304.6,1.1,1,2026-01-25,0821,Aqua,MODIS,26,61.03,276.8,4,D,0
-0.0501,102.3946,316,1,1,2026-01-25,0821,Aqua,MODIS,72,61.03,290.6,9.5,D,0
-0.1517,101.1896,306.6,1,1,2026-01-25,0821,Aqua,MODIS,47,61.03,287.1,3.9,D,0
0.12,100.5834,315.4,1.1,1,2026-01-25,0821,Aqua,MODIS,68,61.03,290.7,10.6,D,0
0.1186,100.5743,307.7,1.1,1,2026-01-25,0821,Aqua,MODIS,26,61.03,290.3,4.8,D,0
0.1774,99.9089,311.3,1.1,1.1,2026-01-25,0821,Aqua,MODIS,58,61.03,294.8,6.5,D,0
0.1761,99.8995,311.1,1.1,1.1,2026-01-25,0821,Aqua,MODIS,38,61.03,294.7,6.6,D,0
0.7923,99.1407,313.4,1.2,1.1,2026-01-25,0821,Aqua,MODIS,66,61.03,297.1,8,D,0
0.9125,99.5614,313.1,1.1,1.1,2026-01-25,0821,Aqua,MODIS,58,61.03,298.7,7.1,D,0
0.8481,99.1217,323.5,1.2,1.1,2026-01-25,0821,Aqua,MODIS,79,61.03,296.1,21,D,0
1.0578,99.2272,341.6,1.2,1.1,2026-01-25,0821,Aqua,MODIS,91,61.03,299.4,52.4,D,0
1.1954,98.9051,312.4,1.2,1.1,2026-01-25,0821,Aqua,MODIS,63,61.03,299,7.6,D,0
1.7718,101.1996,320.7,1,1,2026-01-25,0821,Aqua,MODIS,77,61.03,282.4,15.7,D,0
1.7035,99.7373,308.7,1.1,1,2026-01-25,0821,Aqua,MODIS,55,61.03,290.3,5.7,D,0
1.403,97.328,326.9,1.6,1.2,2026-01-25,0821,Aqua,MODIS,80,61.03,296.1,38.2,D,0
1.7584,98.6801,318,1.2,1.1,2026-01-25,0821,Aqua,MODIS,0,61.03,299.2,11.9,D,0
4.4857,95.9157,318.7,1.8,1.3,2026-01-25,0822,Aqua,MODIS,76,61.03,295,25.8,D,0
4.1908,96.095,334.8,1.7,1.3,2026-01-25,0822,Aqua,MODIS,67,61.03,298.1,62,D,0
4.2021,96.0933,320.6,1.7,1.3,2026-01-25,0822,Aqua,MODIS,56,61.03,295.9,25.8,D,0
4.1924,96.1037,323.8,1.7,1.3,2026-01-25,0822,Aqua,MODIS,76,61.03,296.7,33.4,D,0
4.2717,96.1684,319,1.7,1.3,2026-01-25,0822,Aqua,MODIS,67,61.03,296.5,25.2,D,0
4.2694,96.1534,316.4,1.7,1.3,2026-01-25,0822,Aqua,MODIS,70,61.03,295.4,20.2,D,0
4.2829,96.1666,362,1.7,1.3,2026-01-25,0822,Aqua,MODIS,100,61.03,296.3,189.4,D,0
4.2806,96.1517,349.9,1.7,1.3,2026-01-25,0822,Aqua,MODIS,96,61.03,295.6,124.3,D,0
4.3056,96.0186,322,1.8,1.3,2026-01-25,0822,Aqua,MODIS,79,61.03,295.3,31.7,D,0
4.3032,96.0033,318.7,1.8,1.3,2026-01-25,0822,Aqua,MODIS,72,61.03,294.2,24.4,D,0
4.4742,96.7493,310.6,1.5,1.2,2026-01-25,0822,Aqua,MODIS,60,61.03,290.6,14.1,D,0
4.4787,96.7424,310,1.5,1.2,2026-01-25,0822,Aqua,MODIS,57,61.03,290.4,13.1,D,0
4.4296,96.0702,313.6,1.7,1.3,2026-01-25,0822,Aqua,MODIS,69,61.03,295.6,15.1,D,0
2.517,100.2314,324.2,1,1,2026-01-25,0822,Aqua,MODIS,82,61.03,288,19.3,D,0
2.5156,100.2224,307,1,1,2026-01-25,0822,Aqua,MODIS,53,61.03,286.8,4.1,D,0
2.5932,100.1923,305.5,1,1,2026-01-25,0822,Aqua,MODIS,42,61.03,283.2,3.3,D,0
2.653,97.8035,348.4,1.4,1.2,2026-01-25,0822,Aqua,MODIS,95,61.03,290.2,86.6,D,0
2.6716,97.7884,317.1,1.4,1.2,2026-01-25,0822,Aqua,MODIS,60,61.03,286.6,16,D,0
2.8978,97.7993,306.6,1.4,1.2,2026-01-25,0822,Aqua,MODIS,56,61.03,286,7.3,D,0
3.0791,98.1794,309.7,1.3,1.1,2026-01-25,0822,Aqua,MODIS,48,61.03,290,8.6,D,0
2.9733,97.4804,309.7,1.4,1.2,2026-01-25,0822,Aqua,MODIS,62,61.03,287.6,9.3,D,0
3.2725,98.0355,305.2,1.3,1.1,2026-01-25,0822,Aqua,MODIS,49,61.03,283.3,7.7,D,0
4.1845,96.2792,313.5,1.7,1.3,2026-01-25,0822,Aqua,MODIS,68,61.03,294,12.3,D,0
-3.7593,115.4341,303.5,1,1,2026-01-25,1320,Terra,MODIS,55,61.03,290.3,3.6,N,0
-2.8795,115.2598,306.3,1,1,2026-01-25,1320,Terra,MODIS,51,61.03,289.9,5.7,N,0
-2.8807,115.2509,304.6,1,1,2026-01-25,1320,Terra,MODIS,46,61.03,286,4.8,N,0
-2.333,114.6722,304,1,1,2026-01-25,1320,Terra,MODIS,56,61.03,291.1,3.9,N,0
-2.2111,115.4931,305.1,1,1,2026-01-25,1320,Terra,MODIS,63,61.03,293.5,3.8,N,2
-1.8918,115.8676,312.6,1,1,2026-01-25,1320,Terra,MODIS,85,61.03,292.6,9.6,N,2
-1.893,115.8589,310.9,1,1,2026-01-25,1320,Terra,MODIS,81,61.03,292.7,8.3,N,2
-3.4994,121.4419,300.2,1.8,1.3,2026-01-25,1320,Terra,MODIS,21,61.03,275.9,11.7,N,0
4.2025,96.0906,304.8,2.2,1.4,2026-01-25,1500,Terra,MODIS,62,61.03,291.3,16.4,N,0
4.2765,96.1529,306.9,2.2,1.4,2026-01-25,1500,Terra,MODIS,57,61.03,290.7,18.9,N,0
4.2918,96.1706,308,2.2,1.4,2026-01-25,1500,Terra,MODIS,73,61.03,290.6,21.6,N,0
4.2892,96.1512,306.7,2.2,1.4,2026-01-25,1500,Terra,MODIS,69,61.03,291,19,N,0
-2.5714,121.3801,334.4,1,1,2026-01-25,1902,Aqua,MODIS,100,61.03,292,34.2,N,2
-2.5727,121.3888,352,1,1,2026-01-25,1902,Aqua,MODIS,100,61.03,292.6,66.1,N,2
2.6772,97.7976,301.4,1,1,2026-01-25,2039,Aqua,MODIS,41,61.03,290.7,4.9,N,0
-0.0337,103.0434,302,2.1,1.4,2026-01-25,2040,Aqua,MODIS,46,61.03,284.5,15.3,N,0
-3.8789,122.3977,315,1.6,1.3,2026-01-26,0719,Aqua,MODIS,47,61.03,290.8,14.5,D,2
-4.6365,121.8907,316.7,1.4,1.2,2026-01-26,0719,Aqua,MODIS,39,61.03,296.6,8.9,D,0
-2.0207,121.4158,310.8,1.5,1.2,2026-01-26,0720,Aqua,MODIS,41,61.03,287.7,9.7,D,2
-1.474,115.8629,313.2,1.1,1,2026-01-26,0720,Aqua,MODIS,47,61.03,294.4,7.2,D,0
-1.9167,111.0695,314.6,2.3,1.5,2026-01-26,0720,Aqua,MODIS,62,61.03,287.8,31.7,D,0
-1.5138,113.2658,306.1,1.5,1.2,2026-01-26,0720,Aqua,MODIS,50,61.03,285.1,7.8,D,0
-0.8926,117.1237,306.5,1,1,2026-01-26,0720,Aqua,MODIS,38,61.03,283.6,4.1,D,0
-1.4713,115.8815,313.4,1.1,1,2026-01-26,0720,Aqua,MODIS,57,61.03,293.4,6.8,D,0
-0.806,117.202,307.1,1,1,2026-01-26,0720,Aqua,MODIS,39,61.03,282.4,4.7,D,0
-1.8975,115.8694,313.7,1.1,1,2026-01-26,0720,Aqua,MODIS,51,61.03,293.4,6.3,D,2
-1.8989,115.8601,318.6,1.1,1,2026-01-26,0720,Aqua,MODIS,75,61.03,294.5,11.8,D,2
-1.8353,119.4413,307.7,1.1,1.1,2026-01-26,0720,Aqua,MODIS,48,61.03,282.6,6.5,D,0
-2.5556,116.0469,314,1.1,1,2026-01-26,0720,Aqua,MODIS,68,61.03,296.7,7,D,0
-2.8906,115.2525,305.1,1.2,1.1,2026-01-26,0720,Aqua,MODIS,39,61.03,274.8,4.6,D,0
1.3794,117.2228,312.3,1,1,2026-01-26,0721,Aqua,MODIS,15,61.03,292.7,5.4,D,0
-1.4525,110.5645,304.1,2.4,1.5,2026-01-26,0721,Aqua,MODIS,58,61.03,281.9,14.3,D,0
0.6713,116.7476,311.4,1,1,2026-01-26,0721,Aqua,MODIS,63,61.03,290.2,5.6,D,0
0.8099,117.1203,319.7,1,1,2026-01-26,0721,Aqua,MODIS,71,61.03,293.1,11.9,D,0
0.9769,117.206,319.3,1,1,2026-01-26,0721,Aqua,MODIS,76,61.03,288.9,11.2,D,0
1.0457,117.1625,311.5,1,1,2026-01-26,0721,Aqua,MODIS,58,61.03,289.2,5.8,D,0
0.1804,111.2997,311.3,2,1.4,2026-01-26,0721,Aqua,MODIS,62,61.03,274.4,24.5,D,0
1.366,117.6462,311,1,1,2026-01-26,0721,Aqua,MODIS,63,61.03,292,5,D,0
1.3819,117.2404,312.6,1,1,2026-01-26,0721,Aqua,MODIS,29,61.03,291.3,5.9,D,0
1.3367,116.6862,312.7,1,1,2026-01-26,0721,Aqua,MODIS,68,61.03,288.1,6.5,D,0
1.7544,117.9667,318.7,1.1,1,2026-01-26,0721,Aqua,MODIS,76,61.03,292,12.4,D,0
1.753,117.9576,310.7,1.1,1,2026-01-26,0721,Aqua,MODIS,65,61.03,291.1,5.1,D,0
1.669,117.1891,340.8,1,1,2026-01-26,0721,Aqua,MODIS,92,61.03,287.1,41.7,D,0
1.6677,117.1804,309.1,1,1,2026-01-26,0721,Aqua,MODIS,56,61.03,285.2,5.1,D,0
2.2112,117.3031,313.2,1,1,2026-01-26,0721,Aqua,MODIS,71,61.03,287.3,8.4,D,0
2.2099,117.2943,321.2,1,1,2026-01-26,0721,Aqua,MODIS,80,61.03,288.4,15.6,D,0
3.4845,117.5996,310.5,1.1,1,2026-01-26,0722,Aqua,MODIS,0,61.03,290.6,5.9,D,0
-1.5632,127.4246,315,1.3,1.1,2026-01-26,1221,Terra,MODIS,90,61.03,294.8,15.6,N,2
-1.5613,127.4295,310.9,1.3,1.1,2026-01-26,1221,Terra,MODIS,73,61.03,294.6,10.8,N,2
-1.4571,127.4441,306.4,1.3,1.1,2026-01-26,1221,Terra,MODIS,45,61.03,292.1,7.9,N,2
-4.5561,121.964,307.5,3.9,1.8,2026-01-26,1221,Terra,MODIS,18,61.03,287.4,55.5,N,0
-4.8074,105.7471,302.1,1,1,2026-01-26,1359,Terra,MODIS,47,61.03,289.5,4.5,N,0
0.1038,109.4276,300.2,1.4,1.2,2026-01-26,1400,Terra,MODIS,15,61.03,284.2,6.3,N,0
-1.8889,115.8684,308.2,1.5,1.2,2026-01-26,1940,Aqua,MODIS,74,61.03,292.1,12.4,N,2
-1.8946,115.862,304,1.5,1.2,2026-01-26,1940,Aqua,MODIS,51,61.03,292.1,7.7,N,2
4.2675,96.1682,311.3,2.9,1.6,2026-01-26,2117,Aqua,MODIS,82,61.03,290.8,45.4,N,0
4.2864,96.1762,301.7,2.9,1.6,2026-01-26,2117,Aqua,MODIS,40,61.03,290.9,16.4,N,0
4.2816,96.1703,304.6,2.9,1.6,2026-01-26,2117,Aqua,MODIS,61,61.03,290.9,25.2,N,0
1.4965,127.6308,313.1,1.1,1.1,2026-01-27,0041,Terra,MODIS,68,61.03,296,11.1,D,1
1.4951,127.6405,313,1.1,1.1,2026-01-27,0041,Terra,MODIS,68,61.03,295.2,10.9,D,1
-1.4558,127.4448,310.9,1.2,1.1,2026-01-27,0041,Terra,MODIS,0,61.03,294.9,7,D,2
-2.0147,121.4229,311.5,1.4,1.2,2026-01-27,0042,Terra,MODIS,38,61.03,292.1,8.5,D,2
-3.5034,121.4442,306,1.3,1.1,2026-01-27,0042,Terra,MODIS,57,61.03,286.4,6,D,0
-4.5515,121.9656,320.4,1.2,1.1,2026-01-27,0042,Terra,MODIS,63,61.03,295.4,11.7,D,0
-4.553,121.9759,322.4,1.2,1.1,2026-01-27,0042,Terra,MODIS,72,61.03,293,14.7,D,0
2.5197,100.227,310.2,1,1,2026-01-27,0219,Terra,MODIS,39,61.03,295,5.2,D,0
2.679,97.7957,312.2,1.3,1.1,2026-01-27,0219,Terra,MODIS,44,61.03,291.6,8.9,D,0
1.1746,101.0573,312,1,1,2026-01-27,0219,Terra,MODIS,64,61.03,295.8,5.3,D,0
-3.7969,136.3531,308.7,1.4,1.2,2026-01-27,0619,Aqua,MODIS,56,61.03,284.9,11.5,D,0
-3.9803,136.082,327.2,1.3,1.1,2026-01-27,0619,Aqua,MODIS,79,61.03,287.5,32.8,D,0
-1.8089,105.3906,328.3,1.2,1.1,2026-01-27,0759,Aqua,MODIS,61,61.03,277.5,32.4,D,0
-2.1893,101.0374,310.1,2.5,1.5,2026-01-27,0759,Aqua,MODIS,19,61.03,284,14.7,D,0
0.0459,109.2969,332.6,1.1,1,2026-01-27,0759,Aqua,MODIS,86,61.03,300,25.7,D,0
0.0473,109.3065,323.5,1.1,1,2026-01-27,0759,Aqua,MODIS,49,61.03,297.8,12.9,D,0
-2.1595,100.9818,315.9,2.5,1.5,2026-01-27,0759,Aqua,MODIS,65,61.03,287.6,33.4,D,0
-2.1555,100.9881,315.9,2.5,1.5,2026-01-27,0759,Aqua,MODIS,62,61.03,287.5,30.3,D,0
-2.1955,100.994,311.5,2.5,1.5,2026-01-27,0759,Aqua,MODIS,32,61.03,285.5,18.3,D,0
2.7179,98.0038,311.9,3.6,1.8,2026-01-27,0800,Aqua,MODIS,51,61.03,292,36,D,0
1.2222,99.082,310.3,3.1,1.7,2026-01-27,0800,Aqua,MODIS,67,61.03,288.6,32.4,D,0
1.7979,101.6789,328.5,1.9,1.3,2026-01-27,0800,Aqua,MODIS,85,61.03,289.7,55,D,0
1.802,101.6851,327.1,1.9,1.3,2026-01-27,0800,Aqua,MODIS,84,61.03,288.9,49.9,D,0
2.7024,98.0064,310.9,3.6,1.8,2026-01-27,0800,Aqua,MODIS,40,61.03,293.2,31.2,D,0
2.7066,98.013,317.2,3.6,1.8,2026-01-27,0800,Aqua,MODIS,67,61.03,292.8,63.8,D,0
4.1862,96.1135,314.6,4.8,2,2026-01-27,0801,Aqua,MODIS,62,61.03,292.8,77.2,D,0
-1.504,121.5599,300,1,1,2026-01-27,1300,Terra,MODIS,7,61.03,286.7,4.1,N,0
0.4744,121.7966,307.7,1.1,1,2026-01-27,1301,Terra,MODIS,71,61.03,295.6,4.6,N,0
2.2766,117.8375,307.5,1.1,1.1,2026-01-27,1302,Terra,MODIS,72,61.03,292.2,7.6,N,0
2.1923,116.9619,309.2,1.3,1.1,2026-01-27,1302,Terra,MODIS,77,61.03,291.2,11.1,N,0
1.5154,97.3521,327.3,1.1,1.1,2026-01-27,1440,Terra,MODIS,100,61.03,294.2,27,N,0
1.5168,97.3618,311.5,1.1,1.1,2026-01-27,1440,Terra,MODIS,75,61.03,294.3,9.5,N,0
1.3796,97.3084,312.9,1.1,1,2026-01-27,1440,Terra,MODIS,80,61.03,293.1,11.7,N,0
1.8014,101.672,301.8,2.2,1.5,2026-01-27,1440,Terra,MODIS,45,61.03,287.2,13.6,N,0
1.8041,101.6915,303.1,2.3,1.5,2026-01-27,1440,Terra,MODIS,53,61.03,287.4,15.6,N,0
1.2333,99.0875,301.9,1.4,1.2,2026-01-27,1440,Terra,MODIS,38,61.03,286.9,5.1,N,0
4.2833,96.1664,325.2,1.1,1,2026-01-27,1441,Terra,MODIS,100,61.03,294.5,23.5,N,0
4.273,96.1585,318.6,1.1,1,2026-01-27,1441,Terra,MODIS,97,61.03,294.6,16.3,N,0
4.2743,96.1677,335.2,1.1,1,2026-01-27,1441,Terra,MODIS,100,61.03,295.1,37.5,N,0
4.2755,96.1769,311.9,1.1,1,2026-01-27,1441,Terra,MODIS,69,61.03,291.5,10.7,N,0
4.264,96.1597,314.7,1.1,1,2026-01-27,1441,Terra,MODIS,90,61.03,293.5,13,N,0
4.2653,96.1689,310.6,1.1,1,2026-01-27,1441,Terra,MODIS,73,61.03,293.8,9.9,N,0
1.4989,127.633,313.3,1,1,2026-01-27,1839,Aqua,MODIS,87,61.03,289.9,11.9,N,1
1.4976,127.6417,305.2,1,1,2026-01-27,1839,Aqua,MODIS,63,61.03,289.4,6.5,N,1
1.8067,101.6862,322.7,1.1,1,2026-01-27,2018,Aqua,MODIS,100,61.03,291.2,21.9,N,0
1.8053,101.6954,303.5,1.1,1,2026-01-27,2018,Aqua,MODIS,14,61.03,290.6,5.4,N,0
-0.0481,103.2557,306.1,1,1,2026-01-27,2018,Aqua,MODIS,67,61.03,289.5,7.2,N,0
4.2789,96.1723,310.9,1.6,1.2,2026-01-28,0258,Terra,MODIS,68,61.03,292.7,11.6,D,0
-3.6892,138.4698,315.9,4.1,1.9,2026-01-28,0520,Aqua,MODIS,65,61.03,276.2,116.7,D,0
0.6998,122.8915,324.4,1,1,2026-01-28,0659,Aqua,MODIS,80,61.03,292.2,17.4,D,0
0.6647,122.4691,314.8,1,1,2026-01-28,0659,Aqua,MODIS,69,61.03,291,7.1,D,0
-1.6868,121.3049,311.2,1.1,1,2026-01-28,0659,Aqua,MODIS,31,61.03,273.7,10.4,D,0
0.5107,121.9919,311.6,1,1,2026-01-28,0659,Aqua,MODIS,60,61.03,291.1,6.3,D,0
3.0261,98.1156,320.5,1,1,2026-01-28,0838,Aqua,MODIS,69,61.03,303.2,9.1,D,0
4.2857,96.1688,320.7,1,1,2026-01-28,0839,Aqua,MODIS,76,61.03,301,11.6,D,0
4.1102,97.1842,322.4,1,1,2026-01-28,0839,Aqua,MODIS,78,61.03,299.6,15.2,D,0
4.1626,96.9754,317.4,1,1,2026-01-28,0839,Aqua,MODIS,73,61.03,300.8,10,D,0
4.275,96.1769,334.8,1,1,2026-01-28,0839,Aqua,MODIS,75,61.03,300.6,26.3,D,0
4.2737,96.168,372.8,1,1,2026-01-28,0839,Aqua,MODIS,100,61.03,305.5,119.7,D,0
4.4345,96.0047,346.9,1,1,2026-01-28,0839,Aqua,MODIS,94,61.03,300.8,50.5,D,0
4.4332,95.9957,331.1,1,1,2026-01-28,0839,Aqua,MODIS,85,61.03,300.4,24,D,0
4.5131,95.9682,312.2,1,1,2026-01-28,0839,Aqua,MODIS,64,61.03,299.3,5.7,D,0
4.5046,95.7802,319.5,1,1,2026-01-28,0839,Aqua,MODIS,57,61.03,301.6,9.7,D,0
4.8811,95.4576,318,1.1,1,2026-01-28,0839,Aqua,MODIS,75,61.03,298.9,10.9,D,0
-1.8138,136.7545,303,1,1,2026-01-28,1201,Terra,MODIS,48,61.03,284,5.3,N,0
-0.1675,111.7226,304.7,1,1,2026-01-28,1340,Terra,MODIS,61,61.03,289,5.5,N,0
0.1104,109.7374,328.6,1.5,1.2,2026-01-29,0200,Terra,MODIS,84,61.03,289.9,41.7,D,0
0.1085,109.7506,309.4,1.5,1.2,2026-01-29,0200,Terra,MODIS,60,61.03,291.2,8.7,D,0
0.1022,109.4229,316,1.4,1.2,2026-01-29,0200,Terra,MODIS,72,61.03,295.1,15.4,D,0
0.0511,109.3592,315.2,1.4,1.2,2026-01-29,0200,Terra,MODIS,46,61.03,296.1,12.3,D,0
0.0439,109.409,317.9,1.4,1.2,2026-01-29,0200,Terra,MODIS,73,61.03,295.4,17.6,D,0
0.0443,109.3331,314.9,1.4,1.2,2026-01-29,0200,Terra,MODIS,60,61.03,294.7,11.6,D,0
0.0353,109.3951,319.3,1.4,1.2,2026-01-29,0200,Terra,MODIS,69,61.03,294.7,18.7,D,0
0.3715,109.1259,312.7,1.4,1.2,2026-01-29,0200,Terra,MODIS,66,61.03,294.2,10.5,D,0
0.0335,109.4075,332,1.4,1.2,2026-01-29,0200,Terra,MODIS,86,61.03,295,44,D,0
0.3698,109.1378,309.5,1.4,1.2,2026-01-29,0200,Terra,MODIS,58,61.03,294.3,6.9,D,0
-0.8799,133.2078,314.5,1.6,1.3,2026-01-29,0559,Aqua,MODIS,75,61.03,284.7,23.4,D,0
-0.8819,133.194,304.6,1.6,1.3,2026-01-29,0559,Aqua,MODIS,45,61.03,286.7,9.9,D,0
-6.7861,110.7893,311.8,1.4,1.2,2026-01-29,0736,Aqua,MODIS,25,61.03,293.1,8.9,D,2
-1.5778,110.7401,322.9,1.2,1.1,2026-01-29,0737,Aqua,MODIS,78,61.03,295.7,20.2,D,0
-1.3168,110.0732,312.5,1.3,1.1,2026-01-29,0737,Aqua,MODIS,63,61.03,296.4,8.5,D,0
-0.3221,110.0635,308.2,1.3,1.1,2026-01-29,0737,Aqua,MODIS,43,61.03,280.1,8.3,D,0
-0.1353,110.8678,313,1.1,1.1,2026-01-29,0737,Aqua,MODIS,60,61.03,295.4,7.4,D,0
-2.656,112.833,316.9,1,1,2026-01-29,0737,Aqua,MODIS,75,61.03,294.1,9.3,D,0
-2.3762,112.2199,344.2,1,1,2026-01-29,0737,Aqua,MODIS,81,61.03,294.2,47.8,D,0
-2.3151,111.0479,309.5,1.2,1.1,2026-01-29,0737,Aqua,MODIS,55,61.03,276.4,9.8,D,0
-1.9366,111.1124,316.7,1.1,1.1,2026-01-29,0737,Aqua,MODIS,58,61.03,297.8,10.8,D,0
-1.7031,112.5268,308.3,1,1,2026-01-29,0737,Aqua,MODIS,51,61.03,277.7,5.3,D,0
-1.8433,111.3837,343.5,1.1,1.1,2026-01-29,0737,Aqua,MODIS,87,61.03,296.5,50.1,D,0
-1.6001,110.7855,314,1.2,1.1,2026-01-29,0737,Aqua,MODIS,66,61.03,296.3,8.2,D,0
-1.3152,110.0844,311.3,1.3,1.1,2026-01-29,0737,Aqua,MODIS,61,61.03,294.9,7.3,D,0
0.3397,109.0638,313.8,1.4,1.2,2026-01-29,0738,Aqua,MODIS,68,61.03,291.3,12,D,0
0.0268,110.9709,312.7,1.1,1.1,2026-01-29,0738,Aqua,MODIS,33,61.03,296.1,6,D,0
0.0254,110.9613,313.5,1.1,1.1,2026-01-29,0738,Aqua,MODIS,40,61.03,297.1,6.7,D,0
-0.058,110.1992,312.3,1.2,1.1,2026-01-29,0738,Aqua,MODIS,51,61.03,296.2,7.6,D,0
-0.0595,110.1885,328.2,1.2,1.1,2026-01-29,0738,Aqua,MODIS,77,61.03,296.8,28.8,D,0
-0.1927,109.2794,323,1.4,1.2,2026-01-29,0738,Aqua,MODIS,58,61.03,297.6,21.2,D,0
-0.1824,109.2779,320.5,1.4,1.2,2026-01-29,0738,Aqua,MODIS,36,61.03,295.9,17.9,D,0
-0.0867,109.5864,328.7,1.3,1.1,2026-01-29,0738,Aqua,MODIS,83,61.03,296.6,33.3,D,0
-0.0884,109.5748,318.7,1.3,1.1,2026-01-29,0738,Aqua,MODIS,72,61.03,296.2,16.4,D,0
-0.0846,109.32,319.6,1.4,1.2,2026-01-29,0738,Aqua,MODIS,67,61.03,286.4,16.7,D,0
0.052,109.8264,314.3,1.3,1.1,2026-01-29,0738,Aqua,MODIS,65,61.03,291,11.5,D,0
0.0392,109.3998,324.6,1.4,1.2,2026-01-29,0738,Aqua,MODIS,39,61.03,296.4,23.2,D,0
0.1113,109.7435,331.5,1.3,1.1,2026-01-29,0738,Aqua,MODIS,85,61.03,299.4,34.9,D,0
0.1096,109.7322,326.2,1.3,1.1,2026-01-29,0738,Aqua,MODIS,76,61.03,297.3,24.8,D,0
0.0469,109.3132,321.3,1.4,1.2,2026-01-29,0738,Aqua,MODIS,58,61.03,296.4,16.1,D,0
0.0451,109.3011,318.3,1.4,1.2,2026-01-29,0738,Aqua,MODIS,38,61.03,297.7,12.6,D,0
0.0655,109.2981,339.6,1.4,1.2,2026-01-29,0738,Aqua,MODIS,90,61.03,296.7,57.4,D,0
0.1034,109.4146,315.4,1.4,1.2,2026-01-29,0738,Aqua,MODIS,67,61.03,294.8,11.2,D,0
0.1433,109.2678,324.8,1.4,1.2,2026-01-29,0738,Aqua,MODIS,80,61.03,294.2,25.7,D,0
0.1415,109.2556,335.8,1.4,1.2,2026-01-29,0738,Aqua,MODIS,88,61.03,295.7,49.3,D,0
0.4922,109.6863,314.7,1.3,1.1,2026-01-29,0738,Aqua,MODIS,69,61.03,293.5,12.4,D,0
0.4906,109.6751,334.8,1.3,1.1,2026-01-29,0738,Aqua,MODIS,88,61.03,294.3,45.4,D,0
0.5045,109.002,318.9,1.4,1.2,2026-01-29,0738,Aqua,MODIS,75,61.03,290.6,21.3,D,0
1.9236,109.5121,317.4,1.3,1.1,2026-01-29,0738,Aqua,MODIS,68,61.03,293.5,15.7,D,0
4.2915,96.1641,308.1,1.4,1.2,2026-01-29,1421,Terra,MODIS,60,61.03,289.4,9.7,N,0
4.2813,96.1656,309.4,1.4,1.2,2026-01-29,1421,Terra,MODIS,68,61.03,289.9,11,N,0
0.0712,109.3022,300.4,1,1,2026-01-29,1957,Aqua,MODIS,26,61.03,271.9,6.2,N,0
0.047,109.3298,303.9,1,1,2026-01-29,1957,Aqua,MODIS,43,61.03,280.2,6.7,N,0
-0.0803,109.323,306.3,1,1,2026-01-29,1957,Aqua,MODIS,68,61.03,283.7,7.5,N,0
-0.0817,109.332,304.4,1,1,2026-01-29,1957,Aqua,MODIS,56,61.03,283.7,6.3,N,0
-0.1464,109.3261,307.7,1,1,2026-01-29,1957,Aqua,MODIS,72,61.03,284.2,8.7,N,0
-0.2,109.4392,306.6,1.1,1,2026-01-29,1957,Aqua,MODIS,69,61.03,283.9,8.4,N,0
-2.8799,115.2605,301.9,2.9,1.6,2026-01-29,1957,Aqua,MODIS,45,61.03,288.2,18.5,N,0
0.5078,121.4088,313.6,1,1,2026-01-30,0100,Terra,MODIS,64,61.03,287.6,8.8,D,0
-3.8763,122.397,314.1,1.2,1.1,2026-01-30,0101,Terra,MODIS,59,61.03,296.9,9,D,2
-3.9023,122.4206,317.2,1.2,1.1,2026-01-30,0101,Terra,MODIS,74,61.03,296.5,13.3,D,2
-2.8888,115.2591,316.3,1.6,1.2,2026-01-30,0101,Terra,MODIS,71,61.03,292.7,19.3,D,0
2.7046,97.7619,321.2,1.1,1,2026-01-30,0238,Terra,MODIS,80,61.03,292.7,16.1,D,0
2.7032,97.7712,310.7,1.1,1,2026-01-30,0238,Terra,MODIS,41,61.03,292.6,5.6,D,0
2.6811,97.7965,311.2,1.1,1,2026-01-30,0238,Terra,MODIS,45,61.03,291.6,5.2,D,0
2.6797,97.8059,317.4,1.1,1,2026-01-30,0238,Terra,MODIS,73,61.03,293.7,10.6,D,0
-2.5764,121.3782,326.1,2.6,1.6,2026-01-30,0637,Aqua,MODIS,79,61.03,294.9,78.8,D,2
-2.5835,121.3836,322.5,2.6,1.6,2026-01-30,0637,Aqua,MODIS,75,61.03,294.7,62.1,D,2
-2.5866,121.3615,313,2.7,1.6,2026-01-30,0637,Aqua,MODIS,56,61.03,294.2,28.4,D,2
-2.0204,121.4162,314,2.6,1.5,2026-01-30,0637,Aqua,MODIS,57,61.03,295.4,28.9,D,2
-2.3037,101.204,310.7,1.2,1.1,2026-01-30,0815,Aqua,MODIS,0,61.03,276.9,13.1,D,0
-1.8045,105.9401,316.2,1.1,1.1,2026-01-30,0815,Aqua,MODIS,52,61.03,287.7,14.4,D,0
-1.8273,105.4821,324.3,1.1,1,2026-01-30,0815,Aqua,MODIS,77,61.03,289.9,22.3,D,0
-1.8287,105.4726,318.7,1.1,1,2026-01-30,0815,Aqua,MODIS,64,61.03,289.8,16,D,0
0.0332,109.408,313.5,2.1,1.4,2026-01-30,0816,Aqua,MODIS,38,61.03,293.3,17.3,D,0
0.3471,109.0644,315.6,2,1.4,2026-01-30,0816,Aqua,MODIS,50,61.03,290.2,24,D,0
0.3722,109.0375,318,2,1.4,2026-01-30,0816,Aqua,MODIS,68,61.03,294.2,26.3,D,0
0.6199,103.2005,314.9,1,1,2026-01-30,0816,Aqua,MODIS,31,61.03,297.6,5.9,D,0
2.118,101.134,312.8,1.1,1,2026-01-30,0817,Aqua,MODIS,67,61.03,296.2,6.5,D,0
3.874,108.1807,305.3,2.3,1.5,2026-01-30,1322,Terra,MODIS,27,61.03,288.6,20.2,N,0
3.8822,108.1923,308.2,3.6,1.8,2026-01-30,2034,Aqua,MODIS,59,61.03,287.9,53.5,N,0
3.8855,108.1878,305.7,3.6,1.8,2026-01-30,2034,Aqua,MODIS,36,61.03,287.8,39.6,N,0
1.5932,101.7092,310.7,1.2,1.1,2026-01-30,2034,Aqua,MODIS,81,61.03,293.2,11.3,N,0
1.5916,101.7198,314,1.2,1.1,2026-01-30,2034,Aqua,MODIS,88,61.03,293.6,14.8,N,0
3.8812,108.1816,312,1.3,1.1,2026-01-31,0139,Terra,MODIS,52,61.03,293.1,9.8,D,0
3.8796,108.1929,324.8,1.3,1.1,2026-01-31,0139,Terra,MODIS,78,61.03,292.8,27.4,D,0
0.6045,112.0064,312.3,1.1,1,2026-01-31,0140,Terra,MODIS,71,61.03,286.7,9,D,0
0.5955,112.0052,313.7,1.1,1,2026-01-31,0140,Terra,MODIS,72,61.03,286.1,10.2,D,0
-7.0082,110.3561,315.9,1,1,2026-01-31,0142,Terra,MODIS,33,61.03,294.3,6.5,D,2
-7.0166,110.3483,315.3,1,1,2026-01-31,0142,Terra,MODIS,52,61.03,293.5,8.8,D,2
-7.7048,112.8551,311.8,1.5,1.2,2026-01-31,0142,Terra,MODIS,64,61.03,292.7,9.3,D,2
-7.5361,110.7069,313.2,1.1,1,2026-01-31,0142,Terra,MODIS,53,61.03,295.3,6.2,D,2
-7.5625,110.7623,314.9,1.1,1,2026-01-31,0142,Terra,MODIS,52,61.03,295.4,5.3,D,2
-7.5855,110.5923,308.4,1.1,1,2026-01-31,0142,Terra,MODIS,52,61.03,293.7,4.3,D,0
-7.6181,110.824,315.3,1.1,1,2026-01-31,0142,Terra,MODIS,34,61.03,294.9,6.3,D,2
-7.5946,110.5911,308.4,1.1,1,2026-01-31,0142,Terra,MODIS,52,61.03,293.6,4.4,D,2
-7.6918,110.8274,311,1.1,1,2026-01-31,0142,Terra,MODIS,44,61.03,294.9,5.3,D,2
-7.7008,108.9986,315.6,1,1,2026-01-31,0142,Terra,MODIS,0,61.03,298,6.2,D,2
-4.9177,120.208,321.7,1,1,2026-01-31,0714,Aqua,MODIS,74,61.03,296.6,13.7,D,0
-4.9164,120.2169,315.6,1,1,2026-01-31,0714,Aqua,MODIS,64,61.03,296.4,7.7,D,0
-2.58,121.3887,312.1,1.2,1.1,2026-01-31,0715,Aqua,MODIS,52,61.03,277.1,13,D,2
-2.8328,122.1749,314.6,1.3,1.1,2026-01-31,0715,Aqua,MODIS,15,61.03,293.2,9.6,D,2
-2.5815,121.3783,321.9,1.2,1.1,2026-01-31,0715,Aqua,MODIS,70,61.03,277.9,23.6,D,2
0.1127,109.3969,313.2,3.7,1.8,2026-01-31,0716,Aqua,MODIS,57,61.03,293,43.6,D,0
0.1645,109.4215,312.8,3.7,1.8,2026-01-31,0716,Aqua,MODIS,55,61.03,292.8,41.3,D,0
-6.7544,111.8824,310.2,1.7,1.3,2026-01-31,1358,Terra,MODIS,70,61.03,287.8,17.1,N,3
-6.7533,111.8879,308.6,1.7,1.3,2026-01-31,1358,Terra,MODIS,62,61.03,287.1,14.1,N,3
-1.7413,105.4615,307.9,1,1,2026-01-31,1359,Terra,MODIS,71,61.03,292.2,6.2,N,0
-1.5614,105.9659,306.1,1,1,2026-01-31,1359,Terra,MODIS,41,61.03,290.6,5.3,N,0
1.1335,102.8597,309.9,1.2,1.1,2026-01-31,1400,Terra,MODIS,77,61.03,294.8,9.3,N,0
-0.0382,103.187,302.8,1.2,1.1,2026-01-31,1400,Terra,MODIS,51,61.03,292.4,4.2,N,0
0.6195,103.207,311.8,1.1,1.1,2026-01-31,1400,Terra,MODIS,83,61.03,293.6,11.1,N,0
1.1321,102.8494,307.8,1.2,1.1,2026-01-31,1400,Terra,MODIS,71,61.03,293.8,7.9,N,0
-2.829,122.1719,312.9,1.2,1.1,2026-02-01,0041,Terra,MODIS,0,61.03,295,9.6,D,2
0.6189,103.2121,309.8,1.2,1.1,2026-02-01,0219,Terra,MODIS,63,61.03,295.1,5.6,D,0
-2.878,106.3846,313.6,1.3,1.1,2026-02-01,0753,Aqua,MODIS,71,61.03,292.2,12.1,D,0
-3.1655,107.7907,313,1.1,1,2026-02-01,0753,Aqua,MODIS,43,61.03,295,7.6,D,0
-2.9708,106.8556,310.4,1.2,1.1,2026-02-01,0753,Aqua,MODIS,64,61.03,293.9,5.6,D,0
0.1757,109.9779,312.2,1,1,2026-02-01,0754,Aqua,MODIS,41,61.03,284,7.5,D,0
0.381,109.0524,312.7,1,1,2026-02-01,0754,Aqua,MODIS,49,61.03,294.8,7.5,D,0
0.1975,110.0024,311.8,1,1,2026-02-01,0754,Aqua,MODIS,20,61.03,286.1,6.9,D,0
-2.2352,110.1155,310.2,1,1,2026-02-01,0754,Aqua,MODIS,30,61.03,279.2,7,D,0
-2.5602,107.766,312.8,1.1,1,2026-02-01,0754,Aqua,MODIS,35,61.03,295,8.5,D,0
-1.2936,110.5412,309.3,1.1,1,2026-02-01,0754,Aqua,MODIS,63,61.03,289.9,4.2,D,0
-1.13,109.7104,326.8,1,1,2026-02-01,0754,Aqua,MODIS,82,61.03,296.1,19.1,D,0
-1.0134,109.9942,320.5,1,1,2026-02-01,0754,Aqua,MODIS,65,61.03,288.1,13.3,D,0
-1.0052,109.8658,307.7,1,1,2026-02-01,0754,Aqua,MODIS,39,61.03,281.1,5.2,D,0
-1.5645,105.9641,315.1,1.3,1.1,2026-02-01,0754,Aqua,MODIS,48,61.03,291.3,15.1,D,0
-0.8302,109.418,312.8,1,1,2026-02-01,0754,Aqua,MODIS,51,61.03,293.7,5.7,D,0
-0.8227,109.4079,313.3,1,1,2026-02-01,0754,Aqua,MODIS,60,61.03,293.6,6.4,D,0
-0.7797,109.5178,362.4,1,1,2026-02-01,0754,Aqua,MODIS,100,61.03,292.1,88.7,D,0
-0.7301,109.4054,311.8,1,1,2026-02-01,0754,Aqua,MODIS,47,61.03,285.3,7.6,D,0
-0.7313,109.3967,321.8,1,1,2026-02-01,0754,Aqua,MODIS,77,61.03,285.9,16.9,D,0
-0.1806,110.1942,314.7,1.1,1,2026-02-01,0754,Aqua,MODIS,47,61.03,294.8,8.1,D,0
-0.0918,110.1652,318,1.1,1,2026-02-01,0754,Aqua,MODIS,74,61.03,295.8,9.1,D,0
0.9582,104.5826,328.4,1.5,1.2,2026-02-01,0755,Aqua,MODIS,81,61.03,294.3,39.4,D,0
0.9562,104.5696,310.5,1.5,1.2,2026-02-01,0755,Aqua,MODIS,36,61.03,293.4,8,D,0
3.8707,108.1862,327.6,1,1,2026-02-01,0755,Aqua,MODIS,69,61.03,294,18.5,D,0
3.8694,108.1775,322.7,1,1,2026-02-01,0755,Aqua,MODIS,53,61.03,297.5,13.9,D,0
3.8807,108.1936,316.7,1,1,2026-02-01,0755,Aqua,MODIS,20,61.03,294.9,8.5,D,0
3.8907,108.2011,337.1,1,1,2026-02-01,0755,Aqua,MODIS,88,61.03,294.7,33.5,D,0
3.8894,108.1924,327.5,1,1,2026-02-01,0755,Aqua,MODIS,63,61.03,297.8,19.2,D,0
1.6691,117.1984,304.8,1.2,1.1,2026-02-01,1301,Terra,MODIS,62,61.03,283.8,7.8,N,0
1.4972,127.63,304.1,1.1,1,2026-02-01,1834,Aqua,MODIS,58,61.03,290.8,6.1,N,1
1.4958,127.6393,303.5,1.1,1,2026-02-01,1834,Aqua,MODIS,55,61.03,290.6,6,N,1
0.4915,127.9902,310.2,1,1,2026-02-01,1835,Aqua,MODIS,79,61.03,296.8,8.2,N,2
-1.5616,127.4307,315.6,1,1,2026-02-01,1835,Aqua,MODIS,89,61.03,293.9,12.6,N,2
-1.4596,127.44,311.8,1,1,2026-02-01,1835,Aqua,MODIS,76,61.03,290.7,10.3,N,2
0.6285,103.2115,302.1,1,1,2026-02-01,2013,Aqua,MODIS,47,61.03,289.8,4,N,0
-2.8248,122.1687,313.3,2.7,1.6,2026-02-02,0120,Terra,MODIS,0,61.03,290.6,22.2,D,2
-2.5731,121.3869,318.9,2.3,1.5,2026-02-02,0120,Terra,MODIS,74,61.03,284.3,49,D,2
-2.8216,122.1451,313.3,2.7,1.6,2026-02-02,0120,Terra,MODIS,24,61.03,290.9,24.5,D,0
-3.7598,115.4314,305.7,1,1,2026-02-02,0121,Terra,MODIS,41,61.03,282.8,4.8,D,0
-8.1287,113.0163,304.2,1,1,2026-02-02,0122,Terra,MODIS,21,61.03,288.4,3.5,D,0
-8.1162,112.9294,309.2,1,1,2026-02-02,0122,Terra,MODIS,44,61.03,284.8,8.7,D,1
-1.5808,122.1287,312.5,1.1,1.1,2026-02-02,0654,Aqua,MODIS,64,61.03,292.9,5.8,D,0
-0.8455,122.9198,313.5,1,1,2026-02-02,0654,Aqua,MODIS,54,61.03,294.9,9.5,D,0
-2.0138,121.4251,318.5,1.3,1.1,2026-02-02,0654,Aqua,MODIS,45,61.03,297.7,12.7,D,2
-1.5524,121.2016,305.6,1.3,1.1,2026-02-02,0654,Aqua,MODIS,52,61.03,283.5,6.9,D,0
-1.5541,121.1901,308.5,1.3,1.1,2026-02-02,0654,Aqua,MODIS,65,61.03,284.9,9.3,D,0
-0.8233,123.1416,316.6,1,1,2026-02-02,0654,Aqua,MODIS,73,61.03,294.4,7.5,D,0
3.136,117.3087,308.1,2.1,1.4,2026-02-02,0655,Aqua,MODIS,58,61.03,291.9,9.2,D,0
0.5748,102.9589,313.8,1.4,1.2,2026-02-02,0833,Aqua,MODIS,65,61.03,292,12.5,D,0
1.5808,101.7091,312.6,1.2,1.1,2026-02-02,0833,Aqua,MODIS,42,61.03,294.2,6.5,D,0
1.813,99.3135,313,1,1,2026-02-02,0833,Aqua,MODIS,69,61.03,294.3,7.4,D,0
2.858,97.8605,314,1,1,2026-02-02,0833,Aqua,MODIS,69,61.03,295.9,6.7,D,0
2.7135,97.767,320.2,1,1,2026-02-02,0833,Aqua,MODIS,66,61.03,289.9,12.1,D,0
2.7047,97.7683,323.3,1,1,2026-02-02,0833,Aqua,MODIS,73,61.03,294.1,15.2,D,0
2.6821,97.799,316.7,1,1,2026-02-02,0833,Aqua,MODIS,61,61.03,295.6,7.5,D,0
1.8117,99.3047,319.2,1,1,2026-02-02,0833,Aqua,MODIS,77,61.03,293.2,13.1,D,0
5.1245,96.5646,311,1.1,1,2026-02-02,0834,Aqua,MODIS,57,61.03,296,6.1,D,0
4.1958,96.0971,317,1.2,1.1,2026-02-02,0834,Aqua,MODIS,58,61.03,301.5,10.1,D,0
5.385,95.6557,314.5,1.2,1.1,2026-02-02,0834,Aqua,MODIS,61,61.03,296.2,9.5,D,0
-1.4565,127.4463,305.4,3.1,1.7,2026-02-02,1201,Terra,MODIS,24,61.03,291.1,35.3,N,2
-1.5701,105.9723,300.1,1.7,1.3,2026-02-02,1339,Terra,MODIS,13,61.03,275.9,8.4,N,0
-0.1844,109.2996,323.2,1,1,2026-02-02,1340,Terra,MODIS,100,61.03,293.6,20.3,N,0
0.5881,102.982,314.2,2.8,1.6,2026-02-02,1340,Terra,MODIS,89,61.03,288.1,51.3,N,0
0.5846,102.9581,316.6,2.8,1.6,2026-02-02,1340,Terra,MODIS,93,61.03,288.3,60.6,N,0
0.5794,102.9639,320.4,2.8,1.6,2026-02-02,1340,Terra,MODIS,100,61.03,288.3,75.8,N,0
0.8041,108.9159,302.7,1.1,1,2026-02-02,1340,Terra,MODIS,51,61.03,284.8,5.6,N,0
0.5827,102.9879,305.2,2.8,1.6,2026-02-02,1340,Terra,MODIS,63,61.03,287.8,22.7,N,0
0.5674,109.0052,314.2,1.1,1,2026-02-02,1340,Terra,MODIS,89,61.03,277.2,15.1,N,0
0.5107,108.9943,301.5,1.1,1,2026-02-02,1340,Terra,MODIS,39,61.03,284.2,3.9,N,0
0.512,109.0036,325.5,1.1,1,2026-02-02,1340,Terra,MODIS,100,61.03,285.4,24.9,N,0
-0.1754,109.2983,306.3,1,1,2026-02-02,1340,Terra,MODIS,64,61.03,291.8,5.7,N,0
-0.1857,109.2904,304.9,1,1,2026-02-02,1340,Terra,MODIS,40,61.03,291.9,4.2,N,0
0.8053,108.9252,300.8,1.1,1,2026-02-02,1340,Terra,MODIS,30,61.03,284,5,N,0
-2.5763,121.3882,302.5,1.2,1.1,2026-02-02,1914,Aqua,MODIS,50,61.03,269,9.4,N,2
-2.008,121.4226,306.4,1.2,1.1,2026-02-02,1914,Aqua,MODIS,68,61.03,291.6,7.9,N,2
0.5858,102.9812,301.6,3.3,1.7,2026-02-02,2051,Aqua,MODIS,20,61.03,283.1,40.8,N,0
-1.4605,127.4446,326.9,1.2,1.1,2026-02-03,0021,Terra,MODIS,0,61.03,293.1,24.1,D,2
0.5125,127.898,300.9,1.2,1.1,2026-02-03,0021,Terra,MODIS,34,61.03,277.9,3.8,D,0
-8.279,123.513,317.8,1.7,1.3,2026-02-03,0023,Terra,MODIS,65,61.03,289.2,27.2,D,1
-8.2766,123.498,321.2,1.7,1.3,2026-02-03,0023,Terra,MODIS,69,61.03,289.1,35.5,D,1
3.8819,108.1877,312.2,1.1,1,2026-02-03,0158,Terra,MODIS,47,61.03,296.7,7.2,D,0
-0.1851,109.3038,318.1,1.4,1.2,2026-02-03,0159,Terra,MODIS,70,61.03,294,16.6,D,0
-0.1814,109.2984,317.6,1.4,1.2,2026-02-03,0159,Terra,MODIS,51,61.03,294.5,15.6,D,0
-2.6095,106.0448,313.3,1,1,2026-02-03,0200,Terra,MODIS,67,61.03,293.6,7.8,D,0
-7.0497,107.7422,309.4,1.4,1.2,2026-02-03,0201,Terra,MODIS,40,61.03,291.3,8.1,D,2
-6.6809,108.0269,307.9,1.4,1.2,2026-02-03,0201,Terra,MODIS,40,61.03,290.9,6.9,D,0
-6.8647,107.5004,310.5,1.3,1.1,2026-02-03,0201,Terra,MODIS,58,61.03,292.5,7,D,2
-6.5941,139.1283,316.6,1,1,2026-02-03,0552,Aqua,MODIS,69,61.03,297,8.7,D,0
-6.5625,139.0297,332.1,1.1,1,2026-02-03,0552,Aqua,MODIS,85,61.03,296,28.6,D,0
-7.7948,138.8666,312.9,1.1,1,2026-02-03,0552,Aqua,MODIS,59,61.03,295.7,6,D,0
-7.4529,138.3551,312.6,1.1,1.1,2026-02-03,0552,Aqua,MODIS,62,61.03,295.4,6.6,D,0
-6.608,139.36,315,1,1,2026-02-03,0552,Aqua,MODIS,40,61.03,294.3,7.3,D,0
-8.4304,114.3695,325.4,1.1,1,2026-02-03,0730,Aqua,MODIS,79,61.03,297.1,20,D,3
-0.0591,111.0853,321.8,1.3,1.1,2026-02-03,0733,Aqua,MODIS,58,61.03,289.2,24.5,D,0
0.1011,109.6271,307.9,1.7,1.3,2026-02-03,0733,Aqua,MODIS,44,61.03,291.1,10,D,0
0.6261,103.2089,307.1,1.2,1.1,2026-02-03,1419,Terra,MODIS,22,61.03,288.7,7.5,N,0
0.5491,103.2197,301,1.2,1.1,2026-02-03,1419,Terra,MODIS,36,61.03,290.9,4,N,0
0.6068,103.2116,321.2,1.2,1.1,2026-02-03,1419,Terra,MODIS,99,61.03,290.9,21.9,N,0
0.6053,103.201,341.2,1.2,1.1,2026-02-03,1419,Terra,MODIS,100,61.03,291.6,57,N,0
0.6179,103.2208,306.8,1.2,1.1,2026-02-03,1419,Terra,MODIS,32,61.03,290,7.4,N,0
0.6164,103.2102,321.7,1.2,1.1,2026-02-03,1419,Terra,MODIS,100,61.03,291.5,23.2,N,0
0.5829,102.9708,317.3,1.2,1.1,2026-02-03,1419,Terra,MODIS,95,61.03,289.6,18.6,N,0
0.5814,102.9606,302.5,1.2,1.1,2026-02-03,1419,Terra,MODIS,50,61.03,288,5.2,N,0
1.585,101.8284,309.1,1.1,1,2026-02-03,1419,Terra,MODIS,71,61.03,293.1,9.1,N,0
1.5837,101.819,304,1.1,1,2026-02-03,1419,Terra,MODIS,43,61.03,290.2,6,N,0
1.5794,101.1831,302.3,1,1,2026-02-03,1419,Terra,MODIS,48,61.03,290.7,4.2,N,0
0.4858,127.9958,307.7,2.2,1.5,2026-02-03,1813,Aqua,MODIS,56,61.03,293.3,21.9,N,2
1.5936,101.7195,310.1,3.2,1.7,2026-02-03,1951,Aqua,MODIS,79,61.03,288.3,51,N,0
0.6222,103.2248,302.1,2.3,1.5,2026-02-03,1952,Aqua,MODIS,34,61.03,286.5,15.3,N,0
0.6123,103.2028,303,2.3,1.5,2026-02-03,1952,Aqua,MODIS,25,61.03,287.5,17.9,N,0
-6.5451,108.0976,301.2,1,1,2026-02-03,1953,Aqua,MODIS,38,61.03,286.3,3.6,N,0
0.4924,127.9806,311.4,2.8,1.6,2026-02-04,0100,Terra,MODIS,38,61.03,293.3,26.6,D,2
1.0385,120.824,311.5,1,1,2026-02-04,0100,Terra,MODIS,38,61.03,298,5.9,D,2
-1.3961,120.756,311.2,1,1,2026-02-04,0100,Terra,MODIS,64,61.03,297.1,5.4,D,2
-2.008,121.417,313,1.1,1,2026-02-04,0101,Terra,MODIS,53,61.03,294.3,7.5,D,2
-2.5754,121.386,327.2,1.1,1,2026-02-04,0101,Terra,MODIS,80,61.03,279.6,27.9,D,2
1.5822,101.7168,321.6,2,1.4,2026-02-04,0238,Terra,MODIS,77,61.03,293.1,38.7,D,0
1.5848,101.6996,320.9,2,1.4,2026-02-04,0238,Terra,MODIS,76,61.03,294.1,36.3,D,0
1.5775,101.7096,324,2,1.4,2026-02-04,0238,Terra,MODIS,77,61.03,293.2,42.3,D,0
-3.7749,104.4952,306.6,1,1,2026-02-04,0810,Aqua,MODIS,46,61.03,286.5,4.7,D,0
-3.7736,104.5042,310.5,1,1,2026-02-04,0810,Aqua,MODIS,56,61.03,290.2,7.2,D,0
1.5793,101.7056,363.3,1.2,1.1,2026-02-04,0811,Aqua,MODIS,100,61.03,300.7,115.7,D,0
1.5776,101.8239,317.7,1.2,1.1,2026-02-04,0811,Aqua,MODIS,55,61.03,296.9,9.2,D,0
-0.7073,101.0146,319.9,1.5,1.2,2026-02-04,0811,Aqua,MODIS,78,61.03,288.3,24.3,D,0
0.4028,103.4926,315.2,1,1,2026-02-04,0811,Aqua,MODIS,63,61.03,294.7,7.5,D,0
0.4183,103.5365,313,1,1,2026-02-04,0811,Aqua,MODIS,42,61.03,295.8,5.3,D,0
0.5913,103.2045,366.3,1.1,1,2026-02-04,0811,Aqua,MODIS,100,61.03,295.1,103.9,D,0
0.59,103.1953,330.6,1.1,1,2026-02-04,0811,Aqua,MODIS,71,61.03,293.3,21.8,D,0
0.6017,103.2123,342.2,1.1,1,2026-02-04,0811,Aqua,MODIS,92,61.03,295.1,40.1,D,0
0.6003,103.2031,352.9,1.1,1,2026-02-04,0811,Aqua,MODIS,97,61.03,298.6,62.5,D,0
0.612,103.2202,341.4,1.1,1,2026-02-04,0811,Aqua,MODIS,91,61.03,295.4,39.9,D,0
0.6106,103.211,337,1.1,1,2026-02-04,0811,Aqua,MODIS,87,61.03,298.6,31.1,D,0
0.621,103.2189,318.1,1.1,1,2026-02-04,0811,Aqua,MODIS,74,61.03,293.2,8.7,D,0
0.6156,103.182,316.4,1.1,1,2026-02-04,0811,Aqua,MODIS,46,61.03,291.5,7.9,D,0
0.6196,103.2097,332.2,1.1,1,2026-02-04,0811,Aqua,MODIS,86,61.03,296.3,25.3,D,0
0.7597,103.4063,315,1,1,2026-02-04,0811,Aqua,MODIS,69,61.03,289,9.8,D,0
-8.2731,123.5263,302.2,2.2,1.4,2026-02-04,1317,Terra,MODIS,15,61.03,290.6,10.8,N,1
-8.2733,123.5163,301.8,2.2,1.4,2026-02-04,1317,Terra,MODIS,42,61.03,289.6,10.4,N,1
-1.8917,115.8601,307.1,1,1,2026-02-04,1319,Terra,MODIS,70,61.03,280.9,8.8,N,2
-1.8905,115.8689,300.3,1,1,2026-02-04,1319,Terra,MODIS,19,61.03,275.8,4.8,N,2
1.4953,127.635,300.5,1.2,1.1,2026-02-04,1851,Aqua,MODIS,30,61.03,288.7,4.6,N,1
-3.8649,122.4086,305.5,1.1,1,2026-02-04,1853,Aqua,MODIS,65,61.03,291.5,5.4,N,2
1.5896,101.8289,307.8,1.1,1,2026-02-04,2029,Aqua,MODIS,73,61.03,292.1,7.1,N,0
1.5898,101.7064,348.7,1.1,1,2026-02-04,2029,Aqua,MODIS,100,61.03,295.5,62.8,N,0
1.5884,101.7155,333.4,1.1,1,2026-02-04,2029,Aqua,MODIS,100,61.03,294.5,34.4,N,0
1.5808,101.705,326.9,1.1,1,2026-02-04,2029,Aqua,MODIS,100,61.03,292.8,25.5,N,0
1.5794,101.7142,322.5,1.1,1,2026-02-04,2029,Aqua,MODIS,100,61.03,292.6,20.2,N,0
1.5466,101.4989,326.9,1,1,2026-02-04,2030,Aqua,MODIS,100,61.03,293.6,25.7,N,0
1.5452,101.5079,308.2,1,1,2026-02-04,2030,Aqua,MODIS,74,61.03,292.2,7.8,N,0
0.6129,103.1971,304.5,1.3,1.1,2026-02-04,2030,Aqua,MODIS,33,61.03,290.5,6.5,N,0
0.6112,103.2081,305.4,1.3,1.1,2026-02-04,2030,Aqua,MODIS,25,61.03,290.3,7.6,N,0
-4.5202,122.0076,318.9,1,1,2026-02-05,0709,Aqua,MODIS,61,61.03,297.1,8.8,D,0
-4.4199,121.8103,320,1,1,2026-02-05,0709,Aqua,MODIS,72,61.03,294.8,11.5,D,0
-4.4745,121.5632,312.9,1,1,2026-02-05,0709,Aqua,MODIS,51,61.03,295.6,5.7,D,0
-4.5073,121.6654,316.4,1,1,2026-02-05,0709,Aqua,MODIS,65,61.03,296.9,7,D,0
-1.1785,120.2146,316.1,1,1,2026-02-05,0710,Aqua,MODIS,72,61.03,294.8,10.5,D,0
-2.5783,121.3882,333,1,1,2026-02-05,0710,Aqua,MODIS,86,61.03,299.4,25.3,D,2
-2.5796,121.3792,353.3,1,1,2026-02-05,0710,Aqua,MODIS,97,61.03,303.5,64.2,D,2
-1.4617,127.4425,313,2.7,1.6,2026-02-05,0710,Aqua,MODIS,0,61.03,292,29.5,D,2
-2.6765,118.8884,313,1.1,1,2026-02-05,0710,Aqua,MODIS,22,61.03,295.9,7.7,D,0
-3.814,120.0948,327.9,1,1,2026-02-05,0710,Aqua,MODIS,81,61.03,299,18.1,D,0
-3.7855,120.0841,316.2,1,1,2026-02-05,0710,Aqua,MODIS,48,61.03,297.2,5.7,D,0
-2.8326,122.1746,324,1.1,1,2026-02-05,0710,Aqua,MODIS,46,61.03,299.3,15,D,2
-2.8749,121.5764,320.2,1,1,2026-02-05,0710,Aqua,MODIS,74,61.03,297.9,10.6,D,0
-2.8762,121.5673,344.1,1,1,2026-02-05,0710,Aqua,MODIS,92,61.03,300,44.9,D,0
-2.6381,121.4215,328.3,1,1,2026-02-05,0710,Aqua,MODIS,78,61.03,300.2,19.1,D,0
-0.6561,120.0565,317.4,1,1,2026-02-05,0711,Aqua,MODIS,64,61.03,297.8,10.6,D,0
-0.4325,114.8279,312.2,1.8,1.3,2026-02-05,0711,Aqua,MODIS,61,61.03,294.4,14.8,D,0
-0.6549,120.0652,311.4,1,1,2026-02-05,0711,Aqua,MODIS,34,61.03,296.9,5,D,0
4.8997,95.411,315.9,1,1,2026-02-05,0851,Aqua,MODIS,56,61.03,296.6,9.1,D,0
1.495,127.6335,305.3,1.2,1.1,2026-02-05,1221,Terra,MODIS,26,61.03,282.8,9.9,N,1
0.2117,102.2765,303.8,1.3,1.1,2026-02-05,1359,Terra,MODIS,57,61.03,291.6,5.9,N,0
0.2661,102.9024,306.9,1.2,1.1,2026-02-05,1359,Terra,MODIS,69,61.03,292.5,6.8,N,0
1.5467,101.4973,303.3,1.4,1.2,2026-02-05,1400,Terra,MODIS,54,61.03,289.8,6.9,N,0
-3.7563,115.4364,301.2,1,1,2026-02-05,1931,Aqua,MODIS,38,61.03,285.1,4.3,N,0
-8.1133,112.9267,325.2,1,1,2026-02-05,1932,Aqua,MODIS,100,61.03,274.8,26.9,N,1
0.483,127.9995,312.9,1.2,1.1,2026-02-06,0040,Terra,MODIS,0,61.03,280.8,13.4,D,2
1.5164,127.9395,312.4,1.2,1.1,2026-02-06,0040,Terra,MODIS,68,61.03,294.2,8.6,D,0
1.4969,127.6348,314.5,1.1,1.1,2026-02-06,0040,Terra,MODIS,71,61.03,292.2,12.4,D,1
-1.4549,127.4379,324.3,1.2,1.1,2026-02-06,0040,Terra,MODIS,0,61.03,293.3,22.8,D,2
-1.5705,127.4304,316.1,1.2,1.1,2026-02-06,0040,Terra,MODIS,33,61.03,294.9,9.9,D,2
-2.5755,121.3899,340.9,1.3,1.1,2026-02-06,0041,Terra,MODIS,92,61.03,287.5,65.1,D,2
-3.9057,122.4183,314.7,1.1,1.1,2026-02-06,0041,Terra,MODIS,71,61.03,293.8,10,D,2
-2.5738,121.3784,340.9,1.3,1.1,2026-02-06,0041,Terra,MODIS,92,61.03,286.2,66,D,2
-8.8499,121.6511,311.3,1.1,1,2026-02-06,0043,Terra,MODIS,45,61.03,295.8,7.1,D,2
-4.0023,136.1022,334.8,1,1,2026-02-06,0609,Aqua,MODIS,89,61.03,296.1,30.4,D,0
-6.5898,139.0031,313.6,1.2,1.1,2026-02-06,0609,Aqua,MODIS,61,61.03,293,9,D,0
-6.6264,138.8269,315.7,1.2,1.1,2026-02-06,0609,Aqua,MODIS,68,61.03,293.7,9.9,D,0
-6.2253,139.1637,316.3,1.2,1.1,2026-02-06,0609,Aqua,MODIS,67,61.03,294.5,10.4,D,0
-4.0729,136.0648,316.3,1,1,2026-02-06,0609,Aqua,MODIS,75,61.03,289,11.3,D,0
0.0698,103.2647,316.1,1.2,1.1,2026-02-07,0827,Aqua,MODIS,25,61.03,290.8,11.3,D,0
0.6173,103.2219,327.9,1.2,1.1,2026-02-07,0828,Aqua,MODIS,66,61.03,298.7,20.2,D,0
0.6188,103.2324,334.7,1.2,1.1,2026-02-07,0828,Aqua,MODIS,88,61.03,298.4,33.3,D,0
0.6158,103.2114,326.3,1.2,1.1,2026-02-07,0828,Aqua,MODIS,59,61.03,299.2,17.8,D,0
0.6113,103.18,331.7,1.2,1.1,2026-02-07,0828,Aqua,MODIS,86,61.03,298.9,28.9,D,0
0.6254,103.21,335.4,1.2,1.1,2026-02-07,0828,Aqua,MODIS,88,61.03,300.2,34,D,0
0.6414,102.9234,312.6,1.2,1.1,2026-02-07,0828,Aqua,MODIS,38,61.03,294.3,7.2,D,0
4.6858,97.5681,316.9,1.1,1.1,2026-02-07,0829,Aqua,MODIS,59,61.03,296.5,12.8,D,0
3.7208,98.4669,313.6,1.1,1,2026-02-07,0829,Aqua,MODIS,56,61.03,295.1,5.3,D,0
3.7297,98.4655,330,1.1,1,2026-02-07,0829,Aqua,MODIS,85,61.03,296.7,22.6,D,0
4.8832,97.5259,322.7,1.1,1.1,2026-02-07,0829,Aqua,MODIS,79,61.03,299,16.3,D,0
-2.5005,111.2105,307.4,1,1,2026-02-07,1338,Terra,MODIS,63,61.03,293.1,4.9,N,0
1.4979,127.6319,307.5,1.3,1.1,2026-02-08,0020,Terra,MODIS,63,61.03,277.4,8.9,D,1
1.4966,127.6249,300.9,1.3,1.1,2026-02-08,0020,Terra,MODIS,25,61.03,276.4,3.8,D,1
0.5219,108.981,313.6,1.3,1.1,2026-02-08,0158,Terra,MODIS,68,61.03,295.1,11.1,D,0
1.0792,103.3224,316.5,1.2,1.1,2026-02-08,0159,Terra,MODIS,0,61.03,295.6,11,D,0
-7.6346,138.7542,311.4,1.3,1.1,2026-02-08,0547,Aqua,MODIS,38,61.03,290.8,8.6,D,0
-6.6393,139.4162,311.3,1.2,1.1,2026-02-08,0547,Aqua,MODIS,59,61.03,287,8.7,D,0
-6.3112,138.9914,313.4,1.2,1.1,2026-02-08,0547,Aqua,MODIS,67,61.03,289.7,10.2,D,0
-6.3127,138.9807,337,1.2,1.1,2026-02-08,0547,Aqua,MODIS,84,61.03,291,46.9,D,0
-0.5165,117.3447,315.6,1.1,1,2026-02-08,0727,Aqua,MODIS,71,61.03,293.6,9.6,D,0
0.2541,111.3501,308.4,1.6,1.2,2026-02-08,0728,Aqua,MODIS,18,61.03,285.6,9.7,D,0
0.6645,112.9103,311,1.2,1.1,2026-02-08,0728,Aqua,MODIS,66,61.03,292.6,8.6,D,0
0.2587,111.3581,310.5,1.6,1.2,2026-02-08,0728,Aqua,MODIS,66,61.03,288.7,12.8,D,0
0.0105,110.0884,313.5,2,1.4,2026-02-08,0728,Aqua,MODIS,53,61.03,291.5,22.5,D,0
0.0874,103.3553,303.9,1.2,1.1,2026-02-08,1418,Terra,MODIS,57,61.03,291.8,5.7,N,0
1.8278,101.6621,300.1,1.1,1,2026-02-08,1419,Terra,MODIS,4,61.03,270.4,4.5,N,0
1.8266,101.6529,307.9,1.1,1,2026-02-08,1419,Terra,MODIS,72,61.03,274.4,9.4,N,0
0.3067,109.1133,320.6,1.1,1.1,2026-02-08,1946,Aqua,MODIS,100,61.03,270.5,24.4,N,0
0.3052,109.123,309.6,1.1,1.1,2026-02-08,1946,Aqua,MODIS,67,61.03,274.3,13.7,N,0
1.823,101.6548,331.6,1.9,1.4,2026-02-09,0237,Terra,MODIS,86,61.03,294.6,73.8,D,0
1.8205,101.6717,321.2,1.9,1.4,2026-02-09,0237,Terra,MODIS,77,61.03,294.3,41.5,D,0
0.6134,103.2356,309.1,2.7,1.6,2026-02-09,0238,Terra,MODIS,49,61.03,292.1,21.1,D,0
0.6226,103.2185,311.5,2.7,1.6,2026-02-09,0238,Terra,MODIS,64,61.03,292.9,28.4,D,0
0.6191,103.2421,309,2.7,1.6,2026-02-09,0238,Terra,MODIS,52,61.03,292.4,20.7,D,0
0.5265,103.3453,306.8,2.8,1.6,2026-02-09,0238,Terra,MODIS,0,61.03,288.2,16.2,D,0
1.4933,127.6262,314.9,1.2,1.1,2026-02-09,0628,Aqua,MODIS,62,61.03,292.2,14.3,D,1
-1.6111,105.4607,329.4,1,1,2026-02-09,0805,Aqua,MODIS,82,61.03,289,25.8,D,0
-2.5013,110.2372,316.2,1.4,1.2,2026-02-09,0805,Aqua,MODIS,52,61.03,294.1,11.9,D,0
-2.4995,110.249,328.2,1.4,1.2,2026-02-09,0805,Aqua,MODIS,82,61.03,294.3,31.6,D,0
-2.7049,110.5273,320.5,1.4,1.2,2026-02-09,0805,Aqua,MODIS,72,61.03,298.2,16.6,D,0
-2.5834,111.0495,322.3,1.6,1.2,2026-02-09,0805,Aqua,MODIS,75,61.03,294.2,25,D,0
-2.5765,110.5519,318,1.4,1.2,2026-02-09,0805,Aqua,MODIS,69,61.03,298.2,12.1,D,0
1.0945,104.5729,310.3,1.1,1,2026-02-09,0806,Aqua,MODIS,35,61.03,294.6,6.8,D,0
1.0932,104.5637,321.7,1.1,1,2026-02-09,0806,Aqua,MODIS,74,61.03,294.1,17.6,D,0
0.2998,109.0996,312.6,2.2,1.5,2026-02-09,1320,Terra,MODIS,85,61.03,282.9,39.8,N,0
0.3026,109.1191,318.9,2.2,1.4,2026-02-09,1320,Terra,MODIS,98,61.03,282.6,57,N,0
0.4046,109.0993,302.2,2.2,1.4,2026-02-09,1320,Terra,MODIS,47,61.03,277.6,18.7,N,0
1.8293,101.6688,309.4,1,1,2026-02-09,2024,Aqua,MODIS,77,61.03,285.3,8.8,N,0
1.8306,101.6601,307.1,1,1,2026-02-09,2024,Aqua,MODIS,70,61.03,285.4,7.3,N,0
1.8219,101.6588,321.5,1,1,2026-02-09,2024,Aqua,MODIS,100,61.03,286.7,18.2,N,0
1.8206,101.6675,357.1,1,1,2026-02-09,2024,Aqua,MODIS,100,61.03,291.9,77.9,N,0
1.8118,101.6662,313.5,1,1,2026-02-09,2024,Aqua,MODIS,77,61.03,285.7,11.1,N,0
1.5933,101.7108,301.9,1,1,2026-02-09,2024,Aqua,MODIS,14,61.03,279.3,5,N,0
1.5845,101.7095,304.7,1,1,2026-02-09,2024,Aqua,MODIS,56,61.03,276.9,7.2,N,0
1.5832,101.7182,302.6,1,1,2026-02-09,2024,Aqua,MODIS,33,61.03,279.3,5.8,N,0
1.4706,102.2116,310.7,1,1,2026-02-09,2024,Aqua,MODIS,81,61.03,286.5,10.2,N,0
1.4693,102.2204,325.5,1,1,2026-02-09,2024,Aqua,MODIS,100,61.03,289,23.8,N,0
1.4618,102.2103,304.2,1,1,2026-02-09,2024,Aqua,MODIS,59,61.03,286.5,6.6,N,0
1.4605,102.2191,300.7,1,1,2026-02-09,2024,Aqua,MODIS,22,61.03,286.3,4.5,N,0
0.5256,103.3273,317.4,1.1,1,2026-02-09,2025,Aqua,MODIS,76,61.03,291.5,15.2,N,0
0.5241,103.3368,342.7,1.1,1,2026-02-09,2025,Aqua,MODIS,100,61.03,294.8,53.4,N,0
0.5347,103.3287,308.4,1.1,1,2026-02-09,2025,Aqua,MODIS,68,61.03,290.7,8.1,N,0
0.5227,103.3463,306.9,1.1,1,2026-02-09,2025,Aqua,MODIS,47,61.03,289.3,7.1,N,0
0.5333,103.3382,315,1.1,1,2026-02-09,2025,Aqua,MODIS,90,61.03,291.3,13.3,N,0
-2.7384,120.4685,313.2,1.1,1,2026-02-10,0705,Aqua,MODIS,57,61.03,276.6,10.2,D,0
4.2367,117.2967,310.1,1.3,1.1,2026-02-10,0707,Aqua,MODIS,18,61.03,288.5,8.1,D,0
1.4677,102.2127,347.5,2.1,1.4,2026-02-10,0844,Aqua,MODIS,94,61.03,301.9,142.2,D,0
4.9846,97.5905,311.1,1.1,1.1,2026-02-10,0845,Aqua,MODIS,62,61.03,296.8,5.4,D,0
4.1034,96.2284,331,1,1,2026-02-10,0845,Aqua,MODIS,86,61.03,299.3,23.2,D,0
-8.2722,123.5024,307.8,3.3,1.7,2026-02-10,1218,Terra,MODIS,57,61.03,281.8,44.9,N,1
-1.4586,127.438,319,1.3,1.1,2026-02-10,1220,Terra,MODIS,97,61.03,292.1,22.9,N,2
0.7813,103.4759,316.6,1.1,1.1,2026-02-10,1359,Terra,MODIS,94,61.03,295.1,14.9,N,0
0.7799,103.4662,328.3,1.1,1.1,2026-02-10,1359,Terra,MODIS,100,61.03,295.2,29.3,N,0
0.7942,103.3642,302.3,1.1,1.1,2026-02-10,1359,Terra,MODIS,48,61.03,291.1,3.7,N,0
1.4653,102.2221,316.6,1.3,1.1,2026-02-10,1359,Terra,MODIS,93,61.03,292,21.2,N,0
1.4637,102.2109,306.4,1.3,1.1,2026-02-10,1359,Terra,MODIS,68,61.03,289.9,10.6,N,0
1.4751,102.2207,303.7,1.3,1.1,2026-02-10,1359,Terra,MODIS,42,61.03,289,8.2,N,0
1.4736,102.2095,312.3,1.3,1.1,2026-02-10,1359,Terra,MODIS,84,61.03,289.9,16.5,N,0
1.5798,101.7204,307.3,1.4,1.2,2026-02-10,1359,Terra,MODIS,71,61.03,295,9.7,N,0
1.5782,101.7083,333.3,1.4,1.2,2026-02-10,1359,Terra,MODIS,100,61.03,296.5,51.3,N,0
1.5884,101.7068,310.9,1.4,1.2,2026-02-10,1359,Terra,MODIS,81,61.03,294.7,13.4,N,0
1.8157,101.6561,312.3,1.4,1.2,2026-02-10,1359,Terra,MODIS,84,61.03,295.2,15.1,N,0
1.8293,101.6787,309.6,1.4,1.2,2026-02-10,1359,Terra,MODIS,77,61.03,293.8,13.3,N,0
1.8276,101.6666,368.1,1.4,1.2,2026-02-10,1359,Terra,MODIS,100,61.03,298.4,174.8,N,0
1.8259,101.6546,311.8,1.4,1.2,2026-02-10,1359,Terra,MODIS,82,61.03,295.5,14.3,N,0
1.8174,101.6681,324.4,1.4,1.2,2026-02-10,1359,Terra,MODIS,100,61.03,297,33.3,N,0
0.4112,109.0921,316.8,1.4,1.2,2026-02-10,1359,Terra,MODIS,94,61.03,279.6,24.8,N,0
0.4103,109.0982,311.3,1.4,1.2,2026-02-10,1359,Terra,MODIS,82,61.03,275.8,17.7,N,0
0.4087,109.0861,303.6,1.4,1.2,2026-02-10,1359,Terra,MODIS,56,61.03,283.3,9.7,N,0
0.081,103.3546,302.7,1.1,1.1,2026-02-10,1359,Terra,MODIS,37,61.03,286.5,5.3,N,0
0.2419,102.9112,302.8,1.2,1.1,2026-02-10,1359,Terra,MODIS,52,61.03,292.1,5.2,N,0
0.524,103.3397,314.4,1.1,1.1,2026-02-10,1359,Terra,MODIS,89,61.03,293.6,12.8,N,0
0.5226,103.3297,321.3,1.1,1.1,2026-02-10,1359,Terra,MODIS,100,61.03,294.3,20.4,N,0
0.5212,103.3198,316.2,1.1,1.1,2026-02-10,1359,Terra,MODIS,93,61.03,292.7,14.6,N,0
0.5333,103.3384,305.4,1.1,1.1,2026-02-10,1359,Terra,MODIS,64,61.03,292.4,5.4,N,0
0.5319,103.3284,305.9,1.1,1.1,2026-02-10,1359,Terra,MODIS,66,61.03,292.6,6,N,0
0.6343,103.2202,302.2,1.2,1.1,2026-02-10,1359,Terra,MODIS,45,61.03,285.3,4.9,N,0
-8.1059,112.9241,319.1,1.1,1,2026-02-10,1927,Aqua,MODIS,98,61.03,277.3,22.8,N,1
-8.1073,112.9328,314.1,1.1,1,2026-02-10,1927,Aqua,MODIS,89,61.03,277,17.8,N,1
1.8194,101.6888,304.3,4,1.9,2026-02-10,2102,Aqua,MODIS,59,61.03,292.1,37.4,N,0
1.4836,102.2227,303.3,4.5,2,2026-02-10,2102,Aqua,MODIS,10,61.03,290.7,34.9,N,0
1.4812,102.2143,303.9,4.5,2,2026-02-10,2102,Aqua,MODIS,53,61.03,291,39.8,N,0
1.4949,127.6304,311.8,1.1,1.1,2026-02-11,0039,Terra,MODIS,67,61.03,294.8,10,D,1
1.4935,127.6401,313.5,1.1,1.1,2026-02-11,0039,Terra,MODIS,69,61.03,294.8,11.4,D,1
0.5066,127.8917,310.4,1.2,1.1,2026-02-11,0039,Terra,MODIS,64,61.03,295.4,6.3,D,0
-4.5463,121.8356,311.3,1.2,1.1,2026-02-11,0041,Terra,MODIS,39,61.03,284.7,8.9,D,0
0.5183,103.3322,314.9,1.2,1.1,2026-02-11,0218,Terra,MODIS,69,61.03,297.9,9.7,D,0
1.8268,101.6687,365.8,1,1,2026-02-11,0218,Terra,MODIS,100,61.03,306.1,97.2,D,0
1.8256,101.6775,326.2,1,1,2026-02-11,0218,Terra,MODIS,70,61.03,298.7,16.5,D,0
1.8193,101.6587,319.5,1,1,2026-02-11,0218,Terra,MODIS,29,61.03,298.8,11.1,D,0
1.818,101.6675,347.1,1,1,2026-02-11,0218,Terra,MODIS,94,61.03,302.6,50.5,D,0
1.5805,101.7062,320.6,1,1,2026-02-11,0218,Terra,MODIS,75,61.03,297.9,13.2,D,0
1.5793,101.7151,324,1,1,2026-02-11,0218,Terra,MODIS,78,61.03,296.8,16.7,D,0
1.4805,102.2134,339.8,1,1,2026-02-11,0218,Terra,MODIS,90,61.03,300.9,39,D,0
1.4792,102.2225,344.6,1,1,2026-02-11,0218,Terra,MODIS,93,61.03,301,48,D,0
1.4715,102.2122,337.9,1,1,2026-02-11,0218,Terra,MODIS,89,61.03,303,35.3,D,0
1.4702,102.2213,347.7,1,1,2026-02-11,0218,Terra,MODIS,94,61.03,304.3,54.1,D,0
1.4689,102.2304,312.1,1,1,2026-02-11,0218,Terra,MODIS,59,61.03,297.9,5.9,D,0
1.4639,102.2018,318.2,1,1,2026-02-11,0218,Terra,MODIS,71,61.03,299.3,10.4,D,0
1.4625,102.2109,343.5,1,1,2026-02-11,0218,Terra,MODIS,92,61.03,302.5,45.7,D,0
1.4612,102.22,362,1,1,2026-02-11,0218,Terra,MODIS,100,61.03,302.4,90.4,D,0
1.4599,102.2292,327.7,1,1,2026-02-11,0218,Terra,MODIS,82,61.03,297.6,21.7,D,0
0.7846,103.473,315,1.2,1.1,2026-02-11,0218,Terra,MODIS,64,61.03,296.6,11,D,0
0.775,103.4716,325.3,1.2,1.1,2026-02-11,0218,Terra,MODIS,80,61.03,295.6,23.4,D,0
0.7597,103.3739,328.9,1.2,1.1,2026-02-11,0218,Terra,MODIS,83,61.03,295.8,28.6,D,0
0.6348,103.2289,314.3,1.2,1.1,2026-02-11,0218,Terra,MODIS,62,61.03,298,7.5,D,0
-0.1413,103.0928,310.1,1.2,1.1,2026-02-11,0218,Terra,MODIS,60,61.03,288.9,6.7,D,0
-1.3966,103.7007,308.3,1.3,1.1,2026-02-11,0218,Terra,MODIS,35,61.03,294.6,8.6,D,0
-7.5843,138.6929,315.4,1,1,2026-02-11,0603,Aqua,MODIS,70,61.03,295.2,8.2,D,0
-7.5829,138.7018,315.7,1,1,2026-02-11,0603,Aqua,MODIS,70,61.03,295.3,8.5,D,0
-6.6423,139.3707,312.4,1.1,1,2026-02-11,0604,Aqua,MODIS,51,61.03,292.2,4.2,D,0
-6.6813,139.3574,315.9,1.1,1,2026-02-11,0604,Aqua,MODIS,56,61.03,296.7,6.7,D,0
-6.6799,139.3668,314.9,1.1,1,2026-02-11,0604,Aqua,MODIS,39,61.03,296.6,5.9,D,0
-6.6903,139.3588,316.4,1.1,1,2026-02-11,0604,Aqua,MODIS,58,61.03,296.7,7.2,D,0
-2.0404,110.1768,315.3,1.1,1.1,2026-02-11,0743,Aqua,MODIS,69,61.03,297.5,8.4,D,0
-2.6867,110.3736,314.5,1.1,1,2026-02-11,0743,Aqua,MODIS,62,61.03,298.6,5.3,D,0
-2.4359,110.4421,316.9,1.1,1,2026-02-11,0743,Aqua,MODIS,37,61.03,298,8.3,D,0
-2.4373,110.4326,354.2,1.1,1,2026-02-11,0743,Aqua,MODIS,97,61.03,301.1,74.1,D,0
-2.4387,110.423,323.8,1.1,1,2026-02-11,0743,Aqua,MODIS,77,61.03,297.5,16.5,D,0
-2.4268,110.4408,361.6,1.1,1,2026-02-11,0743,Aqua,MODIS,100,61.03,299,94.3,D,0
-2.4281,110.4313,351.9,1.1,1,2026-02-11,0743,Aqua,MODIS,96,61.03,300.2,66.8,D,0
-2.748,112.4088,321.1,1,1,2026-02-11,0743,Aqua,MODIS,71,61.03,295.6,11.8,D,0
-2.7493,112.4001,316.4,1,1,2026-02-11,0743,Aqua,MODIS,60,61.03,296.7,7.3,D,0
-3.4851,105.58,318.6,2.5,1.5,2026-02-11,0743,Aqua,MODIS,74,61.03,292.4,42.2,D,0
-3.4718,105.578,311.4,2.5,1.5,2026-02-11,0743,Aqua,MODIS,47,61.03,292.3,18.3,D,0
-3.4754,105.5716,320.5,2.5,1.5,2026-02-11,0743,Aqua,MODIS,76,61.03,292.5,47.7,D,0
-2.6065,111.3572,338.7,1,1,2026-02-11,0743,Aqua,MODIS,89,61.03,297.3,35.3,D,0
-2.5932,111.1997,337.9,1,1,2026-02-11,0743,Aqua,MODIS,89,61.03,295,36,D,0
-2.5945,111.1907,330,1,1,2026-02-11,0743,Aqua,MODIS,83,61.03,296,24.5,D,0
-2.6927,110.4487,314.4,1.1,1,2026-02-11,0743,Aqua,MODIS,62,61.03,298.2,5.7,D,0
-1.8806,110.0717,316.6,1.1,1.1,2026-02-11,0744,Aqua,MODIS,73,61.03,295.1,10,D,0
-1.9117,110.6168,313.5,1.1,1,2026-02-11,0744,Aqua,MODIS,48,61.03,295.9,6.6,D,0
-1.0511,109.6741,366.6,1.2,1.1,2026-02-11,0744,Aqua,MODIS,100,61.03,296.6,123.8,D,0
-0.8543,110.3276,308.9,1.1,1,2026-02-11,0744,Aqua,MODIS,58,61.03,290,5.7,D,0
-0.7075,109.9497,313.1,1.1,1,2026-02-11,0744,Aqua,MODIS,66,61.03,295.3,8,D,0
-1.1574,109.7055,310.3,1.1,1.1,2026-02-11,0744,Aqua,MODIS,64,61.03,291.5,6.3,D,0
-1.5742,110.7738,312.5,1,1,2026-02-11,0744,Aqua,MODIS,71,61.03,284,9.7,D,0
-1.0604,109.6755,312.4,1.2,1.1,2026-02-11,0744,Aqua,MODIS,52,61.03,294.5,8,D,0
-0.8067,111.7834,307,1,1,2026-02-11,0744,Aqua,MODIS,54,61.03,290.4,4,D,0
1.4555,102.2252,324.5,3.8,1.8,2026-02-11,0745,Aqua,MODIS,48,61.03,289.1,120.2,D,0
1.4714,102.2228,318.8,3.8,1.8,2026-02-11,0745,Aqua,MODIS,65,61.03,285.6,82.9,D,0
1.8156,101.6805,309.9,2.2,1.4,2026-02-11,1438,Terra,MODIS,79,61.03,282.8,29.7,N,0
1.4589,102.2156,328.5,2.4,1.5,2026-02-11,1438,Terra,MODIS,100,61.03,285.5,94.7,N,0
1.4584,102.2308,310,2.4,1.5,2026-02-11,1438,Terra,MODIS,29,61.03,285.7,27.5,N,0
1.4555,102.2095,319.8,2.4,1.5,2026-02-11,1438,Terra,MODIS,98,61.03,284.3,55.8,N,0
1.4716,102.2288,314.8,2.4,1.5,2026-02-11,1438,Terra,MODIS,90,61.03,286.9,41.7,N,0
1.4688,102.2076,319.6,2.4,1.5,2026-02-11,1438,Terra,MODIS,99,61.03,285.6,56.6,N,0
1.4849,102.227,309.9,2.4,1.5,2026-02-11,1438,Terra,MODIS,79,61.03,287,30.6,N,0
1.482,102.2058,307.4,2.4,1.5,2026-02-11,1438,Terra,MODIS,71,61.03,286.9,24,N,0
1.5856,102.1002,335.5,2.4,1.5,2026-02-11,1438,Terra,MODIS,100,61.03,289.4,123.6,N,0
1.8129,101.661,312.4,2.2,1.4,2026-02-11,1438,Terra,MODIS,85,61.03,277.8,37.3,N,0
1.8283,101.6787,350.3,2.2,1.4,2026-02-11,1438,Terra,MODIS,100,61.03,287.7,199.5,N,0
1.8256,101.6593,339.9,2.2,1.4,2026-02-11,1438,Terra,MODIS,100,61.03,283.4,137.1,N,0
1.841,101.677,312.1,2.2,1.4,2026-02-11,1438,Terra,MODIS,27,61.03,286.8,31,N,0
1.8154,101.6749,316.6,2.2,1.4,2026-02-11,1438,Terra,MODIS,93,61.03,282.9,43.8,N,0
1.8282,101.6731,354.7,2.2,1.4,2026-02-11,1438,Terra,MODIS,100,61.03,288,230.7,N,0
1.8256,101.6536,319.7,2.2,1.4,2026-02-11,1438,Terra,MODIS,75,61.03,282.5,52.2,N,0
1.8409,101.6713,317.4,2.2,1.4,2026-02-11,1438,Terra,MODIS,95,61.03,286.2,47.7,N,0
-0.0381,103.0261,306.9,2.7,1.6,2026-02-11,1438,Terra,MODIS,70,61.03,292.2,25.6,N,0
-8.2737,123.5105,312.4,2.2,1.4,2026-02-11,1827,Aqua,MODIS,78,61.03,281,36.6,N,1
1.5841,102.1208,359.8,1.8,1.3,2026-02-11,2003,Aqua,MODIS,100,61.03,293.9,202.2,N,0
1.4756,102.2267,312.9,1.8,1.3,2026-02-11,2003,Aqua,MODIS,60,61.03,280.3,26.4,N,0
1.4641,102.2251,302.5,1.8,1.3,2026-02-11,2003,Aqua,MODIS,10,61.03,275.9,10.9,N,0
-0.0258,103.0346,305.4,1.5,1.2,2026-02-11,2003,Aqua,MODIS,64,61.03,290.7,9.3,N,0
-0.0362,103.0331,309.2,1.5,1.2,2026-02-11,2003,Aqua,MODIS,77,61.03,290.6,14,N,0
1.5864,102.105,344.4,1.8,1.3,2026-02-11,2003,Aqua,MODIS,100,61.03,292.7,120.2,N,0
-6.0071,105.9788,311.6,1,1,2026-02-11,2005,Aqua,MODIS,83,61.03,290.8,9.3,N,2
-1.8961,115.8642,307.8,1,1,2026-02-12,0119,Terra,MODIS,63,61.03,282.1,5.6,D,2
-8.1311,113.0146,306.8,1,1,2026-02-12,0121,Terra,MODIS,33,61.03,288.6,5,D,0
-8.1185,112.9278,318.9,1,1,2026-02-12,0121,Terra,MODIS,0,61.03,284.9,17.4,D,1
-8.7463,116.8528,304.5,1.3,1.1,2026-02-12,0121,Terra,MODIS,33,61.03,282.2,5,D,2
-1.4606,127.4397,316.5,1,1,2026-02-12,0643,Aqua,MODIS,50,61.03,294,9.5,D,2
0.4529,101.3233,305.5,1,1,2026-02-12,0823,Aqua,MODIS,42,61.03,275.4,4.5,D,0
0.8249,101.8488,335.6,1,1,2026-02-12,0823,Aqua,MODIS,88,61.03,298.8,28.1,D,0
0.8237,101.8401,358,1,1,2026-02-12,0823,Aqua,MODIS,99,61.03,301.2,73.1,D,0
1.0043,102.4386,337.3,1,1,2026-02-12,0823,Aqua,MODIS,89,61.03,289.5,34.7,D,0
1.1837,102.0346,317,1,1,2026-02-12,0823,Aqua,MODIS,57,61.03,296.5,6.4,D,0
1.1824,102.0259,316.6,1,1,2026-02-12,0823,Aqua,MODIS,47,61.03,296.5,5.7,D,0
1.8621,99.7941,318.1,1.1,1.1,2026-02-12,0823,Aqua,MODIS,74,61.03,293.9,13.9,D,0
2.0312,99.6874,315.5,1.1,1.1,2026-02-12,0823,Aqua,MODIS,70,61.03,294.4,9.5,D,0
1.8155,101.6595,311.7,3.4,1.7,2026-02-12,1339,Terra,MODIS,58,61.03,280.3,66.1,N,0
-2.0121,121.4303,316.1,1.4,1.2,2026-02-13,0721,Aqua,MODIS,38,61.03,297.1,11.4,D,2
1.494,127.6315,319.1,1.2,1.1,2026-02-13,1240,Terra,MODIS,97,61.03,285.9,23,N,1
0.8276,101.8365,308.4,1,1,2026-02-13,1418,Terra,MODIS,74,61.03,283.7,8.9,N,0
1.4612,102.2183,314.6,1.1,1,2026-02-13,1418,Terra,MODIS,40,61.03,290.9,11.2,N,0
1.473,102.2363,308.8,1.1,1,2026-02-13,1418,Terra,MODIS,25,61.03,289.4,6.9,N,0
1.4717,102.2266,320.8,1.1,1,2026-02-13,1418,Terra,MODIS,95,61.03,291.8,17.8,N,0
1.4798,102.229,302.2,1.1,1,2026-02-13,1418,Terra,MODIS,29,61.03,289.4,3.3,N,0
1.4785,102.2194,307.3,1.1,1,2026-02-13,1418,Terra,MODIS,71,61.03,290.1,7.1,N,0
1.4772,102.2097,302.3,1.1,1,2026-02-13,1418,Terra,MODIS,38,61.03,287.8,3.6,N,0
1.5838,102.1111,330.7,1.1,1,2026-02-13,1418,Terra,MODIS,100,61.03,294.3,31.3,N,0
1.5825,102.1015,326.5,1.1,1,2026-02-13,1418,Terra,MODIS,100,61.03,293.8,25.5,N,0
1.5917,102.1003,363.7,1.1,1,2026-02-13,1418,Terra,MODIS,100,61.03,296.9,107,N,0
1.5904,102.0907,308.8,1.1,1,2026-02-13,1418,Terra,MODIS,76,61.03,292.1,7.4,N,0
1.8207,101.687,312.7,1.1,1,2026-02-13,1418,Terra,MODIS,85,61.03,285.7,11,N,0
1.8194,101.6778,326.7,1.1,1,2026-02-13,1418,Terra,MODIS,100,61.03,287.5,24.9,N,0
1.8181,101.6686,316.9,1.1,1,2026-02-13,1418,Terra,MODIS,94,61.03,287,13.8,N,0
1.8297,101.6858,310.6,1.1,1,2026-02-13,1418,Terra,MODIS,58,61.03,285.4,9.1,N,0
1.8284,101.6766,325.9,1.1,1,2026-02-13,1418,Terra,MODIS,100,61.03,287.9,23.3,N,0
1.8272,101.6674,316.8,1.1,1,2026-02-13,1418,Terra,MODIS,90,61.03,287.4,13.1,N,0
1.8374,101.6753,307.2,1.1,1,2026-02-13,1418,Terra,MODIS,28,61.03,286,6.2,N,0
1.8362,101.6661,317.8,1.1,1,2026-02-13,1418,Terra,MODIS,96,61.03,288.2,14.9,N,0
1.8452,101.6648,314.3,1.1,1,2026-02-13,1418,Terra,MODIS,89,61.03,286.9,11.8,N,0
1.5814,101.6203,303.5,1,1,2026-02-13,1418,Terra,MODIS,55,61.03,287.9,4.6,N,0
0.8289,101.8456,304.7,1.1,1,2026-02-13,1418,Terra,MODIS,60,61.03,284.3,6.3,N,0
-2.0142,121.4172,308.2,1.1,1,2026-02-14,0059,Terra,MODIS,55,61.03,279.3,7.2,D,2
-2.0156,121.4264,304.2,1.1,1,2026-02-14,0059,Terra,MODIS,23,61.03,279.3,4.2,D,2
1.4905,127.6261,311.7,1.6,1.2,2026-02-14,0623,Aqua,MODIS,43,61.03,293.5,16.5,D,1
-2.3636,105.8537,326.1,1.2,1.1,2026-02-14,0800,Aqua,MODIS,79,61.03,293.5,24.2,D,0
-2.3651,105.8436,320.9,1.2,1.1,2026-02-14,0800,Aqua,MODIS,73,61.03,294.9,17.2,D,0
-2.0052,105.8847,312.8,1.1,1.1,2026-02-14,0800,Aqua,MODIS,56,61.03,295.8,5.4,D,0
-1.9926,105.7339,311.2,1.2,1.1,2026-02-14,0800,Aqua,MODIS,53,61.03,295.1,5.3,D,0
-1.8827,105.5866,312.4,1.2,1.1,2026-02-14,0800,Aqua,MODIS,59,61.03,294.9,5.8,D,0
-1.1669,109.7228,314.4,1.1,1,2026-02-14,0800,Aqua,MODIS,0,61.03,294.4,7.8,D,0
0.0542,109.3592,314.8,1.1,1,2026-02-14,0801,Aqua,MODIS,66,61.03,283.3,8.5,D,0
0.0612,109.2812,310,1.1,1,2026-02-14,0801,Aqua,MODIS,55,61.03,284.7,5.2,D,0
0.5171,108.9871,319.6,1.1,1,2026-02-14,0801,Aqua,MODIS,62,61.03,288.1,13.9,D,0
0.5558,109.0003,319.3,1.1,1,2026-02-14,0801,Aqua,MODIS,27,61.03,286.7,11.6,D,0
0.5675,109.0175,322.4,1.1,1,2026-02-14,0801,Aqua,MODIS,75,61.03,286.2,16.2,D,0
0.5662,109.0082,316.2,1.1,1,2026-02-14,0801,Aqua,MODIS,42,61.03,287.2,9.2,D,0
1.0897,109.1138,333.4,1.1,1,2026-02-14,0801,Aqua,MODIS,87,61.03,288.5,29.8,D,0
1.0883,109.1044,315,1.1,1,2026-02-14,0801,Aqua,MODIS,50,61.03,287.9,7.4,D,0
1.0553,104.5499,320.6,1.2,1.1,2026-02-14,0801,Aqua,MODIS,64,61.03,294.8,15.9,D,0
1.0537,104.539,341.9,1.2,1.1,2026-02-14,0801,Aqua,MODIS,91,61.03,295.8,55.5,D,0
1.065,104.5484,317.2,1.2,1.1,2026-02-14,0801,Aqua,MODIS,67,61.03,293.6,12.6,D,0
1.0634,104.5376,323.9,1.2,1.1,2026-02-14,0801,Aqua,MODIS,77,61.03,295.1,21.9,D,0
1.0517,104.2573,325,1.3,1.1,2026-02-14,0801,Aqua,MODIS,79,61.03,295.2,22.2,D,0
1.0501,104.246,323.2,1.3,1.1,2026-02-14,0801,Aqua,MODIS,55,61.03,295.3,18.9,D,0
1.0928,104.3313,328.8,1.3,1.1,2026-02-14,0801,Aqua,MODIS,82,61.03,293.7,29.9,D,0
1.0951,104.3368,330.4,1.3,1.1,2026-02-14,0801,Aqua,MODIS,83,61.03,293.3,33.2,D,0
0.8815,102.2487,311.2,1.8,1.3,2026-02-14,0801,Aqua,MODIS,17,61.03,294.4,13.4,D,0
0.9341,102.2178,313.3,1.8,1.3,2026-02-14,0801,Aqua,MODIS,51,61.03,294.1,15.1,D,0
1.4972,127.6357,304.8,1,1,2026-02-14,1841,Aqua,MODIS,62,61.03,289.4,7,N,1
0.4898,127.9883,308.1,1,1,2026-02-14,1841,Aqua,MODIS,73,61.03,292.7,7,N,2
0.4885,127.997,305.3,1,1,2026-02-14,1841,Aqua,MODIS,64,61.03,293,5,N,2
-1.4534,127.4426,309.6,1,1,2026-02-14,1842,Aqua,MODIS,67,61.03,288.6,8.2,N,2
-1.5624,127.4298,305.1,1,1,2026-02-14,1842,Aqua,MODIS,16,61.03,288.5,5.1,N,2
1.5899,102.1066,310.3,1,1,2026-02-14,2019,Aqua,MODIS,80,61.03,270.3,11.8,N,0
1.8196,101.6868,316.1,1.1,1,2026-02-14,2019,Aqua,MODIS,92,61.03,281.1,18.6,N,0
1.5799,101.6202,309.3,1.1,1,2026-02-14,2019,Aqua,MODIS,77,61.03,279.1,11.9,N,0
1.5785,101.6296,303.7,1.1,1,2026-02-14,2019,Aqua,MODIS,51,61.03,278.8,8,N,0
1.3351,102.1422,305.2,1,1,2026-02-14,2019,Aqua,MODIS,63,61.03,287.7,5.6,N,0
-7.5425,110.4399,304.3,1.1,1,2026-02-15,0140,Terra,MODIS,58,61.03,282.2,6.7,D,1
-7.5438,110.4488,308.7,1.1,1,2026-02-15,0140,Terra,MODIS,68,61.03,280.8,10,D,1
-4.8354,120.2435,313.8,1.4,1.2,2026-02-15,0659,Aqua,MODIS,44,61.03,295.6,8.2,D,0
-4.837,120.232,314.6,1.4,1.2,2026-02-15,0659,Aqua,MODIS,56,61.03,294.9,10.2,D,0
-4.1579,122.199,315.3,1.1,1,2026-02-15,0659,Aqua,MODIS,68,61.03,291.2,8.4,D,2
-3.9964,121.9091,315.2,1.1,1,2026-02-15,0659,Aqua,MODIS,69,61.03,293.9,9,D,0
-3.9041,122.4138,310,1,1,2026-02-15,0659,Aqua,MODIS,43,61.03,279.6,6.5,D,2
-3.8786,122.4008,311.2,1,1,2026-02-15,0659,Aqua,MODIS,43,61.03,282.1,6.5,D,2
-2.8304,122.1739,319.4,1,1,2026-02-15,0700,Aqua,MODIS,60,61.03,295.1,9.6,D,2
-2.577,121.3819,347.1,1.1,1,2026-02-15,0700,Aqua,MODIS,94,61.03,291.6,58.7,D,2
-2.2715,121.7659,312.5,1.1,1,2026-02-15,0700,Aqua,MODIS,64,61.03,293.4,6,D,0
-1.3822,122.4783,313.3,1,1,2026-02-15,0700,Aqua,MODIS,0,61.03,293.9,5.7,D,0
-1.399,122.3641,312.5,1,1,2026-02-15,0700,Aqua,MODIS,68,61.03,293,5.1,D,0
-1.2014,123.0773,322,1,1,2026-02-15,0700,Aqua,MODIS,79,61.03,297.3,13.7,D,0
-1.2027,123.0686,315.2,1,1,2026-02-15,0700,Aqua,MODIS,71,61.03,296.9,7.6,D,0
-1.0619,122.7071,311.9,1,1,2026-02-15,0700,Aqua,MODIS,68,61.03,294.6,5.9,D,0
-1.4202,120.1213,304.2,1.3,1.1,2026-02-15,0700,Aqua,MODIS,40,61.03,284.9,5.5,D,0
-0.8843,123.0482,315.4,1,1,2026-02-15,0700,Aqua,MODIS,0,61.03,298.4,5.3,D,0
-0.9553,121.6701,311.6,1,1,2026-02-15,0700,Aqua,MODIS,37,61.03,290.6,6.5,D,0
-0.613,123.2473,313.9,1,1,2026-02-15,0700,Aqua,MODIS,57,61.03,297.3,5.2,D,0
0.6032,103.2414,337.1,1.9,1.3,2026-02-15,0839,Aqua,MODIS,88,61.03,290,81.2,D,0
0.6116,103.2332,318.8,1.9,1.3,2026-02-15,0839,Aqua,MODIS,68,61.03,289.5,24.5,D,0
1.4663,102.2234,314.2,1.6,1.2,2026-02-15,0839,Aqua,MODIS,60,61.03,294.3,12.3,D,0
-2.0084,121.4263,302.8,1.5,1.2,2026-02-15,1920,Aqua,MODIS,44,61.03,286.6,6.7,N,2
-2.573,121.389,313.2,1.5,1.2,2026-02-15,1920,Aqua,MODIS,87,61.03,276.9,23.9,N,2
1.4917,127.6376,317.3,1.1,1.1,2026-02-16,0038,Terra,MODIS,77,61.03,290.2,15.9,D,1
1.4931,127.6281,306.8,1.1,1.1,2026-02-16,0038,Terra,MODIS,64,61.03,288.3,6.3,D,1
0.5071,127.8919,308.9,1.2,1.1,2026-02-16,0039,Terra,MODIS,60,61.03,292.9,6,D,0
-2.5744,121.3925,307.7,1.4,1.2,2026-02-16,0040,Terra,MODIS,62,61.03,281,10.2,D,2
1.5852,102.108,306.6,1,1,2026-02-16,0217,Terra,MODIS,45,61.03,281.9,5.3,D,0
-2.9365,115.2383,316.6,1.1,1,2026-02-16,0738,Aqua,MODIS,65,61.03,296.6,7.6,D,0
-1.9007,115.866,309.5,1.2,1.1,2026-02-16,0738,Aqua,MODIS,40,61.03,281.4,6.9,D,2
0.3867,109.0936,352.8,1.5,1.2,2026-02-16,0739,Aqua,MODIS,97,61.03,299.3,107.5,D,0
0.3073,109.1119,317.7,1.5,1.2,2026-02-16,0739,Aqua,MODIS,72,61.03,296,15.6,D,0
0.3886,109.1064,334.5,1.5,1.2,2026-02-16,0739,Aqua,MODIS,87,61.03,296.8,47.7,D,0
0.3991,109.1049,316.1,1.5,1.2,2026-02-16,0739,Aqua,MODIS,37,61.03,297,14.1,D,0
0.3972,109.0921,317.1,1.5,1.2,2026-02-16,0739,Aqua,MODIS,45,61.03,297,15.3,D,0
0.5492,109.2828,310,1.4,1.2,2026-02-16,0739,Aqua,MODIS,59,61.03,291.2,8.8,D,0
0.763,110.6049,305.6,1.2,1.1,2026-02-16,0739,Aqua,MODIS,25,61.03,279.9,3.8,D,0
0.7959,108.9296,317.9,1.5,1.2,2026-02-16,0739,Aqua,MODIS,74,61.03,294.4,15.6,D,0
0.9176,109.4879,332.2,1.4,1.2,2026-02-16,0739,Aqua,MODIS,86,61.03,291.8,40.5,D,0
0.9074,109.0648,312.8,1.5,1.2,2026-02-16,0739,Aqua,MODIS,52,61.03,287.9,10.8,D,0
-0.2388,111.7146,303.2,1.1,1,2026-02-16,0739,Aqua,MODIS,37,61.03,276.7,2.7,D,0
-0.2402,111.7054,309.1,1.1,1,2026-02-16,0739,Aqua,MODIS,0,61.03,277.6,6.5,D,0
0.0789,109.4323,315.3,1.4,1.2,2026-02-16,0739,Aqua,MODIS,62,61.03,294.6,12.9,D,0
0.2563,109.2417,314.7,1.4,1.2,2026-02-16,0739,Aqua,MODIS,67,61.03,294.5,12.7,D,0
0.343,109.3504,315.2,1.4,1.2,2026-02-16,0739,Aqua,MODIS,68,61.03,296.1,10.3,D,0
0.3092,109.1247,313.1,1.5,1.2,2026-02-16,0739,Aqua,MODIS,64,61.03,295,8.3,D,0
-2.8323,122.17,308.7,1,1,2026-02-16,1258,Terra,MODIS,37,61.03,292,8.4,N,2
-2.8311,122.1791,306.3,1,1,2026-02-16,1258,Terra,MODIS,19,61.03,292.7,5.9,N,2
0.5801,109.0174,308.8,1,1,2026-02-16,1958,Aqua,MODIS,75,61.03,281.7,9.1,N,0
0.5787,109.0262,306.2,1,1,2026-02-16,1958,Aqua,MODIS,67,61.03,281.9,7.5,N,0
0.3935,109.1007,319.4,1,1,2026-02-16,1958,Aqua,MODIS,98,61.03,288.6,17.1,N,0
0.3922,109.1095,302.9,1,1,2026-02-16,1958,Aqua,MODIS,52,61.03,287.4,4.5,N,0
-3.7656,115.4313,307.7,1,1,2026-02-17,0119,Terra,MODIS,61,61.03,280.6,5.2,D,2
-8.7444,116.8502,308.2,1.3,1.1,2026-02-17,0121,Terra,MODIS,57,61.03,287.4,6.6,D,2
-2.5751,121.3862,332,1.1,1,2026-02-17,1859,Aqua,MODIS,100,61.03,276.5,36.5,N,2
-1.46,127.4374,326.6,1.2,1.1,2026-02-18,0020,Terra,MODIS,0,61.03,276.7,31.1,D,2
-7.2518,112.6922,312.4,3.4,1.7,2026-02-18,0159,Terra,MODIS,32,61.03,287.6,30.3,D,2
-3.897,119.9286,324.9,1,1,2026-02-18,0716,Aqua,MODIS,78,61.03,294.5,16.2,D,0
-3.8982,119.9199,328.7,1,1,2026-02-18,0716,Aqua,MODIS,82,61.03,296.3,20.3,D,0
-2.0129,121.4159,316.7,1.2,1.1,2026-02-18,0716,Aqua,MODIS,65,61.03,288.6,11.1,D,2
-0.5363,116.1765,344.5,1.2,1.1,2026-02-18,0717,Aqua,MODIS,94,61.03,288.3,59.8,D,0
-0.5315,116.1809,323.4,1.2,1.1,2026-02-18,0717,Aqua,MODIS,77,61.03,287.3,21.7,D,0
-0.5331,116.1704,324,1.2,1.1,2026-02-18,0717,Aqua,MODIS,82,61.03,287.3,22.8,D,0
0.6799,116.7411,311.6,1.1,1,2026-02-18,0717,Aqua,MODIS,66,61.03,288.7,7.2,D,0
0.7707,117.0435,314,1.1,1,2026-02-18,0717,Aqua,MODIS,70,61.03,294.2,7.3,D,0
0.8054,117.0225,316.4,1.1,1,2026-02-18,0717,Aqua,MODIS,73,61.03,292.7,9.8,D,0
0.804,117.0133,328.2,1.1,1,2026-02-18,0717,Aqua,MODIS,84,61.03,293.4,23.5,D,0
0.8255,116.9721,331.2,1.1,1,2026-02-18,0717,Aqua,MODIS,86,61.03,294.7,27.2,D,0
1.038,117.7907,309.4,1,1,2026-02-18,0717,Aqua,MODIS,61,61.03,289.9,4.5,D,0
1.572,117.2051,319.1,1,1,2026-02-18,0717,Aqua,MODIS,74,61.03,283.7,15.3,D,0
1.8793,117.7903,316,1,1,2026-02-18,0718,Aqua,MODIS,75,61.03,286,10,D,0
2.1989,116.9495,316.9,1,1,2026-02-18,0718,Aqua,MODIS,71,61.03,290.3,11,D,0
2.3033,117.1488,323.1,1,1,2026-02-18,0718,Aqua,MODIS,81,61.03,295.1,15.2,D,0
2.3019,117.1399,318.1,1,1,2026-02-18,0718,Aqua,MODIS,73,61.03,295.5,10.4,D,0
2.674,117.2153,306.9,1,1,2026-02-18,0718,Aqua,MODIS,57,61.03,270.6,6.8,D,0
3.5474,116.9488,311.6,1,1,2026-02-18,0718,Aqua,MODIS,71,61.03,283.4,7.2,D,0
3.5461,116.9398,306.6,1,1,2026-02-18,0718,Aqua,MODIS,61,61.03,283.1,3.7,D,0
3.7755,116.1121,305.2,1.1,1,2026-02-18,0718,Aqua,MODIS,59,61.03,284.3,4.5,D,0
1.4891,127.6376,310.2,2.5,1.5,2026-02-19,0058,Terra,MODIS,33,61.03,280.1,31.1,D,1
-1.3844,122.4819,309.1,1.2,1.1,2026-02-19,0059,Terra,MODIS,0,61.03,289.8,5.3,D,0
-3.9027,122.4158,304.9,1.2,1.1,2026-02-19,0059,Terra,MODIS,18,61.03,278.5,5.3,D,2
-6.4692,139.3497,317.4,1.5,1.2,2026-02-19,0615,Aqua,MODIS,61,61.03,290.2,17,D,0
-7.0102,110.3566,311.6,1,1,2026-02-20,0140,Terra,MODIS,51,61.03,286.9,5.6,D,2
-7.5487,110.4477,302.5,1.1,1,2026-02-20,0140,Terra,MODIS,36,61.03,278.4,5.8,D,1
-2.0158,121.4236,318.5,1.3,1.1,2026-02-20,0655,Aqua,MODIS,63,61.03,293.4,14.4,D,2
-2.5858,121.3815,320.9,1.3,1.1,2026-02-20,0655,Aqua,MODIS,78,61.03,288.6,21.5,D,2
-2.5757,121.3804,357,1.3,1.1,2026-02-20,0655,Aqua,MODIS,98,61.03,291.5,112.4,D,2
-2.0175,121.4122,318.9,1.3,1.1,2026-02-20,0655,Aqua,MODIS,37,61.03,294.2,15,D,2
2.5675,98.0642,323.1,1,1,2026-02-20,0834,Aqua,MODIS,79,61.03,298.5,14.8,D,0
2.3963,98.1566,311.5,1,1,2026-02-20,0834,Aqua,MODIS,61,61.03,298.4,4.5,D,0
2.5688,98.0731,313.8,1,1,2026-02-20,0834,Aqua,MODIS,58,61.03,297.6,6.4,D,0
-3.3357,104.3618,303.5,1.1,1.1,2026-02-20,1357,Terra,MODIS,55,61.03,290.1,4.7,N,0
0.4892,127.9845,304.3,1.2,1.1,2026-02-21,0038,Terra,MODIS,44,61.03,276.8,6.4,D,2
0.4877,127.9948,304,1.2,1.1,2026-02-21,0038,Terra,MODIS,40,61.03,276.8,6,D,2
-7.5162,138.7226,313.2,1.1,1.1,2026-02-21,0553,Aqua,MODIS,55,61.03,290,8.3,D,0
-2.5523,140.6676,310.9,1,1,2026-02-21,0554,Aqua,MODIS,45,61.03,284.6,7.2,D,0
-4.0612,104.4036,309.6,1.1,1,2026-02-22,0811,Aqua,MODIS,62,61.03,289.4,4.8,D,0
-3.6907,103.6543,310.9,1.1,1.1,2026-02-22,0811,Aqua,MODIS,67,61.03,289,7.3,D,0
-2.8675,102.8392,305,1.2,1.1,2026-02-22,0811,Aqua,MODIS,55,61.03,277.5,5.9,D,0
-2.6794,103.6911,309.6,1.1,1.1,2026-02-22,0811,Aqua,MODIS,67,61.03,283.9,7.3,D,0
-2.4393,103.4374,311.5,1.1,1.1,2026-02-22,0811,Aqua,MODIS,68,61.03,277.6,10.7,D,0
-1.8009,105.4069,311.6,1,1,2026-02-22,0811,Aqua,MODIS,47,61.03,281.7,7.4,D,0
-2.0766,102.9989,315,1.2,1.1,2026-02-22,0811,Aqua,MODIS,72,61.03,289.4,11.7,D,0
-1.8289,102.4367,320.1,1.3,1.1,2026-02-22,0812,Aqua,MODIS,78,61.03,288.7,17.5,D,0
-1.8306,102.4256,317.1,1.3,1.1,2026-02-22,0812,Aqua,MODIS,75,61.03,290.2,13.5,D,0
0.9951,102.9763,304.2,1.1,1,2026-02-22,0812,Aqua,MODIS,25,61.03,275.6,4.5,D,0
0.9937,102.9667,306.8,1.1,1,2026-02-22,0812,Aqua,MODIS,49,61.03,279.2,6.4,D,0
0.893,101.9102,310,1.3,1.1,2026-02-22,0812,Aqua,MODIS,42,61.03,282,9.3,D,0
2.5341,100.2452,349.5,1.6,1.2,2026-02-22,0813,Aqua,MODIS,95,61.03,292.3,105.7,D,0
2.5321,100.2318,335.3,1.6,1.2,2026-02-22,0813,Aqua,MODIS,87,61.03,291.2,58,D,0
2.5372,100.2394,357,1.6,1.2,2026-02-22,0813,Aqua,MODIS,98,61.03,292.9,138.7,D,0
2.5612,100.1804,312.4,1.6,1.2,2026-02-22,0813,Aqua,MODIS,69,61.03,290,10.4,D,0
2.8242,97.6976,318.3,2.4,1.5,2026-02-22,0813,Aqua,MODIS,64,61.03,287.2,41.2,D,0
4.5249,95.8661,310.3,3.2,1.7,2026-02-22,0813,Aqua,MODIS,50,61.03,290.8,28.1,D,0
-1.4602,127.4414,325.9,1.2,1.1,2026-02-23,0019,Terra,MODIS,0,61.03,291.3,25.7,D,2
-2.0123,121.4153,313.8,1,1,2026-02-23,0711,Aqua,MODIS,32,61.03,287.6,7.1,D,2
-3.8609,120.2142,320.3,1,1,2026-02-23,0711,Aqua,MODIS,72,61.03,292.4,10.3,D,0
-3.8622,120.2054,320.1,1,1,2026-02-23,0711,Aqua,MODIS,72,61.03,292.3,10.7,D,0
4.271,96.1641,333.6,1.1,1,2026-02-23,0851,Aqua,MODIS,81,61.03,283.4,33,D,0
2.8215,97.6823,321.5,1.2,1.1,2026-02-23,0851,Aqua,MODIS,78,61.03,296.2,17.9,D,0
4.2696,96.1547,318.8,1.1,1,2026-02-23,0851,Aqua,MODIS,70,61.03,280.6,14.3,D,0
-1.462,127.4372,307.2,1.1,1,2026-02-23,1238,Terra,MODIS,52,61.03,286.2,7.4,N,2
1.5377,124.9013,311,1.5,1.2,2026-02-24,0057,Terra,MODIS,43,61.03,292.7,8.1,D,0
4.3008,97.9,309.6,1,1,2026-02-24,0235,Terra,MODIS,69,61.03,292.1,5.9,D,0
-1.8073,105.6174,310.4,1.9,1.3,2026-02-24,0750,Aqua,MODIS,29,61.03,285.3,16.9,D,0
1.7954,101.6858,311.3,3.4,1.7,2026-02-24,0751,Aqua,MODIS,16,61.03,282.5,35.2,D,0
1.7802,101.6882,311,3.4,1.7,2026-02-24,0751,Aqua,MODIS,22,61.03,282.6,34.6,D,0
0.4905,127.9887,305.5,1.2,1.1,2026-02-24,1831,Aqua,MODIS,65,61.03,291.6,6.6,N,2
0.3833,102.2326,315.4,1,1,2026-02-25,0828,Aqua,MODIS,37,61.03,294.8,8.6,D,0
-2.244,101.014,339.4,1,1,2026-02-25,0828,Aqua,MODIS,89,61.03,297.4,33.2,D,0
-2.2452,101.0052,330,1,1,2026-02-25,0828,Aqua,MODIS,78,61.03,300.7,18.7,D,0
-2.1975,101.0103,322,1,1,2026-02-25,0828,Aqua,MODIS,67,61.03,297.3,11.2,D,0
-2.1536,101.0038,317.5,1,1,2026-02-25,0828,Aqua,MODIS,49,61.03,299.1,7.7,D,0
-2.1436,101.0113,315.4,1,1,2026-02-25,0828,Aqua,MODIS,38,61.03,298.2,6.4,D,0
0.3417,103.0905,324.7,1.1,1.1,2026-02-25,0828,Aqua,MODIS,78,61.03,295.3,18,D,0
0.3509,103.0891,318.6,1.1,1.1,2026-02-25,0828,Aqua,MODIS,33,61.03,295,9.2,D,0
2.5316,100.1825,315.7,1,1,2026-02-25,0829,Aqua,MODIS,70,61.03,296.3,6.5,D,0
2.523,100.2461,339.5,1,1,2026-02-25,0829,Aqua,MODIS,90,61.03,296.9,34.7,D,0
2.533,100.2535,317,1,1,2026-02-25,0829,Aqua,MODIS,47,61.03,297.1,7,D,0
2.5318,100.2448,350.6,1,1,2026-02-25,0829,Aqua,MODIS,96,61.03,299.5,55.9,D,0
0.603,102.9132,314.9,1.1,1.1,2026-02-25,0829,Aqua,MODIS,19,61.03,292.7,8.4,D,0
0.5119,102.2257,318.6,1,1,2026-02-25,0829,Aqua,MODIS,38,61.03,298.7,11.1,D,0
0.8479,101.6146,311,1,1,2026-02-25,0829,Aqua,MODIS,51,61.03,292.9,4.2,D,0
1.7926,101.6962,324.8,1,1,2026-02-25,0829,Aqua,MODIS,37,61.03,294.3,13.6,D,0
0.347,103.0946,302.8,1.2,1.1,2026-02-25,1357,Terra,MODIS,51,61.03,285.5,4.7,N,0
1.7982,101.6945,309.7,1.4,1.2,2026-02-25,1357,Terra,MODIS,78,61.03,285.6,13.7,N,0
1.7879,101.696,311.4,1.4,1.2,2026-02-25,1357,Terra,MODIS,83,61.03,286.8,14.9,N,0
-0.4117,115.7963,354.7,1,1,2026-02-26,0728,Aqua,MODIS,97,61.03,297.3,67.4,D,0
-2.7529,110.8109,310.4,2.1,1.4,2026-02-26,0728,Aqua,MODIS,63,61.03,288.1,14.1,D,0
-1.8934,115.859,317.7,1,1,2026-02-26,0728,Aqua,MODIS,62,61.03,294.9,9.1,D,2
-1.1396,115.3205,312.1,1,1,2026-02-26,0728,Aqua,MODIS,57,61.03,293.1,6.6,D,0
-0.3112,117.1892,310.3,1,1,2026-02-26,0728,Aqua,MODIS,48,61.03,291,6.3,D,0
-0.4104,115.805,331.8,1,1,2026-02-26,0728,Aqua,MODIS,85,61.03,295.8,24.4,D,0
-0.413,115.7876,323.6,1,1,2026-02-26,0728,Aqua,MODIS,78,61.03,294.9,15.4,D,0
0.5059,112.7982,309.7,1.3,1.1,2026-02-26,0729,Aqua,MODIS,61,61.03,292,5.7,D,0
-2.5779,121.3872,327.8,1,1,2026-02-26,1257,Terra,MODIS,100,61.03,282.6,26.1,N,2
-2.5791,121.3784,326.7,1,1,2026-02-26,1257,Terra,MODIS,100,61.03,280.3,25.1,N,2
-1.4771,123.2635,308.9,3.1,1.7,2026-02-27,0117,Terra,MODIS,0,61.03,290.7,23.8,D,0
-1.4625,123.2654,309.9,3.1,1.7,2026-02-27,0117,Terra,MODIS,0,61.03,291.6,28,D,0
1.0867,127.7169,313.9,1.3,1.1,2026-02-27,0628,Aqua,MODIS,59,61.03,295.3,10.6,D,0
0.5064,127.8925,321.9,1.3,1.1,2026-02-27,0628,Aqua,MODIS,75,61.03,298.1,19.7,D,0
-3.6999,104.5178,310.3,1.2,1.1,2026-02-27,0806,Aqua,MODIS,61,61.03,284.7,8.2,D,0
-2.7671,106.2383,319.2,1,1,2026-02-27,0806,Aqua,MODIS,75,61.03,298.7,10.6,D,0
-2.6831,106.3803,306.5,1,1,2026-02-27,0806,Aqua,MODIS,42,61.03,275.9,5.8,D,0
-2.717,106.0845,320.9,1,1,2026-02-27,0806,Aqua,MODIS,77,61.03,291.9,14.2,D,0
-2.6612,106.079,328.7,1,1,2026-02-27,0806,Aqua,MODIS,84,61.03,293.6,22.9,D,0
-2.5926,106.0449,319.5,1,1,2026-02-27,0806,Aqua,MODIS,76,61.03,297.2,10.6,D,0
-2.3313,105.9326,310,1,1,2026-02-27,0806,Aqua,MODIS,44,61.03,281.4,6.9,D,0
-3.03,107.6744,314,1,1,2026-02-27,0806,Aqua,MODIS,60,61.03,289.8,7.6,D,0
0.4071,109.0323,314.7,1.2,1.1,2026-02-27,0807,Aqua,MODIS,33,61.03,293.1,8.7,D,0
0.4104,109.0261,316,1.2,1.1,2026-02-27,0807,Aqua,MODIS,43,61.03,294.4,9.4,D,0
0.0967,103.4098,317,1.3,1.1,2026-02-27,0807,Aqua,MODIS,69,61.03,286.1,14.6,D,0
0.4068,109.0961,318.7,1.2,1.1,2026-02-27,0807,Aqua,MODIS,50,61.03,298.3,12.9,D,0
0.4917,127.9933,300.6,1.1,1,2026-02-27,1847,Aqua,MODIS,30,61.03,281.6,4.6,N,2
-2.5732,121.3779,304.8,1.6,1.2,2026-02-27,1848,Aqua,MODIS,62,61.03,275.9,15.4,N,2
-2.5753,121.3914,315,1.6,1.2,2026-02-27,1848,Aqua,MODIS,90,61.03,276,29.7,N,2
-1.9083,137.9265,306.3,3,1.7,2026-02-28,0018,Terra,MODIS,0,61.03,287.3,17.6,D,0
-3.7322,134.4166,306.1,1.7,1.3,2026-02-28,0019,Terra,MODIS,59,61.03,290.1,9,D,0
-4.1132,135.2124,308.5,2,1.4,2026-02-28,0019,Terra,MODIS,61,61.03,293.7,11,D,0
-4.1084,135.2194,308.8,2,1.4,2026-02-28,0019,Terra,MODIS,68,61.03,293.7,12.2,D,0
-0.5865,110.0685,306.9,1.6,1.2,2026-02-28,0156,Terra,MODIS,56,61.03,291.3,7.9,D,0
-3.6878,103.6607,305.3,1.1,1,2026-02-28,0157,Terra,MODIS,58,61.03,283.9,5.9,D,0
-4.5398,122.0446,332.2,1,1,2026-02-28,0705,Aqua,MODIS,84,61.03,293.2,25.9,D,0
-3.8314,120.1115,309.1,1.2,1.1,2026-02-28,0705,Aqua,MODIS,63,61.03,281.5,6.4,D,0
-4.541,122.0358,320.3,1,1,2026-02-28,0705,Aqua,MODIS,72,61.03,294.1,11.8,D,0
-1.6521,121.941,311.2,1,1,2026-02-28,0706,Aqua,MODIS,64,61.03,290.9,4.4,D,0
-1.8409,120.7842,324.1,1,1,2026-02-28,0706,Aqua,MODIS,82,61.03,292.8,20.3,D,0
-1.5653,120.391,325.2,1.1,1,2026-02-28,0706,Aqua,MODIS,84,61.03,292.5,20.5,D,0
-1.564,120.4004,328.2,1.1,1,2026-02-28,0706,Aqua,MODIS,85,61.03,290.4,24.5,D,0
-1.6533,121.9323,312.8,1,1,2026-02-28,0706,Aqua,MODIS,69,61.03,290.9,5.9,D,0
-3.1545,122.1596,308.4,1,1,2026-02-28,0706,Aqua,MODIS,59,61.03,288.9,4.2,D,0
-2.9783,121.2242,318.5,1,1,2026-02-28,0706,Aqua,MODIS,75,61.03,292.6,11.9,D,0
-2.9796,121.2152,310.4,1,1,2026-02-28,0706,Aqua,MODIS,63,61.03,290.7,5.1,D,0
-2.0138,121.423,318,1,1,2026-02-28,0706,Aqua,MODIS,47,61.03,295.9,8.9,D,2
-2.0151,121.4142,322.6,1,1,2026-02-28,0706,Aqua,MODIS,72,61.03,296.9,13.8,D,2
-2.2339,100.9951,347.4,1.4,1.2,2026-02-28,0844,Aqua,MODIS,94,61.03,294.1,74.5,D,0
-2.2268,101.0427,339,1.4,1.2,2026-02-28,0844,Aqua,MODIS,90,61.03,294.9,51.8,D,0
-2.2357,100.9832,337.4,1.4,1.2,2026-02-28,0844,Aqua,MODIS,89,61.03,296,47.4,D,0
-2.2238,100.9935,318.7,1.4,1.2,2026-02-28,0844,Aqua,MODIS,68,61.03,293,10.7,D,0
1.8152,101.6705,310.4,1.8,1.3,2026-02-28,0845,Aqua,MODIS,11,61.03,286.3,11.7,D,0
1.8267,101.6688,309.5,1.8,1.3,2026-02-28,0845,Aqua,MODIS,18,61.03,286.7,9.8,D,0
1.578,99.4333,309.8,1.2,1.1,2026-02-28,0845,Aqua,MODIS,54,61.03,290.5,7.2,D,0
2.2161,98.4743,315.4,1.1,1.1,2026-02-28,0845,Aqua,MODIS,70,61.03,296.2,9.9,D,0
1.1299,97.4245,311.1,1,1,2026-02-28,0845,Aqua,MODIS,46,61.03,296,5.4,D,0
-2.5747,121.3796,327.8,1.6,1.3,2026-02-28,1237,Terra,MODIS,100,61.03,278,55.4,N,2
-1.5643,127.4308,305.6,1.1,1,2026-02-28,1237,Terra,MODIS,33,61.03,290.4,4.7,N,2
-1.5656,127.4215,305.1,1.1,1,2026-02-28,1237,Terra,MODIS,14,61.03,289.6,4.2,N,2
-1.4617,127.4393,315.9,1.1,1,2026-02-28,1237,Terra,MODIS,90,61.03,288.1,14.2,N,2
-1.8864,115.8689,300.3,1,1,2026-02-28,1926,Aqua,MODIS,25,61.03,275.9,5.2,N,2
-2.5773,121.3827,324.6,1.1,1,2026-03-01,0058,Terra,MODIS,83,61.03,285.6,21.8,D,2
-2.0098,121.4149,306,1,1,2026-03-01,0058,Terra,MODIS,48,61.03,276.4,6.2,D,2
-2.0111,121.424,307.8,1,1,2026-03-01,0058,Terra,MODIS,60,61.03,277.5,7.2,D,2
-2.2722,121.7645,308.5,1.1,1,2026-03-01,0058,Terra,MODIS,58,61.03,288,4.7,D,0
-2.5786,121.392,308.1,1.1,1,2026-03-01,0058,Terra,MODIS,64,61.03,285.7,6,D,2
-2.8277,122.1757,320.1,1.1,1.1,2026-03-01,0058,Terra,MODIS,0,61.03,292.9,12.4,D,2
-3.9053,122.422,304.8,1.2,1.1,2026-03-01,0058,Terra,MODIS,57,61.03,286,5.5,D,2
-4.0803,121.8357,307.7,1.1,1.1,2026-03-01,0058,Terra,MODIS,54,61.03,293.9,4.5,D,0
-2.8744,112.9476,305.2,1,1,2026-03-01,0744,Aqua,MODIS,45,61.03,270.7,6.9,D,0
-2.2348,110.8802,311.7,1.1,1,2026-03-01,0744,Aqua,MODIS,65,61.03,289.9,8.1,D,0
-2.1363,110.2885,304.3,1.2,1.1,2026-03-01,0744,Aqua,MODIS,35,61.03,280.4,4.5,D,0
-2.1378,110.2785,307.3,1.2,1.1,2026-03-01,0744,Aqua,MODIS,57,61.03,281,6.9,D,0
-1.3167,113.5499,320.9,1,1,2026-03-01,0744,Aqua,MODIS,75,61.03,298.9,11.4,D,0
-1.2623,113.2239,396.6,1,1,2026-03-01,0744,Aqua,MODIS,100,61.03,301.6,234,D,0
-1.1616,113.8478,317.4,1.1,1,2026-03-01,0744,Aqua,MODIS,71,61.03,297.6,7.9,D,0
-1.2636,113.215,340.1,1,1,2026-03-01,0744,Aqua,MODIS,90,61.03,298.5,38,D,0
1.0714,109.1286,336.6,1.2,1.1,2026-03-01,0745,Aqua,MODIS,89,61.03,295.4,39.8,D,0
-0.9046,109.6035,307.9,1.2,1.1,2026-03-01,0745,Aqua,MODIS,0,61.03,283.2,7,D,0
-0.8244,109.4273,326.4,1.2,1.1,2026-03-01,0745,Aqua,MODIS,75,61.03,283.9,26.9,D,0
-0.8067,109.4137,316.9,1.2,1.1,2026-03-01,0745,Aqua,MODIS,70,61.03,281.3,15,D,0
-0.8082,109.4029,314.6,1.2,1.1,2026-03-01,0745,Aqua,MODIS,60,61.03,279.7,13.2,D,0
-0.7812,109.5193,317.4,1.2,1.1,2026-03-01,0745,Aqua,MODIS,71,61.03,296.4,12.9,D,0
-0.4985,109.2162,312.1,1.3,1.1,2026-03-01,0745,Aqua,MODIS,57,61.03,293.5,6.9,D,0
0.0311,111.5183,312.3,1,1,2026-03-01,0745,Aqua,MODIS,63,61.03,281.4,8.4,D,0
-0.2537,109.3398,323,1.2,1.1,2026-03-01,0745,Aqua,MODIS,66,61.03,298,16.7,D,0
0.1058,111.7217,306.7,1,1,2026-03-01,0745,Aqua,MODIS,30,61.03,277.8,5.8,D,0
-0.1993,109.3754,318,1.2,1.1,2026-03-01,0745,Aqua,MODIS,46,61.03,297.2,8.4,D,0
-0.2008,109.3648,354.5,1.2,1.1,2026-03-01,0745,Aqua,MODIS,97,61.03,300,84,D,0
-0.1959,109.3684,354.4,1.2,1.1,2026-03-01,0745,Aqua,MODIS,97,61.03,300,81.7,D,0
-0.1975,109.3577,344.1,1.2,1.1,2026-03-01,0745,Aqua,MODIS,92,61.03,301.4,51.9,D,0
-0.1863,109.367,327.6,1.2,1.1,2026-03-01,0745,Aqua,MODIS,47,61.03,300.8,17.7,D,0
-0.1879,109.3563,341.3,1.2,1.1,2026-03-01,0745,Aqua,MODIS,91,61.03,301.8,44.2,D,0
-0.1767,109.3656,323.9,1.2,1.1,2026-03-01,0745,Aqua,MODIS,66,61.03,303.1,14.7,D,0
-0.1783,109.3549,355.1,1.2,1.1,2026-03-01,0745,Aqua,MODIS,97,61.03,303.8,84.8,D,0
-0.1766,109.3,320.8,1.2,1.1,2026-03-01,0745,Aqua,MODIS,42,61.03,299.3,12.2,D,0
-0.094,109.4613,338.3,1.2,1.1,2026-03-01,0745,Aqua,MODIS,89,61.03,297.4,42.4,D,0
-0.0956,109.4508,323.5,1.2,1.1,2026-03-01,0745,Aqua,MODIS,77,61.03,297.1,16.7,D,0
-0.0894,109.4658,320.8,1.2,1.1,2026-03-01,0745,Aqua,MODIS,69,61.03,295.7,13.3,D,0
-0.091,109.4553,328.4,1.2,1.1,2026-03-01,0745,Aqua,MODIS,82,61.03,297.3,24.2,D,0
0.0374,109.3652,322.6,1.2,1.1,2026-03-01,0745,Aqua,MODIS,76,61.03,297.2,15.1,D,0
0.0296,109.3121,319.6,1.2,1.1,2026-03-01,0745,Aqua,MODIS,25,61.03,296,8.7,D,0
0.0393,109.3107,322,1.2,1.1,2026-03-01,0745,Aqua,MODIS,40,61.03,297,12.9,D,0
0.0551,109.3518,327.4,1.2,1.1,2026-03-01,0745,Aqua,MODIS,81,61.03,297.4,21,D,0
0.0554,109.2865,353.2,1.2,1.1,2026-03-01,0745,Aqua,MODIS,97,61.03,298.8,80.5,D,0
0.0666,109.2958,323.8,1.2,1.1,2026-03-01,0745,Aqua,MODIS,61,61.03,295.8,17.6,D,0
0.0651,109.2851,356.4,1.2,1.1,2026-03-01,0745,Aqua,MODIS,98,61.03,297,93.3,D,0
0.1857,109.7485,313.7,1.2,1.1,2026-03-01,0745,Aqua,MODIS,64,61.03,294.4,7.3,D,0
0.2328,110.0044,321.3,1.1,1.1,2026-03-01,0745,Aqua,MODIS,76,61.03,295.7,15.3,D,0
0.1931,109.6026,331.4,1.2,1.1,2026-03-01,0745,Aqua,MODIS,84,61.03,294,31.2,D,0
0.1991,109.2093,318.8,1.2,1.1,2026-03-01,0745,Aqua,MODIS,67,61.03,293.4,14.9,D,0
0.3931,109.8382,316.4,1.1,1.1,2026-03-01,0745,Aqua,MODIS,69,61.03,295.4,11,D,0
0.298,109.1228,319,1.3,1.1,2026-03-01,0745,Aqua,MODIS,32,61.03,297.5,8.9,D,0
0.3826,109.6355,333.6,1.2,1.1,2026-03-01,0745,Aqua,MODIS,86,61.03,295.2,35.2,D,0
0.3093,109.1322,342.7,1.2,1.1,2026-03-01,0745,Aqua,MODIS,92,61.03,298.5,52.6,D,0
0.3077,109.1214,341.5,1.3,1.1,2026-03-01,0745,Aqua,MODIS,91,61.03,299.3,49.8,D,0
0.3062,109.1105,324.8,1.3,1.1,2026-03-01,0745,Aqua,MODIS,78,61.03,299.9,17.1,D,0
0.3265,109.0899,325.8,1.3,1.1,2026-03-01,0745,Aqua,MODIS,80,61.03,298.6,20,D,0
0.3864,109.0922,324.8,1.3,1.1,2026-03-01,0745,Aqua,MODIS,74,61.03,300.2,18.3,D,0
0.4107,109.1052,318,1.2,1.1,2026-03-01,0745,Aqua,MODIS,25,61.03,297.9,11.5,D,0
0.4091,109.0944,323.1,1.3,1.1,2026-03-01,0745,Aqua,MODIS,63,61.03,300.1,18.3,D,0
0.5119,109.5207,315.2,1.2,1.1,2026-03-01,0745,Aqua,MODIS,64,61.03,294.8,9.9,D,0
0.5366,109.3584,317.4,1.2,1.1,2026-03-01,0745,Aqua,MODIS,49,61.03,291.9,12.5,D,0
0.5423,109.3617,317,1.2,1.1,2026-03-01,0745,Aqua,MODIS,41,61.03,293.4,13,D,0
0.5167,108.9937,335.7,1.3,1.1,2026-03-01,0745,Aqua,MODIS,88,61.03,297.6,41.5,D,0
0.5151,108.9827,325.4,1.3,1.1,2026-03-01,0745,Aqua,MODIS,80,61.03,297.9,22,D,0
0.554,109.0441,312.8,1.3,1.1,2026-03-01,0745,Aqua,MODIS,48,61.03,294.6,6.6,D,0
0.5687,109.0084,320.5,1.3,1.1,2026-03-01,0745,Aqua,MODIS,46,61.03,298.1,12.4,D,0
0.5801,109.0179,322.7,1.3,1.1,2026-03-01,0745,Aqua,MODIS,74,61.03,296.4,16.6,D,0
0.5785,109.007,326.2,1.3,1.1,2026-03-01,0745,Aqua,MODIS,81,61.03,296.4,21.1,D,0
0.5814,109.0121,325.3,1.3,1.1,2026-03-01,0745,Aqua,MODIS,70,61.03,296.5,20.5,D,0
0.6852,109.3776,330.6,1.2,1.1,2026-03-01,0745,Aqua,MODIS,74,61.03,292,31.3,D,0
0.6973,109.1934,320.3,1.2,1.1,2026-03-01,0745,Aqua,MODIS,57,61.03,289.2,19.5,D,0
0.7508,109.5191,311.1,1.2,1.1,2026-03-01,0745,Aqua,MODIS,58,61.03,293.1,7.3,D,0
0.9456,109.0611,315.5,1.2,1.1,2026-03-01,0745,Aqua,MODIS,71,61.03,295.7,9.7,D,0
1.0762,109.0952,322,1.2,1.1,2026-03-01,0745,Aqua,MODIS,66,61.03,297.5,13.2,D,0
1.929,109.5366,311.1,1.1,1.1,2026-03-01,0745,Aqua,MODIS,47,61.03,293.6,6.4,D,0
0.5785,109.0201,319.6,1.1,1,2026-03-02,0136,Terra,MODIS,79,61.03,298.9,12.7,D,0
0.5714,109.0126,315.7,1.1,1,2026-03-02,0136,Terra,MODIS,74,61.03,298.8,8.8,D,0
0.3923,109.098,319.6,1.1,1,2026-03-02,0136,Terra,MODIS,68,61.03,300,11.4,D,0
0.0849,109.443,316.8,1,1,2026-03-02,0136,Terra,MODIS,72,61.03,298.5,8.9,D,0
0.5798,109.0106,322.8,1.1,1,2026-03-02,0136,Terra,MODIS,81,61.03,298.6,16,D,0
0.0612,109.284,323.2,1.1,1,2026-03-02,0136,Terra,MODIS,63,61.03,299,15.5,D,0
0.0599,109.2932,325.7,1.1,1,2026-03-02,0136,Terra,MODIS,81,61.03,298.9,18.2,D,0
-0.1905,109.3678,329.2,1,1,2026-03-02,0137,Terra,MODIS,80,61.03,301.4,20.8,D,0
-0.1982,109.3574,323.9,1,1,2026-03-02,0137,Terra,MODIS,79,61.03,297.4,15.8,D,0
-1.5687,127.4249,311.9,1,1,2026-03-02,0644,Aqua,MODIS,45,61.03,286,5.7,D,2
-2.5795,121.3725,321.3,2.3,1.5,2026-03-02,0644,Aqua,MODIS,74,61.03,283.1,48.8,D,2
-2.6225,119.2376,305.3,3.4,1.7,2026-03-02,0644,Aqua,MODIS,19,61.03,283.7,18.5,D,0
0.5042,127.8924,308.6,1,1,2026-03-02,0645,Aqua,MODIS,59,61.03,274.5,6.9,D,0
-3.174,102.711,315.4,1,1,2026-03-02,0822,Aqua,MODIS,73,61.03,287,10,D,0
-3.7293,103.148,312.6,1,1,2026-03-02,0822,Aqua,MODIS,72,61.03,279.2,9.9,D,0
-3.7305,103.1393,314.7,1,1,2026-03-02,0822,Aqua,MODIS,75,61.03,279.6,11.6,D,0
-3.1652,102.7096,310,1,1,2026-03-02,0822,Aqua,MODIS,55,61.03,284.9,5.9,D,0
-2.592,102.2033,301.3,1,1,2026-03-02,0822,Aqua,MODIS,17,61.03,273.7,3.6,D,0
-2.2361,101.1619,313.5,1.1,1,2026-03-02,0823,Aqua,MODIS,55,61.03,289.1,9,D,0
-2.3281,100.9172,407.7,1.1,1.1,2026-03-02,0823,Aqua,MODIS,94,61.03,301.5,352.4,D,0
-2.3188,100.9158,338.5,1.1,1.1,2026-03-02,0823,Aqua,MODIS,91,61.03,295.7,40,D,0
-2.233,100.9967,322.1,1.1,1.1,2026-03-02,0823,Aqua,MODIS,76,61.03,273.8,20.6,D,0
-2.1332,100.9865,312.5,1.1,1.1,2026-03-02,0823,Aqua,MODIS,61,61.03,280.1,10.9,D,0
-2.2344,100.987,307.8,1.1,1.1,2026-03-02,0823,Aqua,MODIS,43,61.03,273.4,6.4,D,0
-2.2829,101.6645,333.5,1.1,1,2026-03-02,0823,Aqua,MODIS,88,61.03,296,33,D,0
-2.3128,101.2123,326.5,1.1,1,2026-03-02,0823,Aqua,MODIS,58,61.03,290.1,21.6,D,0
-2.3143,101.2027,323.2,1.1,1,2026-03-02,0823,Aqua,MODIS,65,61.03,290,18.7,D,0
-2.2917,101.2289,321.9,1.1,1,2026-03-02,0823,Aqua,MODIS,80,61.03,286.1,18.1,D,0
-2.3266,100.927,378.3,1.1,1.1,2026-03-02,0823,Aqua,MODIS,100,61.03,294,165.7,D,0
2.214,100.9542,312.6,1,1,2026-03-02,0824,Aqua,MODIS,43,61.03,288.5,9,D,0
1.8207,101.668,316.7,1,1,2026-03-02,0824,Aqua,MODIS,11,61.03,295.6,7.8,D,0
0.4837,127.9969,308.4,1.2,1.1,2026-03-02,1218,Terra,MODIS,74,61.03,292.1,7.6,N,2
-2.158,105.8143,330.1,1,1,2026-03-02,1356,Terra,MODIS,100,61.03,293.1,27.8,N,0
-2.3231,100.906,311.6,1.9,1.3,2026-03-02,1356,Terra,MODIS,83,61.03,270.9,31.6,N,0
-2.3209,100.9222,301.4,1.9,1.3,2026-03-02,1356,Terra,MODIS,40,61.03,269.9,15.5,N,0
-2.3308,102.8014,309.8,1.3,1.2,2026-03-02,1356,Terra,MODIS,78,61.03,277.7,16.6,N,0
-2.1568,105.8232,306.6,1,1,2026-03-02,1356,Terra,MODIS,69,61.03,292.6,5.8,N,0
-2.327,100.914,320.7,1.4,1.2,2026-03-02,2043,Aqua,MODIS,100,61.03,285.9,30.7,N,0
-1.4577,127.4404,311.8,1.1,1.1,2026-03-03,0037,Terra,MODIS,0,61.03,279.7,12,D,2
-2.578,121.3829,319.2,1.4,1.2,2026-03-03,0038,Terra,MODIS,73,61.03,277.8,26.4,D,2
-2.0098,121.4238,300.7,1.4,1.2,2026-03-03,0038,Terra,MODIS,22,61.03,275.2,6.4,D,2
1.7814,101.7019,312.2,1,1,2026-03-03,0215,Terra,MODIS,59,61.03,288.4,6.8,D,0
1.7826,101.6931,311.4,1,1,2026-03-03,0215,Terra,MODIS,48,61.03,289.4,6.3,D,0
-2.3264,100.9199,317.9,1,1,2026-03-03,0216,Terra,MODIS,48,61.03,280.9,12.2,D,0
-0.2377,103.6323,310,1.2,1.1,2026-03-03,0216,Terra,MODIS,56,61.03,287.6,7.4,D,0
-0.2392,103.6431,331.4,1.2,1.1,2026-03-03,0216,Terra,MODIS,61,61.03,287.7,36.8,D,0
-2.2341,100.999,316.4,1,1,2026-03-03,0216,Terra,MODIS,72,61.03,289.3,10.5,D,0
-2.3252,100.9111,330,1,1,2026-03-03,0216,Terra,MODIS,79,61.03,282.2,25.3,D,0
-3.8736,122.4015,318.7,1.5,1.2,2026-03-03,0722,Aqua,MODIS,50,61.03,293.3,16.4,D,2
-4.0538,120.0588,313,1.1,1,2026-03-03,0722,Aqua,MODIS,60,61.03,290.8,5.7,D,0
-3.8368,120.2202,321.7,1.1,1,2026-03-03,0722,Aqua,MODIS,78,61.03,296.4,12.9,D,0
-3.0791,119.7128,309.6,1.1,1,2026-03-03,0722,Aqua,MODIS,46,61.03,290.4,7.6,D,0
-2.8713,119.7444,311.5,1.1,1,2026-03-03,0722,Aqua,MODIS,69,61.03,292.6,9.2,D,0
-2.8727,119.7351,317.4,1.1,1,2026-03-03,0722,Aqua,MODIS,76,61.03,293.1,15,D,0
-2.0196,121.418,314.2,1.3,1.1,2026-03-03,0722,Aqua,MODIS,34,61.03,290.7,11,D,2
-1.8966,115.8617,323.1,1.1,1.1,2026-03-03,0722,Aqua,MODIS,79,61.03,298,17.5,D,2
-1.8155,116.2402,331.5,1.1,1,2026-03-03,0722,Aqua,MODIS,86,61.03,295.7,29.9,D,0
-0.2687,117.2679,316.6,1,1,2026-03-03,0723,Aqua,MODIS,72,61.03,293.7,9.4,D,0
0.3074,109.1221,313.5,3.4,1.7,2026-03-03,0723,Aqua,MODIS,44,61.03,292.7,33.2,D,0
0.3858,109.1332,316.1,3.3,1.7,2026-03-03,0723,Aqua,MODIS,67,61.03,292.3,47.9,D,0
0.3814,109.1042,341.8,3.4,1.7,2026-03-03,0723,Aqua,MODIS,92,61.03,293.7,235.8,D,0
0.5359,109.2221,321.4,3.3,1.7,2026-03-03,0723,Aqua,MODIS,78,61.03,291.2,81.9,D,0
0.5356,109.2151,319.5,3.3,1.7,2026-03-03,0723,Aqua,MODIS,76,61.03,291.2,71.6,D,0
0.5797,109.0118,301.3,1.5,1.2,2026-03-03,1942,Aqua,MODIS,19,61.03,282.5,10.4,N,0
-1.8879,115.8691,308.2,1.3,1.2,2026-03-03,1942,Aqua,MODIS,60,61.03,280.1,14.4,N,2
4.1168,96.2423,306.9,1.6,1.2,2026-03-04,0254,Terra,MODIS,64,61.03,286,10.3,D,0
-2.0706,110.1895,326,1.1,1,2026-03-04,0801,Aqua,MODIS,82,61.03,291.8,21.3,D,0
-2.072,110.1801,317.1,1.1,1,2026-03-04,0801,Aqua,MODIS,45,61.03,291.9,11.3,D,0
-1.9419,110.187,327.7,1.1,1,2026-03-04,0801,Aqua,MODIS,79,61.03,286.6,23.6,D,0
-1.9433,110.1776,316.5,1.1,1,2026-03-04,0801,Aqua,MODIS,73,61.03,285.1,10.2,D,0
-1.8215,110.1924,317.5,1.1,1,2026-03-04,0801,Aqua,MODIS,75,61.03,289.3,10.7,D,0
-1.8229,110.1829,315.2,1.1,1,2026-03-04,0801,Aqua,MODIS,61,61.03,289.8,8.5,D,0
-1.7322,110.2306,333.1,1.1,1,2026-03-04,0801,Aqua,MODIS,88,61.03,291.3,30,D,0
-1.723,110.2292,343.5,1.1,1,2026-03-04,0801,Aqua,MODIS,88,61.03,291.2,48.9,D,0
-1.4831,110.1078,333,1.1,1,2026-03-04,0801,Aqua,MODIS,88,61.03,285.3,32.5,D,0
-0.5966,110.0959,341.4,1.1,1,2026-03-04,0801,Aqua,MODIS,91,61.03,276.8,49.6,D,0
-0.598,110.0863,362.6,1.1,1,2026-03-04,0801,Aqua,MODIS,100,61.03,280.8,104.9,D,0
-0.5902,110.0892,315.9,1.1,1,2026-03-04,0801,Aqua,MODIS,65,61.03,276.6,15.1,D,0
0.0807,109.4328,318.6,1.1,1,2026-03-04,0801,Aqua,MODIS,75,61.03,295.1,11.3,D,0
0.3796,109.3888,318.4,1.1,1,2026-03-04,0801,Aqua,MODIS,67,61.03,296.2,10.5,D,0
0.3662,109.1119,325.6,1,1,2026-03-04,0801,Aqua,MODIS,72,61.03,296.8,17.5,D,0
0.3777,109.1228,322,1,1,2026-03-04,0801,Aqua,MODIS,29,61.03,295.1,13.1,D,0
0.3764,109.1138,332.8,1,1,2026-03-04,0801,Aqua,MODIS,45,61.03,300.8,25.5,D,0
0.3866,109.1215,373.9,1,1,2026-03-04,0801,Aqua,MODIS,100,61.03,298.8,128.1,D,0
0.3853,109.1125,401,1,1,2026-03-04,0801,Aqua,MODIS,100,61.03,307.9,263.5,D,0
0.3942,109.1112,339,1,1,2026-03-04,0801,Aqua,MODIS,84,61.03,298.9,33,D,0
0.4015,109.0366,339.4,1,1,2026-03-04,0801,Aqua,MODIS,90,61.03,296.8,37,D,0
0.4308,109.0506,337.7,1,1,2026-03-04,0801,Aqua,MODIS,89,61.03,297.4,33.5,D,0
0.573,109.0081,333.7,1,1,2026-03-04,0801,Aqua,MODIS,86,61.03,300.8,25.8,D,0
0.5691,108.9812,318.7,1,1,2026-03-04,0801,Aqua,MODIS,66,61.03,299.8,8.1,D,0
0.5957,108.9773,326.4,1,1,2026-03-04,0801,Aqua,MODIS,81,61.03,298.8,18,D,0
0.5944,108.9683,317.1,1,1,2026-03-04,0801,Aqua,MODIS,70,61.03,298.4,8.2,D,0
0.657,109.2083,317.1,1,1,2026-03-04,0801,Aqua,MODIS,71,61.03,290.2,11.1,D,0
0.7939,108.9451,317.1,1,1,2026-03-04,0801,Aqua,MODIS,66,61.03,299.8,7.3,D,0
-0.1351,103.156,305.9,1,1,2026-03-04,2020,Aqua,MODIS,66,61.03,283.2,7.4,N,0
-3.6916,103.6587,306.3,1.1,1,2026-03-05,0157,Terra,MODIS,61,61.03,281.6,6.1,D,0
-1.4855,113.7746,315,4.3,1.9,2026-03-05,0701,Aqua,MODIS,63,61.03,287.9,78,D,0
-1.4797,113.7661,317.7,4.3,1.9,2026-03-05,0701,Aqua,MODIS,68,61.03,287.7,96.6,D,0
-2.1261,119.3994,313.8,1.5,1.2,2026-03-05,0701,Aqua,MODIS,59,61.03,292,12.1,D,0
-1.2112,123.0485,342.8,1,1,2026-03-05,0701,Aqua,MODIS,91,61.03,295.5,43.7,D,0
-0.7961,123.114,316.2,1,1,2026-03-05,0701,Aqua,MODIS,71,61.03,295.4,7.2,D,0
2.8187,97.6853,317.6,1,1,2026-03-05,0840,Aqua,MODIS,27,61.03,289.7,11.7,D,0
3.0381,98.1896,316.2,1,1,2026-03-05,0840,Aqua,MODIS,65,61.03,298.5,7.3,D,0
1.022,97.4125,371.2,1,1,2026-03-05,0840,Aqua,MODIS,94,61.03,288.7,118.6,D,0
1.0308,97.4112,317.6,1,1,2026-03-05,0840,Aqua,MODIS,61,61.03,290.3,10.4,D,0
2.6235,97.8219,315.4,1,1,2026-03-05,0840,Aqua,MODIS,70,61.03,277.5,12.4,D,0
2.8275,97.684,317.8,1,1,2026-03-05,0840,Aqua,MODIS,39,61.03,292.3,11.1,D,0
4.0921,96.9222,313.6,1,1,2026-03-05,0841,Aqua,MODIS,65,61.03,293.8,8.9,D,0
4.0934,96.9308,314.7,1,1,2026-03-05,0841,Aqua,MODIS,71,61.03,296.2,9.5,D,0
4.1111,96.2407,354.3,1.1,1,2026-03-05,0841,Aqua,MODIS,97,61.03,307.6,70,D,0
4.1098,96.2315,331.5,1.1,1,2026-03-05,0841,Aqua,MODIS,86,61.03,305.9,25.1,D,0
4.5155,97.5462,312.7,1,1,2026-03-05,0841,Aqua,MODIS,35,61.03,296.2,6.3,D,0
4.6976,97.1449,311.4,1,1,2026-03-05,0841,Aqua,MODIS,54,61.03,294.1,6.8,D,0
4.8094,97.6629,315.7,1,1,2026-03-05,0841,Aqua,MODIS,72,61.03,296.4,8,D,0
4.5812,95.6729,320.6,1.1,1,2026-03-05,0841,Aqua,MODIS,55,61.03,301.7,12.8,D,0
5.0085,97.5522,317,1,1,2026-03-05,0841,Aqua,MODIS,72,61.03,301.3,9.6,D,0
-2.569,121.3874,302.8,1.6,1.3,2026-03-05,1236,Terra,MODIS,23,61.03,269.8,12.3,N,2
-2.5824,121.3801,307.3,1.7,1.3,2026-03-05,1236,Terra,MODIS,53,61.03,268.8,18.3,N,2
-2.577,121.39,322.1,1.1,1,2026-03-06,0057,Terra,MODIS,81,61.03,280.2,20,D,2
-3.7477,120.2066,304.5,1,1,2026-03-06,0057,Terra,MODIS,32,61.03,280.8,3.5,D,0
-2.0096,121.4223,310.7,1,1,2026-03-06,0057,Terra,MODIS,63,61.03,283,8.1,D,2
-2.5757,121.3807,331.1,1.1,1,2026-03-06,0057,Terra,MODIS,87,61.03,281.5,31.3,D,2
4.1135,96.2336,310.5,1,1,2026-03-06,0234,Terra,MODIS,69,61.03,297.8,4.9,D,0
4.1123,96.2424,320.6,1,1,2026-03-06,0234,Terra,MODIS,80,61.03,299.1,13.7,D,0
-6.2855,139.9669,323,1,1,2026-03-06,0559,Aqua,MODIS,78,61.03,288.5,15.9,D,0
-1.8996,115.8624,328.3,1.1,1,2026-03-06,0739,Aqua,MODIS,83,61.03,297.3,22.6,D,2
-0.1849,109.3756,308.8,1,1,2026-03-06,1958,Aqua,MODIS,75,61.03,271.1,10.5,N,0
-0.2435,109.505,304.8,1,1,2026-03-06,1958,Aqua,MODIS,62,61.03,283.6,6.6,N,0
0.3967,109.1177,311,1,1,2026-03-06,1958,Aqua,MODIS,82,61.03,276.1,11.7,N,0
-0.1862,109.3844,332.1,1,1,2026-03-06,1958,Aqua,MODIS,100,61.03,274,33.8,N,0
0.5758,108.9787,314.6,1,1,2026-03-06,1958,Aqua,MODIS,90,61.03,268.7,15.3,N,0
-2.3665,110.7445,307.9,1,1,2026-03-07,0136,Terra,MODIS,66,61.03,276.4,7.1,D,0
-2.3652,110.7357,301.5,1,1,2026-03-07,0136,Terra,MODIS,47,61.03,276.1,3.2,D,0
0.3961,109.1148,317,1.1,1,2026-03-07,0136,Terra,MODIS,62,61.03,283,13.7,D,0
-0.1862,109.3762,310.7,1.1,1,2026-03-07,0136,Terra,MODIS,27,61.03,276,8.5,D,0
-0.1875,109.3854,310.4,1.1,1,2026-03-07,0136,Terra,MODIS,25,61.03,274.2,8.4,D,0
-0.1951,109.375,313.1,1.1,1,2026-03-07,0136,Terra,MODIS,49,61.03,273.6,11,D,0
-7.6191,110.8262,313.3,1.1,1,2026-03-07,0138,Terra,MODIS,68,61.03,292.3,6.4,D,2
-7.0096,110.3602,312.9,1,1,2026-03-07,0138,Terra,MODIS,43,61.03,292.9,5.1,D,2
-2.6826,133.0132,317.7,1.4,1.2,2026-03-07,0638,Aqua,MODIS,75,61.03,294.3,15,D,0
-2.1424,101.0062,318.6,1.4,1.2,2026-03-07,0817,Aqua,MODIS,60,61.03,295.3,14,D,0
-2.141,101.0126,317.7,1.4,1.2,2026-03-07,0817,Aqua,MODIS,56,61.03,294.9,12.7,D,0
-2.2503,101.0341,316.3,1.4,1.2,2026-03-07,0817,Aqua,MODIS,51,61.03,294.2,11.2,D,0
0.9936,102.9678,317.5,1,1,2026-03-07,0818,Aqua,MODIS,66,61.03,302.8,9.6,D,0
0.7849,100.3466,307.1,1.4,1.2,2026-03-07,0818,Aqua,MODIS,15,61.03,290.8,5.8,D,0
1.5804,102.1168,316.5,1.1,1,2026-03-07,0818,Aqua,MODIS,61,61.03,299.9,8.5,D,0
1.5817,102.1261,315.2,1.1,1,2026-03-07,0818,Aqua,MODIS,0,61.03,297.7,7.3,D,0
1.0855,102.0866,315.5,1.1,1,2026-03-07,0818,Aqua,MODIS,66,61.03,297.4,7.5,D,0
-0.9042,101.9886,319.5,1.2,1.1,2026-03-07,0818,Aqua,MODIS,77,61.03,292.8,14.9,D,0
-0.6316,101.852,312.8,1.2,1.1,2026-03-07,0818,Aqua,MODIS,64,61.03,293.9,6.8,D,0
-0.4011,102.9725,310.3,1,1,2026-03-07,0818,Aqua,MODIS,56,61.03,293.8,4.4,D,0
0.0417,103.4735,312.8,1,1,2026-03-07,0818,Aqua,MODIS,66,61.03,294.4,6.1,D,0
0.1075,103.3494,315.8,1,1,2026-03-07,0818,Aqua,MODIS,47,61.03,290.8,8.1,D,0
0.1501,100.8393,313,1.3,1.1,2026-03-07,0818,Aqua,MODIS,66,61.03,295.6,9.7,D,0
0.3312,101.2302,315.2,1.2,1.1,2026-03-07,0818,Aqua,MODIS,65,61.03,294,9.7,D,0
0.9616,104.5824,317.7,1,1,2026-03-07,0818,Aqua,MODIS,68,61.03,295,10.4,D,0
2.874,97.7478,316.4,2,1.4,2026-03-07,0819,Aqua,MODIS,69,61.03,297.4,24.9,D,0
2.5246,100.2567,318.4,1.3,1.1,2026-03-07,0819,Aqua,MODIS,72,61.03,298.5,12.8,D,0
2.5229,100.2453,328.4,1.3,1.1,2026-03-07,0819,Aqua,MODIS,82,61.03,299.3,29.3,D,0
2.5877,100.1938,318.4,1.3,1.1,2026-03-07,0819,Aqua,MODIS,72,61.03,298.9,12.3,D,0
2.5859,100.1823,324.5,1.3,1.1,2026-03-07,0819,Aqua,MODIS,79,61.03,299.4,21.9,D,0
2.8338,99.3053,313.5,1.5,1.2,2026-03-07,0819,Aqua,MODIS,63,61.03,297.2,12.7,D,0
2.8271,97.6838,317.2,2,1.4,2026-03-07,0819,Aqua,MODIS,70,61.03,298.5,26.8,D,0
2.8766,97.7649,312,2,1.4,2026-03-07,0819,Aqua,MODIS,59,61.03,297.6,14.4,D,0
4.4897,97.5469,327.2,1.9,1.4,2026-03-07,0819,Aqua,MODIS,83,61.03,297.4,52.6,D,0
0.2346,102.9028,300.7,1.2,1.1,2026-03-07,1356,Terra,MODIS,32,61.03,283.9,4.7,N,0
1.1643,104.5171,309.1,1,1,2026-03-07,1356,Terra,MODIS,64,61.03,288.8,7.6,N,0
0.7896,100.5728,300.9,1.8,1.3,2026-03-07,1356,Terra,MODIS,35,61.03,284.9,7.9,N,0
4.8496,97.4666,304.8,2.7,1.6,2026-03-07,1357,Terra,MODIS,62,61.03,292.8,19.4,N,0
2.6457,100.1815,308.1,1,1,2026-03-07,2036,Aqua,MODIS,74,61.03,290.3,7.4,N,0
2.5992,100.1925,301.8,1,1,2026-03-07,2036,Aqua,MODIS,44,61.03,290.4,3.7,N,0
0.5114,127.8928,300.2,1.1,1.1,2026-03-08,0036,Terra,MODIS,14,61.03,274,3.5,D,0
0.4892,127.9819,315.4,1.2,1.1,2026-03-08,0036,Terra,MODIS,57,61.03,281.1,14.5,D,2
0.2331,102.9086,302.7,1.1,1.1,2026-03-08,0215,Terra,MODIS,44,61.03,280.5,4.6,D,0
-8.5077,117.4249,312.9,1.4,1.2,2026-03-08,0715,Aqua,MODIS,44,61.03,292.5,9.1,D,2
-8.5053,117.4301,311.9,1.4,1.2,2026-03-08,0715,Aqua,MODIS,51,61.03,292.2,7.9,D,2
-4.5137,121.6503,313.6,1.1,1,2026-03-08,0716,Aqua,MODIS,70,61.03,289.8,7.2,D,0
-4.5123,121.6596,323.9,1.1,1,2026-03-08,0716,Aqua,MODIS,81,61.03,288.6,17.7,D,0
-2.5846,121.3836,319.1,1.1,1,2026-03-08,0717,Aqua,MODIS,71,61.03,296.7,12.2,D,2
-0.9311,120,315.1,1,1,2026-03-08,0717,Aqua,MODIS,63,61.03,292.2,10.1,D,0
-2.5761,121.3862,348.5,1.1,1,2026-03-08,0717,Aqua,MODIS,84,61.03,296.4,60.3,D,2
-2.5775,121.3766,341.3,1.1,1,2026-03-08,0717,Aqua,MODIS,79,61.03,299.2,44.9,D,2
0.7722,114.478,310.5,1.6,1.2,2026-03-08,0718,Aqua,MODIS,31,61.03,292.8,10.4,D,0
3.8342,96.6329,320.1,1.3,1.1,2026-03-08,0857,Aqua,MODIS,75,61.03,291.4,15.7,D,0
4.3502,97.7878,312.9,1.5,1.2,2026-03-08,0857,Aqua,MODIS,57,61.03,297.4,9.6,D,0
2.759,97.6924,300.2,1.2,1.1,2026-03-08,1435,Terra,MODIS,17,61.03,275.3,5.3,N,0
-1.8948,115.8579,305.8,1,1,2026-03-09,0116,Terra,MODIS,53,61.03,285.6,3.9,D,2
-1.8961,115.8667,319.5,1,1,2026-03-09,0116,Terra,MODIS,79,61.03,285,14.4,D,2
-6.9745,110.5182,318.2,1,1,2026-03-09,0754,Aqua,MODIS,71,61.03,296.5,9.3,D,0
-6.9732,110.5271,317,1,1,2026-03-09,0754,Aqua,MODIS,69,61.03,296.4,8.5,D,2
-1.1147,109.7118,312,1,1,2026-03-09,0755,Aqua,MODIS,44,61.03,290.5,7.7,D,0
-1.116,109.7031,332.4,1,1,2026-03-09,0755,Aqua,MODIS,74,61.03,293.5,29.2,D,0
-1.005,109.5824,326.3,1,1,2026-03-09,0756,Aqua,MODIS,75,61.03,291.2,21.4,D,0
4.079,108.253,311.2,1,1,2026-03-09,0757,Aqua,MODIS,47,61.03,298.1,5.8,D,0
-2.3871,105.0919,333.8,2.2,1.4,2026-03-09,1335,Terra,MODIS,100,61.03,275.2,103.5,N,0
-2.3862,105.0851,307.1,2.2,1.4,2026-03-09,1335,Terra,MODIS,28,61.03,274.7,18.7,N,0
-2.3972,105.1124,333,2.2,1.4,2026-03-09,1335,Terra,MODIS,100,61.03,276.4,100,N,3
-2.3997,105.0936,345.2,2.2,1.4,2026-03-09,1335,Terra,MODIS,100,61.03,277.2,162.1,N,0
0.5086,127.8942,315,1.2,1.1,2026-03-10,0016,Terra,MODIS,69,61.03,294,9.6,D,0
0.2356,102.9094,307.5,1.3,1.1,2026-03-10,0155,Terra,MODIS,60,61.03,288.6,6.6,D,0
-7.0514,107.7523,313,1.3,1.1,2026-03-10,0157,Terra,MODIS,61,61.03,296,8.9,D,2
-6.1367,106.2895,313.8,1.1,1,2026-03-10,0157,Terra,MODIS,65,61.03,294.5,7.8,D,2
-6.8645,107.5031,310.4,1.3,1.1,2026-03-10,0157,Terra,MODIS,21,61.03,290.9,5.9,D,2
-6.0638,106.6178,310.8,1.1,1.1,2026-03-10,0157,Terra,MODIS,59,61.03,293.3,5.5,D,0
-6.9668,107.8059,313.1,1.3,1.1,2026-03-10,0157,Terra,MODIS,28,61.03,295,8.9,D,2
-6.0978,106.6772,314.2,1.1,1.1,2026-03-10,0157,Terra,MODIS,38,61.03,293.8,6.3,D,2
-7.0498,107.7406,312.3,1.3,1.1,2026-03-10,0157,Terra,MODIS,46,61.03,295.7,8.2,D,2
-2.5782,121.3802,335.4,1.4,1.2,2026-03-10,0655,Aqua,MODIS,88,61.03,297,49.2,D,2
-2.5737,121.385,319.1,1.4,1.2,2026-03-10,0655,Aqua,MODIS,66,61.03,295.6,17,D,2
-2.5859,121.3738,318.9,1.4,1.2,2026-03-10,0655,Aqua,MODIS,44,61.03,294.5,16.7,D,2
-2.5842,121.3861,325,1.4,1.2,2026-03-10,0655,Aqua,MODIS,78,61.03,294.9,26.5,D,2
-2.5755,121.3726,319.7,1.4,1.2,2026-03-10,0655,Aqua,MODIS,71,61.03,295.1,18.8,D,2
-0.898,101.6799,324,1.1,1,2026-03-10,0834,Aqua,MODIS,79,61.03,298.4,16.6,D,0
-0.4141,102.7839,316.7,1.2,1.1,2026-03-10,0834,Aqua,MODIS,32,61.03,297.8,11.1,D,0
-0.0409,103.0399,318.4,1.3,1.1,2026-03-10,0834,Aqua,MODIS,71,61.03,284.2,17.3,D,0
0.3352,101.0162,313.1,1,1,2026-03-10,0834,Aqua,MODIS,30,61.03,293.8,6.7,D,2
0.8529,104.1601,311.2,1.6,1.2,2026-03-10,0834,Aqua,MODIS,0,61.03,270.1,18.8,D,0
0.4621,101.3219,318.3,1.1,1,2026-03-10,0834,Aqua,MODIS,69,61.03,298.5,7.6,D,0
1.8348,101.6738,314.1,1.1,1.1,2026-03-10,0835,Aqua,MODIS,61,61.03,283.7,9.7,D,0
-3.8713,122.3997,305.7,1.5,1.2,2026-03-10,1235,Terra,MODIS,65,61.03,287.2,9.2,N,2
-0.9742,102.308,307.9,1,1,2026-03-10,1414,Terra,MODIS,73,61.03,294.7,6.4,N,0
-1.8584,105.3432,300.9,1.5,1.2,2026-03-10,1414,Terra,MODIS,35,61.03,287.2,5.6,N,0
0.4642,101.3182,302.6,1,1,2026-03-10,1415,Terra,MODIS,50,61.03,289.7,3.6,N,0
0.3505,103.0852,300.4,1.1,1.1,2026-03-10,1415,Terra,MODIS,26,61.03,286.7,4.1,N,0
0.3519,103.0952,301.2,1.1,1.1,2026-03-10,1415,Terra,MODIS,38,61.03,286.7,4.7,N,0
0.2117,103.4093,306.2,1.2,1.1,2026-03-10,1415,Terra,MODIS,67,61.03,287.8,8.2,N,0
-0.0337,103.0409,307.2,1.1,1.1,2026-03-10,1415,Terra,MODIS,71,61.03,283.6,10,N,0
0.2102,103.3989,320.4,1.2,1.1,2026-03-10,1415,Terra,MODIS,100,61.03,288.1,22.6,N,0
0.8921,103.503,302.5,1.2,1.1,2026-03-10,1415,Terra,MODIS,49,61.03,285.4,4.8,N,0
4.3058,97.8537,306.1,1.1,1.1,2026-03-10,1416,Terra,MODIS,67,61.03,277.4,10,N,0
-2.0168,121.4261,308.2,1,1,2026-03-11,0056,Terra,MODIS,50,61.03,289.5,5.2,D,2
-2.0078,121.4337,313.6,1,1,2026-03-11,0056,Terra,MODIS,54,61.03,289.7,8.4,D,2
-2.0155,121.417,310.9,1,1,2026-03-11,0056,Terra,MODIS,53,61.03,289.8,7.2,D,2
-2.5739,121.3855,302.4,1,1,2026-03-11,0056,Terra,MODIS,23,61.03,282.8,2.6,D,2
-3.9021,122.4171,312.9,1.2,1.1,2026-03-11,0057,Terra,MODIS,18,61.03,289.6,9.2,D,2
-3.9072,122.4211,313.2,1.2,1.1,2026-03-11,0057,Terra,MODIS,55,61.03,290.7,10.5,D,2
-4.4448,122.3111,310.1,1.2,1.1,2026-03-11,0057,Terra,MODIS,25,61.03,288.8,7.9,D,0
-2.3908,111.1808,300.9,1.8,1.3,2026-03-11,1315,Terra,MODIS,35,61.03,281.3,9.7,N,0
0.2255,102.2782,324.4,3.2,1.7,2026-03-11,1953,Aqua,MODIS,100,61.03,292,122.4,N,0
0.2266,102.2706,319,3.2,1.7,2026-03-11,1953,Aqua,MODIS,98,61.03,291.4,95.9,N,0
0.2225,102.2978,303.9,3.2,1.7,2026-03-11,1953,Aqua,MODIS,32,61.03,290.9,34.9,N,0
0.2119,102.2685,302.5,3.2,1.7,2026-03-11,1953,Aqua,MODIS,50,61.03,288.8,29.4,N,0
-7.021,110.3447,312.1,1,1,2026-03-12,0137,Terra,MODIS,46,61.03,294.8,6.5,D,0
-7.0464,110.332,310.2,1,1,2026-03-12,0137,Terra,MODIS,52,61.03,295.5,5.2,D,0
-6.9589,107.7998,308.3,1.1,1,2026-03-12,0137,Terra,MODIS,42,61.03,295.4,4.5,D,2
-7.457,110.9571,310.6,1.1,1,2026-03-12,0137,Terra,MODIS,61,61.03,294.6,4.9,D,0
-7.6229,110.8251,312.6,1.1,1,2026-03-12,0137,Terra,MODIS,32,61.03,295.5,4.8,D,2
-8.1117,112.9202,308.4,1.9,1.4,2026-03-12,0810,Aqua,MODIS,0,61.03,288.7,14,D,1
-3.2633,104.9802,314.7,1.1,1,2026-03-12,0811,Aqua,MODIS,66,61.03,297.7,6.7,D,0
-3.2684,105.2002,314.5,1,1,2026-03-12,0811,Aqua,MODIS,66,61.03,296.5,7.2,D,0
-3.3836,105.2971,324.2,1,1,2026-03-12,0811,Aqua,MODIS,79,61.03,296.7,16.8,D,0
-2.7189,110.3188,314.9,1.5,1.2,2026-03-12,0811,Aqua,MODIS,64,61.03,292.5,12.2,D,0
-2.7169,110.3319,313.5,1.5,1.2,2026-03-12,0811,Aqua,MODIS,62,61.03,292.2,10.1,D,0
-4.5087,104.1027,305.6,1.2,1.1,2026-03-12,0811,Aqua,MODIS,56,61.03,284.7,5.5,D,0
-6.1081,105.422,312.9,1.1,1,2026-03-12,0811,Aqua,MODIS,48,61.03,299.4,7.6,D,3
0.2256,102.2655,376.7,1.3,1.1,2026-03-12,0812,Aqua,MODIS,100,61.03,305.6,195.2,D,0
-1.2133,102.7935,313.3,1.3,1.1,2026-03-12,0812,Aqua,MODIS,42,61.03,298.2,7.4,D,0
-1.2006,102.5375,319.3,1.3,1.1,2026-03-12,0812,Aqua,MODIS,72,61.03,298.6,17.3,D,0
-1.2023,102.526,328.5,1.3,1.1,2026-03-12,0812,Aqua,MODIS,82,61.03,299.1,32.3,D,0
-1.1608,102.7408,311.6,1.3,1.1,2026-03-12,0812,Aqua,MODIS,54,61.03,297.8,6.7,D,0
-1.1345,102.7142,310.6,1.3,1.1,2026-03-12,0812,Aqua,MODIS,47,61.03,296.6,6.7,D,0
-1.1276,102.0637,317.3,1.4,1.2,2026-03-12,0812,Aqua,MODIS,70,61.03,298.1,13.9,D,0
-0.5003,104.4131,317.1,1,1,2026-03-12,0812,Aqua,MODIS,67,61.03,303.2,9.2,D,0
-0.5016,104.4039,332,1,1,2026-03-12,0812,Aqua,MODIS,84,61.03,302.7,26.5,D,0
-0.4231,102.9387,321.3,1.2,1.1,2026-03-12,0812,Aqua,MODIS,74,61.03,298.6,15.9,D,0
-0.4162,102.7842,322.1,1.2,1.1,2026-03-12,0812,Aqua,MODIS,57,61.03,306,15.7,D,0
0.5696,109.0041,317.2,1.4,1.2,2026-03-12,0812,Aqua,MODIS,71,61.03,295.7,12.9,D,0
0.1009,103.355,330.3,1.1,1.1,2026-03-12,0812,Aqua,MODIS,83,61.03,299.6,24.7,D,0
0.0332,102.6983,316.4,1.2,1.1,2026-03-12,0812,Aqua,MODIS,43,61.03,301,11.6,D,0
0.1757,102.9111,316.9,1.2,1.1,2026-03-12,0812,Aqua,MODIS,59,61.03,300.4,11.2,D,0
0.2384,102.9059,320.9,1.2,1.1,2026-03-12,0812,Aqua,MODIS,68,61.03,301.5,12.9,D,0
0.2369,102.8954,318,1.2,1.1,2026-03-12,0812,Aqua,MODIS,42,61.03,301.2,8.5,D,0
0.194,102.2585,319.6,1.3,1.1,2026-03-12,0812,Aqua,MODIS,34,61.03,291.3,17,D,0
0.2074,102.2799,335.8,1.3,1.1,2026-03-12,0812,Aqua,MODIS,83,61.03,299.5,42.1,D,0
0.2057,102.2685,416,1.3,1.1,2026-03-12,0812,Aqua,MODIS,100,61.03,306.8,531.6,D,0
0.2039,102.257,415.6,1.3,1.1,2026-03-12,0812,Aqua,MODIS,94,61.03,305.8,527.6,D,0
0.2173,102.2784,359.8,1.3,1.1,2026-03-12,0812,Aqua,MODIS,99,61.03,301.2,112.7,D,0
0.2156,102.267,462.6,1.3,1.1,2026-03-12,0812,Aqua,MODIS,100,61.03,321.5,1318,D,0
0.2139,102.2555,398.3,1.3,1.1,2026-03-12,0812,Aqua,MODIS,100,61.03,307.2,349.3,D,0
0.3485,103.0951,320.7,1.2,1.1,2026-03-12,0812,Aqua,MODIS,53,61.03,302.7,12.3,D,0
0.347,103.0849,320.2,1.2,1.1,2026-03-12,0812,Aqua,MODIS,53,61.03,303.3,10.9,D,0
0.2273,102.2769,366.4,1.3,1.1,2026-03-12,0812,Aqua,MODIS,100,61.03,301.2,142,D,0
0.3153,102.7378,313.1,1.2,1.1,2026-03-12,0812,Aqua,MODIS,53,61.03,299.6,9.3,D,0
0.8841,104.5367,328.4,1,1,2026-03-12,0812,Aqua,MODIS,81,61.03,300.6,19,D,0
0.839,104.1616,318.7,1,1,2026-03-12,0812,Aqua,MODIS,0,61.03,300.2,10.1,D,0
0.9231,104.6068,317,1,1,2026-03-12,0812,Aqua,MODIS,52,61.03,300.1,6.8,D,0
0.9205,104.5891,327.2,1,1,2026-03-12,0812,Aqua,MODIS,80,61.03,300.6,18,D,0
0.6789,102.8322,315.1,1.2,1.1,2026-03-12,0812,Aqua,MODIS,62,61.03,301.2,10.9,D,0
0.4554,101.3298,316.4,1.5,1.2,2026-03-12,0812,Aqua,MODIS,57,61.03,296.7,18.5,D,0
0.4534,101.3166,312.3,1.5,1.2,2026-03-12,0812,Aqua,MODIS,36,61.03,295,11.9,D,0
1.0311,104.6476,314.4,1,1,2026-03-12,0812,Aqua,MODIS,0,61.03,297.5,7.5,D,0
1.0298,104.6387,313.2,1,1,2026-03-12,0812,Aqua,MODIS,54,61.03,296.9,6.7,D,0
-2.343,105.9117,318.5,1,1,2026-03-12,0812,Aqua,MODIS,71,61.03,296.2,9.6,D,0
-2.6572,103.7429,317.7,1.2,1.1,2026-03-12,0812,Aqua,MODIS,70,61.03,301.5,10.6,D,0
-2.3381,105.8842,312.9,1,1,2026-03-12,0812,Aqua,MODIS,29,61.03,296.5,5.3,D,0
-2.6382,103.7648,316.3,1.2,1.1,2026-03-12,0812,Aqua,MODIS,68,61.03,298.4,10.4,D,0
-2.5704,104.0306,314.1,1.1,1.1,2026-03-12,0812,Aqua,MODIS,60,61.03,298.5,7.6,D,0
-2.437,103.4808,316.1,1.2,1.1,2026-03-12,0812,Aqua,MODIS,68,61.03,298.8,10.1,D,0
-2.074,105.7908,332,1,1,2026-03-12,0812,Aqua,MODIS,85,61.03,297.8,25,D,0
-2.0753,105.7821,311.9,1,1,2026-03-12,0812,Aqua,MODIS,45,61.03,297.5,4.6,D,0
-2.4068,103.4602,315.4,1.2,1.1,2026-03-12,0812,Aqua,MODIS,67,61.03,299.5,9.5,D,0
-2.3106,103.4823,311.9,1.2,1.1,2026-03-12,0812,Aqua,MODIS,41,61.03,297.9,4.8,D,0
-2.3137,103.4614,327,1.2,1.1,2026-03-12,0812,Aqua,MODIS,81,61.03,298.4,23,D,0
-2.3795,102.9505,309.9,1.3,1.1,2026-03-12,0812,Aqua,MODIS,51,61.03,295.3,5.8,D,0
-2.2331,103.0489,310.6,1.3,1.1,2026-03-12,0812,Aqua,MODIS,54,61.03,298,6.3,D,0
-2.2404,102.5031,315,1.4,1.2,2026-03-12,0812,Aqua,MODIS,66,61.03,298.2,11.2,D,0
-1.7661,105.614,314.2,1,1,2026-03-12,0812,Aqua,MODIS,62,61.03,297.8,6.3,D,0
-1.7112,105.484,321,1,1,2026-03-12,0812,Aqua,MODIS,74,61.03,299,11.9,D,0
-1.6827,105.3722,330.7,1,1,2026-03-12,0812,Aqua,MODIS,79,61.03,299.2,23.5,D,0
-1.684,105.3634,324.2,1,1,2026-03-12,0812,Aqua,MODIS,59,61.03,299.4,15.4,D,0
-1.5769,103.6872,316.6,1.1,1.1,2026-03-12,0812,Aqua,MODIS,66,61.03,301.6,7.5,D,0
-1.5307,103.6942,313.2,1.1,1.1,2026-03-12,0812,Aqua,MODIS,56,61.03,300.2,5.6,D,0
-1.5321,103.6842,314,1.1,1.1,2026-03-12,0812,Aqua,MODIS,56,61.03,300.4,6.2,D,0
-1.5595,103.3025,323.3,1.2,1.1,2026-03-12,0812,Aqua,MODIS,77,61.03,300.2,17.9,D,0
-1.2663,102.7842,325.7,1.3,1.1,2026-03-12,0812,Aqua,MODIS,79,61.03,300,24.1,D,0
-1.2482,102.7704,317.4,1.3,1.1,2026-03-12,0812,Aqua,MODIS,48,61.03,298.7,13.1,D,0
1.0908,104.5517,314.3,1,1,2026-03-12,0813,Aqua,MODIS,61,61.03,297.1,6.4,D,0
2.7178,97.6837,311.8,2.7,1.6,2026-03-12,0813,Aqua,MODIS,27,61.03,291.8,24.2,D,0
1.6111,101.5139,368.2,1.4,1.2,2026-03-12,0813,Aqua,MODIS,100,61.03,300.9,170.9,D,0
1.0828,104.2519,319.4,1,1,2026-03-12,0813,Aqua,MODIS,71,61.03,300.9,8.9,D,0
2.7245,97.6758,312.5,2.7,1.6,2026-03-12,0813,Aqua,MODIS,41,61.03,292.1,29,D,0
1.6093,101.5016,360.9,1.4,1.2,2026-03-12,0813,Aqua,MODIS,100,61.03,299.5,134.9,D,0
-6.0118,105.9761,307.2,1,1,2026-03-12,1353,Terra,MODIS,52,61.03,290.9,5.6,N,0
-1.5739,103.689,307.5,1.2,1.1,2026-03-12,1354,Terra,MODIS,69,61.03,293.7,7.4,N,0
0.2206,102.2529,353.3,1.4,1.2,2026-03-12,1355,Terra,MODIS,100,61.03,295.2,104.9,N,0
0.3498,103.0959,304.6,1.2,1.1,2026-03-12,1355,Terra,MODIS,59,61.03,293.3,5.5,N,0
0.2342,102.2754,317.7,1.4,1.2,2026-03-12,1355,Terra,MODIS,96,61.03,293.3,20.4,N,0
0.2325,102.2634,311.8,1.4,1.2,2026-03-12,1355,Terra,MODIS,83,61.03,293.3,12.1,N,0
0.3363,100.5483,311.2,1.8,1.3,2026-03-12,1355,Terra,MODIS,82,61.03,290.9,23.1,N,0
0.3345,100.5589,303.3,1.8,1.3,2026-03-12,1355,Terra,MODIS,54,61.03,290.9,10.2,N,0
0.3323,100.5434,305.9,1.8,1.3,2026-03-12,1355,Terra,MODIS,66,61.03,290.5,14.3,N,0
0.4568,101.3285,304.4,1.6,1.2,2026-03-12,1355,Terra,MODIS,18,61.03,290.4,8.7,N,0
1.0874,104.5483,305.2,1,1,2026-03-12,1355,Terra,MODIS,24,61.03,292.9,4.7,N,0
1.3237,101.2914,305.1,1.6,1.2,2026-03-12,1355,Terra,MODIS,63,61.03,291.8,8.1,N,0
0.2146,102.2717,390,1.4,1.2,2026-03-12,1355,Terra,MODIS,100,61.03,304.7,309.7,N,0
1.6183,101.5016,327.8,1.5,1.2,2026-03-12,1355,Terra,MODIS,100,61.03,287.9,43.7,N,0
1.8468,101.6648,303,1.4,1.2,2026-03-12,1355,Terra,MODIS,28,61.03,289.8,6.8,N,0
0.2162,102.2837,320.3,1.4,1.2,2026-03-12,1355,Terra,MODIS,100,61.03,294.3,23.8,N,0
0.2011,102.2491,374.2,1.4,1.2,2026-03-12,1355,Terra,MODIS,100,61.03,295.6,203.7,N,0
0.2027,102.2611,436.4,1.4,1.2,2026-03-12,1355,Terra,MODIS,100,61.03,304.5,873.5,N,0
0.2044,102.2732,316.3,1.4,1.2,2026-03-12,1355,Terra,MODIS,93,61.03,294.9,17.5,N,0
0.2511,102.9072,307.2,1.2,1.1,2026-03-12,1355,Terra,MODIS,71,61.03,293.3,7.1,N,0
0.2087,103.4038,304.6,1.2,1.1,2026-03-12,1355,Terra,MODIS,58,61.03,293.4,5.1,N,0
-0.9304,101.6058,303.5,1.6,1.2,2026-03-12,1355,Terra,MODIS,55,61.03,292.8,7.7,N,0
1.6202,101.5146,333.3,1.5,1.2,2026-03-12,1355,Terra,MODIS,100,61.03,289.9,56.3,N,0
0.213,102.2597,422.1,1.4,1.2,2026-03-12,1355,Terra,MODIS,100,61.03,307.2,652,N,0
0.2114,102.2477,323.4,1.4,1.2,2026-03-12,1355,Terra,MODIS,100,61.03,294.1,26.5,N,0
0.2138,102.2783,351.9,1.4,1.2,2026-03-12,1355,Terra,MODIS,100,61.03,297.5,101,N,0
0.2121,102.2663,397,1.4,1.2,2026-03-12,1355,Terra,MODIS,100,61.03,307.7,369,N,0
0.2104,102.2543,380.1,1.4,1.2,2026-03-12,1355,Terra,MODIS,100,61.03,299.8,238.4,N,0
0.224,102.2768,365.4,1.4,1.2,2026-03-12,1355,Terra,MODIS,100,61.03,298.5,156.8,N,0
0.2223,102.2649,399,1.4,1.2,2026-03-12,1355,Terra,MODIS,100,61.03,303.6,388,N,0
0.1996,102.2684,325,1.1,1,2026-03-12,2031,Aqua,MODIS,100,61.03,292.6,22.9,N,0
1.8422,101.6698,302.7,1,1,2026-03-12,2031,Aqua,MODIS,51,61.03,291.2,3.2,N,0
1.8409,101.6786,307.7,1,1,2026-03-12,2031,Aqua,MODIS,72,61.03,292,6.3,N,0
1.7931,101.6983,303.4,1,1,2026-03-12,2031,Aqua,MODIS,55,61.03,291.6,3.8,N,0
0.3514,103.0962,302.5,1.1,1.1,2026-03-12,2031,Aqua,MODIS,50,61.03,291.3,4.6,N,0
0.2517,102.9086,304.5,1.1,1.1,2026-03-12,2031,Aqua,MODIS,60,61.03,290.8,6.2,N,0
0.2502,102.9183,301.6,1.1,1.1,2026-03-12,2031,Aqua,MODIS,42,61.03,290.5,4.3,N,0
0.1771,102.912,301.3,1.1,1.1,2026-03-12,2031,Aqua,MODIS,39,61.03,291.3,3.8,N,0
0.2355,102.2737,315.1,1.1,1,2026-03-12,2031,Aqua,MODIS,91,61.03,291.9,13.6,N,0
0.2341,102.2829,304.8,1.1,1,2026-03-12,2031,Aqua,MODIS,62,61.03,291.2,5.7,N,0
0.2279,102.2632,317.1,1.1,1,2026-03-12,2031,Aqua,MODIS,94,61.03,292.7,14.5,N,0
0.2265,102.2724,369.1,1.1,1,2026-03-12,2031,Aqua,MODIS,100,61.03,301.3,121,N,0
0.2251,102.2815,328.5,1.1,1,2026-03-12,2031,Aqua,MODIS,100,61.03,294.7,27.8,N,0
0.2203,102.2527,334.8,1.1,1,2026-03-12,2031,Aqua,MODIS,100,61.03,292.1,36.6,N,0
0.2189,102.2619,406.4,1.1,1,2026-03-12,2031,Aqua,MODIS,100,61.03,305.7,315.5,N,0
0.2175,102.271,365.2,1.1,1,2026-03-12,2031,Aqua,MODIS,100,61.03,303.8,107.3,N,0
0.2161,102.2802,349.6,1.1,1,2026-03-12,2031,Aqua,MODIS,100,61.03,297.3,65.4,N,0
0.2099,102.2606,347.6,1.1,1,2026-03-12,2031,Aqua,MODIS,100,61.03,297.2,60.3,N,0
0.2085,102.2697,332.7,1.1,1,2026-03-12,2031,Aqua,MODIS,100,61.03,295.5,33,N,0
0.2024,102.2501,302.6,1.1,1,2026-03-12,2031,Aqua,MODIS,47,61.03,291.9,3.5,N,0
0.201,102.2592,367.1,1.1,1,2026-03-12,2031,Aqua,MODIS,100,61.03,297.5,114.1,N,0
-3.9067,122.4208,314.9,1.2,1.1,2026-03-13,0037,Terra,MODIS,72,61.03,295.5,9.8,D,2
-3.8739,122.3942,313.7,1.2,1.1,2026-03-13,0037,Terra,MODIS,61,61.03,294.8,8.5,D,2
0.2055,102.2752,319.8,1,1,2026-03-13,0214,Terra,MODIS,52,61.03,293.2,11.4,D,0
0.2144,102.2764,342.2,1,1,2026-03-13,0214,Terra,MODIS,92,61.03,296.4,41.5,D,0
0.2234,102.2777,347.1,1,1,2026-03-13,0214,Terra,MODIS,94,61.03,296.1,51.3,D,0
0.2247,102.2685,423.3,1,1,2026-03-13,0214,Terra,MODIS,100,61.03,304.5,444.1,D,0
0.226,102.2594,382.5,1,1,2026-03-13,0214,Terra,MODIS,100,61.03,294.7,167.1,D,0
0.2437,102.9082,313.6,1.1,1,2026-03-13,0214,Terra,MODIS,59,61.03,293.4,9.4,D,0
0.3124,102.748,311.6,1.1,1,2026-03-13,0214,Terra,MODIS,64,61.03,295.3,7.4,D,0
1.7847,101.6941,318.9,1,1,2026-03-13,0214,Terra,MODIS,63,61.03,296.6,9.7,D,0
-0.7918,102.9868,314.2,1.1,1.1,2026-03-13,0214,Terra,MODIS,69,61.03,294.9,9.2,D,0
1.8412,101.6751,322.4,1,1,2026-03-13,0214,Terra,MODIS,71,61.03,296.9,13.7,D,0
-0.0329,103.04,310.4,1.1,1.1,2026-03-13,0214,Terra,MODIS,57,61.03,294.8,7.3,D,0
-7.0538,107.756,308.9,3.2,1.7,2026-03-13,0216,Terra,MODIS,60,61.03,294,29.2,D,2
-7.0532,107.7495,309.4,3.2,1.7,2026-03-13,0216,Terra,MODIS,41,61.03,294,29.6,D,2
-3.8489,120.2347,320.2,1,1,2026-03-13,0711,Aqua,MODIS,40,61.03,299.5,5.9,D,0
-3.9608,120.0412,316.8,1.1,1,2026-03-13,0711,Aqua,MODIS,51,61.03,299.9,6.2,D,0
-3.9031,120.2493,323.1,1,1,2026-03-13,0711,Aqua,MODIS,74,61.03,299.6,10,D,0
-3.9044,120.2402,327.5,1,1,2026-03-13,0711,Aqua,MODIS,79,61.03,299.7,15.7,D,0
-3.9087,120.147,319.6,1.1,1,2026-03-13,0711,Aqua,MODIS,69,61.03,301.6,6.8,D,0
-3.8734,120.3285,323,1,1,2026-03-13,0711,Aqua,MODIS,60,61.03,301.1,8.7,D,0
-3.8825,120.193,319.3,1.1,1,2026-03-13,0711,Aqua,MODIS,58,61.03,299.4,8.8,D,0
-3.8337,120.2139,319.9,1,1,2026-03-13,0711,Aqua,MODIS,61,61.03,297.3,7.1,D,0
-3.835,120.2048,318.9,1,1,2026-03-13,0711,Aqua,MODIS,59,61.03,297.1,7.1,D,0
-3.8207,120.24,320.1,1,1,2026-03-13,0711,Aqua,MODIS,61,61.03,299,7.2,D,0
-3.7911,120.1273,331.3,1.1,1,2026-03-13,0711,Aqua,MODIS,84,61.03,299.2,23.4,D,0
-2.4863,119.5115,308.7,1.1,1,2026-03-13,0711,Aqua,MODIS,67,61.03,289,5.6,D,0
-2.4877,119.5021,308.5,1.1,1,2026-03-13,0711,Aqua,MODIS,66,61.03,289.1,5.3,D,0
-1.5353,113.0799,313,3,1.7,2026-03-13,0712,Aqua,MODIS,53,61.03,293.4,30.1,D,0
-1.5369,113.0849,314,3,1.7,2026-03-13,0712,Aqua,MODIS,65,61.03,293.1,36.5,D,0
-1.9547,112.6287,315.2,3.4,1.7,2026-03-13,0712,Aqua,MODIS,67,61.03,293.4,50.2,D,0
-1.9523,112.6328,317.1,3.4,1.7,2026-03-13,0712,Aqua,MODIS,63,61.03,293.1,60.1,D,0
4.2525,98.2152,312.8,1.3,1.1,2026-03-13,0852,Aqua,MODIS,0,61.03,290,8.1,D,0
4.1088,96.2418,312.6,1,1,2026-03-13,0852,Aqua,MODIS,34,61.03,290.8,6.4,D,0
4.3055,96.0665,314.1,1,1,2026-03-13,0852,Aqua,MODIS,60,61.03,298,6,D,0
4.4464,96.085,312.6,1,1,2026-03-13,0852,Aqua,MODIS,65,61.03,297.4,5.4,D,0
0.2212,102.2701,315.9,2.2,1.4,2026-03-13,1434,Terra,MODIS,68,61.03,280.9,42.5,N,0
0.2184,102.2506,312.6,2.2,1.4,2026-03-13,1434,Terra,MODIS,40,61.03,281.5,32.9,N,0
0.221,102.2637,322.3,2.2,1.4,2026-03-13,1434,Terra,MODIS,100,61.03,281.6,63.1,N,0
0.2337,102.2619,309.9,2.2,1.4,2026-03-13,1434,Terra,MODIS,68,61.03,280.6,29.5,N,0
1.6103,101.5152,300.9,2,1.4,2026-03-13,1434,Terra,MODIS,28,61.03,282.4,15.5,N,0
1.5607,101.1519,308.5,1.9,1.3,2026-03-13,1434,Terra,MODIS,75,61.03,290.1,19.2,N,0
1.5585,101.1352,308.8,1.9,1.3,2026-03-13,1434,Terra,MODIS,74,61.03,289.6,20,N,0
1.5727,101.1502,311.3,1.9,1.3,2026-03-13,1434,Terra,MODIS,79,61.03,288.9,24,N,0
1.5704,101.1335,309.8,1.9,1.3,2026-03-13,1434,Terra,MODIS,65,61.03,288.5,21.4,N,0
0.5739,109.011,301.7,2.6,1.5,2026-03-13,1931,Aqua,MODIS,43,61.03,291.3,14.8,N,0
-2.5765,121.3872,306.6,2.1,1.4,2026-03-13,1932,Aqua,MODIS,69,61.03,276.7,29.5,N,2
-2.5734,121.393,303.3,2.1,1.4,2026-03-13,1932,Aqua,MODIS,54,61.03,276.7,23.1,N,2
-3.7587,120.2781,314.4,1.9,1.3,2026-03-14,0116,Terra,MODIS,57,61.03,294.8,14.2,D,0
-3.2353,112.5435,316.2,1,1,2026-03-14,0749,Aqua,MODIS,67,61.03,298.7,7.6,D,0
-6.8828,108.7748,314,1.4,1.2,2026-03-14,0749,Aqua,MODIS,62,61.03,293.8,9.1,D,2
-5.5835,105.6994,312.2,2.4,1.5,2026-03-14,0749,Aqua,MODIS,26,61.03,293.2,15.1,D,0
-3.1922,112.3963,315.8,1,1,2026-03-14,0749,Aqua,MODIS,60,61.03,299.6,6.4,D,0
-3.1717,112.4742,314.1,1,1,2026-03-14,0749,Aqua,MODIS,62,61.03,298.5,5.5,D,0
-0.3357,111.5896,319.2,1,1,2026-03-14,0750,Aqua,MODIS,73,61.03,297.4,10.9,D,0
-0.721,109.3399,312.4,1.1,1.1,2026-03-14,0750,Aqua,MODIS,55,61.03,297.6,6.5,D,0
-0.7311,109.272,332.1,1.1,1.1,2026-03-14,0750,Aqua,MODIS,85,61.03,300.4,29.2,D,0
-0.7204,109.2804,318.1,1.1,1.1,2026-03-14,0750,Aqua,MODIS,71,61.03,299.7,10.8,D,0
-0.4404,110.3022,322.4,1,1,2026-03-14,0750,Aqua,MODIS,77,61.03,298.8,14.2,D,0
-0.1914,111.9386,316.2,1,1,2026-03-14,0750,Aqua,MODIS,69,61.03,299.4,7.4,D,0
-0.1927,111.9297,314.2,1,1,2026-03-14,0750,Aqua,MODIS,65,61.03,299.7,5.7,D,0
-0.4128,110.1736,321,1,1,2026-03-14,0750,Aqua,MODIS,75,61.03,299,13.4,D,0
-0.1703,110.3806,319.2,1,1,2026-03-14,0750,Aqua,MODIS,71,61.03,298.3,9.5,D,0
0.135,109.8811,324.4,1,1,2026-03-14,0750,Aqua,MODIS,78,61.03,297.8,15.5,D,0
0.4098,110.555,322.3,1,1,2026-03-14,0750,Aqua,MODIS,75,61.03,299.3,13.1,D,0
0.4085,110.5463,315,1,1,2026-03-14,0750,Aqua,MODIS,63,61.03,299.1,6.1,D,0
0.3138,109.5898,319.5,1.1,1,2026-03-14,0750,Aqua,MODIS,71,61.03,296.6,11.2,D,0
0.3125,109.5805,323.2,1.1,1,2026-03-14,0750,Aqua,MODIS,76,61.03,296.9,15.3,D,0
0.3153,109.09,317,1.1,1.1,2026-03-14,0750,Aqua,MODIS,34,61.03,299.3,7.1,D,0
0.4549,109.7909,313.3,1,1,2026-03-14,0750,Aqua,MODIS,61,61.03,298.1,5.5,D,0
0.4535,109.7818,321,1,1,2026-03-14,0750,Aqua,MODIS,74,61.03,298.4,13,D,0
0.4867,109.4411,331.8,1.1,1,2026-03-14,0750,Aqua,MODIS,85,61.03,298.9,28.5,D,0
0.4853,109.4318,319.9,1.1,1,2026-03-14,0750,Aqua,MODIS,74,61.03,299,13.4,D,0
0.766,110.5852,311.9,1,1,2026-03-14,0750,Aqua,MODIS,60,61.03,298.1,4.7,D,0
-2.5793,112.9159,320.6,1,1,2026-03-14,0750,Aqua,MODIS,72,61.03,301.1,10.2,D,0
-2.5807,112.9068,322.4,1,1,2026-03-14,0750,Aqua,MODIS,75,61.03,301.2,11.8,D,0
-2.796,110.4944,330.8,1,1,2026-03-14,0750,Aqua,MODIS,46,61.03,301.8,19.3,D,0
-2.7797,110.4769,318.6,1,1,2026-03-14,0750,Aqua,MODIS,33,61.03,301.5,8.1,D,0
-2.699,110.5301,319.6,1,1,2026-03-14,0750,Aqua,MODIS,72,61.03,301.4,8.7,D,0
-2.6861,110.556,320,1,1,2026-03-14,0750,Aqua,MODIS,60,61.03,305.2,9.7,D,0
-2.5013,110.9909,320.4,1,1,2026-03-14,0750,Aqua,MODIS,71,61.03,299.2,11.7,D,0
-2.5608,110.4605,316.3,1,1,2026-03-14,0750,Aqua,MODIS,57,61.03,302.3,6.6,D,0
-2.4351,110.4355,320.5,1,1,2026-03-14,0750,Aqua,MODIS,71,61.03,306.2,11.4,D,0
-2.4261,110.4342,325.3,1,1,2026-03-14,0750,Aqua,MODIS,78,61.03,304.2,16,D,0
-2.285,111.1446,319.3,1,1,2026-03-14,0750,Aqua,MODIS,67,61.03,302.2,8,D,0
-2.3569,110.2785,331.4,1.1,1,2026-03-14,0750,Aqua,MODIS,83,61.03,298.3,26.3,D,0
-2.3582,110.2692,331.4,1.1,1,2026-03-14,0750,Aqua,MODIS,83,61.03,298.7,26.2,D,0
-2.0808,111.0933,319,1,1,2026-03-14,0750,Aqua,MODIS,70,61.03,300.5,8.1,D,0
-2.0168,111.1399,328.6,1,1,2026-03-14,0750,Aqua,MODIS,81,61.03,302,18.6,D,0
-2.0181,111.1312,334,1,1,2026-03-14,0750,Aqua,MODIS,86,61.03,301.6,26,D,0
-1.9826,111.251,345.1,1,1,2026-03-14,0750,Aqua,MODIS,93,61.03,301,44.4,D,0
-1.9839,111.2422,321,1,1,2026-03-14,0750,Aqua,MODIS,73,61.03,301.9,10.3,D,0
-1.8784,111.2744,326.4,1,1,2026-03-14,0750,Aqua,MODIS,80,61.03,299.7,17,D,0
-1.8697,111.2731,323.9,1,1,2026-03-14,0750,Aqua,MODIS,78,61.03,299,14.9,D,0
-1.7725,111.5458,316.1,1,1,2026-03-14,0750,Aqua,MODIS,56,61.03,299.6,7,D,0
-1.8535,110.0549,335.7,1.1,1,2026-03-14,0750,Aqua,MODIS,0,61.03,295,33.2,D,0
-1.8155,110.1905,347,1.1,1,2026-03-14,0750,Aqua,MODIS,94,61.03,302.1,49.8,D,0
-1.8169,110.1813,375.2,1.1,1,2026-03-14,0750,Aqua,MODIS,94,61.03,305.9,134.7,D,0
-1.8063,110.1825,322.9,1.1,1,2026-03-14,0750,Aqua,MODIS,77,61.03,300.7,14.9,D,0
-1.7879,110.2452,315.7,1,1,2026-03-14,0750,Aqua,MODIS,56,61.03,300.6,7,D,0
-1.7893,110.2361,322.1,1,1,2026-03-14,0750,Aqua,MODIS,76,61.03,302.2,13.2,D,0
-1.7906,110.2269,335.6,1,1,2026-03-14,0750,Aqua,MODIS,87,61.03,302.2,29.6,D,0
-1.7919,110.2178,348.5,1,1,2026-03-14,0750,Aqua,MODIS,95,61.03,302.3,53.4,D,0
-1.7803,110.2347,328.8,1,1,2026-03-14,0750,Aqua,MODIS,58,61.03,301,19.1,D,0
-1.7817,110.2256,331,1,1,2026-03-14,0750,Aqua,MODIS,49,61.03,302.9,20.7,D,0
-1.783,110.2165,344.5,1,1,2026-03-14,0750,Aqua,MODIS,80,61.03,305.2,44,D,0
-1.7843,110.2073,320.3,1.1,1,2026-03-14,0750,Aqua,MODIS,43,61.03,302.6,9.4,D,0
-1.7624,110.2321,330.9,1,1,2026-03-14,0750,Aqua,MODIS,79,61.03,302.4,23,D,0
-1.7637,110.223,346,1,1,2026-03-14,0750,Aqua,MODIS,71,61.03,303.5,48.3,D,0
-1.7483,110.0139,312.7,1.1,1,2026-03-14,0750,Aqua,MODIS,58,61.03,298.3,5.3,D,0
-1.1725,109.6576,326.5,1.1,1,2026-03-14,0750,Aqua,MODIS,81,61.03,298.1,20.6,D,0
-1.1232,109.7402,313.9,1.1,1,2026-03-14,0750,Aqua,MODIS,64,61.03,299,6.3,D,0
-1.1246,109.7308,315,1.1,1,2026-03-14,0750,Aqua,MODIS,64,61.03,299.1,6.9,D,0
-1.0067,109.5919,318.5,1.1,1,2026-03-14,0750,Aqua,MODIS,72,61.03,298.4,11.1,D,0
-1.008,109.5824,317.4,1.1,1,2026-03-14,0750,Aqua,MODIS,70,61.03,299.9,9.8,D,0
-0.7296,109.3958,332,1.1,1,2026-03-14,0750,Aqua,MODIS,85,61.03,298.7,29.7,D,0
1.79,101.6762,313.2,3.8,1.8,2026-03-14,0751,Aqua,MODIS,41,61.03,289,43.7,D,0
1.2593,109.354,312.9,1.1,1,2026-03-14,0751,Aqua,MODIS,61,61.03,296.5,6.2,D,0
1.1704,109.1923,309.3,1.1,1,2026-03-14,0751,Aqua,MODIS,38,61.03,293.2,3.6,D,0
1.0629,109.3383,370.4,1.1,1,2026-03-14,0751,Aqua,MODIS,100,61.03,300.2,122.5,D,0
1.0643,109.3476,343,1.1,1,2026-03-14,0751,Aqua,MODIS,92,61.03,298.9,45.8,D,0
0.7404,108.9076,318.7,1.1,1.1,2026-03-14,0751,Aqua,MODIS,73,61.03,299,11.8,D,0
0.7418,108.9174,313.4,1.1,1.1,2026-03-14,0751,Aqua,MODIS,64,61.03,298.6,6.4,D,0
2.0499,101.1587,307.7,4.1,1.9,2026-03-14,0751,Aqua,MODIS,42,61.03,282.8,28.5,D,0
1.8307,101.6656,310.1,3.8,1.8,2026-03-14,0751,Aqua,MODIS,20,61.03,288.6,31.1,D,0
1.1168,102.774,316.2,3.2,1.7,2026-03-14,0751,Aqua,MODIS,65,61.03,287.8,48.5,D,0
1.7833,101.6729,313.2,3.8,1.8,2026-03-14,0751,Aqua,MODIS,37,61.03,288.9,42.8,D,0
1.0046,111.2729,312.2,1,1,2026-03-14,0751,Aqua,MODIS,60,61.03,297.5,5.8,D,0
0.5685,108.995,354.8,1.1,1.1,2026-03-14,0751,Aqua,MODIS,97,61.03,303.1,75.5,D,0
0.5671,108.9853,319.1,1.1,1.1,2026-03-14,0751,Aqua,MODIS,55,61.03,301,9.2,D,0
1.1178,102.767,314.3,3.2,1.7,2026-03-14,0751,Aqua,MODIS,48,61.03,288.5,35.7,D,0
1.7885,101.7052,313.1,3.8,1.8,2026-03-14,0751,Aqua,MODIS,21,61.03,289,38.5,D,0
-8.1166,112.9222,300.8,1,1,2026-03-14,1333,Terra,MODIS,33,61.03,273.9,7.5,N,1
-2.0552,110.4442,302,1,1,2026-03-14,1334,Terra,MODIS,46,61.03,291.5,3.5,N,0
-2.2635,112.2064,303.5,1,1,2026-03-14,1334,Terra,MODIS,55,61.03,292.9,3.9,N,0
-2.0145,111.1466,305.4,1,1,2026-03-14,1334,Terra,MODIS,64,61.03,293.7,4.3,N,0
-2.0157,111.1379,313.2,1,1,2026-03-14,1334,Terra,MODIS,87,61.03,293.9,9.8,N,0
-1.9823,111.2495,308.1,1,1,2026-03-14,1334,Terra,MODIS,73,61.03,293.6,6.1,N,0
-1.9709,111.2509,335.1,1,1,2026-03-14,1334,Terra,MODIS,100,61.03,293.6,34.3,N,0
-1.9721,111.2422,314.7,1,1,2026-03-14,1334,Terra,MODIS,90,61.03,293.1,11.3,N,0
-1.7832,110.2142,306.9,1,1,2026-03-14,1334,Terra,MODIS,64,61.03,292.4,5.7,N,0
-1.7616,110.2387,307.1,1,1,2026-03-14,1334,Terra,MODIS,65,61.03,294.5,5.7,N,0
-1.7628,110.2297,335.9,1,1,2026-03-14,1334,Terra,MODIS,100,61.03,296.9,35.9,N,0
-1.7641,110.2207,329.8,1,1,2026-03-14,1334,Terra,MODIS,100,61.03,295.7,26.8,N,0
-1.2967,110.064,305.8,1,1,2026-03-14,1334,Terra,MODIS,61,61.03,292.4,5.1,N,0
-0.7256,109.2639,304.3,1.1,1,2026-03-14,1335,Terra,MODIS,53,61.03,293.3,4,N,0
-0.7243,109.2734,309.8,1.1,1,2026-03-14,1335,Terra,MODIS,76,61.03,293.6,8,N,0
0.5726,108.9978,303.5,1.2,1.1,2026-03-14,2009,Aqua,MODIS,56,61.03,286.2,6.7,N,0
-1.9741,111.2539,305.6,1.9,1.3,2026-03-14,2010,Aqua,MODIS,65,61.03,291.3,15,N,0
0.7876,127.3807,312.2,1.3,1.1,2026-03-15,0016,Terra,MODIS,0,61.03,296.6,9.8,D,2
0.4575,110.8402,311.9,1.7,1.3,2026-03-15,0154,Terra,MODIS,67,61.03,290.6,16.5,D,0
0.5655,109.0003,314.2,1.3,1.1,2026-03-15,0154,Terra,MODIS,60,61.03,292.2,9,D,0
0.8737,104.2227,314.7,1.1,1,2026-03-15,0154,Terra,MODIS,39,61.03,292.6,8.9,D,0
-6.1004,105.4233,313.1,1,1,2026-03-15,0156,Terra,MODIS,57,61.03,301.2,7.7,D,3
-6.4493,107.6153,310.9,1.3,1.1,2026-03-15,0156,Terra,MODIS,53,61.03,295,6.8,D,0
-6.4346,107.3599,312.9,1.2,1.1,2026-03-15,0156,Terra,MODIS,23,61.03,296.5,6.9,D,0
-6.6384,108.0315,316.5,1.4,1.2,2026-03-15,0156,Terra,MODIS,69,61.03,292.9,16,D,2
-6.8744,108.7722,313,1.6,1.2,2026-03-15,0156,Terra,MODIS,65,61.03,292.9,10.7,D,0
-6.8939,107.4996,311.2,1.3,1.1,2026-03-15,0156,Terra,MODIS,35,61.03,295.1,6.8,D,2
-6.9312,107.7021,312.8,1.3,1.1,2026-03-15,0156,Terra,MODIS,37,61.03,294.5,6.4,D,2
-6.9652,107.8037,312.9,1.3,1.1,2026-03-15,0156,Terra,MODIS,54,61.03,293.9,10.4,D,2
-6.97,107.6155,316.2,1.3,1.1,2026-03-15,0156,Terra,MODIS,51,61.03,296.1,8.4,D,2
-7.0484,107.7387,309.6,1.3,1.1,2026-03-15,0156,Terra,MODIS,58,61.03,292.9,6.7,D,2
-7.05,107.7503,309.8,1.3,1.1,2026-03-15,0156,Terra,MODIS,62,61.03,293.3,6.9,D,2
-4.8419,103.456,331.9,1,1,2026-03-15,0827,Aqua,MODIS,85,61.03,298.1,27.1,D,0
-6.0998,105.4202,314.5,1.2,1.1,2026-03-15,0827,Aqua,MODIS,61,61.03,302.5,11.3,D,3
-4.8473,103.6723,318.4,1,1,2026-03-15,0827,Aqua,MODIS,70,61.03,294.3,12.9,D,0
-4.8432,103.4471,314.8,1,1,2026-03-15,0827,Aqua,MODIS,64,61.03,297.8,8.2,D,0
-4.7113,103.4657,315.1,1,1,2026-03-15,0827,Aqua,MODIS,65,61.03,296.7,9.3,D,0
-3.9356,103.4597,312.4,1,1,2026-03-15,0827,Aqua,MODIS,61,61.03,296.5,5.9,D,0
-3.4035,103.1249,329.7,1,1,2026-03-15,0828,Aqua,MODIS,83,61.03,299.6,22.6,D,0
-0.8132,101.6457,311.3,1,1,2026-03-15,0828,Aqua,MODIS,49,61.03,293.1,6.9,D,0
-3.4021,103.1337,316.3,1,1,2026-03-15,0828,Aqua,MODIS,67,61.03,298.5,8.1,D,0
-3.0733,103.9205,312.6,1.1,1,2026-03-15,0828,Aqua,MODIS,59,61.03,297.8,5.2,D,0
-3.7073,102.3755,315.6,1,1,2026-03-15,0828,Aqua,MODIS,67,61.03,296.9,7.5,D,0
-3.2524,105.2522,313,1.3,1.1,2026-03-15,0828,Aqua,MODIS,47,61.03,293.9,9.3,D,0
0.224,102.2728,325,1,1,2026-03-15,0829,Aqua,MODIS,81,61.03,296.2,18.1,D,0
0.2227,102.264,314.7,1,1,2026-03-15,0829,Aqua,MODIS,52,61.03,294.7,8.1,D,0
4.8821,97.5022,350.1,1.3,1.1,2026-03-15,0830,Aqua,MODIS,95,61.03,296.7,80.2,D,0
4.8804,97.4911,315.9,1.3,1.1,2026-03-15,0830,Aqua,MODIS,65,61.03,295.6,11.3,D,0
4.9081,97.4755,314.6,1.3,1.1,2026-03-15,0830,Aqua,MODIS,62,61.03,294.6,10.7,D,0
0.2276,102.2767,309.6,1.1,1,2026-03-15,1414,Terra,MODIS,37,61.03,291.7,7.6,N,0
0.2264,102.2675,315.1,1.1,1,2026-03-15,1414,Terra,MODIS,91,61.03,292.4,12.2,N,0
0.2083,102.27,308.9,1.1,1,2026-03-15,1414,Terra,MODIS,46,61.03,291.6,7.2,N,0
1.8392,101.6716,306.2,1,1,2026-03-15,1415,Terra,MODIS,67,61.03,291.4,6.1,N,0
-3.9045,122.4178,301.3,1.1,1,2026-03-15,1910,Aqua,MODIS,24,61.03,290.2,4.3,N,2
-0.9612,119.8942,308.8,1,1,2026-03-16,0055,Terra,MODIS,61,61.03,285.2,3.6,D,0
-3.4705,127.3488,310.6,2.7,1.6,2026-03-16,0056,Terra,MODIS,25,61.03,289.8,24.6,D,3
-3.872,122.4039,313.6,1.2,1.1,2026-03-16,0056,Terra,MODIS,55,61.03,292.9,10.9,D,2
-5.2017,119.5372,314.3,1,1,2026-03-16,0056,Terra,MODIS,71,61.03,293.9,7.9,D,0
-8.4167,117.132,309.4,1.1,1,2026-03-16,0057,Terra,MODIS,57,61.03,295,4.9,D,0
4.9087,97.4758,312.6,1,1,2026-03-16,0232,Terra,MODIS,66,61.03,295.3,6.1,D,0
4.8786,97.4984,317.2,1,1,2026-03-16,0232,Terra,MODIS,73,61.03,295.7,9.2,D,0
4.8773,97.5072,322.4,1,1,2026-03-16,0232,Terra,MODIS,79,61.03,296.2,14.2,D,0
-7.3358,140.4366,319,1.2,1.1,2026-03-16,0548,Aqua,MODIS,58,61.03,294.8,14.4,D,0
-7.3372,140.4262,315.9,1.2,1.1,2026-03-16,0548,Aqua,MODIS,64,61.03,295.3,11.1,D,0
-4.0818,139.0307,323.1,1.3,1.1,2026-03-16,0549,Aqua,MODIS,82,61.03,286.2,28.7,D,0
0.5972,109.0153,307.1,1.3,1.1,2026-03-16,1947,Aqua,MODIS,70,61.03,279.8,13.1,N,0
0.3809,109.0943,307,1.3,1.1,2026-03-16,1947,Aqua,MODIS,70,61.03,289.2,9.6,N,0
0.3793,109.1052,320.4,1.3,1.1,2026-03-16,1947,Aqua,MODIS,100,61.03,291,24.5,N,0
0.3764,109.0992,318.6,1.3,1.1,2026-03-16,1947,Aqua,MODIS,97,61.03,290.8,21.8,N,0
0.3748,109.11,302.4,1.2,1.1,2026-03-16,1947,Aqua,MODIS,21,61.03,290.4,5.2,N,0
-1.7567,110.2256,304.5,1.1,1,2026-03-16,1948,Aqua,MODIS,60,61.03,291.3,5.3,N,0
-1.7581,110.2347,304.3,1.1,1,2026-03-16,1948,Aqua,MODIS,59,61.03,291.3,5.2,N,0
-1.7656,110.2242,316.5,1.1,1,2026-03-16,1948,Aqua,MODIS,93,61.03,291.8,13.2,N,0
-1.767,110.2334,311.5,1.1,1,2026-03-16,1948,Aqua,MODIS,70,61.03,291.9,9.3,N,0
-1.7849,110.2307,301.9,1.1,1,2026-03-16,1948,Aqua,MODIS,45,61.03,291,3.6,N,0
0.5866,109.0095,306.1,1.1,1.1,2026-03-17,0134,Terra,MODIS,53,61.03,286.9,3.9,D,0
0.5852,109.0192,307.3,1.1,1.1,2026-03-17,0134,Terra,MODIS,54,61.03,287.6,5,D,0
0.4903,108.9704,308.7,1.1,1.1,2026-03-17,0134,Terra,MODIS,58,61.03,290.8,5.1,D,0
0.3791,109.1059,315.4,1.1,1,2026-03-17,0134,Terra,MODIS,25,61.03,295.3,7.4,D,0
0.3719,109.0989,327.9,1.1,1,2026-03-17,0134,Terra,MODIS,84,61.03,296.1,24.8,D,0
-1.8925,115.8602,307.8,1.9,1.3,2026-03-17,0135,Terra,MODIS,60,61.03,281.8,16.2,D,2
-7.5609,112.609,313.3,1.3,1.1,2026-03-17,0136,Terra,MODIS,59,61.03,297.2,9.8,D,2
-6.7119,111.2005,312.9,1.1,1,2026-03-17,0136,Terra,MODIS,50,61.03,294.6,6.8,D,0
0.5082,127.899,316.7,1.4,1.2,2026-03-17,0628,Aqua,MODIS,18,61.03,298.6,11.5,D,0
-6.067,106.6216,315.3,1.1,1,2026-03-17,0805,Aqua,MODIS,47,61.03,295.6,6,D,0
-6.0683,106.612,314.8,1.1,1,2026-03-17,0805,Aqua,MODIS,42,61.03,295.6,5.8,D,0
-6.1036,105.4182,318.1,1.3,1.1,2026-03-17,0805,Aqua,MODIS,67,61.03,301.9,14.6,D,3
-6.1019,105.4293,314.8,1.3,1.1,2026-03-17,0805,Aqua,MODIS,52,61.03,299.3,10.7,D,3
-6.2494,107.2121,314.5,1,1,2026-03-17,0805,Aqua,MODIS,45,61.03,296.5,5.8,D,2
-2.6757,107.8374,314.2,1,1,2026-03-17,0806,Aqua,MODIS,61,61.03,296.3,7,D,0
-3.7817,104.4703,339.1,1.4,1.2,2026-03-17,0806,Aqua,MODIS,90,61.03,288.1,60.3,D,0
-1.6841,105.456,321.4,1.1,1.1,2026-03-17,0806,Aqua,MODIS,76,61.03,299.2,14.3,D,0
-1.6855,105.4463,314,1.1,1.1,2026-03-17,0806,Aqua,MODIS,65,61.03,299.2,6.7,D,0
-2.7069,105.9878,315.8,1.1,1,2026-03-17,0806,Aqua,MODIS,43,61.03,299.7,7.8,D,0
-2.6909,106.4091,316.1,1.1,1,2026-03-17,0806,Aqua,MODIS,64,61.03,297.7,7.8,D,0
-2.7858,106.4576,312.7,1,1,2026-03-17,0806,Aqua,MODIS,61,61.03,290.2,6.7,D,0
0.9971,102.9736,317.1,1.5,1.2,2026-03-17,0807,Aqua,MODIS,53,61.03,301,14.8,D,0
1.0945,104.5782,353.1,1.2,1.1,2026-03-17,0807,Aqua,MODIS,97,61.03,297.2,78.1,D,0
1.093,104.5681,352,1.2,1.1,2026-03-17,0807,Aqua,MODIS,96,61.03,298,74.9,D,0
1.0503,104.2805,314.5,1.2,1.1,2026-03-17,0807,Aqua,MODIS,62,61.03,298.4,6.9,D,0
1.0487,104.27,314.7,1.2,1.1,2026-03-17,0807,Aqua,MODIS,63,61.03,298.1,6.7,D,0
1.4376,101.6274,315.1,1.8,1.3,2026-03-17,0807,Aqua,MODIS,40,61.03,299.3,17.2,D,0
1.5781,101.4128,320.2,1.9,1.3,2026-03-17,0807,Aqua,MODIS,75,61.03,297.4,26.6,D,0
1.5757,101.3965,315.7,1.9,1.3,2026-03-17,0807,Aqua,MODIS,69,61.03,297.2,16.4,D,0
1.6042,101.5084,333,1.9,1.3,2026-03-17,0807,Aqua,MODIS,86,61.03,299,61.1,D,0
1.6018,101.4923,323.9,1.9,1.3,2026-03-17,0807,Aqua,MODIS,79,61.03,298,33.4,D,0
1.5999,101.504,328.5,1.9,1.3,2026-03-17,0807,Aqua,MODIS,83,61.03,298.4,44.8,D,0
1.5848,101.4069,325.5,1.9,1.3,2026-03-17,0807,Aqua,MODIS,81,61.03,297.7,38.4,D,0
1.6116,101.5023,323.8,1.9,1.3,2026-03-17,0807,Aqua,MODIS,79,61.03,298.6,32.1,D,0
1.7739,101.6489,317.6,1.8,1.3,2026-03-17,0807,Aqua,MODIS,68,61.03,296.4,20.4,D,0
1.8331,101.6664,318,1.8,1.3,2026-03-17,0807,Aqua,MODIS,33,61.03,300.7,18.9,D,0
2.0719,100.9385,312.5,2,1.4,2026-03-17,0807,Aqua,MODIS,50,61.03,295.3,14.5,D,0
2.076,100.9328,318.6,2,1.4,2026-03-17,0807,Aqua,MODIS,74,61.03,295.3,29.2,D,0
2.0733,100.9154,317.2,2,1.4,2026-03-17,0807,Aqua,MODIS,72,61.03,295.8,25.1,D,0
3.8229,108.251,324.1,1.1,1.1,2026-03-17,0808,Aqua,MODIS,73,61.03,297.9,18.9,D,0
4.7903,97.6013,310.3,3.4,1.7,2026-03-17,0808,Aqua,MODIS,30,61.03,291.9,30.4,D,0
-6.0008,105.984,308.6,1,1,2026-03-17,1352,Terra,MODIS,47,61.03,294.4,6,N,0
-2.8041,106.3243,307.2,1,1,2026-03-17,1353,Terra,MODIS,71,61.03,293,5.8,N,0
-4.2909,104.817,304,1.1,1.1,2026-03-17,1353,Terra,MODIS,58,61.03,292.5,4.2,N,0
-3.3846,104.0373,304,1.2,1.1,2026-03-17,1353,Terra,MODIS,58,61.03,287.8,5.5,N,0
1.049,104.2704,304.4,1.1,1,2026-03-17,1354,Terra,MODIS,52,61.03,292.7,4.6,N,0
-1.8978,105.8227,300.9,1,1,2026-03-17,1354,Terra,MODIS,35,61.03,286.1,3.6,N,0
0.6652,103.4349,330,1.2,1.1,2026-03-17,1354,Terra,MODIS,100,61.03,293.9,33.1,N,0
-1.5724,103.6878,303.6,1.2,1.1,2026-03-17,1354,Terra,MODIS,56,61.03,285.3,5.8,N,0
0.6667,103.4451,334.6,1.2,1.1,2026-03-17,1354,Terra,MODIS,100,61.03,294.6,40.7,N,0
1.7731,101.6483,305.3,1.5,1.2,2026-03-17,1355,Terra,MODIS,64,61.03,282.5,9.9,N,0
1.7815,101.6573,332.4,1,1,2026-03-17,2025,Aqua,MODIS,100,61.03,293.7,32.1,N,0
1.8424,101.6754,303.8,1,1,2026-03-17,2025,Aqua,MODIS,57,61.03,292.3,4.1,N,0
1.7726,101.656,321.9,1,1,2026-03-17,2025,Aqua,MODIS,100,61.03,292.3,19.2,N,0
1.6508,101.4778,305.7,1,1,2026-03-17,2025,Aqua,MODIS,65,61.03,291.7,5.3,N,0
1.6494,101.4869,317,1,1,2026-03-17,2025,Aqua,MODIS,94,61.03,292.5,14.2,N,0
1.611,101.4998,305.1,1,1,2026-03-17,2025,Aqua,MODIS,63,61.03,292.1,5.4,N,0
1.6096,101.5089,318.5,1,1,2026-03-17,2025,Aqua,MODIS,97,61.03,293.1,16.1,N,0
0.6708,103.4384,311.6,1,1,2026-03-17,2026,Aqua,MODIS,83,61.03,292,10,N,0
0.6694,103.4473,319.9,1,1,2026-03-17,2026,Aqua,MODIS,99,61.03,293.2,17.1,N,0
0.2093,102.2726,306.3,1,1,2026-03-17,2026,Aqua,MODIS,68,61.03,291.9,5.6,N,0
1.4972,127.6318,320.8,1.1,1,2026-03-18,0035,Terra,MODIS,73,61.03,291.5,19.1,D,1
1.4959,127.6412,311.5,1.1,1,2026-03-18,0035,Terra,MODIS,49,61.03,289,10.4,D,1
0.4869,127.9891,313.3,1.1,1.1,2026-03-18,0035,Terra,MODIS,27,61.03,294,8.7,D,2
-1.4556,127.4434,312.2,1.1,1.1,2026-03-18,0035,Terra,MODIS,0,61.03,291.5,9.4,D,2
1.7748,101.6661,313.4,1,1,2026-03-18,0213,Terra,MODIS,64,61.03,296.4,6.3,D,0
2.1992,101.0132,317.7,1,1,2026-03-18,0213,Terra,MODIS,72,61.03,292.1,11.4,D,0
2.0742,100.9273,315.4,1,1,2026-03-18,0213,Terra,MODIS,69,61.03,293.9,8.2,D,0
2.073,100.936,311.1,1,1,2026-03-18,0213,Terra,MODIS,53,61.03,293.9,5,D,0
1.8363,101.6746,323,1,1,2026-03-18,0213,Terra,MODIS,45,61.03,300.2,13.1,D,0
1.7886,101.6947,319.4,1,1,2026-03-18,0213,Terra,MODIS,70,61.03,299.4,9.5,D,0
1.7773,101.6486,337.9,1,1,2026-03-18,0213,Terra,MODIS,89,61.03,297.1,34.6,D,0
1.776,101.6574,358.9,1,1,2026-03-18,0213,Terra,MODIS,99,61.03,300,78.2,D,0
1.6519,101.4853,323.7,1,1,2026-03-18,0213,Terra,MODIS,78,61.03,297,14.7,D,0
1.6042,101.5054,317.9,1,1,2026-03-18,0213,Terra,MODIS,72,61.03,295.9,10,D,0
0.6622,103.4414,313.1,1.2,1.1,2026-03-18,0213,Terra,MODIS,64,61.03,291.3,10,D,0
0.1934,102.2618,311.3,1,1,2026-03-18,0214,Terra,MODIS,22,61.03,294.1,5.6,D,0
1.7955,101.6956,321.8,1.6,1.2,2026-03-18,0845,Aqua,MODIS,50,61.03,301.3,17.1,D,0
1.61,101.5048,344.1,1.5,1.2,2026-03-18,0845,Aqua,MODIS,92,61.03,300.8,78.7,D,0
1.7846,101.6972,335.9,1.6,1.2,2026-03-18,0845,Aqua,MODIS,87,61.03,301.8,52.5,D,0
4.7174,97.1322,312.8,1,1,2026-03-18,0846,Aqua,MODIS,63,61.03,298.3,7.4,D,0
4.4436,95.9004,332.6,1,1,2026-03-18,0846,Aqua,MODIS,82,61.03,301.9,25,D,0
4.4449,95.9093,334.1,1,1,2026-03-18,0846,Aqua,MODIS,87,61.03,300,27.4,D,0
4.6491,97.6119,313.8,1,1,2026-03-18,0846,Aqua,MODIS,67,61.03,297.4,6.2,D,0
4.462,97.2247,316.8,1,1,2026-03-18,0846,Aqua,MODIS,45,61.03,300.5,5.5,D,0
4.291,96.2413,319.1,1,1,2026-03-18,0846,Aqua,MODIS,75,61.03,298.9,10.6,D,0
4.2787,98.0494,322.6,1.1,1,2026-03-18,0846,Aqua,MODIS,79,61.03,298,12.9,D,0
4.2977,96.3477,326.6,1,1,2026-03-18,0846,Aqua,MODIS,82,61.03,298.5,18,D,0
4.8812,97.5015,316.4,1,1,2026-03-18,0846,Aqua,MODIS,72,61.03,296.8,8.1,D,0
4.7161,97.1234,314,1,1,2026-03-18,0846,Aqua,MODIS,67,61.03,298.4,8.1,D,0
2.5328,97.6646,312.7,1,1,2026-03-18,0846,Aqua,MODIS,42,61.03,292.8,6.6,D,0
0.2208,102.2714,305.1,2.2,1.4,2026-03-18,1433,Terra,MODIS,52,61.03,291.7,13.4,N,0
0.221,102.2654,302.8,2.2,1.4,2026-03-18,1433,Terra,MODIS,52,61.03,291.6,10.6,N,0
1.649,101.4921,304.3,2,1.4,2026-03-18,1434,Terra,MODIS,59,61.03,292.4,10.8,N,0
1.6086,101.5041,305.9,2,1.4,2026-03-18,1434,Terra,MODIS,66,61.03,292.6,15.6,N,0
1.655,101.4798,309.3,2,1.4,2026-03-18,1434,Terra,MODIS,77,61.03,292.5,19.4,N,0
1.6467,101.4744,308.4,2,1.4,2026-03-18,1434,Terra,MODIS,75,61.03,292.5,18,N,0
1.7717,101.6579,306.6,2.1,1.4,2026-03-18,1434,Terra,MODIS,61,61.03,290.3,16.5,N,0
1.7893,101.6928,309,2.1,1.4,2026-03-18,1434,Terra,MODIS,76,61.03,291.2,21.5,N,0
1.7742,101.6518,311.1,2.1,1.4,2026-03-18,1434,Terra,MODIS,82,61.03,290,27.7,N,0
1.7915,101.6868,311.2,2.1,1.4,2026-03-18,1434,Terra,MODIS,82,61.03,291.1,27.8,N,0
2.4939,100.2545,303,1.7,1.3,2026-03-18,1434,Terra,MODIS,53,61.03,292.7,7.6,N,0
1.7964,101.6922,305.2,3.4,1.7,2026-03-18,2103,Aqua,MODIS,64,61.03,291.2,29.4,N,0
1.7953,101.697,306.5,3.4,1.7,2026-03-18,2103,Aqua,MODIS,66,61.03,291.2,32.3,N,0
-8.1116,112.9206,303.9,1,1,2026-03-19,0117,Terra,MODIS,33,61.03,283.1,6.7,D,1
-8.1129,112.9295,311.1,1,1,2026-03-19,0117,Terra,MODIS,66,61.03,287.5,11.5,D,1
-8.7448,116.8488,311.6,1.2,1.1,2026-03-19,0117,Terra,MODIS,51,61.03,296.5,6.9,D,2
1.7837,101.7013,312.6,4.6,2,2026-03-19,0252,Terra,MODIS,0,61.03,289,59.5,D,0
-7.0996,109.0321,312.9,1.8,1.3,2026-03-19,0743,Aqua,MODIS,59,61.03,294.3,12.2,D,2
0.5904,103.2144,318.9,4,1.9,2026-03-19,0745,Aqua,MODIS,70,61.03,292.9,78.9,D,0
0.5985,103.221,321.9,4,1.9,2026-03-19,0745,Aqua,MODIS,75,61.03,293.3,103.1,D,0
0.9437,111.9784,314.8,1,1,2026-03-19,0745,Aqua,MODIS,61,61.03,294.5,8.9,D,0
3.9836,108.2689,315.3,1.4,1.2,2026-03-19,0746,Aqua,MODIS,63,61.03,296.1,13.6,D,0
0.2273,102.2649,312.2,3.4,1.7,2026-03-19,1334,Terra,MODIS,84,61.03,290.4,56.9,N,0
0.2315,102.2943,304.4,3.4,1.7,2026-03-19,1334,Terra,MODIS,60,61.03,290.2,25.8,N,0
0.215,102.2721,308.9,3.4,1.7,2026-03-19,1334,Terra,MODIS,76,61.03,290.7,40.6,N,0
-2.3705,105.0931,304,2.2,1.4,2026-03-19,1334,Terra,MODIS,58,61.03,269.2,21.8,N,0
1.6497,101.4865,309.7,3.7,1.8,2026-03-19,1335,Terra,MODIS,77,61.03,293,52,N,0
1.651,101.4886,322.5,2.5,1.5,2026-03-19,2004,Aqua,MODIS,100,61.03,293.1,70.2,N,0
1.7918,101.693,307.2,2.4,1.5,2026-03-19,2004,Aqua,MODIS,71,61.03,292.2,21.4,N,0
1.7928,101.6879,304.8,2.4,1.5,2026-03-19,2004,Aqua,MODIS,62,61.03,292.1,17,N,0
1.6533,101.4837,319.1,2.5,1.5,2026-03-19,2004,Aqua,MODIS,98,61.03,292.9,58.4,N,0
1.6501,101.505,304.8,2.5,1.5,2026-03-19,2004,Aqua,MODIS,62,61.03,292.5,17.9,N,0
0.516,108.97,306.9,1,1,2026-03-19,2004,Aqua,MODIS,70,61.03,291.9,6.8,N,0
0.5133,108.9878,303.9,1,1,2026-03-19,2004,Aqua,MODIS,58,61.03,290.9,5,N,0
0.4529,103.4807,302.5,1.6,1.3,2026-03-19,2004,Aqua,MODIS,49,61.03,292.3,6.7,N,0
1.7867,101.6991,321.6,1.6,1.3,2026-03-20,0153,Terra,MODIS,78,61.03,293.6,26.7,D,0
0.3522,103.0958,313.8,1.3,1.1,2026-03-20,0154,Terra,MODIS,57,61.03,296.4,8.7,D,0
-6.2262,106.4066,313.9,1.1,1,2026-03-20,0155,Terra,MODIS,42,61.03,297.3,6.2,D,0
-6.0977,105.4222,312.7,1,1,2026-03-20,0155,Terra,MODIS,55,61.03,296.6,7.9,D,3
-6.0989,105.4312,311.4,1,1,2026-03-20,0155,Terra,MODIS,48,61.03,294.3,6.9,D,3
-6.4513,107.6163,312.3,1.3,1.1,2026-03-20,0155,Terra,MODIS,53,61.03,295,8,D,0
-6.6414,108.0334,308.2,1.4,1.2,2026-03-20,0155,Terra,MODIS,47,61.03,291.9,5.9,D,2
-6.8745,108.7672,310.6,1.5,1.2,2026-03-20,0155,Terra,MODIS,64,61.03,292.6,8.4,D,2
-6.8763,108.7806,310.4,1.5,1.2,2026-03-20,0155,Terra,MODIS,64,61.03,293.8,8.2,D,2
-6.9545,109.3619,316.3,1.7,1.3,2026-03-20,0155,Terra,MODIS,73,61.03,287.3,23.9,D,0
-6.8648,107.4936,312.1,1.3,1.1,2026-03-20,0155,Terra,MODIS,37,61.03,295.6,6.5,D,2
-6.8957,107.5007,311.4,1.3,1.1,2026-03-20,0155,Terra,MODIS,29,61.03,295.6,6.3,D,2
-6.9033,107.5559,316.7,1.3,1.1,2026-03-20,0155,Terra,MODIS,50,61.03,296.7,7.8,D,2
-6.9335,107.7012,312.6,1.3,1.1,2026-03-20,0155,Terra,MODIS,54,61.03,295.3,6.2,D,2
-7.0523,107.7429,311.4,1.3,1.1,2026-03-20,0155,Terra,MODIS,44,61.03,296.1,7.1,D,2
-6.1029,105.4231,313.7,1,1,2026-03-20,0821,Aqua,MODIS,51,61.03,292.8,10.5,D,3
-1.7487,105.438,312.9,1.1,1,2026-03-20,0822,Aqua,MODIS,54,61.03,296,5.9,D,0
-2.1774,102.8994,315.9,1,1,2026-03-20,0822,Aqua,MODIS,65,61.03,295.8,9,D,0
-2.1761,102.9082,328,1,1,2026-03-20,0822,Aqua,MODIS,83,61.03,295.1,21.6,D,0
-2.15,104.284,312.5,1,1,2026-03-20,0822,Aqua,MODIS,23,61.03,291.1,5.5,D,0
-2.2372,104.1318,318,1,1,2026-03-20,0822,Aqua,MODIS,72,61.03,296.9,9.4,D,0
-2.5085,103.1615,315.9,1,1,2026-03-20,0822,Aqua,MODIS,70,61.03,294.8,7.7,D,0
-3.3149,104.5272,321.2,1,1,2026-03-20,0822,Aqua,MODIS,75,61.03,293.8,13.9,D,0
0.5132,101.9741,313.5,1,1,2026-03-20,0823,Aqua,MODIS,38,61.03,296.2,6.5,D,0
-0.1793,102.4165,317.6,1,1,2026-03-20,0823,Aqua,MODIS,33,61.03,299.4,9.5,D,0
0.1717,104.5499,317.5,1.1,1,2026-03-20,0823,Aqua,MODIS,45,61.03,295.2,11,D,0
0.2361,102.9126,318.8,1,1,2026-03-20,0823,Aqua,MODIS,68,61.03,298.6,8.5,D,0
0.2385,102.8678,319.3,1,1,2026-03-20,0823,Aqua,MODIS,71,61.03,298.1,8.2,D,0
0.2372,102.8591,320.4,1,1,2026-03-20,0823,Aqua,MODIS,71,61.03,298.6,10.3,D,0
0.3468,103.0942,326.3,1,1,2026-03-20,0823,Aqua,MODIS,81,61.03,303.3,16,D,0
0.4469,103.4711,318,1,1,2026-03-20,0823,Aqua,MODIS,70,61.03,299.3,8.1,D,0
0.5979,103.2405,319.8,1,1,2026-03-20,0823,Aqua,MODIS,51,61.03,299.5,9.3,D,0
0.6066,103.2392,347.4,1,1,2026-03-20,0823,Aqua,MODIS,94,61.03,302.5,46.8,D,0
0.6054,103.2305,345.3,1,1,2026-03-20,0823,Aqua,MODIS,93,61.03,302.4,42.8,D,0
0.6041,103.2218,327.9,1,1,2026-03-20,0823,Aqua,MODIS,77,61.03,301.1,15.7,D,0
0.4856,102.2786,313.4,1,1,2026-03-20,0823,Aqua,MODIS,55,61.03,296.4,8.4,D,0
0.6481,103.2008,315,1,1,2026-03-20,0823,Aqua,MODIS,59,61.03,299.1,4.6,D,0
0.7829,103.4865,315.8,1,1,2026-03-20,0823,Aqua,MODIS,0,61.03,298.7,7.8,D,0
0.7333,102.7047,316.2,1,1,2026-03-20,0823,Aqua,MODIS,70,61.03,301.9,8,D,0
0.8983,103.4638,314,1,1,2026-03-20,0823,Aqua,MODIS,60,61.03,296.5,6.2,D,0
1.0552,104.2737,333.3,1.1,1,2026-03-20,0823,Aqua,MODIS,65,61.03,298.7,27.5,D,0
1.0915,104.3341,351.4,1.1,1,2026-03-20,0823,Aqua,MODIS,96,61.03,300.3,61.9,D,0
1.1018,104.342,338.2,1.1,1,2026-03-20,0823,Aqua,MODIS,89,61.03,300.1,35,D,0
1.1005,104.3328,325.6,1.1,1,2026-03-20,0823,Aqua,MODIS,68,61.03,298.9,15.8,D,0
1.1108,104.3407,322,1.1,1,2026-03-20,0823,Aqua,MODIS,75,61.03,299.1,13.2,D,0
1.1068,104.313,318.2,1.1,1,2026-03-20,0823,Aqua,MODIS,69,61.03,298.1,9.1,D,0
1.1054,104.3038,327,1.1,1,2026-03-20,0823,Aqua,MODIS,80,61.03,298.7,18.9,D,0
1.1097,103.9543,327.5,1,1,2026-03-20,0823,Aqua,MODIS,57,61.03,299.1,17.5,D,2
0.8338,101.764,322.9,1,1,2026-03-20,0823,Aqua,MODIS,77,61.03,296.6,17.3,D,0
0.8324,101.7549,312,1,1,2026-03-20,0823,Aqua,MODIS,28,61.03,295.9,7.6,D,0
1.1298,102.8263,319.2,1,1,2026-03-20,0823,Aqua,MODIS,72,61.03,300.5,9.7,D,0
1.1497,102.779,315.8,1,1,2026-03-20,0823,Aqua,MODIS,43,61.03,299.7,5.5,D,0
1.1484,102.7703,314.6,1,1,2026-03-20,0823,Aqua,MODIS,50,61.03,299.3,5,D,0
1.4472,101.8417,320.4,1,1,2026-03-20,0823,Aqua,MODIS,29,61.03,303.9,10.7,D,0
1.5774,101.412,318.9,1.1,1,2026-03-20,0823,Aqua,MODIS,73,61.03,297.2,11,D,0
1.6089,101.5009,317.2,1,1,2026-03-20,0823,Aqua,MODIS,69,61.03,299.1,8.3,D,0
1.6344,101.4878,334,1.1,1,2026-03-20,0823,Aqua,MODIS,87,61.03,301.6,27.4,D,0
1.633,101.4786,344.1,1.1,1,2026-03-20,0823,Aqua,MODIS,92,61.03,300,45.1,D,0
1.6433,101.4865,370.3,1.1,1,2026-03-20,0823,Aqua,MODIS,100,61.03,305.2,115.6,D,0
1.642,101.4773,411,1.1,1,2026-03-20,0823,Aqua,MODIS,100,61.03,309.5,339.7,D,0
1.6407,101.4682,344.9,1.1,1,2026-03-20,0823,Aqua,MODIS,93,61.03,300.3,45.4,D,0
1.6523,101.4851,325,1.1,1,2026-03-20,0823,Aqua,MODIS,79,61.03,300,13.7,D,0
1.651,101.476,319.2,1.1,1,2026-03-20,0823,Aqua,MODIS,57,61.03,299.5,6.6,D,0
2.5794,100.2108,317.4,1.2,1.1,2026-03-20,0824,Aqua,MODIS,58,61.03,298.3,8.8,D,0
2.6875,99.8597,313.5,1.2,1.1,2026-03-20,0824,Aqua,MODIS,70,61.03,296.6,7.4,D,0
2.5735,100.2068,315.9,1.2,1.1,2026-03-20,0824,Aqua,MODIS,58,61.03,298.5,6.7,D,0
1.7679,101.6478,355.6,1,1,2026-03-20,0824,Aqua,MODIS,98,61.03,298.4,73.5,D,0
1.7858,101.6939,328.8,1,1,2026-03-20,0824,Aqua,MODIS,36,61.03,303.7,16.4,D,0
1.7947,101.6926,327.6,1,1,2026-03-20,0824,Aqua,MODIS,63,61.03,303.1,15.3,D,0
2.1677,101.0354,317.9,1.1,1,2026-03-20,0824,Aqua,MODIS,70,61.03,300.3,9.3,D,0
2.5982,100.208,316.7,1.2,1.1,2026-03-20,0824,Aqua,MODIS,51,61.03,298.9,8.4,D,0
0.2426,102.8622,327.3,1.1,1,2026-03-20,1413,Terra,MODIS,100,61.03,294.4,27.3,N,0
0.4706,103.2522,304,1.2,1.1,2026-03-20,1413,Terra,MODIS,56,61.03,293.8,4.3,N,0
0.9056,104.1187,306.7,1.3,1.1,2026-03-20,1413,Terra,MODIS,64,61.03,294,7.2,N,0
0.8955,103.4528,331.7,1.2,1.1,2026-03-20,1413,Terra,MODIS,100,61.03,295.2,37,N,0
0.894,103.4422,308.8,1.2,1.1,2026-03-20,1413,Terra,MODIS,76,61.03,294,7.4,N,0
1.0881,104.3331,317.9,1.4,1.2,2026-03-20,1413,Terra,MODIS,95,61.03,293.8,22,N,0
0.2439,102.8718,304.3,1.1,1,2026-03-20,1413,Terra,MODIS,53,61.03,293.4,4.4,N,0
1.3982,101.6872,308.7,1,1,2026-03-20,1414,Terra,MODIS,73,61.03,294.2,6.5,N,0
1.3995,101.6962,319.1,1,1,2026-03-20,1414,Terra,MODIS,98,61.03,294.1,15.2,N,0
1.4161,101.6847,319.3,1,1,2026-03-20,1414,Terra,MODIS,98,61.03,294.5,15.2,N,0
1.7946,101.6903,304,1,1,2026-03-20,1414,Terra,MODIS,45,61.03,293.1,5.1,N,0
1.7692,101.6386,325.6,1,1,2026-03-20,1414,Terra,MODIS,100,61.03,295,22.3,N,0
1.7705,101.6476,356.7,1,1,2026-03-20,1414,Terra,MODIS,100,61.03,299.8,79,N,0
1.7717,101.6566,305.3,1,1,2026-03-20,1414,Terra,MODIS,49,61.03,294.9,4.8,N,0
1.6549,101.4777,312,1,1,2026-03-20,1414,Terra,MODIS,82,61.03,294.3,8,N,0
1.6561,101.4867,314.1,1,1,2026-03-20,1414,Terra,MODIS,87,61.03,294.5,9.6,N,0
1.6448,101.47,324.5,1,1,2026-03-20,1414,Terra,MODIS,100,61.03,294.7,20.3,N,0
1.646,101.479,360.9,1,1,2026-03-20,1414,Terra,MODIS,100,61.03,299.9,88.4,N,0
1.6473,101.4879,350.4,1,1,2026-03-20,1414,Terra,MODIS,100,61.03,298.1,62.2,N,0
1.6371,101.4802,324.6,1,1,2026-03-20,1414,Terra,MODIS,100,61.03,295.2,21.1,N,0
1.6384,101.4891,307.8,1,1,2026-03-20,1414,Terra,MODIS,69,61.03,294.7,5.9,N,0
1.4072,101.686,318.3,1,1,2026-03-20,1414,Terra,MODIS,96,61.03,294.6,14.3,N,0
1.4059,101.677,305.2,1,1,2026-03-20,1414,Terra,MODIS,56,61.03,294,4,N,0
1.4173,101.6937,320.4,1,1,2026-03-20,1414,Terra,MODIS,100,61.03,294.5,16.4,N,0
4.2843,98.0435,312.7,1.1,1.1,2026-03-20,1415,Terra,MODIS,85,61.03,294.6,10.9,N,0
1.7726,101.6557,322.3,1.2,1.1,2026-03-20,2041,Aqua,MODIS,100,61.03,294.7,26,N,0
1.7743,101.6449,322.4,1.2,1.1,2026-03-20,2041,Aqua,MODIS,100,61.03,293.9,25.8,N,0
0.2221,102.2889,303.8,1.4,1.2,2026-03-20,2042,Aqua,MODIS,31,61.03,291.8,7,N,0
0.224,102.2764,304.4,1.4,1.2,2026-03-20,2042,Aqua,MODIS,44,61.03,291.8,7.6,N,0
0.2439,102.8681,317.9,1.6,1.2,2026-03-20,2042,Aqua,MODIS,96,61.03,292.5,29.5,N,0
0.2298,102.284,307.2,1.4,1.2,2026-03-20,2042,Aqua,MODIS,59,61.03,292,10.5,N,0
-5.2013,119.537,310,1,1,2026-03-21,0056,Terra,MODIS,56,61.03,294,4.5,D,0
-5.5453,120.1962,310.9,1,1,2026-03-21,0056,Terra,MODIS,25,61.03,295.9,5.6,D,0
-8.1168,112.9233,309.9,2.2,1.4,2026-03-21,0057,Terra,MODIS,61,61.03,290.8,24,D,1
-0.2618,109.4887,314.8,3.6,1.8,2026-03-21,0723,Aqua,MODIS,64,61.03,292.8,47.2,D,0
0.6043,112.5375,311,2,1.4,2026-03-21,0723,Aqua,MODIS,52,61.03,296,12.8,D,0
-0.257,109.4927,314.5,3.6,1.8,2026-03-21,0723,Aqua,MODIS,58,61.03,293,49.7,D,0
0.599,112.5434,311.9,2,1.4,2026-03-21,0723,Aqua,MODIS,27,61.03,295.8,12.5,D,0
4.4537,95.9016,323.7,1.3,1.1,2026-03-21,0902,Aqua,MODIS,73,61.03,299.6,19.3,D,0
4.4437,95.903,328.3,1.3,1.1,2026-03-21,0902,Aqua,MODIS,77,61.03,300,26.9,D,0
0.6773,117.5632,300.9,1.1,1,2026-03-21,1314,Terra,MODIS,35,61.03,285.7,4,N,2
0.5961,109.0108,304.7,2.4,1.5,2026-03-21,1314,Terra,MODIS,61,61.03,287.9,20.3,N,0
0.5929,109.0047,305.5,2.4,1.5,2026-03-21,1314,Terra,MODIS,65,61.03,287.8,22.1,N,0
1.695,109.4634,314.4,2.1,1.4,2026-03-21,1315,Terra,MODIS,89,61.03,293.7,34.1,N,0
3.921,116.5945,304.4,1.7,1.3,2026-03-22,0132,Terra,MODIS,48,61.03,291,7.8,D,0
0.5923,109.0123,313.9,1.1,1.1,2026-03-22,0133,Terra,MODIS,64,61.03,286.6,12.5,D,0
0.5163,108.9653,317.2,1.1,1.1,2026-03-22,0134,Terra,MODIS,73,61.03,298.8,12.7,D,0
-2.1836,110.7816,317.6,1.1,1,2026-03-22,0800,Aqua,MODIS,65,61.03,290.2,12.8,D,0
-0.3312,109.1195,327.2,1,1,2026-03-22,0801,Aqua,MODIS,0,61.03,295.9,20,D,0
-0.6065,110.3891,326.2,1.1,1,2026-03-22,0801,Aqua,MODIS,82,61.03,297.5,18.5,D,0
-0.2583,109.4942,325.4,1,1,2026-03-22,0801,Aqua,MODIS,79,61.03,301.7,15.3,D,0
-0.2282,109.4537,316,1,1,2026-03-22,0801,Aqua,MODIS,66,61.03,298.9,7.6,D,0
0.2408,109.6804,320.6,1,1,2026-03-22,0801,Aqua,MODIS,75,61.03,300.1,11.4,D,0
0.3392,109.3989,322.3,1,1,2026-03-22,0801,Aqua,MODIS,77,61.03,299.4,13.5,D,0
-0.3804,110.2335,326.6,1.1,1,2026-03-22,0801,Aqua,MODIS,81,61.03,298,20.3,D,0
-1.7869,110.2229,356.6,1,1,2026-03-22,0801,Aqua,MODIS,74,61.03,292.8,75.8,D,0
-1.0177,109.6014,312.2,1,1,2026-03-22,0801,Aqua,MODIS,38,61.03,288.8,7,D,0
-1.0216,109.5749,338.5,1,1,2026-03-22,0801,Aqua,MODIS,89,61.03,289.7,36.4,D,0
-1.0228,109.5661,316.3,1,1,2026-03-22,0801,Aqua,MODIS,57,61.03,293.8,9.5,D,0
-1.0089,109.6001,330.9,1,1,2026-03-22,0801,Aqua,MODIS,83,61.03,292.7,25.8,D,0
-1.0102,109.5913,332,1,1,2026-03-22,0801,Aqua,MODIS,84,61.03,292.9,26.9,D,0
-0.8165,109.4067,328.7,1,1,2026-03-22,0801,Aqua,MODIS,84,61.03,287.8,23.7,D,0
0.3293,109.0858,316.3,1,1,2026-03-22,0801,Aqua,MODIS,67,61.03,301.4,5.6,D,0
0.3394,109.0933,372.5,1,1,2026-03-22,0801,Aqua,MODIS,100,61.03,302.8,117.6,D,0
0.3381,109.0846,337.9,1,1,2026-03-22,0801,Aqua,MODIS,89,61.03,303.8,31.8,D,0
0.3784,109.0998,326.5,1,1,2026-03-22,0801,Aqua,MODIS,43,61.03,303.5,13.1,D,0
0.4807,108.9798,325.7,1,1,2026-03-22,0801,Aqua,MODIS,81,61.03,299.8,17,D,0
0.4794,108.971,319.6,1,1,2026-03-22,0801,Aqua,MODIS,75,61.03,301.6,10.4,D,0
0.5875,109.021,321.1,1,1,2026-03-22,0801,Aqua,MODIS,64,61.03,300.9,11.1,D,0
0.5145,108.9659,319.8,1,1,2026-03-22,0801,Aqua,MODIS,65,61.03,301.3,9.2,D,0
1.6959,109.4598,343.2,1,1,2026-03-22,0801,Aqua,MODIS,80,61.03,297.2,46,D,0
1.6972,109.4689,318.9,1,1,2026-03-22,0801,Aqua,MODIS,72,61.03,297.8,12,D,0
1.687,109.4612,356.8,1,1,2026-03-22,0801,Aqua,MODIS,85,61.03,297.3,75.8,D,0
1.6883,109.4702,330.7,1,1,2026-03-22,0801,Aqua,MODIS,84,61.03,296.9,25,D,0
1.4165,109.1847,319.5,1,1,2026-03-22,0801,Aqua,MODIS,73,61.03,299.9,11.5,D,0
0.5937,109.0022,354.6,1,1,2026-03-22,0801,Aqua,MODIS,97,61.03,303.8,64.5,D,0
0.595,109.0109,369.3,1,1,2026-03-22,0801,Aqua,MODIS,100,61.03,303.3,106.1,D,0
-0.3817,110.2242,316.7,1.1,1,2026-03-22,0801,Aqua,MODIS,70,61.03,298.1,9.5,D,0
-0.2732,110.0798,335.2,1.1,1,2026-03-22,0801,Aqua,MODIS,87,61.03,297.4,32.3,D,0
0.5862,109.0122,338.3,1,1,2026-03-22,0801,Aqua,MODIS,90,61.03,303.2,32.5,D,0
-0.2745,110.0706,314.5,1.1,1,2026-03-22,0801,Aqua,MODIS,64,61.03,296.3,7.3,D,0
1.3923,101.6988,384.6,2.4,1.5,2026-03-22,0802,Aqua,MODIS,100,61.03,298,605.3,D,0
1.3945,101.7054,343.5,2.4,1.5,2026-03-22,0802,Aqua,MODIS,92,61.03,296.7,158.1,D,0
1.3914,101.6845,414.6,2.4,1.5,2026-03-22,0802,Aqua,MODIS,100,61.03,299.5,1261.8,D,0
1.389,101.678,395.7,2.4,1.5,2026-03-22,0802,Aqua,MODIS,100,61.03,298.8,811.2,D,0
1.5767,101.6158,314.4,2.4,1.5,2026-03-22,0802,Aqua,MODIS,66,61.03,297.2,18.8,D,0
1.6332,101.4543,317.2,2.5,1.5,2026-03-22,0802,Aqua,MODIS,40,61.03,296.5,26.7,D,0
1.7634,101.6252,318.7,2.4,1.5,2026-03-22,0802,Aqua,MODIS,73,61.03,296.5,37.2,D,0
1.7645,101.6396,326.7,2.4,1.5,2026-03-22,0802,Aqua,MODIS,81,61.03,297.7,66.4,D,0
1.836,101.671,325.9,2.4,1.5,2026-03-22,0802,Aqua,MODIS,81,61.03,298.2,60.3,D,0
1.849,101.669,334.1,2.4,1.5,2026-03-22,0802,Aqua,MODIS,87,61.03,297.3,99.7,D,0
1.8334,101.6662,322,2.4,1.5,2026-03-22,0802,Aqua,MODIS,77,61.03,298.1,46.6,D,0
1.8465,101.6643,345.8,2.4,1.5,2026-03-22,0802,Aqua,MODIS,93,61.03,297.7,167.4,D,0
2.1964,100.5082,309.5,2.9,1.6,2026-03-22,0802,Aqua,MODIS,0,61.03,292.2,19.5,D,0
3.871,108.2738,335.4,1,1,2026-03-22,0802,Aqua,MODIS,87,61.03,300.9,30.2,D,0
3.926,108.221,319.7,1,1,2026-03-22,0802,Aqua,MODIS,71,61.03,299.5,11.7,D,0
3.9247,108.2122,315.1,1,1,2026-03-22,0802,Aqua,MODIS,63,61.03,298.6,7.6,D,0
-1.4605,127.4421,307.8,1.4,1.2,2026-03-22,1214,Terra,MODIS,57,61.03,283.6,11.9,N,2
0.55,109.0184,308.3,1.3,1.1,2026-03-22,1353,Terra,MODIS,74,61.03,294.2,10.6,N,0
0.5898,109.0128,318,1.3,1.1,2026-03-22,1353,Terra,MODIS,96,61.03,295.4,21.3,N,0
-1.5751,103.6872,305.6,1.2,1.1,2026-03-22,1353,Terra,MODIS,63,61.03,292,6.5,N,0
0.5982,109.0002,326.7,1.3,1.1,2026-03-22,1353,Terra,MODIS,100,61.03,295.5,34.1,N,0
0.2432,102.8656,301.4,1.3,1.1,2026-03-22,1353,Terra,MODIS,34,61.03,277.5,7,N,0
0.5997,109.0115,351.3,1.3,1.1,2026-03-22,1353,Terra,MODIS,100,61.03,297.4,92.6,N,0
1.0941,101.6594,320.1,1.5,1.2,2026-03-22,1354,Terra,MODIS,100,61.03,281.4,33.5,N,0
1.3841,101.6798,317.2,1.5,1.2,2026-03-22,1354,Terra,MODIS,95,61.03,286,26.2,N,0
1.3859,101.6927,339.4,1.5,1.2,2026-03-22,1354,Terra,MODIS,100,61.03,288.9,74.6,N,0
1.1047,101.658,301.8,1.5,1.2,2026-03-22,1354,Terra,MODIS,44,61.03,279.2,9.2,N,0
1.1721,104.3538,309.5,1.1,1,2026-03-22,1354,Terra,MODIS,67,61.03,274.9,11,N,0
1.6969,109.4721,301.9,1.4,1.2,2026-03-22,1354,Terra,MODIS,30,61.03,289.7,7,N,0
1.7682,101.6405,303.1,1.5,1.2,2026-03-22,1354,Terra,MODIS,53,61.03,278.8,11,N,0
1.7982,101.7014,303.3,1.5,1.2,2026-03-22,1354,Terra,MODIS,54,61.03,280.1,10.6,N,0
1.8437,101.6762,313.3,1.5,1.2,2026-03-22,1354,Terra,MODIS,87,61.03,288.2,20.3,N,0
1.8419,101.6635,310,1.5,1.2,2026-03-22,1354,Terra,MODIS,79,61.03,289.3,15.7,N,0
1.8524,101.662,320.5,1.5,1.2,2026-03-22,1354,Terra,MODIS,100,61.03,290.4,30.4,N,0
1.8506,101.6492,311.3,1.5,1.2,2026-03-22,1354,Terra,MODIS,82,61.03,289.3,16.1,N,0
1.6529,101.4768,328.1,1.5,1.2,2026-03-22,1354,Terra,MODIS,100,61.03,285.6,46.9,N,0
1.7026,109.4646,300.8,1.4,1.2,2026-03-22,1354,Terra,MODIS,5,61.03,288.9,6.6,N,0
1.6403,101.4651,308.5,1.5,1.2,2026-03-22,1354,Terra,MODIS,56,61.03,283.2,14.5,N,0
1.6422,101.4783,308.4,1.5,1.2,2026-03-22,1354,Terra,MODIS,50,61.03,284,14.2,N,0
1.3946,101.6783,316.1,1.5,1.2,2026-03-22,1354,Terra,MODIS,92,61.03,286.1,24.7,N,0
1.3965,101.6912,365.4,1.5,1.2,2026-03-22,1354,Terra,MODIS,100,61.03,289.4,179.9,N,0
1.651,101.4635,308.4,1.5,1.2,2026-03-22,1354,Terra,MODIS,13,61.03,283.5,13.1,N,2
-1.4579,127.4404,307,1,1,2026-03-22,1842,Aqua,MODIS,70,61.03,290.8,7.1,N,2
1.7971,101.6991,318.7,1.2,1.1,2026-03-22,2020,Aqua,MODIS,97,61.03,292.4,19.1,N,0
1.8527,101.6535,315.8,1.2,1.1,2026-03-22,2020,Aqua,MODIS,92,61.03,291.3,17.1,N,0
1.8511,101.6641,318.7,1.2,1.1,2026-03-22,2020,Aqua,MODIS,97,61.03,293.2,20,N,0
1.8495,101.6746,332.4,1.2,1.1,2026-03-22,2020,Aqua,MODIS,100,61.03,295.2,41,N,0
1.848,101.6851,303.5,1.2,1.1,2026-03-22,2020,Aqua,MODIS,55,61.03,291.5,5.5,N,0
1.8066,101.7005,304.6,1.2,1.1,2026-03-22,2020,Aqua,MODIS,59,61.03,290.8,5.8,N,0
1.8051,101.711,304.3,1.2,1.1,2026-03-22,2020,Aqua,MODIS,59,61.03,291.6,5.3,N,0
1.7955,101.7096,318.7,1.2,1.1,2026-03-22,2020,Aqua,MODIS,97,61.03,292.8,18.9,N,0
1.772,101.6459,312,1.2,1.1,2026-03-22,2020,Aqua,MODIS,84,61.03,292.5,13.4,N,0
1.6558,101.4709,320.1,1.2,1.1,2026-03-22,2020,Aqua,MODIS,100,61.03,294.6,20.6,N,2
1.6542,101.4816,338.8,1.2,1.1,2026-03-22,2020,Aqua,MODIS,100,61.03,297.4,52.9,N,0
1.6526,101.4924,324.7,1.2,1.1,2026-03-22,2020,Aqua,MODIS,100,61.03,294.9,26.4,N,0
1.6461,101.4695,311.5,1.2,1.1,2026-03-22,2020,Aqua,MODIS,66,61.03,294.3,11.2,N,2
1.6445,101.4802,310.1,1.2,1.1,2026-03-22,2020,Aqua,MODIS,58,61.03,294.4,9.9,N,0
1.6428,101.4732,309.4,1.2,1.1,2026-03-22,2020,Aqua,MODIS,77,61.03,294.3,10.6,N,0
1.6412,101.484,304.7,1.2,1.1,2026-03-22,2020,Aqua,MODIS,61,61.03,294,6.2,N,0
1.3966,101.6838,316.3,1.2,1.1,2026-03-22,2020,Aqua,MODIS,93,61.03,291.9,17.3,N,0
1.395,101.6941,340.3,1.2,1.1,2026-03-22,2020,Aqua,MODIS,100,61.03,293.9,56,N,0
1.3935,101.7044,302,1.2,1.1,2026-03-22,2020,Aqua,MODIS,46,61.03,291.9,4.5,N,0
1.3871,101.6824,327.2,1.2,1.1,2026-03-22,2020,Aqua,MODIS,100,61.03,291.5,31.7,N,0
1.3855,101.6927,347.8,1.2,1.1,2026-03-22,2020,Aqua,MODIS,100,61.03,293,73.7,N,0
1.1021,101.6649,320.9,1.2,1.1,2026-03-22,2020,Aqua,MODIS,100,61.03,293.3,23,N,0
0.818,103.3744,302.5,1,1,2026-03-22,2020,Aqua,MODIS,50,61.03,283.1,4.9,N,0
0.6575,103.2118,306.3,1,1,2026-03-22,2020,Aqua,MODIS,68,61.03,293.9,6.3,N,0
0.6486,103.2105,308.4,1,1,2026-03-22,2020,Aqua,MODIS,75,61.03,294.3,7.9,N,0
0.248,102.8643,303.2,1,1,2026-03-22,2020,Aqua,MODIS,54,61.03,291.5,5.4,N,0
-1.5721,103.692,304.7,1,1,2026-03-22,2021,Aqua,MODIS,61,61.03,292.1,5.1,N,0
0.5061,127.8992,317.6,1.1,1.1,2026-03-23,0034,Terra,MODIS,76,61.03,294.3,12.5,D,0
-1.4584,127.4421,319.3,1.1,1.1,2026-03-23,0035,Terra,MODIS,0,61.03,290.1,15.7,D,2
-1.5678,127.4307,312.5,1.1,1.1,2026-03-23,0035,Terra,MODIS,48,61.03,288.7,7.1,D,2
-2.0071,121.4215,314.3,1.5,1.2,2026-03-23,0035,Terra,MODIS,68,61.03,291.9,12.5,D,2
-2.0089,121.434,313.4,1.4,1.2,2026-03-23,0035,Terra,MODIS,58,61.03,293.3,11.1,D,2
-2.5756,121.3834,326.4,1.4,1.2,2026-03-23,0035,Terra,MODIS,78,61.03,282.3,36.4,D,2
1.8535,101.6563,321,1,1,2026-03-23,0212,Terra,MODIS,43,61.03,300.3,11.9,D,0
1.8422,101.6725,342.2,1,1,2026-03-23,0212,Terra,MODIS,91,61.03,305.3,38.1,D,0
1.8021,101.7026,326.5,1,1,2026-03-23,0212,Terra,MODIS,53,61.03,302.9,14.5,D,0
1.7933,101.7013,375.6,1,1,2026-03-23,0212,Terra,MODIS,100,61.03,305,126.4,D,0
1.792,101.7101,337.8,1,1,2026-03-23,0212,Terra,MODIS,89,61.03,300.8,29.8,D,0
1.7845,101.7001,321.3,1,1,2026-03-23,0212,Terra,MODIS,34,61.03,302.2,10.4,D,0
1.7639,101.6374,332.3,1,1,2026-03-23,0212,Terra,MODIS,85,61.03,300.4,24.4,D,0
1.7627,101.6461,324.2,1,1,2026-03-23,0212,Terra,MODIS,64,61.03,300.5,14.5,D,0
0.5944,109.0156,310.9,3,1.6,2026-03-23,0212,Terra,MODIS,44,61.03,287.6,33.5,D,0
0.5917,109.0098,310.3,3,1.6,2026-03-23,0212,Terra,MODIS,43,61.03,287.6,33.7,D,0
1.6503,101.4733,346.1,1,1,2026-03-23,0212,Terra,MODIS,93,61.03,303.1,45.4,D,0
1.649,101.482,340.9,1,1,2026-03-23,0212,Terra,MODIS,91,61.03,302.9,36.2,D,0
1.6478,101.4908,329.2,1,1,2026-03-23,0212,Terra,MODIS,83,61.03,300.9,19.2,D,0
1.6415,101.4721,320.1,1,1,2026-03-23,0212,Terra,MODIS,74,61.03,300.1,10.2,D,0
1.6402,101.4808,319.5,1,1,2026-03-23,0212,Terra,MODIS,73,61.03,300.6,9.8,D,0
1.3983,101.6931,318.1,1,1,2026-03-23,0212,Terra,MODIS,72,61.03,297,11.1,D,0
1.397,101.7018,313.2,1,1,2026-03-23,0212,Terra,MODIS,64,61.03,297.2,6.9,D,0
1.3878,101.6852,364,1,1,2026-03-23,0212,Terra,MODIS,100,61.03,297.1,92.8,D,0
1.3865,101.6939,342.8,1,1,2026-03-23,0212,Terra,MODIS,92,61.03,296.7,43.3,D,0
1.0961,101.6621,328.4,1,1,2026-03-23,0213,Terra,MODIS,83,61.03,299.4,22.1,D,0
0.6534,103.2064,313.2,1.1,1.1,2026-03-23,0213,Terra,MODIS,66,61.03,298.9,6.6,D,0
0.652,103.2161,314.9,1.1,1.1,2026-03-23,0213,Terra,MODIS,69,61.03,299.3,7.9,D,0
0.4133,103.5254,311.4,1.2,1.1,2026-03-23,0213,Terra,MODIS,62,61.03,299,5.4,D,0
0.3467,103.0995,314.1,1.1,1.1,2026-03-23,0213,Terra,MODIS,61,61.03,300.9,8.3,D,0
0.2413,102.8634,312.8,1.1,1,2026-03-23,0213,Terra,MODIS,60,61.03,299.1,6.2,D,0
0.2239,102.2791,314.2,1,1,2026-03-23,0213,Terra,MODIS,65,61.03,298.7,7,D,0
-2.0679,101.3991,308.8,1,1,2026-03-23,0213,Terra,MODIS,62,61.03,295.6,6,D,2
-6.9591,107.7968,309.9,3.2,1.7,2026-03-23,0214,Terra,MODIS,52,61.03,294,29.8,D,2
-5.2226,104.7825,308.9,1.7,1.3,2026-03-23,0214,Terra,MODIS,62,61.03,295,10.1,D,0
-5.2338,104.7809,308.6,1.7,1.3,2026-03-23,0214,Terra,MODIS,56,61.03,294.8,10,D,0
-1.4585,127.4406,315.7,1.3,1.1,2026-03-23,0700,Aqua,MODIS,0,61.03,295.3,13.1,D,2
-6.1049,105.4274,311.1,1.7,1.3,2026-03-23,0837,Aqua,MODIS,46,61.03,295.8,15.2,D,3
0.5896,103.2121,333.1,1.5,1.2,2026-03-23,0839,Aqua,MODIS,82,61.03,300.2,41,D,0
0.5664,103.202,326.5,1.5,1.2,2026-03-23,0839,Aqua,MODIS,71,61.03,299.4,28.4,D,0
-2.1414,100.974,350.8,1.1,1,2026-03-23,0839,Aqua,MODIS,96,61.03,300.1,59.1,D,0
0.2163,102.277,318.3,1.3,1.1,2026-03-23,0839,Aqua,MODIS,30,61.03,300.2,9.8,D,0
-0.5108,101.8749,318.9,1.2,1.1,2026-03-23,0839,Aqua,MODIS,0,61.03,298.6,12.4,D,0
0.6003,103.2105,335.6,1.5,1.2,2026-03-23,0839,Aqua,MODIS,87,61.03,301.1,46.4,D,0
1.7946,101.7021,348.2,1.3,1.1,2026-03-23,0840,Aqua,MODIS,94,61.03,303,67.9,D,0
1.7918,101.697,342.7,1.3,1.1,2026-03-23,0840,Aqua,MODIS,91,61.03,302.3,54.3,D,0
1.7934,101.7079,348.5,1.3,1.1,2026-03-23,0840,Aqua,MODIS,94,61.03,302.6,69,D,0
1.7628,101.6348,381.8,1.2,1.1,2026-03-23,0840,Aqua,MODIS,100,61.03,302.6,211.1,D,0
1.7644,101.6457,328.2,1.2,1.1,2026-03-23,0840,Aqua,MODIS,81,61.03,301.3,26.4,D,0
1.646,101.4738,341,1.2,1.1,2026-03-23,0840,Aqua,MODIS,90,61.03,302.2,45,D,0
1.6476,101.4844,355.9,1.2,1.1,2026-03-23,0840,Aqua,MODIS,98,61.03,302.7,86,D,0
1.6365,101.4752,320.1,1.2,1.1,2026-03-23,0840,Aqua,MODIS,23,61.03,299.9,10.2,D,0
1.388,100.6606,321.7,1.1,1,2026-03-23,0840,Aqua,MODIS,76,61.03,299.1,12.5,D,0
3.1688,98.0612,320.6,1,1,2026-03-23,0840,Aqua,MODIS,50,61.03,304.8,9.5,D,0
3.1421,98.8098,318,1,1,2026-03-23,0840,Aqua,MODIS,68,61.03,293.9,11.5,D,0
2.8805,97.7984,323.4,1,1,2026-03-23,0840,Aqua,MODIS,79,61.03,298.4,16,D,0
1.8169,99.7979,318.1,1,1,2026-03-23,0840,Aqua,MODIS,73,61.03,297.9,9.8,D,0
1.9825,101.519,324.5,1.2,1.1,2026-03-23,0840,Aqua,MODIS,77,61.03,299.9,20,D,0
1.9841,101.5297,323,1.2,1.1,2026-03-23,0840,Aqua,MODIS,75,61.03,300.3,17.9,D,0
1.9744,101.5311,340.4,1.2,1.1,2026-03-23,0840,Aqua,MODIS,90,61.03,300.5,48.7,D,0
1.392,101.6917,336,1.2,1.1,2026-03-23,0840,Aqua,MODIS,87,61.03,301.5,41.9,D,0
1.6012,101.5019,333.8,1.2,1.1,2026-03-23,0840,Aqua,MODIS,85,61.03,299.7,33.9,D,0
4.9161,97.191,317.7,1,1,2026-03-23,0841,Aqua,MODIS,73,61.03,299.1,10,D,0
5.1694,96.7125,319.1,1.1,1,2026-03-23,0841,Aqua,MODIS,74,61.03,302.4,8.8,D,2
4.8232,97.6715,316,1,1,2026-03-23,0841,Aqua,MODIS,70,61.03,300.6,7.4,D,0
4.8779,97.5557,322.5,1,1,2026-03-23,0841,Aqua,MODIS,78,61.03,300.7,12.5,D,0
1.6551,101.4682,313.1,2,1.4,2026-03-23,1433,Terra,MODIS,86,61.03,294,26.5,N,2
1.6531,101.4928,321,2,1.4,2026-03-23,1433,Terra,MODIS,100,61.03,294.1,45.7,N,0
1.6506,101.4754,327.4,2,1.4,2026-03-23,1433,Terra,MODIS,100,61.03,294.8,65,N,0
1.6453,101.4872,312.5,2,1.4,2026-03-23,1433,Terra,MODIS,85,61.03,293.8,26.6,N,0
1.6574,101.4856,323.9,2,1.4,2026-03-23,1433,Terra,MODIS,100,61.03,294.2,53.9,N,0
1.7673,101.6507,304.5,2.1,1.4,2026-03-23,1433,Terra,MODIS,61,61.03,292.8,13.1,N,0
1.7647,101.6327,327.5,2.1,1.4,2026-03-23,1433,Terra,MODIS,100,61.03,293.3,70.4,N,0
1.77,101.6446,315.9,2.1,1.4,2026-03-23,1433,Terra,MODIS,92,61.03,293.1,37,N,0
1.7676,101.6266,319.4,2.1,1.4,2026-03-23,1433,Terra,MODIS,98,61.03,292.7,46.1,N,0
1.7896,101.6972,311.8,2.1,1.4,2026-03-23,1433,Terra,MODIS,83,61.03,292.9,25.5,N,0
1.8045,101.7137,303.6,2.1,1.4,2026-03-23,1433,Terra,MODIS,50,61.03,292.3,11.1,N,0
1.802,101.6955,309.6,2.1,1.4,2026-03-23,1433,Terra,MODIS,78,61.03,292.6,22.4,N,0
1.8489,101.6705,308.9,2.1,1.4,2026-03-23,1433,Terra,MODIS,76,61.03,293.6,20.8,N,0
1.8464,101.6524,312.6,2.1,1.4,2026-03-23,1433,Terra,MODIS,85,61.03,293.9,28.2,N,0
1.8519,101.6635,312.1,2.1,1.4,2026-03-23,1433,Terra,MODIS,84,61.03,293.9,27.4,N,0
1.8495,101.6453,310,2.1,1.4,2026-03-23,1433,Terra,MODIS,79,61.03,293.4,22.4,N,0
1.9757,101.5312,306.1,2,1.4,2026-03-23,1433,Terra,MODIS,67,61.03,292.3,14.9,N,0
2.5758,100.2157,312.7,1.6,1.3,2026-03-23,1433,Terra,MODIS,86,61.03,291.8,21.3,N,0
2.5782,100.2236,302.1,1.6,1.3,2026-03-23,1433,Terra,MODIS,33,61.03,292,7.2,N,0
2.5763,100.2092,305.4,1.6,1.3,2026-03-23,1433,Terra,MODIS,64,61.03,292.2,11.2,N,0
0.5588,109.0254,300.4,4.6,2,2026-03-23,1920,Aqua,MODIS,27,61.03,289.4,38.4,N,0
1.6548,101.5001,305,2.4,1.5,2026-03-23,2058,Aqua,MODIS,18,61.03,282.6,26.5,N,0
1.5193,102.1176,303.1,2.8,1.6,2026-03-23,2058,Aqua,MODIS,53,61.03,290.3,18.1,N,0
1.852,101.6572,300.8,2.5,1.5,2026-03-23,2058,Aqua,MODIS,16,61.03,290.1,17.9,N,0
1.8487,101.6786,302,2.5,1.5,2026-03-23,2058,Aqua,MODIS,30,61.03,290.5,21.4,N,0
-3.8741,122.3985,309.9,2.7,1.6,2026-03-24,0114,Terra,MODIS,58,61.03,285.8,25.7,D,2
-1.8946,115.8666,319.5,1,1,2026-03-24,0114,Terra,MODIS,77,61.03,286.3,14.7,D,2
-3.8684,122.406,310.4,2.7,1.6,2026-03-24,0114,Terra,MODIS,70,61.03,286.3,28.6,D,2
4.9089,97.1273,307.8,1.7,1.3,2026-03-24,0251,Terra,MODIS,47,61.03,296.9,8.6,D,0
-2.58,121.3758,324.2,2.3,1.5,2026-03-24,0738,Aqua,MODIS,71,61.03,284.9,61.8,D,2
-2.5807,121.3598,314.5,2.3,1.5,2026-03-24,0738,Aqua,MODIS,60,61.03,285.8,34.2,D,2
-2.9409,115.2351,314.5,1,1,2026-03-24,0738,Aqua,MODIS,58,61.03,291.7,6.8,D,0
-3.243,112.3434,318.3,1.2,1.1,2026-03-24,0738,Aqua,MODIS,73,61.03,298.2,13.4,D,0
-3.1872,112.3245,315.1,1.2,1.1,2026-03-24,0738,Aqua,MODIS,59,61.03,297.4,10.1,D,0
-2.7773,110.4122,315.5,1.6,1.2,2026-03-24,0738,Aqua,MODIS,67,61.03,294.8,12.6,D,0
-2.7793,110.3983,315.2,1.6,1.2,2026-03-24,0738,Aqua,MODIS,61,61.03,295.6,11.2,D,0
-1.8954,115.8653,328.3,1,1,2026-03-24,0738,Aqua,MODIS,82,61.03,299.1,19.4,D,2
-1.8968,115.8562,319.5,1,1,2026-03-24,0738,Aqua,MODIS,73,61.03,299.6,10.2,D,2
-2.5775,121.3807,324.7,2.3,1.5,2026-03-24,0738,Aqua,MODIS,76,61.03,284,68.3,D,2
-0.9385,109.9903,314.1,1.6,1.2,2026-03-24,0739,Aqua,MODIS,51,61.03,296.1,13.4,D,0
-0.1423,116.7847,304.5,1.2,1.1,2026-03-24,0739,Aqua,MODIS,30,61.03,280.6,5.3,D,0
-1.1812,110.3952,307.1,1.5,1.2,2026-03-24,0739,Aqua,MODIS,22,61.03,289.3,7.7,D,0
-1.2667,110.5847,310.5,1.5,1.2,2026-03-24,0739,Aqua,MODIS,61,61.03,294,9,D,0
-1.2648,110.5975,312.9,1.5,1.2,2026-03-24,0739,Aqua,MODIS,66,61.03,296.1,11.6,D,0
-1.6286,110.0824,312,1.6,1.3,2026-03-24,0739,Aqua,MODIS,55,61.03,293.8,11.3,D,0
-1.2316,113.9091,324.4,1,1,2026-03-24,0739,Aqua,MODIS,71,61.03,297.5,16.6,D,0
-2.3204,110.539,314.8,1.5,1.2,2026-03-24,0739,Aqua,MODIS,48,61.03,295,13.7,D,0
-1.8547,112.5428,343.4,1.1,1.1,2026-03-24,0739,Aqua,MODIS,92,61.03,298.5,51.7,D,0
-1.938,110.1801,340.5,1.6,1.2,2026-03-24,0739,Aqua,MODIS,91,61.03,299.7,76.4,D,0
-1.94,110.1662,314.4,1.6,1.3,2026-03-24,0739,Aqua,MODIS,68,61.03,298.6,11.7,D,0
-0.8076,109.407,312.3,1.8,1.3,2026-03-24,0739,Aqua,MODIS,38,61.03,299.5,10.8,D,0
-0.8266,110.2243,326.9,1.5,1.2,2026-03-24,0739,Aqua,MODIS,82,61.03,299.2,35.8,D,0
-0.7125,111.642,311.1,1.2,1.1,2026-03-24,0739,Aqua,MODIS,65,61.03,291.7,8.3,D,0
0.4052,109.1278,326.4,1.8,1.3,2026-03-24,0739,Aqua,MODIS,62,61.03,297.5,40,D,0
0.4054,109.1171,339.2,1.8,1.3,2026-03-24,0739,Aqua,MODIS,91,61.03,298.8,80.8,D,0
0.3344,109.1119,318.4,1.8,1.3,2026-03-24,0739,Aqua,MODIS,68,61.03,297.3,19.6,D,0
0.2944,109.5416,317.1,1.7,1.3,2026-03-24,0739,Aqua,MODIS,74,61.03,296.2,18.2,D,0
-0.4254,109.1836,315.2,1.8,1.3,2026-03-24,0739,Aqua,MODIS,68,61.03,299.3,17.8,D,0
-0.151,111.0673,318.6,1.3,1.1,2026-03-24,0739,Aqua,MODIS,74,61.03,298.4,15.7,D,0
-0.1356,111.7353,313.9,1.2,1.1,2026-03-24,0739,Aqua,MODIS,70,61.03,295.6,9.2,D,0
1.6907,109.4668,313.8,1.6,1.2,2026-03-24,0740,Aqua,MODIS,41,61.03,288.7,17.6,D,0
0.9269,109.2198,312.7,1.7,1.3,2026-03-24,0740,Aqua,MODIS,55,61.03,295.5,13.9,D,0
-3.2173,112.3733,301.7,1,1,2026-03-24,1332,Terra,MODIS,44,61.03,278,5.4,N,0
0.3764,109.1009,308.1,1.1,1,2026-03-24,1333,Terra,MODIS,33,61.03,286.1,8.1,N,0
-1.8949,115.8676,309.1,1.6,1.2,2026-03-24,1333,Terra,MODIS,77,61.03,290.2,14.9,N,2
-1.8969,115.8533,305.9,1.6,1.2,2026-03-24,1333,Terra,MODIS,66,61.03,290.9,10.5,N,2
-2.0865,110.4851,305.3,1,1,2026-03-24,1333,Terra,MODIS,62,61.03,287.8,6.9,N,0
-1.7937,110.1995,317.1,1,1,2026-03-24,1333,Terra,MODIS,94,61.03,289.5,16.3,N,0
-2.5206,103.6892,300.5,2.9,1.6,2026-03-24,1333,Terra,MODIS,18,61.03,289.4,21,N,0
-0.3802,109.4924,308.8,1.1,1,2026-03-24,1333,Terra,MODIS,76,61.03,293,7.9,N,0
-0.2686,109.4993,308.2,1.1,1,2026-03-24,1333,Terra,MODIS,41,61.03,292.8,7.2,N,0
-0.2595,109.5015,306.6,1.1,1,2026-03-24,1333,Terra,MODIS,68,61.03,292.5,6.1,N,0
-0.2608,109.4922,305.3,1.1,1,2026-03-24,1333,Terra,MODIS,64,61.03,292.1,5.3,N,0
-0.183,109.3892,307.5,1.1,1,2026-03-24,1333,Terra,MODIS,72,61.03,292.5,7.5,N,0
-0.1843,109.3798,324,1.1,1,2026-03-24,1333,Terra,MODIS,100,61.03,293.4,23.2,N,0
-0.17,109.349,308.6,1.1,1,2026-03-24,1333,Terra,MODIS,75,61.03,292.7,8.5,N,0
-0.1165,109.3319,304.3,1.1,1,2026-03-24,1333,Terra,MODIS,51,61.03,289.4,5.5,N,0
-0.1074,109.3306,301.7,1.1,1,2026-03-24,1333,Terra,MODIS,31,61.03,288.2,3.7,N,0
0.4732,111.8067,307.4,1,1,2026-03-24,1333,Terra,MODIS,71,61.03,282.5,8.4,N,0
0.3383,109.0965,306.3,1.1,1,2026-03-24,1333,Terra,MODIS,67,61.03,285.6,8,N,0
0.3987,109.127,334.6,1.1,1,2026-03-24,1333,Terra,MODIS,100,61.03,287.6,38.3,N,0
0.3974,109.1174,334.6,1.1,1,2026-03-24,1333,Terra,MODIS,100,61.03,288.3,37.7,N,0
0.4078,109.1257,311,1.1,1,2026-03-24,1333,Terra,MODIS,82,61.03,285.8,10.2,N,0
0.4065,109.1162,343.9,1.1,1,2026-03-24,1333,Terra,MODIS,100,61.03,287.8,55.7,N,0
1.9663,101.5294,305,3.7,1.8,2026-03-24,1334,Terra,MODIS,62,61.03,290.2,34.6,N,0
1.8446,101.6494,303.6,3.6,1.8,2026-03-24,1334,Terra,MODIS,56,61.03,290.6,28.6,N,0
1.8501,101.6551,307.2,3.6,1.8,2026-03-24,1334,Terra,MODIS,70,61.03,290.8,41.7,N,0
1.7671,101.6351,309.4,3.7,1.8,2026-03-24,1334,Terra,MODIS,77,61.03,291.9,51.7,N,0
1.7728,101.6396,306.6,3.7,1.8,2026-03-24,1334,Terra,MODIS,57,61.03,291.5,35.5,N,0
1.6547,101.4926,304.2,3.8,1.8,2026-03-24,1334,Terra,MODIS,54,61.03,292.7,26.4,N,0
1.6414,101.4681,306,3.8,1.8,2026-03-24,1334,Terra,MODIS,52,61.03,292.7,33.2,N,0
1.5171,102.0994,301.1,3.4,1.7,2026-03-24,1334,Terra,MODIS,38,61.03,290,18.3,N,0
0.6108,109.0013,302.2,1.1,1,2026-03-24,1334,Terra,MODIS,11,61.03,287.1,3.8,N,0
0.6121,109.0109,310.5,1.1,1,2026-03-24,1334,Terra,MODIS,80,61.03,287.5,9.7,N,0
0.6016,109.0026,316.7,1.1,1,2026-03-24,1334,Terra,MODIS,94,61.03,288.8,15.4,N,0
0.6029,109.0122,332.1,1.1,1,2026-03-24,1334,Terra,MODIS,100,61.03,290.3,34.7,N,0
0.5937,109.0135,312.9,1.1,1,2026-03-24,1334,Terra,MODIS,86,61.03,289.5,12.1,N,0
0.5951,109.023,305.3,1.1,1,2026-03-24,1334,Terra,MODIS,29,61.03,288.6,5.8,N,0
0.5804,108.9723,306.3,1.1,1,2026-03-24,1334,Terra,MODIS,67,61.03,288.5,6.9,N,0
0.5699,108.9639,302.3,1.1,1,2026-03-24,1334,Terra,MODIS,31,61.03,288.8,3.8,N,0
0.5712,108.9736,317.8,1.1,1,2026-03-24,1334,Terra,MODIS,96,61.03,289.9,16.7,N,0
0.5489,109.0159,314.6,1.1,1,2026-03-24,1334,Terra,MODIS,89,61.03,288.9,13.2,N,0
0.5397,109.0172,307.3,1.1,1,2026-03-24,1334,Terra,MODIS,71,61.03,288.3,7.5,N,0
0.4923,127.992,305.2,2.2,1.4,2026-03-24,1820,Aqua,MODIS,23,61.03,291.6,17.7,N,2
0.6127,109.0123,307.2,1,1,2026-03-24,1958,Aqua,MODIS,14,61.03,291.5,6.3,N,0
0.6039,109.011,327.1,1,1,2026-03-24,1958,Aqua,MODIS,100,61.03,294.5,24.3,N,0
0.6026,109.0198,318.7,1,1,2026-03-24,1958,Aqua,MODIS,94,61.03,293.5,15.1,N,0
0.5938,109.0185,305.7,1,1,2026-03-24,1958,Aqua,MODIS,24,61.03,292.2,5.6,N,0
0.5549,109.016,301.5,1,1,2026-03-24,1958,Aqua,MODIS,9,61.03,290.7,3.5,N,0
0.5536,109.0248,306.3,1,1,2026-03-24,1958,Aqua,MODIS,59,61.03,292.1,6.3,N,0
0.5461,109.0147,304.2,1,1,2026-03-24,1958,Aqua,MODIS,28,61.03,290.8,5,N,0
0.411,109.1225,303.6,1,1,2026-03-24,1958,Aqua,MODIS,52,61.03,290.2,4.9,N,0
0.4035,109.1124,307.2,1,1,2026-03-24,1958,Aqua,MODIS,68,61.03,289.3,6.7,N,0
0.4022,109.1212,348.8,1,1,2026-03-24,1958,Aqua,MODIS,100,61.03,294.8,59.7,N,0
0.4009,109.1299,328.3,1,1,2026-03-24,1958,Aqua,MODIS,100,61.03,292,26.1,N,0
0.386,109.1099,310.9,1,1,2026-03-24,1958,Aqua,MODIS,69,61.03,289.9,9.4,N,0
0.3786,109.0999,300.9,1,1,2026-03-24,1958,Aqua,MODIS,23,61.03,288.5,3.9,N,0
0.3772,109.1086,304.8,1,1,2026-03-24,1958,Aqua,MODIS,62,61.03,289.3,6,N,0
0.9709,104.6154,305.2,1.8,1.3,2026-03-24,1958,Aqua,MODIS,22,61.03,292.4,12.6,N,0
-1.7242,110.1551,331.7,1,1,2026-03-24,1959,Aqua,MODIS,100,61.03,284.7,33.4,N,0
-1.7557,110.2357,303.8,1,1,2026-03-24,1959,Aqua,MODIS,57,61.03,283.1,6.2,N,0
-1.7872,110.2035,309.6,1,1,2026-03-24,1959,Aqua,MODIS,78,61.03,283,10.6,N,0
1.4914,127.6328,318,1.3,1.1,2026-03-25,0014,Terra,MODIS,74,61.03,294.4,18.8,D,1
0.485,128.0002,312.3,1.2,1.1,2026-03-25,0014,Terra,MODIS,8,61.03,297.1,7.4,D,2
-1.461,127.4441,317.5,1.3,1.1,2026-03-25,0015,Terra,MODIS,0,61.03,296.8,14.4,D,2
-1.4624,127.4369,325.1,1.3,1.1,2026-03-25,0015,Terra,MODIS,0,61.03,297.2,23.6,D,2
-2.5856,121.3726,311.2,3.6,1.8,2026-03-25,0015,Terra,MODIS,35,61.03,287.4,51.4,D,2
-2.5808,121.3666,312,3.6,1.8,2026-03-25,0015,Terra,MODIS,46,61.03,287.7,54.7,D,2
3.9081,108.1362,315.7,1,1,2026-03-25,0152,Terra,MODIS,57,61.03,286.9,10.9,D,0
3.8992,108.1349,315.8,1,1,2026-03-25,0152,Terra,MODIS,61,61.03,286.5,11.1,D,0
0.336,109.0992,314.5,1.3,1.1,2026-03-25,0153,Terra,MODIS,68,61.03,300.7,9.5,D,0
1.845,101.6621,318.5,1.7,1.3,2026-03-25,0153,Terra,MODIS,29,61.03,298.5,19.5,D,0
1.7922,101.7076,326.9,1.7,1.3,2026-03-25,0153,Terra,MODIS,81,61.03,299.1,35.5,D,0
1.767,101.6446,330.3,1.7,1.3,2026-03-25,0153,Terra,MODIS,84,61.03,299.3,50.1,D,0
0.6055,109.0106,331,1.2,1.1,2026-03-25,0153,Terra,MODIS,86,61.03,301.6,31.9,D,0
0.5958,109.0093,321,1.2,1.1,2026-03-25,0153,Terra,MODIS,76,61.03,301.8,16.4,D,0
0.5942,109.0201,318.8,1.2,1.1,2026-03-25,0153,Terra,MODIS,61,61.03,300.9,13.9,D,0
1.6509,101.4865,322.5,1.7,1.3,2026-03-25,0153,Terra,MODIS,63,61.03,298.2,24.4,D,0
1.6523,101.4798,317,1.7,1.3,2026-03-25,0153,Terra,MODIS,54,61.03,297.8,15.8,D,0
0.5518,109.0188,318.5,1.2,1.1,2026-03-25,0153,Terra,MODIS,58,61.03,300.2,13.6,D,0
0.5421,109.0174,316.5,1.2,1.1,2026-03-25,0153,Terra,MODIS,64,61.03,300.2,11.9,D,0
0.4058,109.1152,330.8,1.3,1.1,2026-03-25,0153,Terra,MODIS,82,61.03,302.2,32.4,D,0
0.4042,109.1263,328.8,1.3,1.1,2026-03-25,0153,Terra,MODIS,75,61.03,299.9,29.2,D,0
0.3944,109.1249,325.2,1.3,1.1,2026-03-25,0153,Terra,MODIS,28,61.03,300.3,21,D,0
1.3943,100.6715,315.2,2,1.4,2026-03-25,0153,Terra,MODIS,67,61.03,295.7,21.3,D,0
-0.2631,109.493,310.7,1.4,1.2,2026-03-25,0153,Terra,MODIS,62,61.03,294,8.2,D,0
-0.2648,109.5049,310.2,1.4,1.2,2026-03-25,0153,Terra,MODIS,59,61.03,293.4,7.7,D,0
0.3548,103.0962,313.1,1.3,1.1,2026-03-25,0153,Terra,MODIS,47,61.03,298.4,7.4,D,0
0.345,103.0949,313.4,1.3,1.1,2026-03-25,0153,Terra,MODIS,50,61.03,299,8.5,D,0
0.2151,102.2806,314.7,1.4,1.2,2026-03-25,0153,Terra,MODIS,63,61.03,296.9,11.2,D,0
-1.7248,110.1445,302.3,1.6,1.2,2026-03-25,0153,Terra,MODIS,25,61.03,277.8,7,D,0
-2.5247,106.4569,333.2,1,1,2026-03-25,0154,Terra,MODIS,87,61.03,285.3,31.9,D,0
-2.6255,105.9337,310.5,1,1,2026-03-25,0154,Terra,MODIS,65,61.03,290.9,6.2,D,0
-7.0489,107.7492,313.5,1.3,1.1,2026-03-25,0155,Terra,MODIS,66,61.03,295.3,10.3,D,2
-7.007,107.813,307,1.3,1.1,2026-03-25,0155,Terra,MODIS,31,61.03,291.1,6,D,0
-7.0474,107.7378,311.2,1.3,1.1,2026-03-25,0155,Terra,MODIS,44,61.03,294.1,7.8,D,2
-1.2873,132.2876,314.9,1.2,1.1,2026-03-25,0638,Aqua,MODIS,37,61.03,295.8,8.9,D,0
-1.3596,132.2299,314,1.2,1.1,2026-03-25,0638,Aqua,MODIS,65,61.03,296.4,8.2,D,0
1.4933,127.6364,313.8,1.1,1,2026-03-25,0639,Aqua,MODIS,59,61.03,300.4,9.8,D,1
0.5062,127.8935,321.1,1.1,1,2026-03-25,0639,Aqua,MODIS,31,61.03,303.2,10.6,D,0
1.492,127.6271,319.9,1.1,1,2026-03-25,0639,Aqua,MODIS,72,61.03,303.2,15.5,D,1
-6.105,105.423,316,1,1,2026-03-25,0816,Aqua,MODIS,44,61.03,295.9,10.3,D,3
-4.0071,102.6472,313.1,1.3,1.1,2026-03-25,0816,Aqua,MODIS,63,61.03,275.7,14.7,D,0
-3.2576,104.9869,313.6,1,1,2026-03-25,0816,Aqua,MODIS,65,61.03,295.9,6.3,D,0
-4.0093,102.6542,313.8,1.3,1.1,2026-03-25,0816,Aqua,MODIS,72,61.03,274.6,15.4,D,0
-4.7819,103.4615,309.1,1.2,1.1,2026-03-25,0816,Aqua,MODIS,67,61.03,285.5,7.3,D,0
-0.1911,109.3504,339.5,1.6,1.3,2026-03-25,0817,Aqua,MODIS,87,61.03,300.4,62.4,D,0
-1.2555,102.5653,310.5,1.2,1.1,2026-03-25,0817,Aqua,MODIS,60,61.03,291.8,6.4,D,0
-0.8141,109.4294,317.4,1.6,1.3,2026-03-25,0817,Aqua,MODIS,65,61.03,296.6,16.9,D,0
-2.1214,100.9844,313.7,1.5,1.2,2026-03-25,0817,Aqua,MODIS,68,61.03,291.4,12.6,D,0
-2.1194,100.9976,309.9,1.5,1.2,2026-03-25,0817,Aqua,MODIS,44,61.03,289.6,7.6,D,0
-2.125,100.9903,319.7,1.5,1.2,2026-03-25,0817,Aqua,MODIS,69,61.03,292.4,20.4,D,0
-2.1482,100.9801,326.3,1.5,1.2,2026-03-25,0817,Aqua,MODIS,83,61.03,295.1,30.9,D,0
-2.223,100.991,321,1.5,1.2,2026-03-25,0817,Aqua,MODIS,60,61.03,297.3,16.2,D,0
-2.2191,101.0176,340.8,1.5,1.2,2026-03-25,0817,Aqua,MODIS,92,61.03,296.3,64.7,D,0
-2.2148,101.01,336.9,1.5,1.2,2026-03-25,0817,Aqua,MODIS,89,61.03,296.6,51.4,D,0
-2.2129,101.0233,335.5,1.5,1.2,2026-03-25,0817,Aqua,MODIS,89,61.03,296.1,48.8,D,0
-2.3638,101.2116,323.7,1.5,1.2,2026-03-25,0817,Aqua,MODIS,76,61.03,295.3,28.9,D,0
-2.5817,101.248,311.1,1.5,1.2,2026-03-25,0817,Aqua,MODIS,63,61.03,295.8,8.6,D,0
-2.0985,105.9646,319.4,1,1,2026-03-25,0817,Aqua,MODIS,71,61.03,290.2,12.7,D,0
-2.3159,105.8646,315.7,1,1,2026-03-25,0817,Aqua,MODIS,71,61.03,294.8,7.3,D,0
-2.3146,105.8734,318.3,1,1,2026-03-25,0817,Aqua,MODIS,74,61.03,294.2,9.8,D,0
-2.3133,105.8823,311.8,1,1,2026-03-25,0817,Aqua,MODIS,36,61.03,294.7,4.4,D,0
-2.3648,105.8505,340.3,1,1,2026-03-25,0817,Aqua,MODIS,91,61.03,296.1,40.4,D,0
-1.7924,110.1938,317.6,1.8,1.3,2026-03-25,0817,Aqua,MODIS,60,61.03,289.1,21.4,D,0
-2.9154,103.984,312.5,1.1,1,2026-03-25,0817,Aqua,MODIS,0,61.03,297.6,6.2,D,0
-3.2729,103.8076,314.6,1.1,1,2026-03-25,0817,Aqua,MODIS,46,61.03,296.9,7,D,0
-1.0281,109.9905,334.4,1.8,1.3,2026-03-25,0817,Aqua,MODIS,81,61.03,289.7,66.8,D,0
0.1154,104.6202,310.7,1,1,2026-03-25,0817,Aqua,MODIS,32,61.03,296.3,5.1,D,0
0.1067,104.6214,334,1,1,2026-03-25,0817,Aqua,MODIS,65,61.03,297.1,28.8,D,0
0.1079,104.6301,326.4,1,1,2026-03-25,0817,Aqua,MODIS,0,61.03,296.3,19.3,D,0
0.5976,109.0071,339,1.6,1.2,2026-03-25,0817,Aqua,MODIS,90,61.03,297.7,64.3,D,0
0.5887,109.0225,326.4,1.6,1.2,2026-03-25,0817,Aqua,MODIS,59,61.03,295.5,31.3,D,0
0.5433,109.015,318.8,1.6,1.2,2026-03-25,0817,Aqua,MODIS,43,61.03,295.5,18.4,D,0
-0.1955,104.6306,324,1,1,2026-03-25,0817,Aqua,MODIS,73,61.03,291.4,17.7,D,0
0.3966,109.12,357.5,1.6,1.2,2026-03-25,0817,Aqua,MODIS,99,61.03,297.2,141.5,D,0
0.3856,109.1216,338.1,1.6,1.2,2026-03-25,0817,Aqua,MODIS,74,61.03,294.8,62.4,D,0
0.3413,109.063,316.8,1.6,1.2,2026-03-25,0817,Aqua,MODIS,57,61.03,294.7,15.5,D,0
0.3345,109.0922,324,1.6,1.2,2026-03-25,0817,Aqua,MODIS,79,61.03,295.3,29.4,D,0
0.3366,109.1061,314.2,1.6,1.2,2026-03-25,0817,Aqua,MODIS,62,61.03,293.6,11.7,D,0
-0.1747,109.299,328.7,1.6,1.3,2026-03-25,0817,Aqua,MODIS,83,61.03,299.6,37.9,D,0
-0.1932,109.3362,336.9,1.6,1.3,2026-03-25,0817,Aqua,MODIS,68,61.03,301.3,54,D,0
1.0583,104.2978,353,1,1,2026-03-25,0818,Aqua,MODIS,97,61.03,297.2,62.2,D,0
0.2142,102.2762,315.1,1.2,1.1,2026-03-25,0818,Aqua,MODIS,44,61.03,293.6,10,D,0
0.3495,103.127,316.8,1.1,1,2026-03-25,0818,Aqua,MODIS,48,61.03,297,8.5,D,0
0.3544,103.0978,328,1.1,1,2026-03-25,0818,Aqua,MODIS,60,61.03,296.7,19.1,D,0
0.2825,102.3487,311.3,1.2,1.1,2026-03-25,0818,Aqua,MODIS,40,61.03,294.3,6.6,D,0
0.4953,103.3068,317.3,1.1,1,2026-03-25,0818,Aqua,MODIS,69,61.03,299.8,8.2,D,0
0.6559,104.2813,347.8,1,1,2026-03-25,0818,Aqua,MODIS,71,61.03,299.6,50.6,D,0
0.6546,104.2725,360,1,1,2026-03-25,0818,Aqua,MODIS,99,61.03,300.5,79.2,D,0
0.5669,103.2241,327.3,1.1,1,2026-03-25,0818,Aqua,MODIS,61,61.03,297.8,18.5,D,0
0.5655,103.215,334,1.1,1,2026-03-25,0818,Aqua,MODIS,75,61.03,298.7,26.3,D,0
0.5732,103.2045,328.2,1.1,1,2026-03-25,0818,Aqua,MODIS,76,61.03,299.5,17.4,D,0
0.5718,103.1953,320.3,1.1,1,2026-03-25,0818,Aqua,MODIS,18,61.03,297.1,8.4,D,0
0.5911,103.2018,333.9,1.1,1,2026-03-25,0818,Aqua,MODIS,86,61.03,301.5,24.4,D,0
0.6138,103.2303,318.9,1.1,1,2026-03-25,0818,Aqua,MODIS,12,61.03,300.5,6.1,D,0
0.6124,103.2212,323,1.1,1,2026-03-25,0818,Aqua,MODIS,70,61.03,300.9,10.2,D,0
0.647,103.2066,317.2,1.1,1,2026-03-25,0818,Aqua,MODIS,69,61.03,300.3,7.4,D,0
0.9362,104.6035,320.1,1,1,2026-03-25,0818,Aqua,MODIS,65,61.03,291.6,10.1,D,0
0.945,104.6022,338.7,1,1,2026-03-25,0818,Aqua,MODIS,89,61.03,294.9,32.8,D,0
0.9437,104.5935,328.1,1,1,2026-03-25,0818,Aqua,MODIS,73,61.03,294.1,18.1,D,0
1.6895,109.4504,314.2,1.8,1.3,2026-03-25,0818,Aqua,MODIS,32,61.03,292.6,17.8,D,0
0.9852,104.555,326,1,1,2026-03-25,0818,Aqua,MODIS,79,61.03,293.4,16.8,D,0
0.9839,104.5463,337.3,1,1,2026-03-25,0818,Aqua,MODIS,88,61.03,293.8,32.3,D,0
0.9939,104.5537,326.7,1,1,2026-03-25,0818,Aqua,MODIS,80,61.03,294.3,17.9,D,0
0.9926,104.5451,331.8,1,1,2026-03-25,0818,Aqua,MODIS,84,61.03,294.2,24.3,D,0
0.8453,103.3606,310.8,1,1,2026-03-25,0818,Aqua,MODIS,0,61.03,294.7,3.4,D,0
1.0634,104.3326,317.6,1,1,2026-03-25,0818,Aqua,MODIS,65,61.03,296.3,8.8,D,0
1.0595,104.3065,336.1,1,1,2026-03-25,0818,Aqua,MODIS,87,61.03,295.6,30.6,D,0
1.0721,104.3313,315.4,1,1,2026-03-25,0818,Aqua,MODIS,42,61.03,297.3,6.7,D,0
1.0683,104.3052,325.2,1,1,2026-03-25,0818,Aqua,MODIS,78,61.03,295.7,16.1,D,0
1.067,104.2965,330.7,1,1,2026-03-25,0818,Aqua,MODIS,83,61.03,297.1,23.2,D,0
1.0657,104.2878,321.3,1,1,2026-03-25,0818,Aqua,MODIS,74,61.03,296.4,12.1,D,0
1.0984,104.3274,316.9,1,1,2026-03-25,0818,Aqua,MODIS,63,61.03,295.8,8.1,D,0
1.0288,103.4135,318.6,1,1,2026-03-25,0818,Aqua,MODIS,59,61.03,301.5,6.7,D,0
1.095,101.6578,315,1.2,1.1,2026-03-25,0818,Aqua,MODIS,57,61.03,299.4,9.6,D,0
1.5101,102.1019,328.1,1.2,1.1,2026-03-25,0818,Aqua,MODIS,81,61.03,300.4,22.9,D,0
1.6465,101.4895,324.6,1.2,1.1,2026-03-25,0818,Aqua,MODIS,69,61.03,299.8,17.6,D,0
1.6449,101.4787,321.6,1.2,1.1,2026-03-25,0818,Aqua,MODIS,58,61.03,300.7,13.1,D,0
1.651,101.2529,321.4,1.3,1.1,2026-03-25,0818,Aqua,MODIS,75,61.03,301,14.2,D,0
1.7607,101.6299,325.2,1.2,1.1,2026-03-25,0818,Aqua,MODIS,79,61.03,299.1,21.6,D,0
1.7909,101.7007,325,1.2,1.1,2026-03-25,0818,Aqua,MODIS,77,61.03,301.6,17.8,D,0
1.9621,101.5443,351.4,1.2,1.1,2026-03-25,0818,Aqua,MODIS,96,61.03,301,77.8,D,0
1.9605,101.5336,337,1.2,1.1,2026-03-25,0818,Aqua,MODIS,88,61.03,301.7,42.4,D,0
1.9589,101.523,314.4,1.2,1.1,2026-03-25,0818,Aqua,MODIS,32,61.03,299.3,7.9,D,0
1.9717,101.5429,375,1.2,1.1,2026-03-25,0818,Aqua,MODIS,100,61.03,305.1,169.3,D,0
1.9701,101.5322,352.7,1.2,1.1,2026-03-25,0818,Aqua,MODIS,96,61.03,305.9,81.7,D,0
2.5273,100.2517,315.7,1.5,1.2,2026-03-25,0818,Aqua,MODIS,53,61.03,300.4,10.9,D,0
2.5254,100.239,314.8,1.5,1.2,2026-03-25,0818,Aqua,MODIS,55,61.03,300.3,10.3,D,0
2.5235,100.2262,313.8,1.5,1.2,2026-03-25,0818,Aqua,MODIS,33,61.03,298.6,8.6,D,0
2.5621,100.2281,315,1.5,1.2,2026-03-25,0818,Aqua,MODIS,43,61.03,299.7,8.6,D,0
2.5706,100.2137,331.7,1.5,1.2,2026-03-25,0818,Aqua,MODIS,85,61.03,301.5,38.9,D,0
-1.4594,127.4411,314.2,1.1,1,2026-03-25,1234,Terra,MODIS,84,61.03,294,11.3,N,2
1.4964,127.63,328,1.1,1.1,2026-03-25,1234,Terra,MODIS,100,61.03,292.6,31.5,N,1
1.4978,127.6401,306.9,1.1,1.1,2026-03-25,1234,Terra,MODIS,49,61.03,291.1,8.6,N,1
-1.6006,105.4649,304.9,1.5,1.2,2026-03-25,1412,Terra,MODIS,62,61.03,283.9,9.8,N,0
-2.2131,101.0165,321.4,1,1,2026-03-25,1412,Terra,MODIS,100,61.03,285.3,19.2,N,0
-0.2452,109.328,316,3.2,1.7,2026-03-25,1412,Terra,MODIS,90,61.03,281.1,86.2,N,0
-0.2454,109.3216,317.7,3.2,1.7,2026-03-25,1412,Terra,MODIS,94,61.03,280.9,94.8,N,0
0.0109,103.7264,305.4,1.2,1.1,2026-03-25,1412,Terra,MODIS,64,61.03,290.8,5.9,N,0
0.3788,109.1065,305.8,3.1,1.7,2026-03-25,1412,Terra,MODIS,30,61.03,286.9,31.2,N,0
-1.605,105.4714,310.4,1.5,1.2,2026-03-25,1412,Terra,MODIS,80,61.03,283.7,15.5,N,0
-1.5988,105.4779,302.2,1.5,1.2,2026-03-25,1412,Terra,MODIS,47,61.03,283.8,7,N,0
0.366,103.0955,303.2,1.1,1.1,2026-03-25,1413,Terra,MODIS,54,61.03,291,4.2,N,0
1.0033,104.5475,306.4,1.4,1.2,2026-03-25,1413,Terra,MODIS,45,61.03,292.7,8.6,N,0
1.5107,102.101,303.9,1.1,1,2026-03-25,1413,Terra,MODIS,39,61.03,290.1,4.6,N,0
1.5217,102.112,301.5,1.1,1,2026-03-25,1413,Terra,MODIS,31,61.03,289.2,3.7,N,0
1.3884,100.6797,308.6,1,1,2026-03-25,1413,Terra,MODIS,66,61.03,292.8,5.8,N,0
1.3872,100.671,339.5,1,1,2026-03-25,1413,Terra,MODIS,100,61.03,294.5,40.5,N,0
1.386,100.6622,322,1,1,2026-03-25,1413,Terra,MODIS,100,61.03,288,17.9,N,0
1.3972,100.6785,318.8,1,1,2026-03-25,1413,Terra,MODIS,97,61.03,293.7,13.4,N,0
1.396,100.6697,340.5,1,1,2026-03-25,1413,Terra,MODIS,100,61.03,294.6,41.4,N,0
1.3948,100.661,313.7,1,1,2026-03-25,1413,Terra,MODIS,88,61.03,288.4,9.7,N,0
1.6474,101.4834,306.2,1,1,2026-03-25,1413,Terra,MODIS,36,61.03,291.6,5,N,0
1.6575,101.4911,306.7,1,1,2026-03-25,1413,Terra,MODIS,12,61.03,291.3,4.8,N,0
1.6563,101.4822,316.3,1,1,2026-03-25,1413,Terra,MODIS,93,61.03,291.9,12.1,N,0
1.6523,101.2569,309.6,1,1,2026-03-25,1413,Terra,MODIS,78,61.03,291.8,8.6,N,0
1.7704,101.6424,305.5,1,1,2026-03-25,1413,Terra,MODIS,63,61.03,290.2,5.6,N,0
1.7691,101.6335,316.7,1,1,2026-03-25,1413,Terra,MODIS,93,61.03,291.4,14.3,N,0
1.7969,101.7029,306.9,1,1,2026-03-25,1413,Terra,MODIS,68,61.03,289.9,6.7,N,0
1.8459,101.653,307.7,1,1,2026-03-25,1413,Terra,MODIS,72,61.03,290.2,6.7,N,0
1.856,101.6608,315.7,1,1,2026-03-25,1413,Terra,MODIS,92,61.03,291.8,12.6,N,0
1.8548,101.6518,307.2,1,1,2026-03-25,1413,Terra,MODIS,29,61.03,290.8,6,N,0
1.9689,101.5477,324.9,1,1,2026-03-25,1413,Terra,MODIS,100,61.03,293.2,22.2,N,0
1.9664,101.5299,313.9,1,1,2026-03-25,1413,Terra,MODIS,88,61.03,291.6,11.3,N,0
1.9778,101.5465,313.1,1,1,2026-03-25,1413,Terra,MODIS,86,61.03,291,10.6,N,0
1.9765,101.5376,322.6,1,1,2026-03-25,1413,Terra,MODIS,100,61.03,292.6,19.6,N,0
1.9753,101.5286,302.4,1,1,2026-03-25,1413,Terra,MODIS,49,61.03,290.6,3.3,N,0
2.5241,100.2272,303.5,1,1,2026-03-25,1413,Terra,MODIS,56,61.03,293.3,3.6,N,0
2.5696,100.2145,320.5,1,1,2026-03-25,1413,Terra,MODIS,100,61.03,293.4,16.9,N,0
2.5708,100.2233,304.2,1,1,2026-03-25,1413,Terra,MODIS,59,61.03,292.3,4.3,N,0
1.9676,101.5388,333.9,1,1,2026-03-25,1413,Terra,MODIS,100,61.03,295,33.7,N,0
2.5608,100.2158,321,1,1,2026-03-25,1413,Terra,MODIS,100,61.03,293.5,17.3,N,0
0.1815,103.4156,304,1.2,1.1,2026-03-25,1413,Terra,MODIS,58,61.03,292.2,4.9,N,0
0.1801,103.4054,310.9,1.2,1.1,2026-03-25,1413,Terra,MODIS,81,61.03,292.5,10.6,N,0
0.3311,103.0967,322.9,1.1,1.1,2026-03-25,1413,Terra,MODIS,100,61.03,293.5,21.8,N,0
0.3297,103.0868,304.7,1.1,1.1,2026-03-25,1413,Terra,MODIS,34,61.03,292.4,4.5,N,0
0.3417,103.1052,332.7,1.1,1.1,2026-03-25,1413,Terra,MODIS,100,61.03,293.8,35.1,N,0
0.3404,103.0954,354.6,1.1,1.1,2026-03-25,1413,Terra,MODIS,100,61.03,295.8,83,N,0
0.339,103.0855,317.5,1.1,1.1,2026-03-25,1413,Terra,MODIS,95,61.03,292.4,15.1,N,0
0.3632,103.1224,304.1,1.1,1.1,2026-03-25,1413,Terra,MODIS,10,61.03,290.4,4.1,N,0
0.359,103.0928,306.1,1.1,1.1,2026-03-25,1413,Terra,MODIS,33,61.03,291.4,5.1,N,0
1.5,127.6381,327.4,1.2,1.1,2026-03-25,1857,Aqua,MODIS,100,61.03,292,34.3,N,1
4.2801,98.0414,349.9,1.2,1.1,2026-03-25,2035,Aqua,MODIS,100,61.03,293.8,83.8,N,0
4.2785,98.0522,305.5,1.2,1.1,2026-03-25,2035,Aqua,MODIS,65,61.03,292.3,7.2,N,0
4.2768,98.0354,326.9,1.2,1.1,2026-03-25,2035,Aqua,MODIS,100,61.03,292.4,32.6,N,0
4.2752,98.0461,326.9,1.2,1.1,2026-03-25,2035,Aqua,MODIS,100,61.03,293.1,32.5,N,0
1.9717,101.5487,316,1,1,2026-03-25,2036,Aqua,MODIS,92,61.03,288,15.4,N,0
2.5723,100.2157,304.2,1,1,2026-03-25,2036,Aqua,MODIS,59,61.03,293.1,5.4,N,0
2.571,100.2244,303.6,1,1,2026-03-25,2036,Aqua,MODIS,56,61.03,293.6,5,N,0
1.973,101.5397,306.8,1,1,2026-03-25,2036,Aqua,MODIS,53,61.03,285.1,8.3,N,0
1.9655,101.5294,311.6,1,1,2026-03-25,2036,Aqua,MODIS,79,61.03,287,11.6,N,0
1.8521,101.6644,303.5,1,1,2026-03-25,2036,Aqua,MODIS,53,61.03,290.7,5.1,N,0
1.8004,101.7034,303.2,1.1,1,2026-03-25,2036,Aqua,MODIS,54,61.03,290.2,4.1,N,0
1.7735,101.6368,301.5,1,1,2026-03-25,2036,Aqua,MODIS,24,61.03,287.5,5.5,N,0
1.6579,101.4844,303.1,1,1,2026-03-25,2036,Aqua,MODIS,49,61.03,288.9,4.8,N,0
1.6565,101.4934,306.1,1,1,2026-03-25,2036,Aqua,MODIS,67,61.03,290.7,6.7,N,0
1.6547,101.2575,301.1,1,1,2026-03-25,2036,Aqua,MODIS,37,61.03,288.9,4.3,N,0
1.5264,102.1109,303.8,1.1,1,2026-03-25,2036,Aqua,MODIS,57,61.03,289.2,5.1,N,0
1.3948,100.6614,301.7,1,1,2026-03-25,2036,Aqua,MODIS,37,61.03,288.1,3.3,N,0
1.3935,100.6702,318.7,1,1,2026-03-25,2036,Aqua,MODIS,97,61.03,289.9,15.2,N,0
1.3922,100.6789,325.9,1,1,2026-03-25,2036,Aqua,MODIS,100,61.03,289,22.6,N,0
1.3908,100.6876,307.4,1,1,2026-03-25,2036,Aqua,MODIS,71,61.03,287.5,6.5,N,0
0.3416,103.1014,338.6,1.3,1.1,2026-03-25,2036,Aqua,MODIS,100,61.03,294.4,56.4,N,0
0.3399,103.1125,308.3,1.3,1.1,2026-03-25,2036,Aqua,MODIS,23,61.03,291.3,8.9,N,0
0.3318,103.0999,306.6,1.3,1.1,2026-03-25,2036,Aqua,MODIS,33,61.03,291,7.7,N,0
0.2822,102.9512,306.1,1.3,1.1,2026-03-25,2036,Aqua,MODIS,67,61.03,288.5,8.6,N,0
0.2805,102.9621,300.4,1.3,1.1,2026-03-25,2036,Aqua,MODIS,27,61.03,288.4,4.2,N,0
0.1833,103.4084,301,1.3,1.1,2026-03-25,2036,Aqua,MODIS,36,61.03,289.8,5.6,N,0
0.223,102.2776,311.7,1.2,1.1,2026-03-25,2036,Aqua,MODIS,83,61.03,288.6,12.4,N,0
0.2214,102.2876,312.5,1.2,1.1,2026-03-25,2036,Aqua,MODIS,85,61.03,288.1,13.3,N,0
0.2166,102.2801,314.8,1.2,1.1,2026-03-25,2036,Aqua,MODIS,90,61.03,289.1,15.6,N,0
-4.4283,121.6173,310.5,1.1,1,2026-03-26,0055,Terra,MODIS,57,61.03,294.7,5.4,D,0
-4.4468,121.6824,311.5,1.1,1,2026-03-26,0055,Terra,MODIS,60,61.03,295.3,6.7,D,0
-4.4481,121.6918,318.4,1.1,1,2026-03-26,0055,Terra,MODIS,73,61.03,294.5,13.1,D,0
4.279,98.0385,321.6,1,1,2026-03-26,0231,Terra,MODIS,79,61.03,296.5,13.4,D,0
4.2701,98.0373,315.5,1,1,2026-03-26,0231,Terra,MODIS,58,61.03,295.5,7.4,D,0
1.9721,101.529,317.1,1.7,1.3,2026-03-26,0231,Terra,MODIS,58,61.03,295.2,21.3,D,0
1.9699,101.5441,345.2,1.7,1.3,2026-03-26,0231,Terra,MODIS,93,61.03,297.3,107.2,D,0
1.8489,101.6621,316.4,1.8,1.3,2026-03-26,0231,Terra,MODIS,62,61.03,295.2,21.2,D,0
1.7989,101.6965,315.7,1.8,1.3,2026-03-26,0231,Terra,MODIS,39,61.03,295.6,16.8,D,0
1.7711,101.6448,314.8,1.8,1.3,2026-03-26,0231,Terra,MODIS,69,61.03,293.9,19.2,D,0
1.0609,102.0172,315.3,2,1.4,2026-03-26,0232,Terra,MODIS,69,61.03,292.3,22,D,0
0.3373,103.1082,314.6,2.5,1.5,2026-03-26,0232,Terra,MODIS,70,61.03,284,36.4,D,0
0.3414,103.1021,314.2,2.5,1.5,2026-03-26,0232,Terra,MODIS,49,61.03,284.4,31.8,D,0
-8.7999,116.2912,311.3,1.9,1.3,2026-03-26,0715,Aqua,MODIS,40,61.03,290.9,10,D,0
-2.4071,120.8949,307.6,1,1,2026-03-26,0716,Aqua,MODIS,56,61.03,280.7,5.6,D,0
-2.5048,119.3376,313.7,1,1,2026-03-26,0716,Aqua,MODIS,66,61.03,298.1,7.3,D,0
-2.3389,119.8422,312,1,1,2026-03-26,0716,Aqua,MODIS,68,61.03,297.8,6.2,D,0
-2.5752,121.3755,313.4,1,1,2026-03-26,0716,Aqua,MODIS,61,61.03,295.4,7.6,D,2
-2.584,121.3769,333.7,1,1,2026-03-26,0716,Aqua,MODIS,87,61.03,292,30.7,D,2
-3.0249,119.2589,308.6,1,1,2026-03-26,0716,Aqua,MODIS,58,61.03,293.6,5.6,D,0
-1.8024,119.5371,311.7,1,1,2026-03-26,0717,Aqua,MODIS,66,61.03,297.7,5.4,D,0
0.8348,116.9951,313,1.2,1.1,2026-03-26,0717,Aqua,MODIS,56,61.03,294.7,8,D,0
0.8363,117.0056,317.1,1.2,1.1,2026-03-26,0717,Aqua,MODIS,74,61.03,295.7,12.6,D,0
0.8208,117.0678,320.7,1.2,1.1,2026-03-26,0717,Aqua,MODIS,77,61.03,296.4,17.1,D,0
0.8284,117.1194,316.1,1.2,1.1,2026-03-26,0717,Aqua,MODIS,72,61.03,295.7,11.1,D,0
0.6755,116.8353,314.5,1.2,1.1,2026-03-26,0717,Aqua,MODIS,62,61.03,289.1,11.6,D,0
0.6589,117.0547,311,1.2,1.1,2026-03-26,0717,Aqua,MODIS,47,61.03,288.9,8.8,D,0
0.6605,117.0652,319.2,1.2,1.1,2026-03-26,0717,Aqua,MODIS,75,61.03,291.9,16.9,D,0
0.5153,120.3416,307.7,1,1,2026-03-26,0717,Aqua,MODIS,55,61.03,292,6.6,D,0
-0.2442,117.323,313.3,1.2,1.1,2026-03-26,0717,Aqua,MODIS,63,61.03,298.5,6.8,D,0
-0.7951,114.2175,314.5,2,1.4,2026-03-26,0717,Aqua,MODIS,71,61.03,293,24.2,D,0
-0.799,114.2233,315.3,2,1.4,2026-03-26,0717,Aqua,MODIS,72,61.03,293,26.5,D,0
-0.8995,115.8237,310.9,1.5,1.2,2026-03-26,0717,Aqua,MODIS,64,61.03,293.6,10.5,D,0
-1.3633,112.9845,307.5,2.6,1.6,2026-03-26,0717,Aqua,MODIS,46,61.03,289.7,15.4,D,0
-0.865,117.033,317,1.3,1.1,2026-03-26,0717,Aqua,MODIS,74,61.03,295.7,14.3,D,0
-1.4583,115.8603,317.6,1.6,1.2,2026-03-26,0717,Aqua,MODIS,69,61.03,295.5,22.1,D,0
-2.0454,115.1634,312.5,1.8,1.3,2026-03-26,0717,Aqua,MODIS,65,61.03,294.3,13,D,0
-2.0433,115.17,313.9,1.8,1.3,2026-03-26,0717,Aqua,MODIS,66,61.03,294.1,16.3,D,0
-1.4274,119.5742,311.5,1,1,2026-03-26,0717,Aqua,MODIS,64,61.03,298.1,5.3,D,0
-1.4261,119.583,312.3,1,1,2026-03-26,0717,Aqua,MODIS,66,61.03,296.8,6.1,D,0
-1.5116,120.3825,315.5,1,1,2026-03-26,0717,Aqua,MODIS,72,61.03,298.6,7.3,D,0
-1.7629,119.4797,317,1,1,2026-03-26,0717,Aqua,MODIS,73,61.03,296.6,9.7,D,0
-1.8011,119.5459,325,1,1,2026-03-26,0717,Aqua,MODIS,82,61.03,297.6,18,D,0
-1.8512,119.9533,311,1,1,2026-03-26,0717,Aqua,MODIS,64,61.03,296.9,6,D,0
-2.0441,119.3949,313.1,1,1,2026-03-26,0717,Aqua,MODIS,64,61.03,295.2,7.7,D,0
-2.0154,121.413,320.2,1,1,2026-03-26,0717,Aqua,MODIS,59,61.03,299.8,11.5,D,2
-2.014,121.422,319.6,1,1,2026-03-26,0717,Aqua,MODIS,70,61.03,298.8,10.8,D,2
4.1493,117.4675,311.8,1.1,1,2026-03-26,0718,Aqua,MODIS,47,61.03,297.9,5.6,D,0
3.3993,117.6438,315.3,1.1,1,2026-03-26,0718,Aqua,MODIS,63,61.03,298.3,8.3,D,0
3.3979,117.6346,330,1.1,1,2026-03-26,0718,Aqua,MODIS,83,61.03,298,25.6,D,0
1.393,100.6718,317.5,2,1.4,2026-03-26,0856,Aqua,MODIS,34,61.03,291.9,21.5,D,0
4.5785,96.9782,308.5,1.2,1.1,2026-03-26,0857,Aqua,MODIS,40,61.03,288.3,8.6,D,0
4.9474,97.4828,316.3,1.3,1.1,2026-03-26,0857,Aqua,MODIS,68,61.03,297.5,11.3,D,0
-2.2127,115.4966,307.7,1,1,2026-03-26,1313,Terra,MODIS,68,61.03,296.7,5.3,N,2
0.6657,111.8369,335.7,1.5,1.2,2026-03-26,1314,Terra,MODIS,100,61.03,291.3,60.9,N,0
0.4069,109.1,304.2,2.4,1.5,2026-03-26,1314,Terra,MODIS,24,61.03,292.6,13.6,N,0
0.6053,109.0171,302.7,2.4,1.5,2026-03-26,1314,Terra,MODIS,45,61.03,288.7,14.4,N,0
0.4099,109.1209,310.5,2.4,1.5,2026-03-26,1314,Terra,MODIS,80,61.03,293.1,28.2,N,0
0.3967,109.1228,304.7,2.4,1.5,2026-03-26,1314,Terra,MODIS,40,61.03,293.3,14.4,N,0
0.3805,109.1036,305.6,2.4,1.5,2026-03-26,1314,Terra,MODIS,34,61.03,293.2,16,N,0
0.6674,111.8497,311.6,1.5,1.2,2026-03-26,1314,Terra,MODIS,83,61.03,292.2,15.2,N,0
0.3998,109.1278,306.2,2.4,1.5,2026-03-26,1314,Terra,MODIS,8,61.03,293.3,15.6,N,0
0.3516,109.0703,304.8,2.4,1.5,2026-03-26,1314,Terra,MODIS,52,61.03,291.5,17.1,N,0
-0.1717,109.3453,302.6,2,1.4,2026-03-26,1936,Aqua,MODIS,50,61.03,286.9,13.2,N,0
-0.2292,109.3191,307.1,2,1.4,2026-03-26,1936,Aqua,MODIS,54,61.03,279.8,20.3,N,0
-0.2318,109.3363,312.2,2,1.4,2026-03-26,1936,Aqua,MODIS,84,61.03,282,29.6,N,0
-0.2413,109.3173,302.5,2,1.4,2026-03-26,1936,Aqua,MODIS,15,61.03,279.2,12.7,N,0
-0.2439,109.3345,305.5,2,1.4,2026-03-26,1936,Aqua,MODIS,28,61.03,281.8,16.9,N,0
0.6046,109.0181,303.2,2.2,1.4,2026-03-26,1936,Aqua,MODIS,54,61.03,292.6,13.2,N,0
0.6602,111.8542,309.1,1.3,1.1,2026-03-26,1936,Aqua,MODIS,76,61.03,271.8,16.6,N,0
0.6619,111.8426,327.6,1.3,1.1,2026-03-26,1936,Aqua,MODIS,100,61.03,269.1,42.7,N,0
0.4046,109.129,309,2.1,1.4,2026-03-26,1936,Aqua,MODIS,76,61.03,292.7,24.1,N,0
0.4033,109.1216,311,2.1,1.4,2026-03-26,1936,Aqua,MODIS,81,61.03,292.4,27.7,N,0
0.3469,109.0756,303.4,2.1,1.4,2026-03-26,1936,Aqua,MODIS,55,61.03,291.3,14.9,N,0
-2.9388,115.2447,302.9,1,1,2026-03-26,1937,Aqua,MODIS,26,61.03,292.7,3.9,N,0
-1.8847,115.8639,308,1,1,2026-03-26,1937,Aqua,MODIS,73,61.03,294.1,6.4,N,2
-1.8937,115.8626,310.9,1,1,2026-03-26,1937,Aqua,MODIS,81,61.03,294.6,8.6,N,2
-1.895,115.8717,307.8,1,1,2026-03-26,1937,Aqua,MODIS,72,61.03,294.1,6.2,N,2
-1.7553,110.241,324.9,1,1,2026-03-27,0755,Aqua,MODIS,82,61.03,295.1,16.6,D,0
-1.7793,110.1999,320,1,1,2026-03-27,0755,Aqua,MODIS,42,61.03,292.2,11,D,0
-1.7552,111.3782,340.8,1,1,2026-03-27,0755,Aqua,MODIS,92,61.03,294.5,41.1,D,0
-1.7566,110.2323,339.1,1,1,2026-03-27,0755,Aqua,MODIS,91,61.03,298.6,35.5,D,0
-1.7367,110.1846,317.9,1,1,2026-03-27,0755,Aqua,MODIS,73,61.03,290.7,10.5,D,0
-1.733,110.1483,322.6,1,1,2026-03-27,0755,Aqua,MODIS,56,61.03,286.7,14.6,D,0
-1.723,110.1558,324.9,1,1,2026-03-27,0755,Aqua,MODIS,53,61.03,285.7,17.2,D,0
-1.7242,110.147,322.8,1,1,2026-03-27,0755,Aqua,MODIS,61,61.03,286.2,15.6,D,0
-1.2572,110.4841,312.4,1,1,2026-03-27,0755,Aqua,MODIS,56,61.03,295.9,5.5,D,0
-0.2988,114.7133,313.5,1.6,1.2,2026-03-27,0755,Aqua,MODIS,34,61.03,292.6,11.3,D,0
-0.1946,111.9379,313.7,1.1,1,2026-03-27,0755,Aqua,MODIS,73,61.03,278.5,11.9,D,0
0.4419,109.8596,313.8,1,1,2026-03-27,0756,Aqua,MODIS,68,61.03,291.4,7.4,D,0
0.5178,109.7437,312,1,1,2026-03-27,0756,Aqua,MODIS,45,61.03,291.6,6.4,D,0
0.8215,111.3098,312.5,1,1,2026-03-27,0756,Aqua,MODIS,55,61.03,286.9,8.1,D,0
1.1299,112.2168,314.1,1.1,1.1,2026-03-27,0756,Aqua,MODIS,66,61.03,297.1,7.1,D,0
1.006,109.0972,315.4,1,1,2026-03-27,0756,Aqua,MODIS,36,61.03,295,7.3,D,0
1.0149,109.0959,315.3,1,1,2026-03-27,0756,Aqua,MODIS,51,61.03,294.1,7.4,D,0
3.8504,108.3324,318.8,1,1,2026-03-27,0756,Aqua,MODIS,70,61.03,296.5,12,D,0
3.8491,108.3234,312.8,1,1,2026-03-27,0756,Aqua,MODIS,55,61.03,296.6,6.6,D,0
3.8357,108.1115,325.5,1.1,1,2026-03-27,0756,Aqua,MODIS,35,61.03,297.6,16.8,D,0
3.8461,108.1193,317,1.1,1,2026-03-27,0756,Aqua,MODIS,54,61.03,295.5,9.7,D,0
3.8447,108.1101,335.1,1.1,1,2026-03-27,0756,Aqua,MODIS,87,61.03,296.3,31.4,D,0
3.842,108.0918,320.4,1.1,1,2026-03-27,0756,Aqua,MODIS,63,61.03,296.7,12.7,D,0
1.4996,127.6354,307.8,1.2,1.1,2026-03-27,1836,Aqua,MODIS,73,61.03,289.1,10.3,N,1
1.4962,127.6294,302.2,1.2,1.1,2026-03-27,1836,Aqua,MODIS,43,61.03,288.6,5.6,N,1
0.4882,127.9876,303.3,1.2,1.1,2026-03-27,1836,Aqua,MODIS,49,61.03,284,5.5,N,2
0.4866,127.9977,304.4,1.2,1.1,2026-03-27,1836,Aqua,MODIS,56,61.03,284.3,6.6,N,2
-1.4532,127.4411,308.6,1.2,1.1,2026-03-27,1836,Aqua,MODIS,56,61.03,290.1,10.2,N,2
-1.5623,127.4286,307.3,1.2,1.1,2026-03-27,1836,Aqua,MODIS,51,61.03,284.8,9.3,N,2
1.323,102.4312,300.7,1.3,1.1,2026-03-27,2014,Aqua,MODIS,32,61.03,268.7,7.8,N,0
0.4619,103.4604,307.5,1.1,1.1,2026-03-27,2014,Aqua,MODIS,72,61.03,284.4,9.2,N,0
0.3486,103.1122,317.4,1.2,1.1,2026-03-27,2014,Aqua,MODIS,66,61.03,288.2,17.7,N,0
0.3407,103.1006,307.4,1.2,1.1,2026-03-27,2014,Aqua,MODIS,27,61.03,285.9,8.8,N,0
0.2173,102.2775,311.6,1.3,1.1,2026-03-27,2015,Aqua,MODIS,83,61.03,284.4,16.2,N,0
0.2155,102.2889,303.1,1.3,1.1,2026-03-27,2015,Aqua,MODIS,53,61.03,284.7,7.7,N,0
-0.2848,103.018,307.2,1.2,1.1,2026-03-27,2015,Aqua,MODIS,71,61.03,284.1,10.2,N,0
0.5135,127.8956,315.5,1.1,1.1,2026-03-28,0033,Terra,MODIS,55,61.03,299,8.6,D,0
0.4917,127.9821,316.7,1.1,1.1,2026-03-28,0033,Terra,MODIS,44,61.03,299.9,11.1,D,2
-2.0116,121.4285,307.8,1.5,1.2,2026-03-28,0034,Terra,MODIS,53,61.03,284.8,8.9,D,2
-2.5785,121.3789,342.5,1.5,1.2,2026-03-28,0034,Terra,MODIS,92,61.03,294,70.5,D,2
-2.5859,121.3837,321.7,1.4,1.2,2026-03-28,0034,Terra,MODIS,74,61.03,293.5,23.8,D,2
-3.8731,122.3964,307.9,1.2,1.1,2026-03-28,0035,Terra,MODIS,57,61.03,280.5,8.8,D,2
-3.8746,122.4069,305.5,1.2,1.1,2026-03-28,0035,Terra,MODIS,39,61.03,280.6,7,D,2
-5.4628,122.602,311,1.1,1.1,2026-03-28,0035,Terra,MODIS,0,61.03,295.5,7.2,D,2
-8.2723,123.5066,310,1,1,2026-03-28,0036,Terra,MODIS,62,61.03,294.5,6.1,D,1
1.9789,101.5467,323.9,1,1,2026-03-28,0212,Terra,MODIS,82,61.03,284.3,17.3,D,0
1.9777,101.5554,325.3,1,1,2026-03-28,0212,Terra,MODIS,83,61.03,283.5,19,D,0
1.967,101.5479,316.6,1,1,2026-03-28,0212,Terra,MODIS,65,61.03,283.9,12.3,D,0
1.9657,101.5566,306.5,1,1,2026-03-28,0212,Terra,MODIS,35,61.03,282,4.5,D,0
1.7997,101.6963,312.5,1,1,2026-03-28,0212,Terra,MODIS,40,61.03,284.6,6.4,D,0
0.9024,103.505,310.5,1.1,1.1,2026-03-28,0212,Terra,MODIS,0,61.03,280.3,9.7,D,0
0.3409,103.1145,325.8,1.1,1,2026-03-28,0212,Terra,MODIS,82,61.03,291.8,21.6,D,0
0.3289,103.1325,325.2,1.1,1,2026-03-28,0212,Terra,MODIS,82,61.03,292.1,21.6,D,0
-2.5764,121.3782,318.6,1.6,1.3,2026-03-28,0655,Aqua,MODIS,76,61.03,279.3,30.1,D,2
1.4927,127.6402,311.7,1.2,1.1,2026-03-28,0655,Aqua,MODIS,44,61.03,290.6,8.5,D,1
-0.7967,119.7526,311.9,2,1.4,2026-03-28,0655,Aqua,MODIS,46,61.03,292,18.8,D,0
-1.6073,121.9607,319.4,1.4,1.2,2026-03-28,0655,Aqua,MODIS,78,61.03,296.5,20.2,D,0
-2.5784,121.3643,307.6,1.6,1.3,2026-03-28,0655,Aqua,MODIS,42,61.03,281.8,12.2,D,2
1.0774,117.1669,310.9,3.1,1.7,2026-03-28,0656,Aqua,MODIS,48,61.03,290.9,28.3,D,0
0.7538,117.0406,311.5,3.2,1.7,2026-03-28,0656,Aqua,MODIS,64,61.03,289,35.4,D,0
1.5475,117.2204,313.1,3,1.6,2026-03-28,0656,Aqua,MODIS,70,61.03,293.2,33.6,D,0
2.1183,117.6502,311.4,2.7,1.6,2026-03-28,0656,Aqua,MODIS,53,61.03,293.5,22,D,0
2.1409,117.1184,311.4,3,1.6,2026-03-28,0656,Aqua,MODIS,52,61.03,292.2,29.2,D,0
2.7085,117.4943,310.3,2.7,1.6,2026-03-28,0656,Aqua,MODIS,63,61.03,291.4,21.9,D,0
-0.2029,104.854,369.8,1.5,1.2,2026-03-28,0833,Aqua,MODIS,89,61.03,289.8,199.3,D,0
-0.1943,104.8394,337.2,1.5,1.2,2026-03-28,0833,Aqua,MODIS,77,61.03,291.1,59.1,D,0
-0.1924,104.8524,349.9,1.5,1.2,2026-03-28,0833,Aqua,MODIS,83,61.03,290,101.1,D,0
-0.2048,104.841,362.1,1.5,1.2,2026-03-28,0833,Aqua,MODIS,89,61.03,289.9,157,D,0
0.6632,101.2877,310.3,1,1,2026-03-28,0834,Aqua,MODIS,58,61.03,288.3,6.1,D,0
0.1939,103.7093,310.1,1.3,1.1,2026-03-28,0834,Aqua,MODIS,21,61.03,282.2,8,D,0
0.6566,103.4426,333.2,1.2,1.1,2026-03-28,0834,Aqua,MODIS,82,61.03,295.4,35.3,D,0
0.655,103.4319,320.9,1.2,1.1,2026-03-28,0834,Aqua,MODIS,55,61.03,294.6,14.7,D,0
0.8471,104.2514,326.1,1.4,1.2,2026-03-28,0834,Aqua,MODIS,0,61.03,295,28.6,D,0
-3.8728,122.3979,305.4,1,1,2026-03-28,1252,Terra,MODIS,42,61.03,293.3,5.4,N,2
-1.8923,115.8694,303.2,1.9,1.3,2026-03-28,1253,Terra,MODIS,54,61.03,291.7,8.4,N,2
-1.815,119.47,308.2,1.1,1,2026-03-28,1253,Terra,MODIS,74,61.03,281.3,9.8,N,0
2.0666,117.1983,303.9,1.3,1.1,2026-03-28,1254,Terra,MODIS,57,61.03,292.3,5.4,N,0
1.5587,117.2249,305.7,1.3,1.1,2026-03-28,1254,Terra,MODIS,53,61.03,289.8,8.1,N,0
-0.1925,104.8405,323.1,3.4,1.7,2026-03-28,1431,Terra,MODIS,93,61.03,271.6,0,N,0
-3.8657,122.4041,307.6,1.2,1.1,2026-03-28,1915,Aqua,MODIS,72,61.03,294,7.6,N,2
-1.8916,115.8634,303,1.6,1.2,2026-03-28,1915,Aqua,MODIS,53,61.03,288.7,8.6,N,2
-3.8975,122.4209,305.5,1.2,1.1,2026-03-28,1915,Aqua,MODIS,65,61.03,293.4,5.8,N,2
-8.1047,112.9208,304,2.1,1.4,2026-03-28,1917,Aqua,MODIS,58,61.03,280.1,23.9,N,1
4.9231,97.4711,337.5,1,1,2026-03-28,2051,Aqua,MODIS,100,61.03,290.4,39.5,N,0
4.9218,97.4799,323.9,1,1,2026-03-28,2051,Aqua,MODIS,100,61.03,291.6,21.5,N,0
4.9144,97.4698,328.7,1,1,2026-03-28,2051,Aqua,MODIS,100,61.03,290.4,26.4,N,0
4.9131,97.4786,322.2,1,1,2026-03-28,2051,Aqua,MODIS,100,61.03,291.2,18.9,N,0
-2.5838,121.38,317.3,2.1,1.4,2026-03-29,0113,Terra,MODIS,52,61.03,283.4,39.2,D,2
-1.896,115.8694,317.4,1,1,2026-03-29,0113,Terra,MODIS,72,61.03,295.1,10,D,2
-2.212,115.4979,313.6,1,1,2026-03-29,0113,Terra,MODIS,41,61.03,297.3,5.7,D,2
-2.8859,115.2539,312.5,1,1,2026-03-29,0114,Terra,MODIS,63,61.03,297.8,5.5,D,0
-2.8871,115.2626,312.7,1,1,2026-03-29,0114,Terra,MODIS,64,61.03,297.5,5.8,D,0
-2.9404,115.2403,314.6,1,1,2026-03-29,0114,Terra,MODIS,62,61.03,297.3,6.9,D,0
-5.0981,119.5743,312.3,1.7,1.3,2026-03-29,0114,Terra,MODIS,41,61.03,295.2,10.1,D,0
-8.8391,121.6659,306.6,2.8,1.6,2026-03-29,0115,Terra,MODIS,0,61.03,293.1,20.3,D,0
-2.5785,121.3704,342.7,1.8,1.3,2026-03-29,0732,Aqua,MODIS,92,61.03,294.7,95,D,2
-0.6674,114.6329,317.4,1.1,1,2026-03-29,0733,Aqua,MODIS,71,61.03,294,11.2,D,0
-2.8897,114.2115,311.8,1.1,1.1,2026-03-29,0733,Aqua,MODIS,60,61.03,294.2,6.2,D,0
-2.0774,114.9695,314.8,1.1,1,2026-03-29,0733,Aqua,MODIS,66,61.03,298.3,7,D,0
-1.7638,115.0904,320.6,1,1,2026-03-29,0733,Aqua,MODIS,75,61.03,298.5,12.3,D,0
-1.3871,114.3236,312.4,1.1,1,2026-03-29,0733,Aqua,MODIS,37,61.03,295.5,5.8,D,0
-1.3779,114.3223,313.8,1.1,1,2026-03-29,0733,Aqua,MODIS,42,61.03,296.6,7.3,D,0
-1.0183,114.8857,311.1,1,1,2026-03-29,0733,Aqua,MODIS,58,61.03,295.9,4.6,D,0
-1.0437,114.3362,314.2,1.1,1,2026-03-29,0733,Aqua,MODIS,64,61.03,299.2,7.6,D,0
-0.9741,114.3676,314.1,1.1,1,2026-03-29,0733,Aqua,MODIS,64,61.03,299.9,8.2,D,0
-0.74,114.3881,312.6,1.1,1,2026-03-29,0733,Aqua,MODIS,58,61.03,296.6,6.2,D,0
-0.4041,115.6626,311.6,1,1,2026-03-29,0733,Aqua,MODIS,61,61.03,295.8,5.7,D,0
0.2387,116.0823,317.1,1,1,2026-03-29,0733,Aqua,MODIS,71,61.03,295.8,9,D,0
0.5095,117.2412,323.6,1.1,1,2026-03-29,0733,Aqua,MODIS,78,61.03,295.9,18,D,0
0.7759,116.9763,327.6,1,1,2026-03-29,0734,Aqua,MODIS,82,61.03,296.9,20.7,D,0
0.7849,116.975,315.8,1,1,2026-03-29,0734,Aqua,MODIS,68,61.03,296.8,7.9,D,0
0.4836,112.6618,319.3,1.3,1.1,2026-03-29,0734,Aqua,MODIS,76,61.03,295.8,14.3,D,0
0.5261,112.6782,312.8,1.3,1.1,2026-03-29,0734,Aqua,MODIS,68,61.03,296.4,6.1,D,0
1.245,117.2171,314.1,1.1,1,2026-03-29,0734,Aqua,MODIS,68,61.03,296.7,8.3,D,0
1.968,117.2358,315.3,1.1,1,2026-03-29,0734,Aqua,MODIS,57,61.03,296.7,8.6,D,0
1.9946,117.2906,317.3,1.1,1,2026-03-29,0734,Aqua,MODIS,73,61.03,292.5,10.6,D,0
2.0151,117.2388,311.1,1.1,1,2026-03-29,0734,Aqua,MODIS,32,61.03,294.8,6.7,D,0
2.2117,117.2564,309.2,1.1,1,2026-03-29,0734,Aqua,MODIS,45,61.03,290.5,4.6,D,0
-7.5442,110.4434,301.4,1,1,2026-03-29,1954,Aqua,MODIS,41,61.03,282.7,6.6,N,1
1.6947,127.8807,310.3,1.3,1.1,2026-03-30,0013,Terra,MODIS,23,61.03,293.5,8.6,D,1
0.5344,109.0039,331.5,1.2,1.1,2026-03-30,0152,Terra,MODIS,86,61.03,292,33.7,D,0
0.5329,109.0146,314.1,1.2,1.1,2026-03-30,0152,Terra,MODIS,57,61.03,290.5,9.7,D,0
-7.0856,108.9902,309.4,1.6,1.2,2026-03-30,0154,Terra,MODIS,57,61.03,291.2,8.6,D,0
-8.1671,131.034,310.3,1.1,1,2026-03-30,0631,Aqua,MODIS,34,61.03,297.1,5,D,0
0.9438,128.0657,314.2,1.2,1.1,2026-03-30,0633,Aqua,MODIS,68,61.03,297.8,10.9,D,0
1.3261,128.2786,307.9,1.2,1.1,2026-03-30,0634,Aqua,MODIS,53,61.03,295.3,5.2,D,0
1.3246,128.2683,309.6,1.2,1.1,2026-03-30,0634,Aqua,MODIS,59,61.03,296,6.7,D,0
0.7445,103.4901,311.6,1.2,1.1,2026-03-30,0812,Aqua,MODIS,47,61.03,291.4,8.9,D,0
0.8493,104.2519,313.8,1.1,1,2026-03-30,0812,Aqua,MODIS,0,61.03,294.8,7.8,D,0
4.6012,97.7251,311.6,2.8,1.6,2026-03-30,0813,Aqua,MODIS,50,61.03,292.2,25.2,D,0
1.4985,127.6315,313.8,1.1,1.1,2026-03-30,1233,Terra,MODIS,83,61.03,291.1,14.4,N,1
0.4891,127.9809,306.4,1.1,1.1,2026-03-30,1233,Terra,MODIS,68,61.03,294.5,6.3,N,2
1.4989,127.6319,315,1,1,2026-03-30,1852,Aqua,MODIS,90,61.03,291.4,14,N,1
1.4976,127.6408,310.9,1,1,2026-03-30,1852,Aqua,MODIS,81,61.03,291.5,10.8,N,1
1.5412,124.9067,313,1.4,1.2,2026-03-31,0052,Terra,MODIS,43,61.03,297.1,9.1,D,0
-8.0624,140.2992,316,2.8,1.6,2026-03-31,0531,Aqua,MODIS,70,61.03,290.3,47.9,D,0
-8.0542,140.3053,318,2.8,1.6,2026-03-31,0531,Aqua,MODIS,66,61.03,290.6,56,D,0
-3.8716,122.3998,317.6,1,1,2026-03-31,0710,Aqua,MODIS,70,61.03,292.2,10.9,D,2
-4.0574,121.9042,319.7,1,1,2026-03-31,0710,Aqua,MODIS,72,61.03,273.6,16.5,D,2
-4.0587,121.8954,314,1,1,2026-03-31,0710,Aqua,MODIS,60,61.03,273.7,11.7,D,2
-3.8729,122.391,316.5,1,1,2026-03-31,0710,Aqua,MODIS,57,61.03,293.7,10.1,D,2
-2.836,122.1704,315.4,1,1,2026-03-31,0711,Aqua,MODIS,73,61.03,295.4,5.8,D,2
-2.5827,121.3772,341.8,1,1,2026-03-31,0711,Aqua,MODIS,80,61.03,289.7,45,D,2
-2.584,121.3684,314.3,1,1,2026-03-31,0711,Aqua,MODIS,50,61.03,287.3,10.4,D,2
-2.0137,121.4175,329,1,1,2026-03-31,0711,Aqua,MODIS,86,61.03,295.2,21.8,D,2
1.9674,101.553,309.6,1.8,1.3,2026-03-31,0850,Aqua,MODIS,40,61.03,277.8,16.5,D,0
4.3476,96.2785,319.4,1,1,2026-03-31,0851,Aqua,MODIS,77,61.03,294.2,11.9,D,0
-8.2748,123.5121,307.2,2,1.4,2026-03-31,1310,Terra,MODIS,71,61.03,286.5,19.9,N,1
0.3152,109.1271,318.4,1.1,1.1,2026-04-01,0132,Terra,MODIS,73,61.03,298.4,11.1,D,0
-2.589,115.3816,311.5,1.7,1.3,2026-04-01,0133,Terra,MODIS,64,61.03,294.7,10.4,D,2
-7.773,110.9768,308.3,1.1,1,2026-04-01,0134,Terra,MODIS,51,61.03,294.9,4.5,D,0
-7.022,110.3498,309.1,1,1,2026-04-01,0134,Terra,MODIS,35,61.03,294.8,4,D,0
-6.8796,108.7732,314.7,1.6,1.3,2026-04-01,0748,Aqua,MODIS,57,61.03,296,9.6,D,2
-6.8788,108.7678,315.5,1.6,1.3,2026-04-01,0748,Aqua,MODIS,64,61.03,296.2,11.6,D,2
-7.0216,110.3466,315.6,1.3,1.1,2026-04-01,0748,Aqua,MODIS,53,61.03,296.3,8.4,D,0
-2.5775,107.7947,326,1.6,1.3,2026-04-01,0749,Aqua,MODIS,79,61.03,291.2,38.7,D,0
-3.0492,112.6445,310.3,1,1,2026-04-01,0749,Aqua,MODIS,34,61.03,287.1,4.8,D,0
-1.2638,110.5205,317.1,1.1,1,2026-04-01,0749,Aqua,MODIS,72,61.03,298.1,9.1,D,0
-1.2624,110.5299,323.1,1.1,1,2026-04-01,0749,Aqua,MODIS,79,61.03,298.3,15.6,D,0
1.3731,102.4341,319.8,3.8,1.8,2026-04-01,0750,Aqua,MODIS,37,61.03,289.6,74.5,D,0
1.4377,109.1662,311.8,1.2,1.1,2026-04-01,0750,Aqua,MODIS,47,61.03,297.6,5.1,D,0
1.6615,109.3663,328.2,1.1,1.1,2026-04-01,0750,Aqua,MODIS,82,61.03,299.9,23.2,D,0
1.66,109.3564,338,1.1,1.1,2026-04-01,0750,Aqua,MODIS,89,61.03,300.4,39.6,D,0
1.6708,109.3649,316.2,1.1,1.1,2026-04-01,0750,Aqua,MODIS,69,61.03,298.7,9.2,D,0
1.6693,109.3551,318.8,1.1,1.1,2026-04-01,0750,Aqua,MODIS,73,61.03,299.3,11.7,D,0
1.6944,109.462,315.7,1.1,1.1,2026-04-01,0750,Aqua,MODIS,36,61.03,301.5,8.6,D,0
1.693,109.4522,315,1.1,1.1,2026-04-01,0750,Aqua,MODIS,40,61.03,301.5,8.5,D,0
1.9704,109.5221,311.2,1.1,1.1,2026-04-01,0750,Aqua,MODIS,47,61.03,298,5.4,D,0
1.3645,102.4398,323.4,3.8,1.8,2026-04-01,0750,Aqua,MODIS,67,61.03,290.2,101.6,D,0
-0.7111,109.9459,315.2,1.1,1.1,2026-04-01,0750,Aqua,MODIS,72,61.03,300.7,9.2,D,0
-0.4152,109.8847,316.5,1.1,1.1,2026-04-01,0750,Aqua,MODIS,52,61.03,300.7,10.6,D,0
-0.2552,110.1503,316.1,1.1,1,2026-04-01,0750,Aqua,MODIS,68,61.03,297.4,9.5,D,0
0.3148,109.1308,317.2,1.2,1.1,2026-04-01,0750,Aqua,MODIS,59,61.03,298.7,9.1,D,0
0.3133,109.1202,315.9,1.2,1.1,2026-04-01,0750,Aqua,MODIS,54,61.03,298,7.1,D,0
0.5238,109.0066,313.3,1.2,1.1,2026-04-01,0750,Aqua,MODIS,40,61.03,295.6,6.9,D,0
0.8474,109.3112,308.1,1.2,1.1,2026-04-01,0750,Aqua,MODIS,22,61.03,291.6,9.7,D,0
1.1048,109.7938,351.1,1.1,1,2026-04-01,0750,Aqua,MODIS,96,61.03,298.5,67.4,D,0
1.1034,109.7843,344.1,1.1,1,2026-04-01,0750,Aqua,MODIS,93,61.03,297.6,51.4,D,0
0.3287,103.0566,322,3.6,1.8,2026-04-01,0750,Aqua,MODIS,70,61.03,290.2,88.8,D,0
0.324,103.0259,313,3.6,1.8,2026-04-01,0750,Aqua,MODIS,40,61.03,289.2,37.9,D,0
-1.4544,127.4318,321.9,1.4,1.2,2026-04-01,1213,Terra,MODIS,100,61.03,288.9,28.2,N,3
-1.6457,105.3884,317.8,1,1,2026-04-01,1351,Terra,MODIS,96,61.03,295,14.2,N,0
1.3716,102.4473,320.9,1.3,1.1,2026-04-01,1352,Terra,MODIS,71,61.03,287.5,23.8,N,0
1.3444,102.4694,316.8,1.3,1.1,2026-04-01,1352,Terra,MODIS,21,61.03,287.2,16.2,N,0
1.3801,102.4342,307.7,1.3,1.1,2026-04-01,1352,Terra,MODIS,19,61.03,285.6,11.1,N,0
0.3312,103.0494,317.1,1.3,1.1,2026-04-01,1352,Terra,MODIS,94,61.03,291,22,N,0
0.3327,103.0605,308.7,1.3,1.1,2026-04-01,1352,Terra,MODIS,75,61.03,290.5,12.9,N,0
1.3242,102.4723,332.7,1.3,1.1,2026-04-01,1352,Terra,MODIS,100,61.03,287.5,45,N,0
1.3699,102.4356,335.6,1.3,1.1,2026-04-01,1352,Terra,MODIS,100,61.03,288.2,52.6,N,0
1.4903,127.6389,313,1.1,1,2026-04-02,0032,Terra,MODIS,68,61.03,294.5,9.4,D,1
1.4916,127.6296,312.2,1.1,1,2026-04-02,0032,Terra,MODIS,66,61.03,294.8,8.8,D,1
0.5124,127.8964,315.7,1.1,1,2026-04-02,0032,Terra,MODIS,73,61.03,298.3,9.7,D,0
-1.4612,127.4389,325.3,1.1,1,2026-04-02,0033,Terra,MODIS,0,61.03,297.3,21.2,D,2
1.9751,101.5539,313.1,1,1,2026-04-02,0211,Terra,MODIS,50,61.03,284.3,9.6,D,0
1.4513,101.8448,310.9,1,1,2026-04-02,0211,Terra,MODIS,35,61.03,293.9,5.6,D,0
-6.9562,107.794,308.1,3.1,1.7,2026-04-02,0213,Terra,MODIS,33,61.03,289.5,21.9,D,2
-3.8766,122.3995,318.5,1.9,1.3,2026-04-02,0649,Aqua,MODIS,69,61.03,296.7,27.1,D,2
-3.8102,122.1727,312.2,2,1.4,2026-04-02,0649,Aqua,MODIS,65,61.03,294,16.9,D,0
-3.8077,122.1899,312.4,2,1.4,2026-04-02,0649,Aqua,MODIS,66,61.03,293.8,17.6,D,0
-3.8031,122.1769,317.3,2,1.4,2026-04-02,0649,Aqua,MODIS,72,61.03,293,28.4,D,0
-3.9096,122.421,312.1,1.9,1.3,2026-04-02,0649,Aqua,MODIS,43,61.03,295.1,12.9,D,2
1.6954,127.8795,321.2,1,1,2026-04-02,0650,Aqua,MODIS,74,61.03,291.6,16.1,D,1
1.4487,125.1912,313.1,1.1,1,2026-04-02,0650,Aqua,MODIS,0,61.03,300.6,7.3,D,0
1.6941,127.8705,318.4,1,1,2026-04-02,0650,Aqua,MODIS,69,61.03,294.4,13.2,D,1
-6.0958,105.425,310.8,1.1,1,2026-04-02,0826,Aqua,MODIS,34,61.03,295,7,D,3
-6.1049,105.4263,311.3,1.1,1,2026-04-02,0826,Aqua,MODIS,34,61.03,295,8.2,D,3
-2.3446,104.8763,312.3,1.1,1.1,2026-04-02,0827,Aqua,MODIS,67,61.03,288.7,6.9,D,0
-1.5639,105.7918,322.2,1.3,1.1,2026-04-02,0827,Aqua,MODIS,75,61.03,298.2,16.7,D,0
-3.6646,105.8051,351.1,1.2,1.1,2026-04-02,0827,Aqua,MODIS,72,61.03,289.6,78.7,D,0
-1.9729,102.1943,315.4,1,1,2026-04-02,0827,Aqua,MODIS,70,61.03,297.9,7.5,D,0
-1.6074,105.4304,312.9,1.2,1.1,2026-04-02,0827,Aqua,MODIS,49,61.03,291.9,8.5,D,0
-1.6058,105.441,311.1,1.2,1.1,2026-04-02,0827,Aqua,MODIS,43,61.03,292.1,6.3,D,0
1.3192,102.4753,365.7,1,1,2026-04-02,0828,Aqua,MODIS,100,61.03,305.1,93.5,D,0
0.3245,103.0482,322.2,1,1,2026-04-02,0828,Aqua,MODIS,30,61.03,300.6,11.6,D,0
0.3333,103.0469,321.2,1,1,2026-04-02,0828,Aqua,MODIS,50,61.03,299.6,10.3,D,0
0.2846,102.3475,316.4,1,1,2026-04-02,0828,Aqua,MODIS,54,61.03,301.8,8.1,D,0
0.4495,102.151,316.6,1,1,2026-04-02,0828,Aqua,MODIS,64,61.03,301.9,8.6,D,0
0.4802,102.2829,313.3,1,1,2026-04-02,0828,Aqua,MODIS,46,61.03,298.4,7.4,D,0
0.5785,102.0753,316.1,1,1,2026-04-02,0828,Aqua,MODIS,67,61.03,301.8,8.3,D,0
1.3104,102.4766,335,1,1,2026-04-02,0828,Aqua,MODIS,87,61.03,299.5,28,D,0
1.3179,102.4666,341,1,1,2026-04-02,0828,Aqua,MODIS,91,61.03,299.6,34.8,D,0
1.3567,102.4631,334.3,1,1,2026-04-02,0828,Aqua,MODIS,42,61.03,302.1,21.8,D,0
1.3667,102.4706,327.8,1,1,2026-04-02,0828,Aqua,MODIS,48,61.03,299.9,16.4,D,0
1.3654,102.4618,341,1,1,2026-04-02,0828,Aqua,MODIS,69,61.03,302.5,33.7,D,0
1.3616,102.4356,339.3,1,1,2026-04-02,0828,Aqua,MODIS,82,61.03,300.2,31.3,D,0
1.3717,102.4431,335.5,1,1,2026-04-02,0828,Aqua,MODIS,53,61.03,300.1,25.6,D,0
1.3704,102.4343,383.8,1,1,2026-04-02,0828,Aqua,MODIS,100,61.03,303.7,160.3,D,0
1.3691,102.4256,377.3,1,1,2026-04-02,0828,Aqua,MODIS,100,61.03,301.4,134.8,D,0
1.3804,102.4418,322.3,1,1,2026-04-02,0828,Aqua,MODIS,24,61.03,298,11.3,D,0
2.1309,101.1365,337.4,1,1,2026-04-02,0829,Aqua,MODIS,89,61.03,297.9,34.2,D,0
5.0375,97.3659,315.4,1.4,1.2,2026-04-02,0829,Aqua,MODIS,59,61.03,294.5,11.3,D,0
4.911,97.538,314,1.4,1.2,2026-04-02,0829,Aqua,MODIS,57,61.03,296.1,10.6,D,0
-3.8744,122.4039,316.8,1,1,2026-04-02,1251,Terra,MODIS,94,61.03,293.6,12.7,N,2
-2.8741,122.1626,309.2,1,1,2026-04-02,1252,Terra,MODIS,77,61.03,287.4,7.6,N,0
-2.0081,121.4331,306,1,1,2026-04-02,1252,Terra,MODIS,9,61.03,290.2,7.5,N,2
-2.8274,122.1742,305.8,1,1,2026-04-02,1252,Terra,MODIS,35,61.03,290.7,6.4,N,2
-2.8753,122.1537,301.6,1,1,2026-04-02,1252,Terra,MODIS,21,61.03,284.7,2.9,N,0
1.3699,102.4423,341.4,2.3,1.5,2026-04-02,1431,Terra,MODIS,100,61.03,292.4,142,N,0
1.3727,102.4623,311.6,2.3,1.5,2026-04-02,1431,Terra,MODIS,34,61.03,292.7,22.1,N,0
1.3598,102.4641,313.8,2.3,1.5,2026-04-02,1431,Terra,MODIS,77,61.03,293.2,27.9,N,0
1.3211,102.4695,331.2,2.3,1.5,2026-04-02,1431,Terra,MODIS,100,61.03,291.9,90,N,0
1.3195,102.4559,309.7,2.3,1.5,2026-04-02,1431,Terra,MODIS,78,61.03,290.6,20.5,N,0
1.3224,102.4759,329,2.3,1.5,2026-04-02,1431,Terra,MODIS,100,61.03,292.1,82.7,N,0
1.38,102.4206,341,2.3,1.5,2026-04-02,1431,Terra,MODIS,100,61.03,287,143.3,N,0
1.3828,102.4405,334.1,2.3,1.5,2026-04-02,1431,Terra,MODIS,100,61.03,292.2,106.4,N,0
1.3672,102.4224,380.2,2.3,1.5,2026-04-02,1431,Terra,MODIS,100,61.03,288.1,503,N,0
4.3035,98.0561,309.5,1.2,1.1,2026-04-02,1432,Terra,MODIS,77,61.03,294.2,9.1,N,0
-2.8792,122.1641,306.3,1,1,2026-04-02,1909,Aqua,MODIS,68,61.03,292.5,6.1,N,0
-2.833,122.1769,304.5,1,1,2026-04-02,1909,Aqua,MODIS,60,61.03,293.1,4.6,N,2
1.3787,102.4214,368.3,1.6,1.3,2026-04-02,2046,Aqua,MODIS,100,61.03,296.5,219.4,N,0
1.9821,101.5532,306.3,1.4,1.2,2026-04-02,2046,Aqua,MODIS,68,61.03,294.4,8.4,N,0
1.3875,102.4371,335.2,1.6,1.3,2026-04-02,2046,Aqua,MODIS,100,61.03,294.8,66.9,N,0
1.3766,102.4354,356.2,1.6,1.3,2026-04-02,2046,Aqua,MODIS,100,61.03,298.6,148.8,N,0
1.3723,102.4637,311.3,1.6,1.3,2026-04-02,2046,Aqua,MODIS,64,61.03,293.2,14.5,N,0
1.3699,102.4057,307.3,1.6,1.3,2026-04-02,2046,Aqua,MODIS,36,61.03,290.4,11,N,0
1.3677,102.4198,397.9,1.6,1.3,2026-04-02,2046,Aqua,MODIS,100,61.03,298,484.7,N,0
1.3656,102.4338,352.4,1.6,1.3,2026-04-02,2046,Aqua,MODIS,100,61.03,296.4,130,N,0
1.3261,102.4713,321.8,1.6,1.3,2026-04-02,2046,Aqua,MODIS,100,61.03,293.1,34.6,N,0
1.3239,102.4856,323.1,1.6,1.3,2026-04-02,2046,Aqua,MODIS,100,61.03,293.4,37.3,N,0
1.3151,102.4697,306.3,1.6,1.3,2026-04-02,2046,Aqua,MODIS,52,61.03,291.5,10.9,N,0
1.3129,102.4839,308,1.6,1.3,2026-04-02,2046,Aqua,MODIS,73,61.03,291.7,13.7,N,0
1.3242,102.4655,308.4,1.6,1.3,2026-04-02,2046,Aqua,MODIS,68,61.03,291.8,13.5,N,0
1.3221,102.4798,329.8,1.6,1.3,2026-04-02,2046,Aqua,MODIS,100,61.03,294.5,56,N,0
-2.5857,121.3889,320.3,2.1,1.4,2026-04-03,0112,Terra,MODIS,80,61.03,289.7,44.6,D,2
-2.5831,121.3701,321.6,2.1,1.4,2026-04-03,0112,Terra,MODIS,81,61.03,289.6,47.7,D,2
-2.8208,122.1391,312.7,2.4,1.5,2026-04-03,0112,Terra,MODIS,30,61.03,292.6,19.3,D,0
-3.8758,122.4004,313.1,2.6,1.6,2026-04-03,0113,Terra,MODIS,71,61.03,292.6,30.9,D,2
-7.5668,112.5995,312.4,2.3,1.5,2026-04-03,0726,Aqua,MODIS,45,61.03,294.7,17.5,D,0
-6.7457,110.7245,312.2,3.2,1.7,2026-04-03,0726,Aqua,MODIS,53,61.03,291.2,23,D,2
-2.8339,122.1718,318.1,1.5,1.2,2026-04-03,0727,Aqua,MODIS,52,61.03,297,13.5,D,2
4.0077,117.6359,311.4,1,1,2026-04-03,0729,Aqua,MODIS,63,61.03,289.5,7,D,0
4.0064,117.6269,311.2,1,1,2026-04-03,0729,Aqua,MODIS,52,61.03,290.8,6.7,D,0
1.3832,102.4418,311.7,3.3,1.7,2026-04-03,1332,Terra,MODIS,30,61.03,286.2,47.1,N,0
1.379,102.4133,320.2,3.3,1.7,2026-04-03,1332,Terra,MODIS,100,61.03,286.1,89.4,N,0
1.3682,102.444,307.6,3.3,1.7,2026-04-03,1332,Terra,MODIS,35,61.03,285.7,31.5,N,0
1.3806,102.4196,318.5,3.3,1.7,2026-04-03,1332,Terra,MODIS,70,61.03,286.2,75.2,N,0
1.3655,102.4218,320.6,3.3,1.7,2026-04-03,1332,Terra,MODIS,100,61.03,286.2,84,N,0
0.5296,109.0022,305.2,1.1,1.1,2026-04-03,1332,Terra,MODIS,63,61.03,289.2,5.7,N,0
1.364,102.4154,317.6,3.3,1.7,2026-04-03,1332,Terra,MODIS,95,61.03,286,75,N,0
-7.3213,109.3896,302.6,1.1,1,2026-04-03,1949,Aqua,MODIS,50,61.03,289.2,5,N,0
1.4921,127.6318,310.5,1.4,1.2,2026-04-04,0012,Terra,MODIS,63,61.03,290.3,11,D,1
3.8977,108.1366,313.8,1,1,2026-04-04,0150,Terra,MODIS,58,61.03,299.2,7,D,0
1.9698,101.5622,311.6,1.8,1.3,2026-04-04,0151,Terra,MODIS,15,61.03,293.4,11.3,D,0
-1.895,115.866,305.6,4.5,2,2026-04-04,0151,Terra,MODIS,27,61.03,289.7,33.5,D,2
-1.898,115.8605,305.3,4.5,2,2026-04-04,0151,Terra,MODIS,16,61.03,289.8,32.2,D,2
-2.7072,105.9859,316.8,1,1,2026-04-04,0152,Terra,MODIS,56,61.03,286.9,12,D,0
-6.1358,106.291,310.9,1.1,1,2026-04-04,0153,Terra,MODIS,43,61.03,293.3,5.1,D,2
-7.0845,108.9889,311.6,1.5,1.2,2026-04-04,0153,Terra,MODIS,65,61.03,292.6,10.7,D,0
-7.0485,107.74,310.8,1.3,1.1,2026-04-04,0153,Terra,MODIS,55,61.03,293.9,7,D,2
-7.05,107.7511,311.1,1.3,1.1,2026-04-04,0153,Terra,MODIS,62,61.03,293.8,7.3,D,2
-7.4803,110.9263,312,2.2,1.4,2026-04-04,0153,Terra,MODIS,65,61.03,291.6,17.6,D,0
-8.1359,131.1398,316.7,1.3,1.1,2026-04-04,0625,Aqua,MODIS,59,61.03,295.2,14.2,D,0
-2.6527,103.145,311.9,1.9,1.3,2026-04-04,0805,Aqua,MODIS,68,61.03,285.8,15.8,D,0
-3.625,105.7349,319.9,1.3,1.1,2026-04-04,0805,Aqua,MODIS,76,61.03,293.5,19.1,D,0
-3.6266,105.7239,315.4,1.3,1.1,2026-04-04,0805,Aqua,MODIS,70,61.03,293.1,13.7,D,0
-3.3018,103.6042,310.9,1.8,1.3,2026-04-04,0805,Aqua,MODIS,65,61.03,291.6,11.7,D,0
-3.1367,103.2291,313.2,1.9,1.3,2026-04-04,0805,Aqua,MODIS,63,61.03,290,17.4,D,0
0.0088,110.1732,309.2,1.2,1.1,2026-04-04,0806,Aqua,MODIS,41,61.03,289.5,8.3,D,0
-3.8656,122.3947,304.4,1.6,1.2,2026-04-04,1231,Terra,MODIS,47,61.03,293,6.3,N,2
-1.4591,127.439,309.7,1,1,2026-04-04,1232,Terra,MODIS,68,61.03,279.2,10.2,N,2
1.4986,127.6348,306,1.1,1.1,2026-04-04,1233,Terra,MODIS,40,61.03,282.6,9.4,N,1
1.4939,127.6308,302.7,1,1,2026-04-04,1846,Aqua,MODIS,51,61.03,280.4,5.7,N,1
-1.4562,127.4433,306.5,1,1,2026-04-04,1847,Aqua,MODIS,46,61.03,294.2,5.3,N,2
-1.5652,127.4305,309.4,1,1,2026-04-04,1847,Aqua,MODIS,77,61.03,295.1,7.3,N,2
1.399,102.41,321.3,1,1,2026-04-04,2025,Aqua,MODIS,100,61.03,277.8,19.5,N,0
1.3977,102.419,339.7,1,1,2026-04-04,2025,Aqua,MODIS,100,61.03,279.6,44,N,0
1.3963,102.4279,310.5,1,1,2026-04-04,2025,Aqua,MODIS,65,61.03,277.5,9.6,N,0
1.3901,102.4087,363.3,1,1,2026-04-04,2025,Aqua,MODIS,100,61.03,280.3,98.7,N,0
1.3888,102.4177,354.1,1,1,2026-04-04,2025,Aqua,MODIS,100,61.03,281.9,72.3,N,0
1.3874,102.4267,310.3,1,1,2026-04-04,2025,Aqua,MODIS,48,61.03,278.5,8.4,N,0
1.3813,102.4074,321.9,1,1,2026-04-04,2025,Aqua,MODIS,77,61.03,278.5,18.5,N,0
1.3799,102.4164,325.1,1,1,2026-04-04,2025,Aqua,MODIS,100,61.03,278.9,20.9,N,0
1.3737,102.3972,318.4,1,1,2026-04-04,2025,Aqua,MODIS,64,61.03,278.5,15.9,N,0
1.3724,102.4061,342.4,1,1,2026-04-04,2025,Aqua,MODIS,100,61.03,280.9,48.7,N,0
1.363,102.4688,301,1,1,2026-04-04,2025,Aqua,MODIS,28,61.03,276.4,3.7,N,0
1.3617,102.4777,300.4,1,1,2026-04-04,2025,Aqua,MODIS,18,61.03,276.2,3.5,N,0
1.3541,102.4675,302.2,1,1,2026-04-04,2025,Aqua,MODIS,30,61.03,276.6,4.1,N,0
1.3528,102.4764,311,1,1,2026-04-04,2025,Aqua,MODIS,81,61.03,276.1,10,N,0
1.3157,102.4734,300.1,1,1,2026-04-04,2025,Aqua,MODIS,6,61.03,277,3.6,N,0
-2.0117,121.417,313.9,1,1,2026-04-05,0052,Terra,MODIS,56,61.03,296.3,7.2,D,2
-2.013,121.4258,312.1,1,1,2026-04-05,0052,Terra,MODIS,48,61.03,295.4,5.6,D,2
-2.5794,121.3767,325.4,1,1,2026-04-05,0053,Terra,MODIS,82,61.03,290.4,19.9,D,2
-8.1201,112.9269,310.1,2.2,1.5,2026-04-05,0054,Terra,MODIS,59,61.03,288.8,25.4,D,1
-8.1201,112.9203,309.2,2.2,1.5,2026-04-05,0054,Terra,MODIS,26,61.03,287.2,20.3,D,1
-1.3838,122.4801,306.9,1,1,2026-04-05,0705,Aqua,MODIS,0,61.03,289.3,2.6,D,0
-1.2305,122.8918,315.7,1,1,2026-04-05,0705,Aqua,MODIS,61,61.03,295.6,8.2,D,0
-1.1797,123.1158,311,1,1,2026-04-05,0705,Aqua,MODIS,0,61.03,295.5,5,D,0
-1.2003,122.9141,315.9,1,1,2026-04-05,0705,Aqua,MODIS,61,61.03,295.2,9,D,0
-4.2705,121.9889,313,1.1,1.1,2026-04-05,0705,Aqua,MODIS,57,61.03,290.3,9.3,D,0
-3.9037,122.4231,315.8,1.1,1,2026-04-05,0705,Aqua,MODIS,50,61.03,295.4,7.4,D,2
-3.905,122.4138,320.9,1.1,1,2026-04-05,0705,Aqua,MODIS,73,61.03,296.7,12.9,D,2
-3.8703,122.3993,321.1,1.1,1,2026-04-05,0705,Aqua,MODIS,71,61.03,296.1,13.2,D,2
-2.8319,122.1742,325,1.1,1,2026-04-05,0705,Aqua,MODIS,67,61.03,299.1,15,D,2
-2.8332,122.1649,320.4,1.1,1,2026-04-05,0705,Aqua,MODIS,51,61.03,299.2,9.8,D,2
-2.2721,121.7685,314.9,1.1,1,2026-04-05,0705,Aqua,MODIS,69,61.03,299.9,7,D,0
-2.2735,121.759,314.6,1.1,1,2026-04-05,0705,Aqua,MODIS,72,61.03,300,7.2,D,0
-2.0082,121.4307,331.1,1.1,1.1,2026-04-05,0705,Aqua,MODIS,86,61.03,299,27.6,D,2
-2.0581,120.9589,308.4,1.2,1.1,2026-04-05,0705,Aqua,MODIS,63,61.03,294.4,5.5,D,0
-1.5366,122.1882,314,1,1,2026-04-05,0705,Aqua,MODIS,71,61.03,296.3,6.6,D,0
-0.0454,117.3866,311.6,2,1.4,2026-04-05,0706,Aqua,MODIS,63,61.03,294.3,13.3,D,0
1.3138,116.6808,314.6,2.1,1.4,2026-04-05,0706,Aqua,MODIS,73,61.03,295,24.3,D,0
-0.7799,120.1004,310.8,1.3,1.1,2026-04-05,0706,Aqua,MODIS,22,61.03,295.1,6.9,D,0
-0.0492,117.3979,310.9,2,1.4,2026-04-05,0706,Aqua,MODIS,62,61.03,294.1,12.7,D,0
-2.5461,102.767,311.2,1.4,1.2,2026-04-05,0843,Aqua,MODIS,0,61.03,288.9,12.4,D,0
0.3358,101.025,315.6,1.2,1.1,2026-04-05,0844,Aqua,MODIS,39,61.03,296.6,8.4,D,2
-8.1077,112.925,300.3,1.7,1.3,2026-04-05,1310,Terra,MODIS,25,61.03,277.2,17,N,1
-1.2496,116.8096,325.1,1,1,2026-04-05,1311,Terra,MODIS,96,61.03,291.5,22.1,N,3
-1.8883,115.8615,312,1,1,2026-04-05,1311,Terra,MODIS,84,61.03,290.9,9,N,2
-1.8971,115.8627,314.1,1,1,2026-04-05,1311,Terra,MODIS,88,61.03,291.5,10.8,N,2
2.6287,116.9361,304,1.8,1.3,2026-04-06,0130,Terra,MODIS,27,61.03,288.8,5,D,0
-8.108,112.9286,302.3,1.4,1.2,2026-04-06,0133,Terra,MODIS,0,61.03,283.2,8.8,D,1
-6.8869,109.6669,316.5,1.9,1.3,2026-04-06,0742,Aqua,MODIS,49,61.03,294.9,15,D,2
-6.7672,111.9637,311.9,1.3,1.1,2026-04-06,0742,Aqua,MODIS,0,61.03,294.2,6.2,D,0
-1.9577,112.1514,347.4,1.1,1,2026-04-06,0743,Aqua,MODIS,94,61.03,295.2,59.1,D,0
-1.778,112.0002,310.8,1.1,1,2026-04-06,0743,Aqua,MODIS,46,61.03,295.4,5.7,D,0
-1.7794,111.9908,316.9,1.1,1,2026-04-06,0743,Aqua,MODIS,73,61.03,295.9,11.3,D,0
-1.6684,112.5567,313.7,1,1,2026-04-06,0743,Aqua,MODIS,68,61.03,295.6,7.1,D,0
-0.3067,115.6712,315.9,1.1,1.1,2026-04-06,0744,Aqua,MODIS,65,61.03,292.3,11.4,D,0
1.4078,102.4096,332.7,1.4,1.2,2026-04-06,1351,Terra,MODIS,100,61.03,293.5,48.5,N,0
1.3773,102.4139,306.1,1.4,1.2,2026-04-06,1351,Terra,MODIS,62,61.03,293.4,6.9,N,0
1.3858,102.4005,321.5,1.4,1.2,2026-04-06,1351,Terra,MODIS,100,61.03,293.6,26.6,N,0
1.401,102.4348,313.4,1.4,1.2,2026-04-06,1351,Terra,MODIS,87,61.03,293.1,15.3,N,0
1.3993,102.423,334.6,1.4,1.2,2026-04-06,1351,Terra,MODIS,100,61.03,295.6,51.7,N,0
1.3977,102.411,322.5,1.4,1.2,2026-04-06,1351,Terra,MODIS,100,61.03,294.5,28.3,N,0
1.4095,102.4215,325.6,1.4,1.2,2026-04-06,1351,Terra,MODIS,100,61.03,293.3,34.1,N,0
1.3875,102.4125,314.9,1.4,1.2,2026-04-06,1351,Terra,MODIS,90,61.03,293.8,16.8,N,0
1.4141,102.4212,319,2.4,1.5,2026-04-06,2003,Aqua,MODIS,98,61.03,290.1,56.3,N,0
1.4174,102.4142,310.8,2.4,1.5,2026-04-06,2003,Aqua,MODIS,81,61.03,289.5,32.2,N,0
1.4143,102.4347,304.4,2.4,1.5,2026-04-06,2003,Aqua,MODIS,60,61.03,289.8,16.6,N,0
1.4044,102.4123,310.4,2.4,1.5,2026-04-06,2003,Aqua,MODIS,80,61.03,289.9,29.6,N,0
1.4013,102.4328,313.4,2.4,1.5,2026-04-06,2003,Aqua,MODIS,87,61.03,290.9,37.1,N,0
1.3913,102.4105,302,2.4,1.5,2026-04-06,2003,Aqua,MODIS,20,61.03,290,11.1,N,0
1.4914,127.628,311.5,1.1,1,2026-04-07,0031,Terra,MODIS,71,61.03,287.2,9.7,D,1
1.4901,127.6371,319.2,1.1,1,2026-04-07,0031,Terra,MODIS,75,61.03,285.2,16.8,D,1
0.5119,127.891,309.8,1.1,1,2026-04-07,0032,Terra,MODIS,64,61.03,297.2,5.6,D,0
0.5105,127.9005,312.8,1.1,1,2026-04-07,0032,Terra,MODIS,69,61.03,297.7,8.1,D,0
0.4888,127.9857,312.4,1.1,1,2026-04-07,0032,Terra,MODIS,44,61.03,295.7,7.1,D,2
-3.2986,128.9635,307.8,1.4,1.2,2026-04-07,0033,Terra,MODIS,0,61.03,287.8,7.7,D,0
-3.527,126.1963,314.4,1,1,2026-04-07,0033,Terra,MODIS,72,61.03,295.3,8,D,0
-3.8674,122.4024,315.4,1.2,1.1,2026-04-07,0033,Terra,MODIS,62,61.03,296.2,10.3,D,2
-3.9021,122.4134,311.8,1.2,1.1,2026-04-07,0033,Terra,MODIS,59,61.03,295.4,7.1,D,2
-3.9037,122.4241,312.2,1.2,1.1,2026-04-07,0033,Terra,MODIS,64,61.03,295.1,7.5,D,2
-8.2714,123.5126,312.4,1,1,2026-04-07,0034,Terra,MODIS,68,61.03,294.3,7.6,D,1
-8.2702,123.5038,307.8,1,1,2026-04-07,0034,Terra,MODIS,39,61.03,291.5,4.4,D,1
3.437,125.6058,310,1.1,1.1,2026-04-07,0645,Aqua,MODIS,17,61.03,289.5,8.8,D,0
-2.6624,103.381,316.2,1,1,2026-04-07,0821,Aqua,MODIS,70,61.03,294.7,8.6,D,0
-3.5749,104.4756,314.4,1,1,2026-04-07,0821,Aqua,MODIS,68,61.03,296.6,5.9,D,0
-3.2218,104.3633,315,1,1,2026-04-07,0821,Aqua,MODIS,65,61.03,297,6.6,D,0
-3.0712,103.747,313.4,1,1,2026-04-07,0821,Aqua,MODIS,58,61.03,296,6.3,D,0
-2.6328,103.0814,316,1.1,1,2026-04-07,0821,Aqua,MODIS,62,61.03,295.5,9.8,D,0
-2.5816,103.2428,317.4,1,1,2026-04-07,0821,Aqua,MODIS,73,61.03,296,9.6,D,0
-2.5075,102.6769,311.7,1.1,1,2026-04-07,0822,Aqua,MODIS,64,61.03,292.3,5.7,D,0
4.2677,98.025,312.4,1.8,1.3,2026-04-07,0824,Aqua,MODIS,40,61.03,286.1,14.9,D,0
4.2701,98.0402,329.3,1.8,1.3,2026-04-07,0824,Aqua,MODIS,82,61.03,288.9,52.5,D,0
-3.8715,122.3981,303.3,1,1,2026-04-07,1250,Terra,MODIS,54,61.03,278.7,5.4,N,2
-1.8957,115.8602,303.8,2,1.4,2026-04-07,1251,Terra,MODIS,56,61.03,291.4,10.4,N,2
4.2836,98.0356,339.6,1.2,1.1,2026-04-07,1431,Terra,MODIS,100,61.03,288.7,54.4,N,0
4.285,98.046,317.8,1.2,1.1,2026-04-07,1431,Terra,MODIS,88,61.03,290.8,19.2,N,2
4.274,98.0369,341.5,1.2,1.1,2026-04-07,1431,Terra,MODIS,100,61.03,291.4,58.4,N,0
4.2754,98.0473,317.2,1.2,1.1,2026-04-07,1431,Terra,MODIS,66,61.03,292,18.3,N,0
1.4965,127.6377,314.4,1.4,1.2,2026-04-07,1902,Aqua,MODIS,89,61.03,284.1,20.7,N,1
1.4964,127.6436,300.8,1.4,1.2,2026-04-07,1902,Aqua,MODIS,13,61.03,282.2,8.3,N,1
-1.4579,127.4424,312,1.5,1.2,2026-04-07,1903,Aqua,MODIS,77,61.03,286.3,18.2,N,2
-2.5769,121.3752,305.1,2,1.4,2026-04-08,0112,Terra,MODIS,0,61.03,269.5,20.7,D,2
-8.1109,112.9258,334,1.1,1,2026-04-08,0113,Terra,MODIS,66,61.03,285.5,38.3,D,1
-2.0089,121.4157,315.9,1.1,1,2026-04-08,0721,Aqua,MODIS,39,61.03,295,10.8,D,2
-1.1492,121.5532,360.7,1.1,1.1,2026-04-08,0721,Aqua,MODIS,100,61.03,302.7,96.7,D,0
-3.8791,120.2067,315,1,1,2026-04-08,0721,Aqua,MODIS,48,61.03,297.2,5.8,D,0
-2.578,121.3763,340.6,1.1,1,2026-04-08,0721,Aqua,MODIS,91,61.03,297.4,46,D,2
-2.5795,121.3668,313.7,1.1,1,2026-04-08,0721,Aqua,MODIS,67,61.03,295.4,9.3,D,2
-1.1477,121.5629,362,1.1,1.1,2026-04-08,0721,Aqua,MODIS,100,61.03,299.6,102.3,D,0
0.5324,117.2084,305.7,1.1,1,2026-04-08,0722,Aqua,MODIS,35,61.03,288,3.5,D,0
1.7694,117.2044,309,1.1,1,2026-04-08,0722,Aqua,MODIS,52,61.03,293.1,5.6,D,0
-0.4171,115.7953,314,1.3,1.1,2026-04-08,0722,Aqua,MODIS,51,61.03,292,13.2,D,0
2.989,117.3254,311.8,1,1,2026-04-08,0723,Aqua,MODIS,69,61.03,292.8,6.3,D,0
-1.3743,114.3169,309.1,1.2,1.1,2026-04-08,1330,Terra,MODIS,77,61.03,291.3,9.3,N,0
-1.8947,115.8633,305.6,1.5,1.2,2026-04-08,1330,Terra,MODIS,36,61.03,283.2,13.8,N,2
4.2788,98.0533,308.3,2.8,1.6,2026-04-08,2118,Aqua,MODIS,60,61.03,277.9,41.7,N,2
1.491,127.6348,311.8,1.4,1.2,2026-04-09,0011,Terra,MODIS,66,61.03,294.4,10.8,D,1
1.7024,127.8824,323.8,1.3,1.1,2026-04-09,0011,Terra,MODIS,77,61.03,292.4,27.3,D,1
-7.0497,107.7429,310,1.2,1.1,2026-04-09,0152,Terra,MODIS,60,61.03,291.4,6.5,D,2
-6.9317,107.6983,311.6,1.2,1.1,2026-04-09,0152,Terra,MODIS,68,61.03,290.6,6.3,D,2
-6.4494,107.6102,312.4,1.2,1.1,2026-04-09,0152,Terra,MODIS,63,61.03,292.7,7.4,D,0
-6.9664,107.8054,310.7,1.3,1.1,2026-04-09,0152,Terra,MODIS,33,61.03,291.2,7.2,D,2
-8.0012,139.8691,308.3,1.5,1.2,2026-04-09,0619,Aqua,MODIS,58,61.03,289,8.4,D,0
-3.5029,135.3766,312.9,1,1,2026-04-09,0621,Aqua,MODIS,30,61.03,294.6,7.6,D,0
1.4925,127.6109,310.5,2.2,1.4,2026-04-09,0622,Aqua,MODIS,39,61.03,290,20.7,D,0
-2.1985,110.1707,313.3,1,1,2026-04-09,0759,Aqua,MODIS,52,61.03,296.7,5.3,D,0
-1.3563,112.8531,317.7,1.3,1.1,2026-04-09,0800,Aqua,MODIS,72,61.03,295.6,14.1,D,0
0.7851,111.2941,337.4,1.1,1.1,2026-04-09,0800,Aqua,MODIS,89,61.03,292.4,39.4,D,0
-1.4605,127.4369,318.3,1,1,2026-04-09,1231,Terra,MODIS,96,61.03,285.8,16.3,N,2
1.4978,127.6355,310.4,1.1,1.1,2026-04-09,1232,Terra,MODIS,71,61.03,283.9,12.1,N,1
-3.8747,122.4002,314.9,1.1,1.1,2026-04-10,0052,Terra,MODIS,74,61.03,290.6,10.4,D,2
-3.8761,122.4101,311.9,1.1,1.1,2026-04-10,0052,Terra,MODIS,52,61.03,290.1,7.2,D,2
4.2191,97.6482,310.6,1,1,2026-04-10,0228,Terra,MODIS,69,61.03,292.4,6.8,D,0
-2.5809,121.3801,332.9,1.4,1.2,2026-04-10,0659,Aqua,MODIS,87,61.03,290,47.3,D,2
-2.5792,121.3739,347.9,1.4,1.2,2026-04-10,0659,Aqua,MODIS,95,61.03,290.9,92.4,D,2
-2.5827,121.3678,326.1,1.4,1.2,2026-04-10,0659,Aqua,MODIS,83,61.03,289.9,32.9,D,2
0.2758,102.3438,307.6,1.2,1.1,2026-04-10,0838,Aqua,MODIS,34,61.03,282.9,6.3,D,0
-2.2537,102.7884,319.3,1.2,1.1,2026-04-10,0838,Aqua,MODIS,73,61.03,295.5,13.5,D,0
-1.3365,101.4166,311.8,1,1,2026-04-10,0838,Aqua,MODIS,61,61.03,292.2,6.7,D,0
-1.2338,101.8037,316.1,1.1,1,2026-04-10,0838,Aqua,MODIS,69,61.03,296.6,8.2,D,0
0.6764,117.5639,302.1,1.1,1,2026-04-10,1311,Terra,MODIS,28,61.03,282.4,4.5,N,2
4.2786,98.0423,300.8,1.1,1,2026-04-10,2056,Aqua,MODIS,33,61.03,289.6,3.9,N,0
-1.8932,115.8668,310.2,1.8,1.3,2026-04-11,0131,Terra,MODIS,66,61.03,282.7,17.7,D,2
-8.1095,112.9249,322.9,1.3,1.1,2026-04-11,0132,Terra,MODIS,61,61.03,281.2,32.7,D,1
-4.046,138.8263,308,1.1,1,2026-04-11,0558,Aqua,MODIS,66,61.03,292,6.5,D,0
-4.0446,138.8356,308.1,1.1,1,2026-04-11,0558,Aqua,MODIS,67,61.03,293.3,6.5,D,0
0.2317,117.2486,307.7,1.1,1.1,2026-04-11,0738,Aqua,MODIS,51,61.03,286.8,5.1,D,0
-1.6409,110.3147,314.7,1.8,1.3,2026-04-11,0738,Aqua,MODIS,0,61.03,293.1,19.2,D,0
-8.1141,112.9265,326.7,1.7,1.3,2026-04-11,1348,Terra,MODIS,100,61.03,275.6,61.5,N,1
-8.1128,112.9278,304.8,1.6,1.2,2026-04-11,1959,Aqua,MODIS,61,61.03,278.1,17.2,N,1
0.5112,127.8953,313.3,1.1,1,2026-04-12,0031,Terra,MODIS,73,61.03,281.2,11.6,D,0
0.4898,127.9797,304.8,1.1,1,2026-04-12,0031,Terra,MODIS,37,61.03,278.7,5.2,D,2
0.4884,127.9894,307.4,1.1,1,2026-04-12,0031,Terra,MODIS,48,61.03,278.4,7.3,D,2
0.487,127.9989,301.5,1.1,1,2026-04-12,0031,Terra,MODIS,8,61.03,277.5,3.4,D,2
-3.9062,122.4201,302.9,1.2,1.1,2026-04-12,0032,Terra,MODIS,43,61.03,277,4.8,D,2
-3.8739,122.4026,305.5,1.2,1.1,2026-04-12,0032,Terra,MODIS,56,61.03,279.6,6.9,D,2
-8.2716,123.5114,318,1,1,2026-04-12,0033,Terra,MODIS,70,61.03,294.9,13.1,D,1
-8.2703,123.5025,307.1,1,1,2026-04-12,0033,Terra,MODIS,36,61.03,292.9,4.4,D,1
-8.1191,112.9293,312.8,1.9,1.4,2026-04-12,0814,Aqua,MODIS,49,61.03,287.7,27,D,1
-8.1143,112.9196,311.3,1.9,1.4,2026-04-12,0814,Aqua,MODIS,31,61.03,287.4,22.2,D,1
-3.0313,106.5089,313.1,1,1,2026-04-12,0815,Aqua,MODIS,66,61.03,294.4,6.2,D,0
-3.0325,106.5002,313.6,1,1,2026-04-12,0815,Aqua,MODIS,63,61.03,295.1,6.4,D,0
-2.2869,106.0413,331.1,1,1,2026-04-12,0816,Aqua,MODIS,84,61.03,295.1,25.6,D,0
-2.447,106.1484,315.1,1,1,2026-04-12,0816,Aqua,MODIS,67,61.03,294.5,7.3,D,0
-1.7062,105.77,324.9,1,1,2026-04-12,0816,Aqua,MODIS,59,61.03,295.6,15.8,D,0
-8.2712,123.5101,303.6,1,1,2026-04-12,1248,Terra,MODIS,56,61.03,290.3,4.8,N,1
4.8879,97.5002,306.8,1.1,1.1,2026-04-12,1431,Terra,MODIS,69,61.03,293.9,5.7,N,0
1.6925,109.4668,311.2,2.6,1.5,2026-04-13,0110,Terra,MODIS,58,61.03,292.2,26.8,D,0
-8.1142,112.9282,329.9,1.1,1,2026-04-13,0113,Terra,MODIS,85,61.03,291.7,31.6,D,1
-4.166,138.9954,317.3,2.7,1.6,2026-04-13,0537,Aqua,MODIS,77,61.03,287.8,63.4,D,0
-8.1168,112.9239,336.2,1,1,2026-04-13,1328,Terra,MODIS,100,61.03,285.7,40.3,N,1
-8.108,112.9227,317,1,1,2026-04-13,1328,Terra,MODIS,94,61.03,278.4,17.8,N,1
-8.1113,112.9289,319.9,1,1,2026-04-13,1937,Aqua,MODIS,99,61.03,283.8,22.5,N,1
0.8922,101.9168,313,1.6,1.3,2026-04-14,0149,Terra,MODIS,26,61.03,294.8,12,D,0
-0.5011,114.2991,305.1,3.1,1.7,2026-04-14,0149,Terra,MODIS,31,61.03,286.3,15.4,D,0
-6.9302,107.6973,310.6,1.2,1.1,2026-04-14,0151,Terra,MODIS,59,61.03,292,5.3,D,2
-7.0517,107.7458,311.2,1.2,1.1,2026-04-14,0151,Terra,MODIS,44,61.03,293.8,7.2,D,2
-6.8734,108.7705,312.2,1.4,1.2,2026-04-14,0151,Terra,MODIS,62,61.03,294.5,7.1,D,0
-7.0093,107.7469,309.2,1.2,1.1,2026-04-14,0151,Terra,MODIS,60,61.03,293.5,6.5,D,2
-4.1128,138.9924,312.5,1.2,1.1,2026-04-14,0614,Aqua,MODIS,73,61.03,295.1,9.2,D,0
-6.5246,138.8827,312,1.1,1,2026-04-14,0614,Aqua,MODIS,49,61.03,288.4,8.5,D,0
-4.1066,138.9962,312,1.2,1.1,2026-04-14,0614,Aqua,MODIS,72,61.03,295.4,9.6,D,0
-6.5354,139.4269,312.3,1.1,1.1,2026-04-14,0614,Aqua,MODIS,61,61.03,293,7.5,D,0
-4.0342,138.8562,308.8,1.1,1.1,2026-04-14,0614,Aqua,MODIS,67,61.03,293.8,7.4,D,0
-3.7243,136.7687,306.9,1,1,2026-04-14,0615,Aqua,MODIS,53,61.03,295.6,5,D,0
-3.6504,136.7076,322,1,1,2026-04-14,0615,Aqua,MODIS,69,61.03,298.3,15.4,D,0
-2.8692,133.0416,308.8,1.3,1.1,2026-04-14,0615,Aqua,MODIS,47,61.03,290.1,7.4,D,0
-2.3569,139.5973,305.5,1.3,1.1,2026-04-14,0615,Aqua,MODIS,30,61.03,280.8,6.4,D,0
-3.5524,135.7253,320.9,1,1,2026-04-14,0615,Aqua,MODIS,78,61.03,297.9,14,D,0
-3.5511,135.7342,318.9,1,1,2026-04-14,0615,Aqua,MODIS,76,61.03,297.7,12.3,D,0
-3.6516,136.6989,325.2,1,1,2026-04-14,0615,Aqua,MODIS,78,61.03,298.1,18.5,D,0
-3.7315,136.8409,309.1,1,1,2026-04-14,0615,Aqua,MODIS,56,61.03,295.6,6,D,0
-3.7328,136.8322,308.4,1,1,2026-04-14,0615,Aqua,MODIS,59,61.03,296.2,5.5,D,0
-3.9196,138.3795,309.5,1.1,1,2026-04-14,0615,Aqua,MODIS,58,61.03,285.7,10.9,D,0
-3.9893,136.0983,307.3,1,1,2026-04-14,0615,Aqua,MODIS,65,61.03,297.2,4.2,D,0
-4.0406,135.7447,312.6,1,1,2026-04-14,0615,Aqua,MODIS,72,61.03,296.1,10.5,D,0
-3.918,136.3861,309.4,1,1,2026-04-14,0615,Aqua,MODIS,39,61.03,297.3,4.8,D,0
-3.8278,136.4285,308.9,1,1,2026-04-14,0615,Aqua,MODIS,60,61.03,295.2,6.4,D,0
-3.7402,136.8422,311.7,1,1,2026-04-14,0615,Aqua,MODIS,64,61.03,296.2,7.5,D,0
-8.1103,112.9223,306.3,1,1,2026-04-14,0752,Aqua,MODIS,34,61.03,293.2,6.3,D,1
-2.8947,110.3808,316.8,1.1,1,2026-04-14,0753,Aqua,MODIS,67,61.03,297.5,8.3,D,0
-1.2025,113.8485,315.1,1.2,1.1,2026-04-14,0754,Aqua,MODIS,65,61.03,297.2,7.3,D,0
-2.2402,110.7413,316.2,1,1,2026-04-14,0754,Aqua,MODIS,67,61.03,297.6,7.8,D,0
-2.2416,110.7324,316.9,1,1,2026-04-14,0754,Aqua,MODIS,69,61.03,298.4,8.5,D,0
-2.0567,111.4418,309.8,1,1,2026-04-14,0754,Aqua,MODIS,48,61.03,295.1,4.9,D,0
-2.8342,122.1713,307.2,1.6,1.3,2026-04-14,1230,Terra,MODIS,31,61.03,292.5,11.7,N,2
-3.869,122.4059,306.5,1.6,1.2,2026-04-14,1230,Terra,MODIS,68,61.03,293.4,9.9,N,2
-3.9035,122.4163,304.7,1.6,1.2,2026-04-14,1230,Terra,MODIS,61,61.03,293,8,N,2
-1.455,127.44,313.6,1,1,2026-04-14,1230,Terra,MODIS,83,61.03,280.1,13.4,N,2
-3.8709,122.3919,306.7,1.6,1.2,2026-04-14,1230,Terra,MODIS,69,61.03,293.2,10.8,N,2
1.4942,127.6332,311.1,1.1,1,2026-04-14,1231,Terra,MODIS,74,61.03,290.4,12,N,1
0.4843,128.002,305.3,1.1,1.1,2026-04-14,1231,Terra,MODIS,64,61.03,289.7,6.2,N,2
0.483,127.9923,310.1,1.1,1.1,2026-04-14,1231,Terra,MODIS,79,61.03,290.6,9.8,N,2
0.4876,127.9842,314.2,2.4,1.5,2026-04-15,0050,Terra,MODIS,46,61.03,294.2,30.9,D,2
-2.0082,121.4161,314.5,1,1,2026-04-15,0051,Terra,MODIS,69,61.03,292.5,8.5,D,2
-2.0094,121.4249,311.3,1,1,2026-04-15,0051,Terra,MODIS,66,61.03,292.1,5.8,D,2
-8.1087,112.9282,311.8,2.3,1.5,2026-04-15,0053,Terra,MODIS,65,61.03,292.6,34.1,D,1
-8.1189,112.9146,305.8,2.3,1.5,2026-04-15,0053,Terra,MODIS,12,61.03,287.8,17.2,D,1
-3.5878,126.1821,319.4,1,1,2026-04-15,0653,Aqua,MODIS,67,61.03,300.6,10.8,D,0
-4.446,122.6737,311,1.6,1.3,2026-04-15,0653,Aqua,MODIS,32,61.03,295.6,11.4,D,0
-4.4525,122.2936,311.6,1.7,1.3,2026-04-15,0653,Aqua,MODIS,63,61.03,296.8,9.7,D,0
-1.5665,127.4275,318.9,1,1,2026-04-15,0653,Aqua,MODIS,60,61.03,300.8,7.5,D,2
-1.4623,127.4416,319.3,1,1,2026-04-15,0653,Aqua,MODIS,0,61.03,292.4,12.4,D,2
-2.0139,121.4254,314.4,1.9,1.3,2026-04-15,0654,Aqua,MODIS,71,61.03,295.5,19.7,D,2
-2.0163,121.4092,311.5,1.9,1.3,2026-04-15,0654,Aqua,MODIS,49,61.03,294.6,13.9,D,2
0.3631,120.1738,324.1,2.1,1.4,2026-04-15,0654,Aqua,MODIS,76,61.03,284.1,60.9,D,0
-3.8653,122.4015,305.9,1.1,1,2026-04-15,1914,Aqua,MODIS,66,61.03,293.8,5.7,N,2
-3.8667,122.411,305.9,1.1,1,2026-04-15,1914,Aqua,MODIS,66,61.03,293.8,5.5,N,2
-8.2731,123.5104,314.5,1.4,1.2,2026-04-15,1915,Aqua,MODIS,89,61.03,290,21.1,N,1
-8.1055,112.9321,301.9,2.5,1.5,2026-04-15,1915,Aqua,MODIS,45,61.03,279.3,27.6,N,1
-2.1563,106.2753,311.1,1.6,1.3,2026-04-16,0130,Terra,MODIS,46,61.03,293.3,13,D,3
-6.0043,105.9851,313.2,1.5,1.2,2026-04-16,0131,Terra,MODIS,44,61.03,291.2,8.8,D,2
-7.5447,110.4448,319.1,1,1,2026-04-16,0131,Terra,MODIS,75,61.03,292,16,D,1
-8.1179,112.9292,308.5,1.3,1.1,2026-04-16,0132,Terra,MODIS,0,61.03,286.8,12.1,D,1
-8.1167,112.9214,310.1,2,1.4,2026-04-16,0730,Aqua,MODIS,0,61.03,288,24.3,D,1
-2.0163,121.4222,312.7,1.5,1.2,2026-04-16,0731,Aqua,MODIS,39,61.03,295.1,11.5,D,2
-3.9438,119.713,322,1.1,1.1,2026-04-16,0731,Aqua,MODIS,70,61.03,297.2,12.5,D,0
-3.7865,119.9121,319.2,1.2,1.1,2026-04-16,0731,Aqua,MODIS,74,61.03,297.3,11.5,D,0
-3.766,119.6043,312.9,1.1,1.1,2026-04-16,0731,Aqua,MODIS,25,61.03,294.7,5.6,D,0
-4.0795,114.7744,312.2,1.2,1.1,2026-04-16,0731,Aqua,MODIS,53,61.03,290.1,8.7,D,0
-3.0163,113.2898,324,1.5,1.2,2026-04-16,0731,Aqua,MODIS,80,61.03,291.1,32.2,D,0
3.4667,116.6613,314.5,1,1,2026-04-16,0733,Aqua,MODIS,68,61.03,300.1,6.9,D,0
2.7006,117.6665,329.5,1.1,1,2026-04-16,0733,Aqua,MODIS,85,61.03,295,25.4,D,0
-1.4591,127.4386,315.6,1.5,1.2,2026-04-16,1210,Terra,MODIS,88,61.03,286.7,23,N,2
-8.1099,112.9255,307.3,1.7,1.3,2026-04-16,1347,Terra,MODIS,71,61.03,281,22.1,N,1
-7.5454,110.443,318.8,1.2,1.1,2026-04-16,1347,Terra,MODIS,97,61.03,286.7,23.1,N,1
-1.8942,115.8634,305.6,1.6,1.2,2026-04-16,1952,Aqua,MODIS,65,61.03,287.9,12.7,N,2
-8.1087,112.9237,303.3,1.2,1.1,2026-04-16,1953,Aqua,MODIS,55,61.03,277,11.5,N,1
1.4936,127.6309,322.9,1,1,2026-04-17,0030,Terra,MODIS,82,61.03,294.2,19.6,D,1
1.4923,127.64,312.1,1,1,2026-04-17,0030,Terra,MODIS,71,61.03,292.6,9.5,D,1
-1.4583,127.4406,318.4,1.1,1,2026-04-17,0030,Terra,MODIS,53,61.03,283.6,15.9,D,2
-2.5774,121.3746,348.9,1.5,1.2,2026-04-17,0031,Terra,MODIS,90,61.03,290.5,104.4,D,2
-2.574,121.381,328.2,1.5,1.2,2026-04-17,0031,Terra,MODIS,76,61.03,290.7,40.5,D,2
-2.5847,121.3792,343.3,1.5,1.2,2026-04-17,0031,Terra,MODIS,93,61.03,288.5,84,D,2
-2.5793,121.3875,327.9,1.5,1.2,2026-04-17,0031,Terra,MODIS,73,61.03,285.2,41,D,2
-3.5919,126.2291,319.8,1,1,2026-04-17,0031,Terra,MODIS,80,61.03,282.8,16.5,D,0
1.0965,104.1285,310.3,1.2,1.1,2026-04-17,0208,Terra,MODIS,23,61.03,292.4,6.6,D,0
-1.1619,133.8119,308.2,1.1,1,2026-04-17,0631,Aqua,MODIS,61,61.03,295.5,5.7,D,0
-1.3977,132.2667,311,1,1,2026-04-17,0631,Aqua,MODIS,63,61.03,298.7,5.1,D,0
-1.1634,133.8017,329.7,1.1,1,2026-04-17,0631,Aqua,MODIS,85,61.03,294.7,28.8,D,0
-8.1142,112.9263,314.6,1.5,1.2,2026-04-17,0808,Aqua,MODIS,47,61.03,290.6,19.7,D,1
-3.0056,103.7398,313.2,1.5,1.2,2026-04-17,0810,Aqua,MODIS,37,61.03,291.7,18.4,D,0
-3.0016,103.7338,328.8,1.5,1.2,2026-04-17,0810,Aqua,MODIS,84,61.03,289.8,47.4,D,0
-2.3837,102.9278,314.4,1.7,1.3,2026-04-17,0810,Aqua,MODIS,71,61.03,291.7,18.9,D,0
-2.383,102.9327,313.7,1.7,1.3,2026-04-17,0810,Aqua,MODIS,70,61.03,291.8,16.3,D,0
-2.9997,103.7469,314.7,1.5,1.2,2026-04-17,0810,Aqua,MODIS,71,61.03,291.8,18.9,D,0
-3.3685,104.4361,325.5,1.4,1.2,2026-04-17,0810,Aqua,MODIS,68,61.03,288.4,32.2,D,0
-3.3682,104.4417,316.6,1.4,1.2,2026-04-17,0810,Aqua,MODIS,55,61.03,284.8,19.7,D,0
-3.37,104.4299,315,1.4,1.2,2026-04-17,0810,Aqua,MODIS,51,61.03,289.3,18.4,D,0
-3.1196,105.3715,313.6,1.2,1.1,2026-04-17,0810,Aqua,MODIS,48,61.03,297.1,8.1,D,0
-3.3115,103.988,320.7,1.5,1.2,2026-04-17,0810,Aqua,MODIS,77,61.03,292.7,23.9,D,0
1.3091,109.619,312.4,1.2,1.1,2026-04-17,0811,Aqua,MODIS,54,61.03,295.8,7.4,D,0
-2.8281,122.173,308.8,1,1,2026-04-17,1249,Terra,MODIS,60,61.03,290.7,8.5,N,2
-3.867,122.401,308.4,1,1,2026-04-17,1249,Terra,MODIS,67,61.03,290.8,8.4,N,2
-3.8682,122.3922,305.9,1,1,2026-04-17,1249,Terra,MODIS,47,61.03,290.7,6.8,N,2
-2.8773,122.1588,306.7,1,1,2026-04-17,1249,Terra,MODIS,69,61.03,292.6,5.8,N,0
2.8813,117.5033,307.3,1.3,1.1,2026-04-17,1251,Terra,MODIS,71,61.03,292.4,8.3,N,0
1.6997,127.8793,326.2,1,1,2026-04-17,1850,Aqua,MODIS,100,61.03,291.2,25,N,1
1.4983,127.633,308.5,1,1,2026-04-17,1850,Aqua,MODIS,75,61.03,290.7,8.2,N,1
-1.5627,127.4288,310.1,1,1,2026-04-17,1851,Aqua,MODIS,69,61.03,293.9,8.4,N,2
-1.8901,115.8594,310.3,1,1,2026-04-18,0110,Terra,MODIS,32,61.03,295.4,4.7,D,2
-1.8914,115.8681,319,1,1,2026-04-18,0110,Terra,MODIS,74,61.03,295.2,11.4,D,2
-1.9002,115.8669,313.5,1,1,2026-04-18,0110,Terra,MODIS,40,61.03,296,6.1,D,2
-2.8819,115.2595,314.7,1,1,2026-04-18,0110,Terra,MODIS,68,61.03,298.1,7.4,D,0
-4.2623,120.106,307.7,1.7,1.3,2026-04-18,0110,Terra,MODIS,21,61.03,292.8,12.4,D,0
-4.4377,119.6114,307.5,1.5,1.2,2026-04-18,0110,Terra,MODIS,15,61.03,293,5,D,0
-4.5439,120.3224,306.6,1.7,1.3,2026-04-18,0110,Terra,MODIS,33,61.03,290.7,10.1,D,0
-8.1076,112.9283,309.7,1.1,1,2026-04-18,0112,Terra,MODIS,36,61.03,296.5,10.1,D,1
-8.1167,112.9265,353,1.1,1,2026-04-18,0112,Terra,MODIS,97,61.03,295,76.8,D,1
-3.6797,126.4509,328,1.3,1.1,2026-04-18,0709,Aqua,MODIS,79,61.03,292.9,33.8,D,0
-3.5187,126.9138,325.7,1.4,1.2,2026-04-18,0709,Aqua,MODIS,82,61.03,296.2,31,D,0
-4.1419,122.1989,314.1,1,1,2026-04-18,0709,Aqua,MODIS,71,61.03,286.1,9.9,D,0
-3.9072,122.4167,316.1,1,1,2026-04-18,0709,Aqua,MODIS,74,61.03,287.4,10.8,D,2
-3.8744,122.3937,308.7,1,1,2026-04-18,0709,Aqua,MODIS,54,61.03,284,6,D,2
-3.925,120.2616,314.9,1.3,1.1,2026-04-18,0709,Aqua,MODIS,69,61.03,295.4,7.8,D,0
-3.7673,120.2821,314.2,1.2,1.1,2026-04-18,0709,Aqua,MODIS,71,61.03,292.1,10.6,D,0
-3.5039,121.4476,321.7,1.1,1,2026-04-18,0709,Aqua,MODIS,80,61.03,290.4,17.6,D,0
-2.5815,121.3763,328,1.1,1,2026-04-18,0709,Aqua,MODIS,80,61.03,287.2,25.8,D,2
-1.4575,127.4376,322.9,1.7,1.3,2026-04-18,0709,Aqua,MODIS,0,61.03,297.2,33.8,D,2
-0.8093,114.1693,308,3.3,1.7,2026-04-18,0710,Aqua,MODIS,54,61.03,290.2,23.1,D,0
-0.8107,114.1652,310.1,3.3,1.7,2026-04-18,0710,Aqua,MODIS,60,61.03,290.3,31.7,D,0
-0.815,114.1368,308.4,3.3,1.7,2026-04-18,0710,Aqua,MODIS,55,61.03,289.7,25,D,0
0.4936,117.222,307.8,1.8,1.3,2026-04-18,0710,Aqua,MODIS,0,61.03,286,16.2,D,0
-0.8134,114.1409,310.7,3.3,1.7,2026-04-18,0710,Aqua,MODIS,62,61.03,290,33.7,D,0
3.5496,116.6314,311.8,1.7,1.3,2026-04-18,0711,Aqua,MODIS,53,61.03,293.6,12.3,D,0
3.0175,117.2294,311.1,1.6,1.2,2026-04-18,0711,Aqua,MODIS,67,61.03,291.8,10,D,0
3.5519,116.6463,310.8,1.7,1.3,2026-04-18,0711,Aqua,MODIS,47,61.03,293.5,11,D,0
-8.1112,112.9296,307,1,1,2026-04-18,1327,Terra,MODIS,70,61.03,280.2,10.9,N,1
-8.1124,112.9208,327.5,1,1,2026-04-18,1327,Terra,MODIS,100,61.03,280.8,29.4,N,1
-1.8962,115.8612,304.1,1.5,1.2,2026-04-18,1328,Terra,MODIS,59,61.03,286.5,9.5,N,2
0.8124,108.9338,340.2,1.2,1.1,2026-04-18,1329,Terra,MODIS,100,61.03,290.3,51.5,N,0
0.811,108.9238,319.7,1.2,1.1,2026-04-18,1329,Terra,MODIS,95,61.03,288.3,18.7,N,0
0.8138,108.9439,309.3,1.2,1.1,2026-04-18,1329,Terra,MODIS,24,61.03,286.8,8.6,N,0
0.8218,108.9325,309,1.2,1.1,2026-04-18,1329,Terra,MODIS,41,61.03,287.2,7.8,N,0
1.9219,109.4795,321.6,1.1,1,2026-04-18,1330,Terra,MODIS,100,61.03,292.4,19.4,N,0
1.927,109.5168,305.6,1.1,1,2026-04-18,1330,Terra,MODIS,34,61.03,291.4,5.2,N,0
-2.0047,121.4142,301,1.5,1.2,2026-04-18,1930,Aqua,MODIS,37,61.03,286.5,6.7,N,2
-2.0067,121.4274,305.4,1.6,1.2,2026-04-18,1930,Aqua,MODIS,64,61.03,286.9,11.3,N,2
-2.0109,121.4214,308.2,1.6,1.2,2026-04-18,1930,Aqua,MODIS,74,61.03,286.7,14.7,N,2
-8.1128,112.9301,314.2,1.2,1.1,2026-04-18,1931,Aqua,MODIS,89,61.03,278.5,22.8,N,1
-8.1112,112.9199,307.2,1.2,1.1,2026-04-18,1931,Aqua,MODIS,71,61.03,276.7,15.6,N,1
0.5125,127.8986,309.8,1.3,1.1,2026-04-19,0010,Terra,MODIS,59,61.03,295.8,7.3,D,0
1.7035,127.8769,317.2,1.4,1.2,2026-04-19,0010,Terra,MODIS,43,61.03,296.8,17.1,D,1
1.4904,127.6348,313.6,1.4,1.2,2026-04-19,0010,Terra,MODIS,67,61.03,295.1,13.8,D,1
-1.4588,127.4447,326.7,1.3,1.1,2026-04-19,0011,Terra,MODIS,0,61.03,297.6,30.3,D,2
0.8086,108.9278,333,1.2,1.1,2026-04-19,0148,Terra,MODIS,87,61.03,298,30.3,D,0
0.8072,108.9379,328.5,1.2,1.1,2026-04-19,0148,Terra,MODIS,84,61.03,296.1,23.3,D,0
0.8166,108.9391,322.2,1.2,1.1,2026-04-19,0148,Terra,MODIS,78,61.03,295.8,16.1,D,0
0.818,108.9291,323.6,1.2,1.1,2026-04-19,0148,Terra,MODIS,80,61.03,297.4,17.9,D,0
-6.4502,107.6136,310.7,1.2,1.1,2026-04-19,0150,Terra,MODIS,49,61.03,294.8,5.9,D,0
-6.0098,105.9796,315.5,1,1,2026-04-19,0150,Terra,MODIS,37,61.03,294.5,7,D,2
-6.9319,107.6974,312.3,1.2,1.1,2026-04-19,0150,Terra,MODIS,67,61.03,294.7,5.7,D,2
-7.0108,107.7455,308.4,1.2,1.1,2026-04-19,0150,Terra,MODIS,59,61.03,294.6,5.2,D,2
-7.0375,107.941,310.5,1.2,1.1,2026-04-19,0150,Terra,MODIS,64,61.03,292,9.6,D,0
-2.5809,121.3687,331.6,3.1,1.7,2026-04-19,0747,Aqua,MODIS,84,61.03,290.9,138.5,D,2
-0.1523,110.3556,324.5,1.2,1.1,2026-04-19,0748,Aqua,MODIS,80,61.03,293.2,21.8,D,0
0.0138,110.0951,315.9,1.2,1.1,2026-04-19,0748,Aqua,MODIS,69,61.03,293.8,11.5,D,0
1.6511,109.302,312.8,1.3,1.1,2026-04-19,0749,Aqua,MODIS,42,61.03,295.9,7.8,D,0
1.6521,109.2954,313.6,1.3,1.1,2026-04-19,0749,Aqua,MODIS,52,61.03,296.2,8,D,0
1.9312,109.5235,339.2,1.2,1.1,2026-04-19,0749,Aqua,MODIS,89,61.03,294.6,50.3,D,0
1.915,109.4815,315.4,1.3,1.1,2026-04-19,0749,Aqua,MODIS,64,61.03,294.7,11,D,0
1.9199,109.5141,338.1,1.2,1.1,2026-04-19,0749,Aqua,MODIS,89,61.03,294.5,48.3,D,0
1.9279,109.5017,312.7,1.2,1.1,2026-04-19,0749,Aqua,MODIS,37,61.03,294.2,7.4,D,0
1.9295,109.5126,357.7,1.2,1.1,2026-04-19,0749,Aqua,MODIS,99,61.03,295.4,103.3,D,0
0.2636,109.4829,310,1.3,1.1,2026-04-19,0749,Aqua,MODIS,57,61.03,291.8,7.4,D,0
0.3046,109.4831,314,1.3,1.1,2026-04-19,0749,Aqua,MODIS,68,61.03,292.3,10.8,D,0
0.3028,109.4717,315.8,1.3,1.1,2026-04-19,0749,Aqua,MODIS,71,61.03,292.1,13.5,D,0
0.6783,111.1107,310.5,1.1,1,2026-04-19,0749,Aqua,MODIS,57,61.03,290.3,6.8,D,0
0.8075,108.9371,317.2,1.4,1.2,2026-04-19,0749,Aqua,MODIS,50,61.03,292.4,13.3,D,0
0.8056,108.9249,328.5,1.4,1.2,2026-04-19,0749,Aqua,MODIS,81,61.03,295.2,32.7,D,0
0.8159,108.9233,319.5,1.4,1.2,2026-04-19,0749,Aqua,MODIS,71,61.03,294.4,17,D,0
1.5079,109.3635,309.3,1.3,1.1,2026-04-19,0749,Aqua,MODIS,25,61.03,294.6,7,D,0
1.4819,109.1227,336.9,1.3,1.1,2026-04-19,0749,Aqua,MODIS,88,61.03,298.1,46.4,D,0
-2.4422,133.1284,310.4,2.3,1.5,2026-04-19,1229,Terra,MODIS,71,61.03,276.6,36.5,N,0
-3.473,126.9378,305.6,1,1,2026-04-19,1229,Terra,MODIS,65,61.03,280.7,6.3,N,0
-1.459,127.4354,330.6,1,1,2026-04-19,1229,Terra,MODIS,100,61.03,294.8,28.6,N,2
-1.4339,127.5507,307.8,1,1,2026-04-19,1229,Terra,MODIS,57,61.03,293.6,6.5,N,0
1.4902,127.6316,310.1,1.1,1,2026-04-19,1230,Terra,MODIS,70,61.03,285.6,10.9,N,1
1.4993,127.6306,320.3,1.1,1,2026-04-19,1230,Terra,MODIS,100,61.03,287.1,20.6,N,1
-1.8922,115.8639,308.4,1.8,1.3,2026-04-20,0050,Terra,MODIS,59,61.03,287.5,9.7,D,2
-3.4021,119.2093,309.8,1.1,1,2026-04-20,0050,Terra,MODIS,53,61.03,294.6,4.4,D,2
-8.1117,112.9337,306.1,2.4,1.5,2026-04-20,0052,Terra,MODIS,54,61.03,287.1,22.7,D,1
-3.5342,126.7671,309,1.1,1,2026-04-20,0647,Aqua,MODIS,59,61.03,296.9,4.6,D,0
-3.6192,126.7569,308.5,1.1,1.1,2026-04-20,0647,Aqua,MODIS,59,61.03,296.5,5.5,D,0
-3.5328,126.7767,310.6,1.1,1,2026-04-20,0647,Aqua,MODIS,63,61.03,296.9,6,D,0
-3.3547,104.4798,322.5,1,1,2026-04-20,0826,Aqua,MODIS,77,61.03,296.1,14.7,D,0
-3.2429,103.4714,331.1,1,1,2026-04-20,0826,Aqua,MODIS,84,61.03,297.8,24.7,D,0
-2.7734,104.1535,311.1,1,1,2026-04-20,0826,Aqua,MODIS,54,61.03,293.6,4.5,D,0
-3.2442,103.4627,312.9,1,1,2026-04-20,0826,Aqua,MODIS,61,61.03,297.1,5.9,D,0
-3.4659,104.5918,314,1,1,2026-04-20,0826,Aqua,MODIS,66,61.03,295.1,6.1,D,0
-1.8946,115.8636,313.4,1,1,2026-04-20,1308,Terra,MODIS,87,61.03,289.7,10.6,N,2
-2.5719,121.3805,304.5,1.6,1.2,2026-04-20,1308,Terra,MODIS,37,61.03,288.1,12.1,N,2
-2.5702,121.3744,301.8,1.6,1.2,2026-04-20,1308,Terra,MODIS,8,61.03,288.6,8.6,N,2
0.5889,117.1596,306.6,1,1,2026-04-20,1309,Terra,MODIS,55,61.03,289,7.3,N,0
-2.5751,121.3784,326.6,1,1,2026-04-20,1908,Aqua,MODIS,100,61.03,291.1,25.8,N,2
-2.5765,121.3874,304.8,1,1,2026-04-20,1908,Aqua,MODIS,61,61.03,290.8,5.7,N,2
0.675,117.5618,308.6,2.1,1.4,2026-04-21,0128,Terra,MODIS,55,61.03,288.9,12.4,D,2
-7.0189,110.3463,310.3,1,1,2026-04-21,0130,Terra,MODIS,41,61.03,294.5,4.5,D,0
-9.5788,120.0642,314.6,1,1,2026-04-21,0724,Aqua,MODIS,62,61.03,295.5,7.3,D,0
-2.583,121.3802,345.1,1.2,1.1,2026-04-21,0725,Aqua,MODIS,93,61.03,297.8,59.8,D,2
-3.9032,122.4151,312.6,1.3,1.1,2026-04-21,0725,Aqua,MODIS,60,61.03,296.4,8,D,2
-3.8725,122.4038,315.6,1.3,1.1,2026-04-21,0725,Aqua,MODIS,70,61.03,297.2,11.2,D,2
-4.1947,119.8729,320,1,1,2026-04-21,0725,Aqua,MODIS,69,61.03,299.9,9.2,D,0
-3.8172,120.1087,317.7,1,1,2026-04-21,0725,Aqua,MODIS,71,61.03,298,9.3,D,0
-3.7101,120.1506,317.6,1,1,2026-04-21,0725,Aqua,MODIS,73,61.03,296.1,11.6,D,0
-2.639,121.5898,316.4,1.2,1.1,2026-04-21,0725,Aqua,MODIS,40,61.03,295.8,10.9,D,0
-2.6295,121.5886,314.7,1.2,1.1,2026-04-21,0725,Aqua,MODIS,42,61.03,296.7,9,D,0
-2.5846,121.3699,341.1,1.2,1.1,2026-04-21,0725,Aqua,MODIS,91,61.03,296.3,50.7,D,2
-2.5763,121.3829,318.4,1.2,1.1,2026-04-21,0725,Aqua,MODIS,69,61.03,297.1,14.5,D,2
-2.5778,121.3726,338.4,1.2,1.1,2026-04-21,0725,Aqua,MODIS,90,61.03,297.4,45.8,D,2
-0.073,117.4231,312.2,1,1,2026-04-21,0726,Aqua,MODIS,69,61.03,294.1,6.3,D,0
0.2379,116.0323,333.7,1.2,1.1,2026-04-21,0726,Aqua,MODIS,87,61.03,293.8,36.1,D,0
0.2364,116.0223,313.4,1.2,1.1,2026-04-21,0726,Aqua,MODIS,67,61.03,292.8,9.1,D,0
-2.0168,121.4223,313.4,1.2,1.1,2026-04-21,0726,Aqua,MODIS,52,61.03,297.5,7.8,D,2
-2.2597,119.2712,319.7,1,1,2026-04-21,0726,Aqua,MODIS,79,61.03,296,10.5,D,0
-2.2609,119.2624,316.9,1,1,2026-04-21,0726,Aqua,MODIS,76,61.03,296.1,7.8,D,0
-2.2034,119.2126,318.9,1,1,2026-04-21,0726,Aqua,MODIS,78,61.03,295.6,10.3,D,0
-0.7484,115.7676,354.2,1.2,1.1,2026-04-21,0726,Aqua,MODIS,97,61.03,296,90.5,D,0
-0.75,115.7569,314.8,1.2,1.1,2026-04-21,0726,Aqua,MODIS,69,61.03,294.7,11.1,D,0
0.3821,116.2476,314.2,1.1,1.1,2026-04-21,0726,Aqua,MODIS,70,61.03,291.5,9.2,D,0
0.2798,116.057,311,1.2,1.1,2026-04-21,0726,Aqua,MODIS,62,61.03,292.5,6.8,D,0
-0.2779,116.8431,308.2,1.1,1,2026-04-21,0726,Aqua,MODIS,48,61.03,285.5,7.3,D,0
-2.5793,121.3733,308.6,4.8,2,2026-04-21,1209,Terra,MODIS,62,61.03,288.7,83.4,N,2
-1.4629,127.4393,305.7,1.5,1.2,2026-04-21,1209,Terra,MODIS,36,61.03,292.9,8.3,N,2
-2.5783,121.3671,307.4,4.8,2,2026-04-21,1209,Terra,MODIS,44,61.03,288.5,66.4,N,2
-1.812,136.7558,306.4,1,1,2026-04-21,1807,Aqua,MODIS,68,61.03,292.8,5.7,N,0
0.5074,127.8942,313.1,1.1,1,2026-04-22,0029,Terra,MODIS,68,61.03,297.7,8,D,0
1.4951,127.6332,328.3,1,1,2026-04-22,0029,Terra,MODIS,84,61.03,296.4,25.3,D,1
1.5156,127.9411,308.7,1.1,1,2026-04-22,0029,Terra,MODIS,58,61.03,296.6,4.9,D,0
-3.8701,122.4083,309.3,1.3,1.1,2026-04-22,0030,Terra,MODIS,48,61.03,288.1,8.4,D,2
-1.4567,127.4396,322,1.1,1,2026-04-22,0030,Terra,MODIS,0,61.03,299.4,15.8,D,2
-1.5656,127.4277,319,1.1,1,2026-04-22,0030,Terra,MODIS,67,61.03,300.1,10.9,D,2
1.3376,102.2494,307.9,1,1,2026-04-22,0207,Terra,MODIS,29,61.03,291.5,4.2,D,0
-0.8186,103.465,312.8,1.1,1.1,2026-04-22,0208,Terra,MODIS,36,61.03,296.3,6.5,D,2
-3.5584,126.7353,310.9,2.8,1.6,2026-04-22,0625,Aqua,MODIS,19,61.03,289.4,31.2,D,0
-0.8493,132.916,310.8,1,1,2026-04-22,0626,Aqua,MODIS,69,61.03,296.4,5.5,D,0
-3.4125,104.5585,311.7,1.8,1.3,2026-04-22,0804,Aqua,MODIS,65,61.03,290.8,11.1,D,0
-3.7876,103.5365,310.6,2.2,1.4,2026-04-22,0804,Aqua,MODIS,41,61.03,291.9,15.9,D,2
-3.413,104.5496,311.3,1.8,1.3,2026-04-22,0804,Aqua,MODIS,58,61.03,291.3,10.3,D,0
1.2336,109.9009,310,1,1,2026-04-22,0805,Aqua,MODIS,38,61.03,288.5,6.2,D,0
-2.5832,121.3779,318.4,1,1,2026-04-22,1248,Terra,MODIS,97,61.03,287,15.6,N,2
-2.8341,122.169,301.3,1,1,2026-04-22,1248,Terra,MODIS,25,61.03,280.7,3.9,N,2
-2.5756,121.368,306.4,1,1,2026-04-22,1248,Terra,MODIS,68,61.03,285.7,6.6,N,2
-2.8733,122.1625,301.3,1,1,2026-04-22,1248,Terra,MODIS,37,61.03,279.1,4,N,0
-2.5844,121.3692,301.5,1,1,2026-04-22,1248,Terra,MODIS,23,61.03,285.7,3.5,N,2
-2.5744,121.3767,332.3,1,1,2026-04-22,1248,Terra,MODIS,100,61.03,287.4,31.7,N,2
-1.8901,115.8633,301.8,2.1,1.4,2026-04-22,1249,Terra,MODIS,44,61.03,285.7,8.9,N,2
1.4932,127.6305,300.2,1.1,1,2026-04-22,1845,Aqua,MODIS,21,61.03,285.8,3.9,N,1
-1.4562,127.4411,305.6,1,1,2026-04-22,1845,Aqua,MODIS,34,61.03,293.5,5.7,N,2
-2.5753,121.3774,313.3,2.5,1.5,2026-04-22,1846,Aqua,MODIS,82,61.03,285.9,46.8,N,2
-2.5705,121.3711,305.8,2.5,1.5,2026-04-22,1846,Aqua,MODIS,36,61.03,284.9,26.5,N,2
-2.5738,121.3915,307.4,2.5,1.5,2026-04-22,1846,Aqua,MODIS,54,61.03,286.8,29.2,N,2
1.0395,120.8228,310.5,1.5,1.2,2026-04-23,0108,Terra,MODIS,36,61.03,295.3,10.1,D,2
-2.577,121.3942,308.4,1.9,1.4,2026-04-23,0109,Terra,MODIS,35,61.03,286.6,15.5,D,2
-2.5865,121.3755,314.5,1.9,1.4,2026-04-23,0109,Terra,MODIS,74,61.03,288.6,28.4,D,2
-2.8243,122.1511,313.4,2.2,1.4,2026-04-23,0109,Terra,MODIS,57,61.03,295,18.5,D,0
-2.8242,122.1443,313.4,2.2,1.4,2026-04-23,0109,Terra,MODIS,65,61.03,294.7,19.2,D,0
-2.8268,122.1642,315,2.2,1.5,2026-04-23,0109,Terra,MODIS,0,61.03,295,21.7,D,2
-2.8271,122.1708,315.6,2.2,1.5,2026-04-23,0109,Terra,MODIS,0,61.03,294.8,22.1,D,2
-3.9024,122.4181,316.3,1.2,1.1,2026-04-23,0703,Aqua,MODIS,71,61.03,294,11.4,D,2
-3.8699,122.4078,314.5,1.2,1.1,2026-04-23,0703,Aqua,MODIS,53,61.03,295.1,8,D,2
-3.8714,122.3976,319.3,1.2,1.1,2026-04-23,0703,Aqua,MODIS,76,61.03,296.1,14.2,D,2
-2.5955,121.0998,313.9,1.4,1.2,2026-04-23,0704,Aqua,MODIS,72,61.03,292.5,12.1,D,0
-2.5973,121.0881,309.9,1.4,1.2,2026-04-23,0704,Aqua,MODIS,63,61.03,293,7.3,D,0
-2.0152,121.4261,316.6,1.3,1.1,2026-04-23,0704,Aqua,MODIS,55,61.03,298.1,12.3,D,2
-1.4617,120.7902,309,1.4,1.2,2026-04-23,0704,Aqua,MODIS,64,61.03,295.3,6.8,D,0
0.6029,122.4265,316.7,1.1,1,2026-04-23,0704,Aqua,MODIS,71,61.03,297.7,9.2,D,0
2.7475,116.011,301.8,2.8,1.6,2026-04-23,0705,Aqua,MODIS,17,61.03,286.3,10.8,D,0
-1.2024,101.8736,312.2,1.2,1.1,2026-04-23,0842,Aqua,MODIS,64,61.03,294.9,5.9,D,0
1.4092,101.559,314.1,1.2,1.1,2026-04-23,0843,Aqua,MODIS,62,61.03,298.2,9.6,D,0
1.6687,99.7232,314.4,1,1,2026-04-23,0843,Aqua,MODIS,57,61.03,294,7.3,D,0
1.9485,99.4292,311.4,1,1,2026-04-23,0843,Aqua,MODIS,30,61.03,289.9,9.6,D,0
1.9472,99.4205,326.4,1,1,2026-04-23,0843,Aqua,MODIS,77,61.03,287.1,23.8,D,0
4.4944,97.5674,350,1,1,2026-04-23,0844,Aqua,MODIS,96,61.03,297.8,58.6,D,0
4.4931,97.5586,312.4,1,1,2026-04-23,0844,Aqua,MODIS,51,61.03,297.6,6.2,D,0
4.5802,97.8431,312.2,1,1,2026-04-23,0844,Aqua,MODIS,66,61.03,299.7,4.6,D,0
4.6901,97.7753,320.3,1,1,2026-04-23,0844,Aqua,MODIS,77,61.03,302.9,9.9,D,0
4.6641,97.5989,319.1,1,1,2026-04-23,0844,Aqua,MODIS,76,61.03,299.6,10.6,D,0
4.9169,97.2357,313.3,1,1,2026-04-23,0844,Aqua,MODIS,68,61.03,298.5,6.2,D,0
5.1651,96.0495,310.3,1.1,1.1,2026-04-23,0844,Aqua,MODIS,55,61.03,294.3,6.6,D,0
-2.5714,121.379,314.5,1.2,1.1,2026-04-23,1924,Aqua,MODIS,89,61.03,293.2,16.3,N,2
-2.581,121.3777,334.9,1.2,1.1,2026-04-23,1924,Aqua,MODIS,100,61.03,293,46.7,N,2
-1.894,115.8674,305.9,1.3,1.1,2026-04-23,1924,Aqua,MODIS,65,61.03,292.8,7.9,N,2
0.5069,127.8967,307.7,1.4,1.2,2026-04-24,0009,Terra,MODIS,58,61.03,289.1,7.3,D,0
0.4833,127.989,310.8,1.3,1.1,2026-04-24,0009,Terra,MODIS,0,61.03,291.1,8.8,D,2
-1.3909,133.7278,306.7,1.2,1.1,2026-04-24,0009,Terra,MODIS,60,61.03,289.9,8.7,D,0
1.6244,109.2517,314.1,1.2,1.1,2026-04-24,0147,Terra,MODIS,68,61.03,294.4,8.4,D,0
-3.6892,103.6632,314.7,1.1,1.1,2026-04-24,0149,Terra,MODIS,68,61.03,293.8,9.9,D,0
-7.1198,107.8939,309.5,1.2,1.1,2026-04-24,0150,Terra,MODIS,62,61.03,295.3,7.3,D,0
-6.9704,107.6182,312.7,1.2,1.1,2026-04-24,0150,Terra,MODIS,65,61.03,296.1,5.9,D,2
-3.8712,122.3906,313,2.6,1.5,2026-04-24,0741,Aqua,MODIS,11,61.03,296.2,20.3,D,2
-2.588,121.3725,323.1,2.3,1.5,2026-04-24,0741,Aqua,MODIS,79,61.03,295.7,47,D,2
-2.5871,121.3776,322.8,2.3,1.5,2026-04-24,0741,Aqua,MODIS,79,61.03,295.7,48.9,D,2
-2.8475,112.2364,312.7,1.2,1.1,2026-04-24,0742,Aqua,MODIS,60,61.03,293.8,8.6,D,0
-2.849,112.2256,313.3,1.2,1.1,2026-04-24,0742,Aqua,MODIS,57,61.03,293.9,9.8,D,0
-2.3195,115.5436,318.1,1,1,2026-04-24,0742,Aqua,MODIS,70,61.03,299.4,9.6,D,0
-1.894,115.8636,327.1,1,1,2026-04-24,0742,Aqua,MODIS,81,61.03,298.1,19.5,D,2
-1.7934,115.1072,310.6,1,1,2026-04-24,0742,Aqua,MODIS,50,61.03,297.3,4,D,0
-2.2089,110.7194,312.3,1.5,1.2,2026-04-24,0742,Aqua,MODIS,60,61.03,295.2,9.5,D,0
-1.9053,110.534,312.6,1.6,1.2,2026-04-24,0742,Aqua,MODIS,64,61.03,295.2,11.6,D,0
-1.4213,112.7916,313.4,1.1,1.1,2026-04-24,0742,Aqua,MODIS,64,61.03,297.2,7.9,D,0
-1.0433,114.914,341,1,1,2026-04-24,0742,Aqua,MODIS,91,61.03,299.9,37.8,D,0
-1.0446,114.9053,402.8,1,1,2026-04-24,0742,Aqua,MODIS,100,61.03,306.3,264,D,0
-1.0358,114.904,313.8,1,1,2026-04-24,0742,Aqua,MODIS,55,61.03,299.5,5.5,D,0
-1.017,114.9101,357.6,1,1,2026-04-24,0742,Aqua,MODIS,99,61.03,300.5,73.3,D,0
-1.0183,114.9014,330,1,1,2026-04-24,0742,Aqua,MODIS,79,61.03,299.9,22.3,D,0
-1.6115,110.6507,311.7,1.5,1.2,2026-04-24,0742,Aqua,MODIS,32,61.03,292.5,13.4,D,0
0.229,116.2917,315.7,1.1,1,2026-04-24,0742,Aqua,MODIS,66,61.03,299.2,9.4,D,0
0.305,116.3033,330,1.1,1,2026-04-24,0742,Aqua,MODIS,83,61.03,299.7,26.5,D,0
0.3227,116.3599,326.2,1.1,1.1,2026-04-24,0742,Aqua,MODIS,75,61.03,298.1,22.5,D,0
0.3212,116.3502,314.7,1.1,1.1,2026-04-24,0742,Aqua,MODIS,63,61.03,297.5,9.1,D,0
0.3141,116.302,342.6,1.1,1,2026-04-24,0742,Aqua,MODIS,91,61.03,297.9,48.5,D,0
0.3953,116.294,311.5,1.1,1,2026-04-24,0742,Aqua,MODIS,53,61.03,296.7,6.8,D,0
0.3939,116.2843,319.3,1.1,1,2026-04-24,0742,Aqua,MODIS,72,61.03,296.9,14.5,D,0
0.5986,117.1149,326.6,1.2,1.1,2026-04-24,0742,Aqua,MODIS,80,61.03,298.6,27.1,D,0
0.6745,117.5663,316.1,1.3,1.1,2026-04-24,0742,Aqua,MODIS,28,61.03,300.7,8.5,D,2
1.9122,109.4673,311.8,1.6,1.3,2026-04-24,0743,Aqua,MODIS,19,61.03,287.9,13.1,D,0
1.9232,109.4656,319.6,1.6,1.3,2026-04-24,0743,Aqua,MODIS,71,61.03,289.1,26.2,D,0
0.8253,116.9767,313.5,1.2,1.1,2026-04-24,0743,Aqua,MODIS,63,61.03,298.4,7.4,D,0
0.9673,117.1796,319.1,1.3,1.1,2026-04-24,0743,Aqua,MODIS,73,61.03,299,14.5,D,0
1.024,117.0934,314.8,1.2,1.1,2026-04-24,0743,Aqua,MODIS,63,61.03,298.1,9.1,D,0
1.2275,116.6697,327,1.2,1.1,2026-04-24,0743,Aqua,MODIS,82,61.03,299.7,24.7,D,0
1.2259,116.6589,319,1.2,1.1,2026-04-24,0743,Aqua,MODIS,74,61.03,299.1,14,D,0
0.2777,109.5533,322.2,1.7,1.3,2026-04-24,0743,Aqua,MODIS,58,61.03,289.2,36.6,D,0
1.3271,116.6486,317.1,1.2,1.1,2026-04-24,0743,Aqua,MODIS,67,61.03,301.9,9.4,D,0
1.3256,116.6383,319.8,1.2,1.1,2026-04-24,0743,Aqua,MODIS,75,61.03,301.4,12.9,D,0
1.3309,116.6422,316.1,1.2,1.1,2026-04-24,0743,Aqua,MODIS,70,61.03,301.8,9.6,D,0
0.2767,109.5483,319.4,1.7,1.3,2026-04-24,0743,Aqua,MODIS,46,61.03,290.8,26.2,D,0
0.9095,111.0053,310.1,1.3,1.1,2026-04-24,0743,Aqua,MODIS,61,61.03,293.2,8.7,D,0
0.9767,111.1046,312.9,1.3,1.1,2026-04-24,0743,Aqua,MODIS,70,61.03,294.1,11.7,D,0
0.975,111.0933,315.8,1.3,1.1,2026-04-24,0743,Aqua,MODIS,73,61.03,294.2,15.3,D,0
2.8793,117.5056,316.5,1.4,1.2,2026-04-24,0743,Aqua,MODIS,71,61.03,298.1,14,D,0
0.8212,116.9722,313.6,1.2,1.1,2026-04-24,0743,Aqua,MODIS,59,61.03,298.8,8.1,D,0
-8.5345,122.7609,305.3,1.9,1.3,2026-04-24,1227,Terra,MODIS,64,61.03,288,14.9,N,0
-3.9016,122.4163,305.5,1.7,1.3,2026-04-24,1228,Terra,MODIS,64,61.03,294.3,8.5,N,2
-2.5716,121.3864,313.5,1.9,1.4,2026-04-24,1228,Terra,MODIS,87,61.03,293.1,26.7,N,2
-2.5738,121.3702,320.9,1.9,1.4,2026-04-24,1228,Terra,MODIS,100,61.03,292.9,44.4,N,2
-1.4567,127.437,329.8,1,1,2026-04-24,1228,Terra,MODIS,100,61.03,295.1,27.4,N,2
-2.0022,121.4352,304.1,1.9,1.3,2026-04-24,1228,Terra,MODIS,59,61.03,293.5,9,N,2
-2.8324,122.1706,311.4,1.7,1.3,2026-04-24,1228,Terra,MODIS,82,61.03,295.4,16.1,N,2
-3.87,122.3972,310.7,1.7,1.3,2026-04-24,1228,Terra,MODIS,81,61.03,294.6,15.2,N,2
-1.8131,136.7518,303.8,1.2,1.1,2026-04-24,1823,Aqua,MODIS,57,61.03,292.6,5.8,N,0
1.6187,109.2533,314.6,1,1,2026-04-24,2001,Aqua,MODIS,86,61.03,293,11.8,N,0
1.6201,109.2444,305.2,1,1,2026-04-24,2001,Aqua,MODIS,22,61.03,292.7,4.8,N,0
-1.894,115.8761,303,2.4,1.5,2026-04-24,2002,Aqua,MODIS,51,61.03,292.6,12.7,N,2
-1.893,115.871,305.4,2.4,1.5,2026-04-24,2002,Aqua,MODIS,64,61.03,292.8,19.2,N,2
0.5091,122.635,311.6,1,1,2026-04-25,0048,Terra,MODIS,50,61.03,297.9,5.2,D,0
-2.6284,121.6185,311.2,1,1,2026-04-25,0049,Terra,MODIS,68,61.03,293.9,6.4,D,0
-2.01,121.4169,318.5,1,1,2026-04-25,0049,Terra,MODIS,76,61.03,294.3,11.8,D,2
-2.0113,121.4257,311.2,1,1,2026-04-25,0049,Terra,MODIS,66,61.03,293.6,5.6,D,2
-2.5765,121.3819,312.1,1,1,2026-04-25,0049,Terra,MODIS,70,61.03,292.6,8.2,D,2
-3.8737,122.4005,318.8,1.1,1,2026-04-25,0049,Terra,MODIS,76,61.03,297.6,12.1,D,2
-3.8751,122.4101,314.9,1.1,1,2026-04-25,0049,Terra,MODIS,59,61.03,297.1,7.6,D,2
-3.904,122.4159,313.2,1.1,1,2026-04-25,0049,Terra,MODIS,68,61.03,297.1,6.6,D,2
-4.0968,122.2117,309.8,1.1,1,2026-04-25,0049,Terra,MODIS,58,61.03,295,4.7,D,0
-4.0982,122.2211,321.2,1.1,1,2026-04-25,0049,Terra,MODIS,77,61.03,295,15.6,D,0
-8.1191,112.9246,305.2,2.4,1.5,2026-04-25,0051,Terra,MODIS,32,61.03,287.9,19.9,D,1
-0.8253,103.4653,307.7,2.5,1.5,2026-04-25,0227,Terra,MODIS,32,61.03,291.5,17.1,D,2
-3.0738,130.443,312.7,1,1,2026-04-25,0641,Aqua,MODIS,68,61.03,296.5,6.1,D,0
-3.0751,130.4343,310.1,1,1,2026-04-25,0641,Aqua,MODIS,68,61.03,296.3,4.5,D,0
0.5071,127.8912,311.7,1.1,1,2026-04-25,0642,Aqua,MODIS,53,61.03,295.8,6.7,D,0
1.6975,127.8835,311.2,1.1,1,2026-04-25,0643,Aqua,MODIS,47,61.03,294.7,7.7,D,1
1.6961,127.8743,332.5,1.1,1,2026-04-25,0643,Aqua,MODIS,85,61.03,297.3,30.9,D,1
1.4486,125.1956,310.1,1.5,1.2,2026-04-25,0643,Aqua,MODIS,0,61.03,297.2,11,D,2
1.4941,127.6336,315.3,1.1,1,2026-04-25,0643,Aqua,MODIS,63,61.03,297.1,12.7,D,1
1.3406,101.9013,316.1,1.2,1.1,2026-04-25,0821,Aqua,MODIS,35,61.03,300.5,10.4,D,0
1.4486,101.9444,320.5,1.2,1.1,2026-04-25,0821,Aqua,MODIS,74,61.03,298,15,D,0
1.54,102.2614,316.4,1.2,1.1,2026-04-25,0821,Aqua,MODIS,68,61.03,298.4,8.7,D,0
0.5361,102.1516,312.5,1.2,1.1,2026-04-25,0821,Aqua,MODIS,36,61.03,294.7,7.2,D,0
-2.5816,121.3689,308.8,1.6,1.2,2026-04-25,1307,Terra,MODIS,76,61.03,292.2,14.5,N,2
-2.5795,121.3829,307.8,1.6,1.2,2026-04-25,1307,Terra,MODIS,73,61.03,292.7,12.5,N,2
-1.8882,115.865,308.3,1,1,2026-04-25,1308,Terra,MODIS,74,61.03,290,6.9,N,2
-1.9374,115.0361,302.4,1.1,1,2026-04-25,1308,Terra,MODIS,29,61.03,289.4,4.4,N,0
0.078,116.1487,303.7,1,1,2026-04-25,1308,Terra,MODIS,54,61.03,292.4,3.7,N,0
0.5446,117.1858,308,1,1,2026-04-25,1308,Terra,MODIS,70,61.03,294.1,6.9,N,0
0.6781,117.5619,307.5,1,1,2026-04-25,1308,Terra,MODIS,69,61.03,295.6,5.2,N,2
-1.8971,115.8662,310.4,1,1,2026-04-25,1308,Terra,MODIS,80,61.03,290.8,8.2,N,2
2.8834,117.5053,309.3,1.1,1,2026-04-25,1309,Terra,MODIS,76,61.03,294.6,7.7,N,0
-1.4541,127.4396,330.4,1.3,1.1,2026-04-25,1901,Aqua,MODIS,100,61.03,293.5,39.3,N,2
-2.5718,121.3779,323.1,1.2,1.1,2026-04-25,1902,Aqua,MODIS,100,61.03,287.8,29.1,N,2
-2.5734,121.3886,303.2,1.2,1.1,2026-04-25,1902,Aqua,MODIS,54,61.03,286.9,7.1,N,2
-2.5815,121.3764,323.2,1.2,1.1,2026-04-25,1902,Aqua,MODIS,100,61.03,286.3,29.4,N,2
-2.5831,121.3869,303.1,1.2,1.1,2026-04-25,1902,Aqua,MODIS,53,61.03,284.2,7,N,2
0.0847,116.1389,310.6,1.6,1.3,2026-04-26,0127,Terra,MODIS,47,61.03,292.6,10.9,D,0
0.0857,116.145,317,1.6,1.3,2026-04-26,0127,Terra,MODIS,75,61.03,292.9,22.4,D,0
0.0827,116.1532,312.1,1.6,1.3,2026-04-26,0127,Terra,MODIS,55,61.03,292.6,12.8,D,0
-0.5229,116.1354,323.5,1.7,1.3,2026-04-26,0128,Terra,MODIS,80,61.03,287.1,38.6,D,0
-1.8984,115.8698,310.3,1.7,1.3,2026-04-26,0128,Terra,MODIS,61,61.03,291.5,10.5,D,2
-1.8985,115.864,313.4,1.7,1.3,2026-04-26,0128,Terra,MODIS,67,61.03,291.7,15.1,D,2
-2.8824,115.2623,310.5,1.6,1.2,2026-04-26,0128,Terra,MODIS,62,61.03,294.4,9.7,D,0
-7.5402,110.4423,308.1,1,1,2026-04-26,0130,Terra,MODIS,50,61.03,291.6,7.5,D,1
-0.2394,116.9455,314.6,1.3,1.1,2026-04-26,0720,Aqua,MODIS,63,61.03,298.1,9.3,D,0
0.083,116.1443,317.1,1.5,1.2,2026-04-26,0720,Aqua,MODIS,71,61.03,297.5,14.8,D,0
0.0726,116.1458,314,1.5,1.2,2026-04-26,0720,Aqua,MODIS,36,61.03,297.6,10.4,D,0
-0.2431,116.8534,313.8,1.3,1.1,2026-04-26,0720,Aqua,MODIS,64,61.03,296.7,8.9,D,0
-2.5789,121.3733,353.8,1,1,2026-04-26,0720,Aqua,MODIS,97,61.03,292.1,69.1,D,2
-2.5734,121.2284,314.8,1,1,2026-04-26,0720,Aqua,MODIS,74,61.03,294.4,9.4,D,0
-2.0179,121.4174,315.4,1,1,2026-04-26,0720,Aqua,MODIS,72,61.03,296.5,8.1,D,2
-2.0085,116.3403,309.2,1.5,1.2,2026-04-26,0720,Aqua,MODIS,55,61.03,294.6,7.2,D,0
-1.2329,119.336,310.6,1,1,2026-04-26,0720,Aqua,MODIS,61,61.03,292.3,5.3,D,0
-1.68,112.7569,309.6,2.9,1.6,2026-04-26,0720,Aqua,MODIS,56,61.03,293.9,19.9,D,0
-1.4309,113.2202,313.2,2.6,1.6,2026-04-26,0720,Aqua,MODIS,67,61.03,293.9,27.2,D,0
-1.4342,113.1973,315.7,2.6,1.6,2026-04-26,0720,Aqua,MODIS,70,61.03,293.5,36.1,D,0
-1.4374,113.2162,310.5,2.6,1.6,2026-04-26,0720,Aqua,MODIS,61,61.03,293.1,19.9,D,0
-0.8777,114.6886,316.8,2,1.4,2026-04-26,0720,Aqua,MODIS,71,61.03,294.8,25.5,D,0
-0.8801,114.6718,322.4,2,1.4,2026-04-26,0720,Aqua,MODIS,78,61.03,296.2,40.1,D,0
-0.6482,116.0368,314.9,1.5,1.2,2026-04-26,0720,Aqua,MODIS,66,61.03,296.2,14.6,D,0
-0.6549,116.0324,312.3,1.5,1.2,2026-04-26,0720,Aqua,MODIS,60,61.03,296,10.8,D,0
-0.4853,116.9543,315.9,1.3,1.1,2026-04-26,0720,Aqua,MODIS,64,61.03,291.3,14,D,0
-0.5454,116.1428,313.3,1.5,1.2,2026-04-26,0720,Aqua,MODIS,63,61.03,296,10.2,D,0
-0.5167,116.191,331.5,1.5,1.2,2026-04-26,0720,Aqua,MODIS,74,61.03,295.1,44.1,D,0
-0.5186,116.1782,328.6,1.5,1.2,2026-04-26,0720,Aqua,MODIS,78,61.03,294.4,37.4,D,0
-0.242,116.9409,314.3,1.3,1.1,2026-04-26,0720,Aqua,MODIS,65,61.03,297.3,9.2,D,0
1.1097,116.7181,355.2,1.3,1.1,2026-04-26,0721,Aqua,MODIS,98,61.03,297.3,98.4,D,0
1.1081,116.7069,348.4,1.3,1.1,2026-04-26,0721,Aqua,MODIS,95,61.03,297.6,76.6,D,0
1.1119,116.7235,315.2,1.3,1.1,2026-04-26,0721,Aqua,MODIS,70,61.03,295.9,11,D,0
1.1102,116.7124,357.1,1.3,1.1,2026-04-26,0721,Aqua,MODIS,98,61.03,298.5,105.9,D,0
1.5091,118.1303,312.1,1.1,1,2026-04-26,0721,Aqua,MODIS,58,61.03,296.9,5.7,D,0
1.3268,116.6567,323.1,1.3,1.1,2026-04-26,0721,Aqua,MODIS,80,61.03,299.1,17.9,D,0
1.3251,116.6456,329.4,1.3,1.1,2026-04-26,0721,Aqua,MODIS,84,61.03,300.8,30,D,0
1.353,116.6301,349.4,1.3,1.1,2026-04-26,0721,Aqua,MODIS,95,61.03,298.7,80,D,0
1.3514,116.6189,311.8,1.3,1.1,2026-04-26,0721,Aqua,MODIS,60,61.03,297.7,6.6,D,0
1.7598,117.9494,312.1,1.1,1,2026-04-26,0721,Aqua,MODIS,65,61.03,298,5.9,D,0
1.7829,117.9171,314,1.1,1,2026-04-26,0721,Aqua,MODIS,69,61.03,297.9,6.9,D,0
1.6835,117.1869,312.7,1.2,1.1,2026-04-26,0721,Aqua,MODIS,68,61.03,292.9,8.8,D,0
1.9751,117.7789,317.5,1.1,1,2026-04-26,0721,Aqua,MODIS,75,61.03,298.4,11.4,D,0
2.1533,117.497,307.9,1.1,1.1,2026-04-26,0721,Aqua,MODIS,0,61.03,290.6,4.6,D,2
2.2203,117.8798,320.9,1.1,1,2026-04-26,0721,Aqua,MODIS,79,61.03,297,14.3,D,0
2.2454,117.9241,313.4,1.1,1,2026-04-26,0721,Aqua,MODIS,71,61.03,296.6,7.2,D,0
2.286,117.8219,308.2,1.1,1,2026-04-26,0721,Aqua,MODIS,62,61.03,284.2,5.6,D,0
2.2846,117.8124,317.4,1.1,1,2026-04-26,0721,Aqua,MODIS,76,61.03,285.6,14,D,0
2.5347,117.8141,312.4,1.1,1,2026-04-26,0721,Aqua,MODIS,69,61.03,294.2,7.3,D,0
3.2278,117.2029,312.8,1.1,1.1,2026-04-26,0721,Aqua,MODIS,44,61.03,293.7,7.5,D,0
4.0135,117.1959,315.6,1.1,1.1,2026-04-26,0721,Aqua,MODIS,69,61.03,297.4,9.5,D,0
4.1954,117.3628,319.3,1.1,1,2026-04-26,0722,Aqua,MODIS,76,61.03,296.1,11.7,D,0
1.7367,99.8039,313.7,1.7,1.3,2026-04-26,0859,Aqua,MODIS,66,61.03,293.2,15.5,D,0
5.1521,96.9055,313.7,1.2,1.1,2026-04-26,0900,Aqua,MODIS,59,61.03,287.7,10.8,D,0
0.4909,127.9894,303.9,1.3,1.1,2026-04-26,1209,Terra,MODIS,42,61.03,293.7,5.7,N,2
0.4894,127.9781,306.4,1.3,1.1,2026-04-26,1209,Terra,MODIS,66,61.03,294.2,7.5,N,2
1.7045,127.8762,305.4,1.3,1.1,2026-04-26,1209,Terra,MODIS,30,61.03,289.8,9.8,N,1
-3.6841,103.6537,305.2,1.4,1.2,2026-04-26,1346,Terra,MODIS,57,61.03,293.6,6.8,N,0
1.6907,117.1896,303,1.1,1,2026-04-26,1939,Aqua,MODIS,52,61.03,288.8,5.1,N,0
0.6814,117.5673,300.5,1.1,1.1,2026-04-26,1939,Aqua,MODIS,22,61.03,280.3,4.3,N,2
-2.58,121.3725,309.1,2.4,1.5,2026-04-26,1940,Aqua,MODIS,76,61.03,272.2,39.9,N,2
-2.5832,121.3944,302.1,2.4,1.5,2026-04-26,1940,Aqua,MODIS,46,61.03,270.2,24.7,N,2
-1.8923,115.8637,302.4,1,1,2026-04-26,1940,Aqua,MODIS,48,61.03,275,5.8,N,2
0.5098,127.902,311.8,1.1,1,2026-04-27,0028,Terra,MODIS,59,61.03,298.9,6,D,0
1.4978,127.6349,328.4,1,1,2026-04-27,0028,Terra,MODIS,84,61.03,299.2,24.7,D,1
1.4889,127.6336,314.3,1,1,2026-04-27,0028,Terra,MODIS,70,61.03,294.6,10.4,D,1
0.5111,127.8928,313.4,1.1,1,2026-04-27,0028,Terra,MODIS,68,61.03,299.6,7.4,D,0
0.4861,128.003,309.4,1.1,1,2026-04-27,0028,Terra,MODIS,34,61.03,296.9,5.2,D,2
-1.462,127.4372,325.4,1.1,1,2026-04-27,0029,Terra,MODIS,59,61.03,296.8,18.8,D,2
-2.5841,121.3787,332.4,1.6,1.2,2026-04-27,0029,Terra,MODIS,87,61.03,291.8,55.1,D,2
0.6737,102.8465,311.3,1,1,2026-04-27,0207,Terra,MODIS,46,61.03,296.4,6.5,D,0
-3.6882,103.6592,315.4,1.2,1.1,2026-04-27,0208,Terra,MODIS,70,61.03,296.9,12.2,D,0
-6.0029,106.0098,315.1,1.9,1.4,2026-04-27,0208,Terra,MODIS,63,61.03,294.9,13.3,D,2
-2.6437,132.995,312.5,1.2,1.1,2026-04-27,0619,Aqua,MODIS,66,61.03,295.9,7.9,D,0
-2.9262,132.8901,311.3,1.3,1.1,2026-04-27,0619,Aqua,MODIS,65,61.03,294.8,7.3,D,0
-1.4062,134.0751,308.1,1.1,1,2026-04-27,0620,Aqua,MODIS,48,61.03,294.7,5.5,D,0
3.8106,108.2935,320.6,1.1,1,2026-04-27,0800,Aqua,MODIS,73,61.03,293.1,14.3,D,0
-2.8754,122.1574,301.6,1,1,2026-04-27,1247,Terra,MODIS,31,61.03,284.9,3.7,N,0
-3.8741,122.4004,307.2,1,1,2026-04-27,1247,Terra,MODIS,71,61.03,292,5.7,N,2
-3.8729,122.4091,306.2,1,1,2026-04-27,1247,Terra,MODIS,67,61.03,291.8,4.8,N,2
4.8986,97.4914,306.7,1.1,1,2026-04-27,1428,Terra,MODIS,69,61.03,282.9,7.8,N,0
0.4876,127.9967,302.5,1.2,1.1,2026-04-27,1839,Aqua,MODIS,50,61.03,291.7,4.8,N,2
0.4892,127.9863,305.9,1.2,1.1,2026-04-27,1839,Aqua,MODIS,66,61.03,291.9,7.3,N,2
-2.0137,121.4195,310.8,1.9,1.3,2026-04-28,0108,Terra,MODIS,68,61.03,293.6,14.6,D,2
-2.5814,121.3675,312.4,1.9,1.3,2026-04-28,0108,Terra,MODIS,72,61.03,291.9,18.8,D,2
-2.5838,121.3847,322,1.9,1.3,2026-04-28,0108,Terra,MODIS,81,61.03,291.6,39.9,D,2
-2.5785,121.3784,328.1,1.9,1.3,2026-04-28,0108,Terra,MODIS,85,61.03,292.8,57.5,D,2
-2.8259,122.1564,309.9,2.2,1.4,2026-04-28,0108,Terra,MODIS,22,61.03,288.4,10,D,0
-2.8285,122.1756,311.7,2.2,1.4,2026-04-28,0108,Terra,MODIS,0,61.03,289.2,13.7,D,2
-2.8855,115.2554,310.9,1,1,2026-04-28,0108,Terra,MODIS,63,61.03,293.4,6.2,D,0
-3.1005,122.3368,311.4,1.5,1.2,2026-04-28,0657,Aqua,MODIS,0,61.03,297.2,11.5,D,0
-4.1351,122.5662,312.4,1.5,1.2,2026-04-28,0657,Aqua,MODIS,54,61.03,291.5,11.6,D,0
-3.9081,122.4152,318.1,1.5,1.2,2026-04-28,0657,Aqua,MODIS,69,61.03,296.4,18.5,D,2
-3.8782,122.3976,318.4,1.5,1.2,2026-04-28,0657,Aqua,MODIS,47,61.03,296.6,16.6,D,2
-3.8711,122.4034,319.2,1.5,1.2,2026-04-28,0657,Aqua,MODIS,62,61.03,296.5,17.9,D,2
-2.5845,121.3674,334.7,1.7,1.3,2026-04-28,0658,Aqua,MODIS,83,61.03,292.9,66.4,D,2
-2.0128,121.4231,319.1,1.7,1.3,2026-04-28,0658,Aqua,MODIS,78,61.03,297.6,24.4,D,2
-2.0107,121.4375,315.5,1.7,1.3,2026-04-28,0658,Aqua,MODIS,52,61.03,297.7,16.3,D,2
-3.0834,121.8959,310.7,1.6,1.2,2026-04-28,0658,Aqua,MODIS,68,61.03,293.8,11.3,D,0
-2.5825,121.3819,332.1,1.7,1.3,2026-04-28,0658,Aqua,MODIS,87,61.03,293.7,58.6,D,2
3.4004,125.6191,312.8,1,1,2026-04-28,0659,Aqua,MODIS,48,61.03,295,7.8,D,0
-1.0623,102.3121,308.5,1,1,2026-04-28,0836,Aqua,MODIS,45,61.03,292.1,4.9,D,0
-2.9133,102.7993,326.4,1,1,2026-04-28,0836,Aqua,MODIS,83,61.03,295.2,19.8,D,0
-2.9146,102.7902,326.1,1,1,2026-04-28,0836,Aqua,MODIS,82,61.03,295.8,19.2,D,0
-2.5802,102.7992,311.5,1,1,2026-04-28,0836,Aqua,MODIS,57,61.03,287.3,7,D,0
-2.5713,102.7979,327,1,1,2026-04-28,0836,Aqua,MODIS,78,61.03,288.1,22.7,D,0
-1.0101,101.3475,312.4,1,1,2026-04-28,0836,Aqua,MODIS,66,61.03,293.8,6.3,D,0
0.8059,100.3196,311.7,1,1,2026-04-28,0837,Aqua,MODIS,64,61.03,294,5.5,D,0
0.7971,100.321,331,1,1,2026-04-28,0837,Aqua,MODIS,85,61.03,293.6,25.3,D,0
0.559,100.0808,316.5,1,1,2026-04-28,0837,Aqua,MODIS,71,61.03,290.1,11.1,D,0
2.209,100.9435,317,1,1,2026-04-28,0837,Aqua,MODIS,70,61.03,296.2,7.9,D,0
-1.8133,136.753,308.2,1,1,2026-04-28,1148,Terra,MODIS,71,61.03,293.9,5.7,N,0
-2.576,121.3728,306.9,3.9,1.8,2026-04-28,1326,Terra,MODIS,25,61.03,284.8,56.8,N,2
-1.4316,113.2079,304.1,1.1,1,2026-04-28,1327,Terra,MODIS,55,61.03,292.5,3.7,N,0
-1.4303,113.217,304.9,1.1,1,2026-04-28,1327,Terra,MODIS,60,61.03,292.6,4.3,N,0
-2.0105,121.4178,300.2,1,1,2026-04-28,1918,Aqua,MODIS,20,61.03,288.3,2.6,N,2
-2.5763,121.37,308.8,1,1,2026-04-28,1918,Aqua,MODIS,75,61.03,290.5,8.2,N,2
-2.5777,121.3791,364.8,1,1,2026-04-28,1918,Aqua,MODIS,100,61.03,292.7,104,N,2
-2.579,121.3881,303.2,1,1,2026-04-28,1918,Aqua,MODIS,29,61.03,290.9,4.3,N,2
-2.826,122.1696,307.5,1.1,1,2026-04-28,1918,Aqua,MODIS,60,61.03,293.7,7.6,N,2
-2.8275,122.1792,308.8,1.1,1,2026-04-28,1918,Aqua,MODIS,56,61.03,293.9,8.8,N,2
-3.8674,122.4029,304.6,1.2,1.1,2026-04-28,1918,Aqua,MODIS,61,61.03,293.1,5.4,N,2
1.4927,127.6277,314.4,1.5,1.2,2026-04-29,0008,Terra,MODIS,68,61.03,293.9,15.5,D,1
-1.4591,127.4461,314.7,1.4,1.2,2026-04-29,0009,Terra,MODIS,0,61.03,293.9,13.6,D,2
-2.8053,105.4056,311,1,1,2026-04-29,0148,Terra,MODIS,56,61.03,296.2,6.1,D,0
-6.4542,107.6098,311.7,1.1,1.1,2026-04-29,0148,Terra,MODIS,54,61.03,295.1,5.8,D,0
-6.8644,108.9811,312.4,1.4,1.2,2026-04-29,0149,Terra,MODIS,61,61.03,292,8.8,D,0
-0.695,116.0981,314.9,1,1,2026-04-29,0736,Aqua,MODIS,66,61.03,297.3,7,D,0
-0.4287,114.832,317.2,1.1,1,2026-04-29,0736,Aqua,MODIS,51,61.03,301.7,9.5,D,0
-0.3071,117.3579,312.1,1,1,2026-04-29,0736,Aqua,MODIS,59,61.03,296.6,5.6,D,0
-2.5806,121.3737,330,1.7,1.3,2026-04-29,0736,Aqua,MODIS,86,61.03,293.3,52.3,D,2
-1.9923,111.2566,325.5,1.9,1.3,2026-04-29,0736,Aqua,MODIS,81,61.03,289.4,45.1,D,0
-1.1376,115.162,312.8,1,1,2026-04-29,0736,Aqua,MODIS,61,61.03,298.7,6,D,0
-1.1898,112.5154,318.1,1.4,1.2,2026-04-29,0736,Aqua,MODIS,73,61.03,294.4,19.8,D,0
0.3254,111.3669,309.3,1.7,1.3,2026-04-29,0737,Aqua,MODIS,59,61.03,293,7.7,D,0
0.3954,116.0324,311.9,1,1,2026-04-29,0737,Aqua,MODIS,58,61.03,297.6,4.8,D,0
0.323,111.3576,311.7,1.7,1.3,2026-04-29,0737,Aqua,MODIS,66,61.03,293.7,10.3,D,0
1.3331,116.698,315.8,1,1,2026-04-29,0737,Aqua,MODIS,71,61.03,297.3,7.1,D,0
1.3318,116.6891,318,1,1,2026-04-29,0737,Aqua,MODIS,75,61.03,298.1,8.6,D,0
0.8116,111.7782,318.2,1.5,1.2,2026-04-29,0737,Aqua,MODIS,76,61.03,293.2,22.6,D,0
0.8096,111.765,311.2,1.5,1.2,2026-04-29,0737,Aqua,MODIS,67,61.03,293.1,12.6,D,0
1.7698,117.9178,322.7,1.1,1.1,2026-04-29,0737,Aqua,MODIS,80,61.03,296.3,17.9,D,0
3.1873,117.1189,311.9,1.1,1,2026-04-29,0737,Aqua,MODIS,63,61.03,296.1,6.4,D,0
3.9703,117.2425,326.2,1.1,1.1,2026-04-29,0737,Aqua,MODIS,62,61.03,296.6,21.8,D,0
-2.5763,121.3764,309.7,2,1.4,2026-04-29,1227,Terra,MODIS,68,61.03,282.7,27,N,2
-3.8731,122.4016,307.2,1.7,1.3,2026-04-29,1227,Terra,MODIS,71,61.03,288.6,12.8,N,2
-3.8737,122.3961,306.3,1.7,1.3,2026-04-29,1227,Terra,MODIS,56,61.03,288,10.7,N,2
-2.5731,121.3734,312.9,1,1,2026-04-30,0048,Terra,MODIS,70,61.03,292.5,7.8,D,2
-2.8814,122.1705,317.9,1,1,2026-04-30,0048,Terra,MODIS,57,61.03,296.6,10.8,D,0
-2.8801,122.1613,314,1,1,2026-04-30,0048,Terra,MODIS,49,61.03,295.3,8.2,D,0
-2.5744,121.3822,340.1,1,1,2026-04-30,0048,Terra,MODIS,91,61.03,294.2,40.2,D,2
-2.008,121.4174,308.7,1,1,2026-04-30,0048,Terra,MODIS,28,61.03,293.4,4,D,2
-2.0105,121.4349,310.4,1,1,2026-04-30,0048,Terra,MODIS,51,61.03,294.4,5.1,D,2
0.5219,102.2282,307.2,1.8,1.3,2026-04-30,0226,Terra,MODIS,57,61.03,285.3,12.2,D,0
-7.3074,131.4434,314.9,1.1,1,2026-04-30,0634,Aqua,MODIS,0,61.03,297.4,9.3,D,0
-7.306,131.4527,310.7,1.1,1,2026-04-30,0634,Aqua,MODIS,40,61.03,297.5,6,D,0
0.5953,102.911,309.8,1.4,1.2,2026-04-30,0815,Aqua,MODIS,32,61.03,286.2,8.1,D,0
-0.125,102.8924,308.6,1.4,1.2,2026-04-30,0815,Aqua,MODIS,16,61.03,285.1,7.8,D,0
1.9551,99.4072,305,2.5,1.5,2026-04-30,0815,Aqua,MODIS,42,61.03,282.1,18.1,D,0
2.1771,101.0281,313,1.8,1.3,2026-04-30,0815,Aqua,MODIS,68,61.03,290.4,15.1,D,0
0.0354,102.7297,312.5,1.4,1.2,2026-04-30,0815,Aqua,MODIS,43,61.03,293.2,10.9,D,0
3.6623,98.9048,310.7,2.5,1.5,2026-04-30,0816,Aqua,MODIS,49,61.03,287.3,13.1,D,0
-3.8702,122.3962,304.3,1.8,1.3,2026-04-30,1306,Terra,MODIS,59,61.03,288.3,9.6,N,2
-1.4583,127.4388,313.9,1,1,2026-04-30,1855,Aqua,MODIS,84,61.03,292.6,11.8,N,2
