"latitude","longitude","brightness","scan","track","acq_date","acq_time","satellite","instrument","confidence","version","bright_t31","frp","daynight","type","source_file","source_row","data_status"
"-2.3661","110.6639","332.7","1.5","1.2","2026-01-16","0730","Aqua","MODIS","86","61.03","294.7","50.1","D","0","fire_archive_M-C61_803220.csv","163","standard"
"-1.5627","110.8266","335.4","1.4","1.2","2026-01-16","0730","Aqua","MODIS","88","61.03","295.3","53.8","D","0","fire_archive_M-C61_803220.csv","192","standard"
"-2.1992","110.7353","336.7","1","1","2026-01-19","0747","Aqua","MODIS","89","61.03","297.3","31.8","D","0","fire_archive_M-C61_803220.csv","351","standard"
"-2.6196","110.962","329.5","1","1","2026-01-19","0747","Aqua","MODIS","83","61.03","296.6","23.3","D","0","fire_archive_M-C61_803220.csv","352","standard"
"-0.8866","110.2371","336","1","1","2026-01-19","0747","Aqua","MODIS","89","61.03","293.5","32.9","D","0","fire_archive_M-C61_803220.csv","368","standard"
"-0.5126","109.9618","326.4","1","1","2026-01-19","0747","Aqua","MODIS","84","61.03","279.7","23.8","D","0","fire_archive_M-C61_803220.csv","370","standard"
"-1.9959","110.4637","324.1","1.5","1.2","2026-01-22","0803","Aqua","MODIS","80","61.03","291.8","26.4","D","0","fire_archive_M-C61_803220.csv","468","standard"
"-1.4153","110.1211","319.9","1.1","1","2026-01-24","0742","Aqua","MODIS","80","61.03","290.3","15.6","D","0","fire_archive_M-C61_803220.csv","582","standard"
"-2.4995","110.249","328.2","1.4","1.2","2026-02-09","0805","Aqua","MODIS","82","61.03","294.3","31.6","D","0","fire_archive_M-C61_803220.csv","1179","standard"
"-2.4373","110.4326","354.2","1.1","1","2026-02-11","0743","Aqua","MODIS","97","61.03","301.1","74.1","D","0","fire_archive_M-C61_803220.csv","1278","standard"
"-2.4268","110.4408","361.6","1.1","1","2026-02-11","0743","Aqua","MODIS","100","61.03","299","94.3","D","0","fire_archive_M-C61_803220.csv","1280","standard"
"-2.4281","110.4313","351.9","1.1","1","2026-02-11","0743","Aqua","MODIS","96","61.03","300.2","66.8","D","0","fire_archive_M-C61_803220.csv","1281","standard"
"-2.0706","110.1895","326","1.1","1","2026-03-04","0801","Aqua","MODIS","82","61.03","291.8","21.3","D","0","fire_archive_M-C61_803220.csv","1756","standard"
"-1.7322","110.2306","333.1","1.1","1","2026-03-04","0801","Aqua","MODIS","88","61.03","291.3","30","D","0","fire_archive_M-C61_803220.csv","1762","standard"
"-1.723","110.2292","343.5","1.1","1","2026-03-04","0801","Aqua","MODIS","88","61.03","291.2","48.9","D","0","fire_archive_M-C61_803220.csv","1763","standard"
"-1.4831","110.1078","333","1.1","1","2026-03-04","0801","Aqua","MODIS","88","61.03","285.3","32.5","D","0","fire_archive_M-C61_803220.csv","1764","standard"
"-0.5966","110.0959","341.4","1.1","1","2026-03-04","0801","Aqua","MODIS","91","61.03","276.8","49.6","D","0","fire_archive_M-C61_803220.csv","1765","standard"
"-0.598","110.0863","362.6","1.1","1","2026-03-04","0801","Aqua","MODIS","100","61.03","280.8","104.9","D","0","fire_archive_M-C61_803220.csv","1766","standard"
"-2.3569","110.2785","331.4","1.1","1","2026-03-14","0750","Aqua","MODIS","83","61.03","298.3","26.3","D","0","fire_archive_M-C61_803220.csv","2148","standard"
"-2.3582","110.2692","331.4","1.1","1","2026-03-14","0750","Aqua","MODIS","83","61.03","298.7","26.2","D","0","fire_archive_M-C61_803220.csv","2149","standard"
"-1.8155","110.1905","347","1.1","1","2026-03-14","0750","Aqua","MODIS","94","61.03","302.1","49.8","D","0","fire_archive_M-C61_803220.csv","2159","standard"
"-1.8169","110.1813","375.2","1.1","1","2026-03-14","0750","Aqua","MODIS","94","61.03","305.9","134.7","D","0","fire_archive_M-C61_803220.csv","2160","standard"
"-1.7906","110.2269","335.6","1","1","2026-03-14","0750","Aqua","MODIS","87","61.03","302.2","29.6","D","0","fire_archive_M-C61_803220.csv","2164","standard"
"-1.7919","110.2178","348.5","1","1","2026-03-14","0750","Aqua","MODIS","95","61.03","302.3","53.4","D","0","fire_archive_M-C61_803220.csv","2165","standard"
"-1.783","110.2165","344.5","1","1","2026-03-14","0750","Aqua","MODIS","80","61.03","305.2","44","D","0","fire_archive_M-C61_803220.csv","2168","standard"
"-1.7628","110.2297","335.9","1","1","2026-03-14","1334","Terra","MODIS","100","61.03","296.9","35.9","N","0","fire_archive_M-C61_803220.csv","2205","standard"
"-1.7641","110.2207","329.8","1","1","2026-03-14","1334","Terra","MODIS","100","61.03","295.7","26.8","N","0","fire_archive_M-C61_803220.csv","2206","standard"
"-1.7656","110.2242","316.5","1.1","1","2026-03-16","1948","Aqua","MODIS","93","61.03","291.8","13.2","N","0","fire_archive_M-C61_803220.csv","2267","standard"
"-0.6065","110.3891","326.2","1.1","1","2026-03-22","0801","Aqua","MODIS","82","61.03","297.5","18.5","D","0","fire_archive_M-C61_803220.csv","2516","standard"
"-1.938","110.1801","340.5","1.6","1.2","2026-03-24","0739","Aqua","MODIS","91","61.03","299.7","76.4","D","0","fire_archive_M-C61_803220.csv","2732","standard"
"-0.8266","110.2243","326.9","1.5","1.2","2026-03-24","0739","Aqua","MODIS","82","61.03","299.2","35.8","D","0","fire_archive_M-C61_803220.csv","2735","standard"
"-1.7937","110.1995","317.1","1","1","2026-03-24","1333","Terra","MODIS","94","61.03","289.5","16.3","N","0","fire_archive_M-C61_803220.csv","2751","standard"
"-1.7242","110.1551","331.7","1","1","2026-03-24","1959","Aqua","MODIS","100","61.03","284.7","33.4","N","0","fire_archive_M-C61_803220.csv","2803","standard"
"-1.7553","110.241","324.9","1","1","2026-03-27","0755","Aqua","MODIS","82","61.03","295.1","16.6","D","0","fire_archive_M-C61_803220.csv","3094","standard"
"-1.7566","110.2323","339.1","1","1","2026-03-27","0755","Aqua","MODIS","91","61.03","298.6","35.5","D","0","fire_archive_M-C61_803220.csv","3097","standard"
"-0.97434","110.34274","341.11","1.24","1.11","2026-05-31","0818","Aqua","MODIS","86","6.1NRT","288.68","57.17","D","","fire_nrt_M-C61_803220.csv","735","NRT"
"-1.34194","110.41177","324.97","1.04","1.02","2026-06-05","0809","Aqua","MODIS","80","6.1NRT","296.68","18.1","D","","fire_nrt_M-C61_803220.csv","982","NRT"
"-1.25575","110.58462","327.43","1","1","2026-06-23","0807","Aqua","MODIS","84","6.1NRT","290.79","22.37","D","","fire_nrt_M-C61_803220.csv","1827","NRT"
"-1.25703","110.57592","321.76","1","1","2026-06-23","0807","Aqua","MODIS","80","6.1NRT","290.01","16.12","D","","fire_nrt_M-C61_803220.csv","1828","NRT"
"-2.51843","110.98114","327.48","1","1","2026-06-23","0807","Aqua","MODIS","83","6.1NRT","294.32","21.4","D","","fire_nrt_M-C61_803220.csv","1833","NRT"
"-2.49986","110.92509","323.1","1","1","2026-06-23","0807","Aqua","MODIS","80","6.1NRT","292.32","16.91","D","","fire_nrt_M-C61_803220.csv","1835","NRT"
"-2.75175","110.3436","326.61","1.06","1.03","2026-07-01","0816","Aqua","MODIS","81","6.1NRT","299.33","20.62","D","","fire_nrt_M-C61_803220.csv","2342","NRT"
"-0.86997","110.1903","345.88","1.93","1.36","2026-07-04","0833","Aqua","MODIS","93","6.1NRT","295.38","126.05","D","","fire_nrt_M-C61_803220.csv","2613","NRT"
"-0.87227","110.20065","336.26","1.93","1.36","2026-07-04","0833","Aqua","MODIS","88","6.1NRT","295.89","81.98","D","","fire_nrt_M-C61_803220.csv","2614","NRT"
"-1.68485","110.27498","315.9","1.05","1.02","2026-07-05","1331","Terra","MODIS","92","6.1NRT","293.24","12.51","N","","fire_nrt_M-C61_803220.csv","2780","NRT"
"-1.88333","110.76673","323.85","1.91","1.35","2026-07-08","0746","Aqua","MODIS","80","6.1NRT","296.33","44.45","D","","fire_nrt_M-C61_803220.csv","3036","NRT"
"-1.60067","110.06851","330.75","2.15","1.43","2026-07-08","0746","Aqua","MODIS","81","6.1NRT","297.22","76.6","D","","fire_nrt_M-C61_803220.csv","3051","NRT"
"-0.61589","110.0525","347.9","1.39","1.17","2026-07-09","0824","Aqua","MODIS","94","6.1NRT","295.83","84.43","D","","fire_nrt_M-C61_803220.csv","3125","NRT"
"-2.03799","111.03976","345.71","1.05","1.03","2026-07-11","0801","Aqua","MODIS","88","6.1NRT","296.45","52.54","D","","fire_nrt_M-C61_803220.csv","3429","NRT"
"-2.101","110.97493","325.01","2.61","1.55","2026-07-13","0739","Aqua","MODIS","80","6.1NRT","292.69","75.56","D","","fire_nrt_M-C61_803220.csv","3807","NRT"
"-2.78972","110.3059","327.05","1.07","1.03","2026-07-14","0820","Aqua","MODIS","82","6.1NRT","296.13","21.79","D","","fire_nrt_M-C61_803220.csv","4034","NRT"
"-2.71701","110.67381","327.27","1.11","1.05","2026-07-14","0820","Aqua","MODIS","82","6.1NRT","296.4","24.36","D","","fire_nrt_M-C61_803220.csv","4036","NRT"
"-1.71974","110.17699","313.54","1.07","1.03","2026-07-16","2017","Aqua","MODIS","87","6.1NRT","283.98","13.95","N","","fire_nrt_M-C61_803220.csv","4527","NRT"
"-1.89121","110.78092","328.6","3.73","1.81","2026-07-18","0733","Aqua","MODIS","83","6.1NRT","292.88","156.12","D","","fire_nrt_M-C61_803220.csv","4749","NRT"
"-1.8817","110.77514","328.21","3.73","1.81","2026-07-18","0733","Aqua","MODIS","83","6.1NRT","293.15","151.17","D","","fire_nrt_M-C61_803220.csv","4752","NRT"
"-2.7568","110.50869","325.9","1","1","2026-07-19","0811","Aqua","MODIS","80","6.1NRT","302.39","16.32","D","","fire_nrt_M-C61_803220.csv","4901","NRT"
"-2.74805","110.50739","357.12","1","1","2026-07-19","0811","Aqua","MODIS","98","6.1NRT","302.44","71.51","D","","fire_nrt_M-C61_803220.csv","4902","NRT"
"-2.05068","110.22177","326.28","1","1","2026-07-19","0811","Aqua","MODIS","80","6.1NRT","299.62","18.73","D","","fire_nrt_M-C61_803220.csv","4926","NRT"
"-0.54202","110.03664","335.56","1","1","2026-07-19","0811","Aqua","MODIS","88","6.1NRT","299.49","30.05","D","","fire_nrt_M-C61_803220.csv","4987","NRT"
"-0.5433","110.02795","350.84","1","1","2026-07-19","0811","Aqua","MODIS","96","6.1NRT","301.23","57.6","D","","fire_nrt_M-C61_803220.csv","4988","NRT"
"-0.41573","110.33252","326.58","1","1","2026-07-19","0811","Aqua","MODIS","81","6.1NRT","299.08","18.68","D","","fire_nrt_M-C61_803220.csv","4991","NRT"
"-1.75703","110.18929","322.27","1.01","1.01","2026-07-20","1329","Terra","MODIS","100","6.1NRT","295.72","18.76","N","","fire_nrt_M-C61_803220.csv","5212","NRT"
"-1.85202","110.70714","325.94","1.57","1.23","2026-07-22","0828","Aqua","MODIS","81","6.1NRT","295.8","34.95","D","","fire_nrt_M-C61_803220.csv","5378","NRT"
"-1.09352","110.40665","333.56","1.53","1.22","2026-07-22","0828","Aqua","MODIS","87","6.1NRT","295.39","53.05","D","","fire_nrt_M-C61_803220.csv","5381","NRT"
"-1.09023","110.40042","327.76","1.53","1.22","2026-07-22","0828","Aqua","MODIS","83","6.1NRT","293.98","37.77","D","","fire_nrt_M-C61_803220.csv","5383","NRT"
"-2.38554","110.43852","310.96","1.97","1.37","2026-07-23","1346","Terra","MODIS","81","6.1NRT","291.68","24.95","N","","fire_nrt_M-C61_803220.csv","5631","NRT"
"-2.75071","111.12847","329.83","1.03","1.02","2026-07-24","0807","Aqua","MODIS","84","6.1NRT","296.43","24.92","D","","fire_nrt_M-C61_803220.csv","6001","NRT"
"-2.74183","111.12717","328.9","1.03","1.02","2026-07-24","0807","Aqua","MODIS","83","6.1NRT","296.18","23.12","D","","fire_nrt_M-C61_803220.csv","6002","NRT"
"-2.5627","110.64377","342.02","1.07","1.03","2026-07-24","0807","Aqua","MODIS","92","6.1NRT","295.72","46.52","D","","fire_nrt_M-C61_803220.csv","6005","NRT"
"-2.33761","110.34924","335.83","1.09","1.04","2026-07-24","0807","Aqua","MODIS","88","6.1NRT","296.64","35.75","D","","fire_nrt_M-C61_803220.csv","6019","NRT"
"-1.8798","110.64278","323.82","1.05","1.03","2026-07-24","0807","Aqua","MODIS","80","6.1NRT","294.02","18.21","D","","fire_nrt_M-C61_803220.csv","6030","NRT"
"-1.68918","110.04897","326.99","1.11","1.05","2026-07-24","0807","Aqua","MODIS","82","6.1NRT","296.2","23.31","D","","fire_nrt_M-C61_803220.csv","6035","NRT"
"-1.5697","110.80149","334.26","1.04","1.02","2026-07-24","0807","Aqua","MODIS","87","6.1NRT","297.66","30.19","D","","fire_nrt_M-C61_803220.csv","6036","NRT"
"-1.40358","110.29962","324.97","1.08","1.04","2026-07-24","0807","Aqua","MODIS","81","6.1NRT","295.04","20.55","D","","fire_nrt_M-C61_803220.csv","6038","NRT"
"-2.05118","110.20665","317.18","1.01","1","2026-07-25","1327","Terra","MODIS","95","6.1NRT","293.2","13.89","N","","fire_nrt_M-C61_803220.csv","6282","NRT"
"-0.75667","110.36985","330.4","2.57","1.54","2026-07-26","0744","Aqua","MODIS","85","6.1NRT","293.3","91.64","D","","fire_nrt_M-C61_803220.csv","6629","NRT"
"-0.74881","110.36364","324.82","2.57","1.54","2026-07-26","0744","Aqua","MODIS","81","6.1NRT","293.35","69.56","D","","fire_nrt_M-C61_803220.csv","6631","NRT"
"-2.11187","110.4756","326.52","1.16","1.07","2026-07-27","0822","Aqua","MODIS","82","6.1NRT","289.03","26.3","D","","fire_nrt_M-C61_803220.csv","6843","NRT"
"-2.01704","110.44127","325.49","1.33","1.14","2026-07-29","0758","Aqua","MODIS","81","6.1NRT","298.19","25.64","D","","fire_nrt_M-C61_803220.csv","7268","NRT"
"-2.86074","110.38581","312.9","1","1","2026-07-30","1325","Terra","MODIS","84","6.1NRT","294.13","9.3","N","","fire_nrt_M-C61_803220.csv","7446","NRT"
"-0.73537","110.34444","336.18","3.6","1.78","2026-07-31","0739","Aqua","MODIS","84","6.1NRT","290.82","219.57","D","","fire_nrt_M-C61_803220.csv","7654","NRT"
"-0.73941","110.33762","342.29","3.6","1.78","2026-07-31","0739","Aqua","MODIS","80","6.1NRT","290.78","280.85","D","","fire_nrt_M-C61_803220.csv","7656","NRT"
"-1.73554","110.14463","320.82","1.42","1.18","2026-07-31","1957","Aqua","MODIS","100","6.1NRT","293.55","28.61","N","","fire_nrt_M-C61_803220.csv","7766","NRT"
"-1.95289","110.74953","334.85","1.02","1.01","2026-08-01","0816","Aqua","MODIS","87","6.1NRT","298.88","29.76","D","","fire_nrt_M-C61_803220.csv","7853","NRT"
"-1.91988","110.90287","333.23","1.03","1.01","2026-08-01","0816","Aqua","MODIS","86","6.1NRT","299.11","27.66","D","","fire_nrt_M-C61_803220.csv","7854","NRT"
"-1.91102","110.90154","341.87","1.03","1.01","2026-08-01","0816","Aqua","MODIS","91","6.1NRT","298.91","42.26","D","","fire_nrt_M-C61_803220.csv","7856","NRT"
"-1.90198","110.14632","393.08","1","1","2026-08-01","0816","Aqua","MODIS","100","6.1NRT","305.92","206.24","D","","fire_nrt_M-C61_803220.csv","7867","NRT"
"-1.8945","110.13632","337.25","1","1","2026-08-01","0816","Aqua","MODIS","88","6.1NRT","300.14","30.01","D","","fire_nrt_M-C61_803220.csv","7870","NRT"
"-1.62188","110.54912","344.42","1.02","1.01","2026-08-01","0816","Aqua","MODIS","93","6.1NRT","296.62","46.21","D","","fire_nrt_M-C61_803220.csv","7877","NRT"
"-1.57038","110.58098","327.55","1.02","1.01","2026-08-01","0816","Aqua","MODIS","81","6.1NRT","299.29","18.5","D","","fire_nrt_M-C61_803220.csv","7881","NRT"
"-1.40113","110.29193","337.63","1.01","1","2026-08-01","0816","Aqua","MODIS","89","6.1NRT","299.28","32.7","D","","fire_nrt_M-C61_803220.csv","7889","NRT"
"-2.66141","110.51981","345.64","1.01","1","2026-08-01","0816","Aqua","MODIS","93","6.1NRT","298","46.26","D","","fire_nrt_M-C61_803220.csv","7927","NRT"
"-2.6627","110.51105","329.11","1.01","1","2026-08-01","0816","Aqua","MODIS","82","6.1NRT","299.1","20.24","D","","fire_nrt_M-C61_803220.csv","7928","NRT"
"-2.35823","110.75271","343.5","1.02","1.01","2026-08-01","0816","Aqua","MODIS","92","6.1NRT","298.76","44.7","D","","fire_nrt_M-C61_803220.csv","7939","NRT"
"-2.17931","110.39362","342.06","1.01","1","2026-08-01","0816","Aqua","MODIS","86","6.1NRT","297.53","46.17","D","","fire_nrt_M-C61_803220.csv","7952","NRT"
"-1.02004","110.55327","350.84","1.02","1.01","2026-08-01","0818","Aqua","MODIS","96","6.1NRT","300.58","58.82","D","","fire_nrt_M-C61_803220.csv","7970","NRT"
"-1.02135","110.54439","382.7","1.02","1.01","2026-08-01","0818","Aqua","MODIS","100","6.1NRT","303.12","162.04","D","","fire_nrt_M-C61_803220.csv","7971","NRT"
"-0.76803","110.31644","358.88","1.01","1.01","2026-08-01","0818","Aqua","MODIS","99","6.1NRT","300.28","77.32","D","","fire_nrt_M-C61_803220.csv","7989","NRT"
"-0.72502","110.36411","342.69","1.02","1.01","2026-08-01","0818","Aqua","MODIS","92","6.1NRT","297.96","41.03","D","","fire_nrt_M-C61_803220.csv","7991","NRT"
"-2.13519","110.42828","320.02","1.62","1.25","2026-08-01","1306","Terra","MODIS","100","6.1NRT","294.65","29.68","N","","fire_nrt_M-C61_803220.csv","8148","NRT"
"-2.13709","110.41418","317.99","1.62","1.25","2026-08-01","1306","Terra","MODIS","96","6.1NRT","294.46","25.95","N","","fire_nrt_M-C61_803220.csv","8149","NRT"
"-2.12419","110.42678","316.27","1.62","1.25","2026-08-01","1306","Terra","MODIS","92","6.1NRT","294.68","22.95","N","","fire_nrt_M-C61_803220.csv","8150","NRT"
"-1.89604","110.15784","328.26","1.68","1.27","2026-08-01","1306","Terra","MODIS","100","6.1NRT","295.29","50.26","N","","fire_nrt_M-C61_803220.csv","8154","NRT"
"-1.89803","110.14317","385.44","1.68","1.28","2026-08-01","1306","Terra","MODIS","100","6.1NRT","300.06","373.27","N","","fire_nrt_M-C61_803220.csv","8155","NRT"
"-1.90001","110.12843","317.05","1.69","1.28","2026-08-01","1306","Terra","MODIS","94","6.1NRT","294.42","25.34","N","","fire_nrt_M-C61_803220.csv","8156","NRT"
"-0.65647","110.40913","322.97","1.54","1.22","2026-08-01","1306","Terra","MODIS","100","6.1NRT","293.68","35.23","N","","fire_nrt_M-C61_803220.csv","8165","NRT"
"-0.6583","110.39568","314.75","1.54","1.22","2026-08-01","1306","Terra","MODIS","89","6.1NRT","293.62","20.63","N","","fire_nrt_M-C61_803220.csv","8166","NRT"
"-1.89486","110.13782","321.67","2.04","1.39","2026-08-01","2034","Aqua","MODIS","100","6.1NRT","293.88","52.16","N","","fire_nrt_M-C61_803220.csv","8178","NRT"
"-1.89751","110.15548","340.65","2.05","1.39","2026-08-01","2034","Aqua","MODIS","100","6.1NRT","295.96","124.37","N","","fire_nrt_M-C61_803220.csv","8179","NRT"
"-1.90216","110.14973","328.84","2.05","1.39","2026-08-01","2034","Aqua","MODIS","100","6.1NRT","295.28","75.3","N","","fire_nrt_M-C61_803220.csv","8180","NRT"
"-1.89695","110.13346","357.27","1.02","1.01","2026-08-02","0126","Terra","MODIS","98","6.1NRT","299.52","75.43","D","","fire_nrt_M-C61_803220.csv","8201","NRT"
"-1.89822","110.14242","403.61","1.03","1.01","2026-08-02","0126","Terra","MODIS","100","6.1NRT","311.89","279.08","D","","fire_nrt_M-C61_803220.csv","8202","NRT"
"-1.90585","110.13224","340.01","1.02","1.01","2026-08-02","0126","Terra","MODIS","91","6.1NRT","297.21","38.21","D","","fire_nrt_M-C61_803220.csv","8204","NRT"
"-1.90713","110.1412","387.89","1.03","1.01","2026-08-02","0126","Terra","MODIS","100","6.1NRT","301.17","188.54","D","","fire_nrt_M-C61_803220.csv","8205","NRT"
"-1.9084","110.15015","345.12","1.03","1.01","2026-08-02","0126","Terra","MODIS","93","6.1NRT","298.29","47.85","D","","fire_nrt_M-C61_803220.csv","8206","NRT"
"-1.8995","110.15137","366.8","1.03","1.01","2026-08-02","0126","Terra","MODIS","100","6.1NRT","304.92","103.6","D","","fire_nrt_M-C61_803220.csv","8217","NRT"
"-0.66514","110.42622","342.21","1.03","1.01","2026-08-02","0126","Terra","MODIS","92","6.1NRT","296.94","44.53","D","","fire_nrt_M-C61_803220.csv","8219","NRT"
"-1.90946","110.14479","330.92","1.78","1.31","2026-08-02","1344","Terra","MODIS","100","6.1NRT","297.39","64.1","N","","fire_nrt_M-C61_803220.csv","8415","NRT"
"-1.9117","110.12934","315.93","1.77","1.3","2026-08-02","1344","Terra","MODIS","92","6.1NRT","295.82","26.9","N","","fire_nrt_M-C61_803220.csv","8416","NRT"
"-1.89572","110.15865","324.82","1.78","1.31","2026-08-02","1344","Terra","MODIS","100","6.1NRT","296.46","46.97","N","","fire_nrt_M-C61_803220.csv","8417","NRT"
"-1.89798","110.14314","367.52","1.78","1.31","2026-08-02","1344","Terra","MODIS","100","6.1NRT","301.2","245.21","N","","fire_nrt_M-C61_803220.csv","8418","NRT"
"-1.90023","110.12769","340.76","1.77","1.3","2026-08-02","1344","Terra","MODIS","100","6.1NRT","297.26","97.57","N","","fire_nrt_M-C61_803220.csv","8419","NRT"
"-1.89845","110.15309","342.34","1.78","1.31","2026-08-02","1344","Terra","MODIS","100","6.1NRT","298.4","105.47","N","","fire_nrt_M-C61_803220.csv","8421","NRT"
"-1.90059","110.13756","359.25","1.78","1.31","2026-08-02","1344","Terra","MODIS","100","6.1NRT","301.98","190.39","N","","fire_nrt_M-C61_803220.csv","8422","NRT"
"-1.90271","110.12212","319.21","1.77","1.3","2026-08-02","1344","Terra","MODIS","98","6.1NRT","295.62","33.98","N","","fire_nrt_M-C61_803220.csv","8423","NRT"
"-1.88695","110.15145","321.63","1.78","1.31","2026-08-02","1344","Terra","MODIS","100","6.1NRT","295.78","40.19","N","","fire_nrt_M-C61_803220.csv","8424","NRT"
"-1.8891","110.13593","319.14","1.78","1.31","2026-08-02","1344","Terra","MODIS","98","6.1NRT","295.96","34.43","N","","fire_nrt_M-C61_803220.csv","8425","NRT"
"-1.65187","110.26653","310.71","1.83","1.33","2026-08-02","1344","Terra","MODIS","80","6.1NRT","294.57","19.61","N","","fire_nrt_M-C61_803220.csv","8427","NRT"
"-2.66787","110.79947","326.09","1.73","1.29","2026-08-03","0754","Aqua","MODIS","80","6.1NRT","297.43","38.5","D","","fire_nrt_M-C61_803220.csv","8749","NRT"
"-2.00535","110.91502","338.78","1.65","1.26","2026-08-03","0754","Aqua","MODIS","85","6.1NRT","295.75","74.29","D","","fire_nrt_M-C61_803220.csv","8770","NRT"
"-1.86248","110.80097","335.52","1.68","1.27","2026-08-03","0754","Aqua","MODIS","88","6.1NRT","297.15","68.63","D","","fire_nrt_M-C61_803220.csv","8783","NRT"
"-1.91215","110.1396","358.23","1.89","1.34","2026-08-03","0754","Aqua","MODIS","99","6.1NRT","299.2","187.18","D","","fire_nrt_M-C61_803220.csv","8790","NRT"
"-1.91456","110.12313","354.35","1.9","1.35","2026-08-03","0754","Aqua","MODIS","97","6.1NRT","299.32","164.28","D","","fire_nrt_M-C61_803220.csv","8791","NRT"
"-1.9004","110.13792","389.44","1.89","1.34","2026-08-03","0754","Aqua","MODIS","100","6.1NRT","301.99","480.07","D","","fire_nrt_M-C61_803220.csv","8794","NRT"
"-1.9028","110.12144","391.52","1.9","1.35","2026-08-03","0754","Aqua","MODIS","100","6.1NRT","303.92","509.08","D","","fire_nrt_M-C61_803220.csv","8795","NRT"
"-2.59107","110.97002","311.3","3.78","1.82","2026-08-03","1244","Terra","MODIS","81","6.1NRT","292.93","62.51","N","","fire_nrt_M-C61_803220.csv","9127","NRT"
"-1.89859","110.15284","326.94","4.28","1.91","2026-08-03","1246","Terra","MODIS","100","6.1NRT","293.76","190.7","N","","fire_nrt_M-C61_803220.csv","9133","NRT"
"-1.90363","110.11562","334.1","4.31","1.92","2026-08-03","1246","Terra","MODIS","100","6.1NRT","293.95","269.19","N","","fire_nrt_M-C61_803220.csv","9134","NRT"
"-1.89363","110.14742","329.62","4.28","1.91","2026-08-03","1246","Terra","MODIS","100","6.1NRT","293.79","218.61","N","","fire_nrt_M-C61_803220.csv","9135","NRT"
"-1.89891","110.11024","327.34","4.31","1.92","2026-08-03","1246","Terra","MODIS","100","6.1NRT","293.37","197.21","N","","fire_nrt_M-C61_803220.csv","9136","NRT"
"-1.7528","110.05252","314.48","4.34","1.92","2026-08-03","1246","Terra","MODIS","89","6.1NRT","292.42","92.7","N","","fire_nrt_M-C61_803220.csv","9138","NRT"
"-1.76543","110.04723","314.14","4.34","1.92","2026-08-03","1246","Terra","MODIS","88","6.1NRT","292.42","92.93","N","","fire_nrt_M-C61_803220.csv","9140","NRT"
"-1.3429","110.22722","313.77","4.14","1.88","2026-08-03","1246","Terra","MODIS","87","6.1NRT","292.58","83.47","N","","fire_nrt_M-C61_803220.csv","9144","NRT"
"-1.3368","110.22128","314.87","4.14","1.88","2026-08-03","1246","Terra","MODIS","90","6.1NRT","292.47","90.59","N","","fire_nrt_M-C61_803220.csv","9145","NRT"
"-1.33852","110.22872","311.8","1","1","2026-08-03","2014","Aqua","MODIS","83","6.1NRT","294.74","9.52","N","","fire_nrt_M-C61_803220.csv","9175","NRT"
"-1.75031","110.06673","316.33","1","1","2026-08-03","2014","Aqua","MODIS","93","6.1NRT","294.16","13.76","N","","fire_nrt_M-C61_803220.csv","9176","NRT"
"-1.8949","110.29656","316.13","1","1","2026-08-03","2014","Aqua","MODIS","93","6.1NRT","295.74","13.19","N","","fire_nrt_M-C61_803220.csv","9178","NRT"
"-1.89133","110.1548","321.16","1","1","2026-08-03","2014","Aqua","MODIS","100","6.1NRT","296.3","17.5","N","","fire_nrt_M-C61_803220.csv","9180","NRT"
"-1.90017","110.12994","345.91","1","1","2026-08-03","2014","Aqua","MODIS","100","6.1NRT","301.7","52.6","N","","fire_nrt_M-C61_803220.csv","9181","NRT"
"-1.90148","110.13863","337.46","1","1","2026-08-03","2014","Aqua","MODIS","100","6.1NRT","302.48","37.47","N","","fire_nrt_M-C61_803220.csv","9182","NRT"
"-1.90279","110.14732","320.61","1","1","2026-08-03","2014","Aqua","MODIS","100","6.1NRT","296.83","17.15","N","","fire_nrt_M-C61_803220.csv","9183","NRT"
"-1.9041","110.15601","313.04","1","1","2026-08-03","2014","Aqua","MODIS","86","6.1NRT","295.46","10.64","N","","fire_nrt_M-C61_803220.csv","9184","NRT"
"-1.90891","110.12866","334.94","1","1","2026-08-03","2014","Aqua","MODIS","100","6.1NRT","297.9","34.22","N","","fire_nrt_M-C61_803220.csv","9185","NRT"
"-1.91023","110.13735","348.45","1","1","2026-08-03","2014","Aqua","MODIS","100","6.1NRT","301.25","57.53","N","","fire_nrt_M-C61_803220.csv","9186","NRT"
"-1.91154","110.14604","312.09","1","1","2026-08-03","2014","Aqua","MODIS","84","6.1NRT","295.77","9.88","N","","fire_nrt_M-C61_803220.csv","9187","NRT"
"-1.90179","110.12616","351.79","1.5","1.21","2026-08-04","0107","Terra","MODIS","96","6.1NRT","303.27","106.68","D","","fire_nrt_M-C61_803220.csv","9221","NRT"
"-1.90367","110.13929","356.39","1.5","1.21","2026-08-04","0107","Terra","MODIS","98","6.1NRT","305.1","127.19","D","","fire_nrt_M-C61_803220.csv","9222","NRT"
"-1.91429","110.13777","342.58","1.5","1.21","2026-08-04","0107","Terra","MODIS","92","6.1NRT","299.69","74.14","D","","fire_nrt_M-C61_803220.csv","9224","NRT"
"-1.75252","110.06213","350.63","1.5","1.21","2026-08-04","0833","Aqua","MODIS","96","6.1NRT","299.52","99.76","D","","fire_nrt_M-C61_803220.csv","9309","NRT"
"-1.75451","110.04919","361.18","1.49","1.21","2026-08-04","0833","Aqua","MODIS","100","6.1NRT","300.61","145.8","D","","fire_nrt_M-C61_803220.csv","9310","NRT"
"-1.7565","110.03627","335.47","1.49","1.21","2026-08-04","0833","Aqua","MODIS","86","6.1NRT","300","49.77","D","","fire_nrt_M-C61_803220.csv","9311","NRT"
"-1.75899","110.0573","356.59","1.5","1.21","2026-08-04","0833","Aqua","MODIS","98","6.1NRT","301.39","124.51","D","","fire_nrt_M-C61_803220.csv","9312","NRT"
"-1.76089","110.04433","340.57","1.49","1.21","2026-08-04","0833","Aqua","MODIS","90","6.1NRT","300.7","63.88","D","","fire_nrt_M-C61_803220.csv","9313","NRT"
"-1.71846","110.18555","349.87","1.53","1.22","2026-08-04","0833","Aqua","MODIS","95","6.1NRT","300.16","102.81","D","","fire_nrt_M-C61_803220.csv","9314","NRT"
"-1.72042","110.17227","371.01","1.53","1.22","2026-08-04","0833","Aqua","MODIS","100","6.1NRT","301.54","208.97","D","","fire_nrt_M-C61_803220.csv","9315","NRT"
"-0.91038","110.43734","337.59","1.65","1.26","2026-08-04","0833","Aqua","MODIS","89","6.1NRT","300.4","68.43","D","","fire_nrt_M-C61_803220.csv","9346","NRT"
"-1.90877","110.14558","355.93","1.51","1.21","2026-08-04","0833","Aqua","MODIS","98","6.1NRT","303.28","125.15","D","","fire_nrt_M-C61_803220.csv","9387","NRT"
"-2.57817","111.06158","329.99","1.73","1.29","2026-08-04","0833","Aqua","MODIS","83","6.1NRT","299.64","50.95","D","","fire_nrt_M-C61_803220.csv","9431","NRT"
"-2.04081","110.42445","331.65","1.58","1.24","2026-08-04","0833","Aqua","MODIS","84","6.1NRT","299.52","47.62","D","","fire_nrt_M-C61_803220.csv","9461","NRT"
"-1.91071","110.13249","368.26","1.51","1.21","2026-08-04","0833","Aqua","MODIS","100","6.1NRT","307.46","186.41","D","","fire_nrt_M-C61_803220.csv","9469","NRT"
"-1.91264","110.11947","350.87","1.5","1.21","2026-08-04","0833","Aqua","MODIS","96","6.1NRT","304.8","102.32","D","","fire_nrt_M-C61_803220.csv","9470","NRT"
"-1.89622","110.1571","365.29","1.51","1.21","2026-08-04","0833","Aqua","MODIS","100","6.1NRT","299.85","173.69","D","","fire_nrt_M-C61_803220.csv","9471","NRT"
"-1.89817","110.14398","384.4","1.51","1.21","2026-08-04","0833","Aqua","MODIS","100","6.1NRT","305.07","301.87","D","","fire_nrt_M-C61_803220.csv","9472","NRT"
"-1.90012","110.13089","423.35","1.51","1.21","2026-08-04","0833","Aqua","MODIS","100","6.1NRT","317.5","758.63","D","","fire_nrt_M-C61_803220.csv","9473","NRT"
"-1.90205","110.11788","385.73","1.5","1.21","2026-08-04","0833","Aqua","MODIS","100","6.1NRT","309.68","309.66","D","","fire_nrt_M-C61_803220.csv","9474","NRT"
"-1.88756","110.1424","344.14","1.51","1.21","2026-08-04","0833","Aqua","MODIS","92","6.1NRT","299.1","81.03","D","","fire_nrt_M-C61_803220.csv","9475","NRT"
"-1.88952","110.12935","404.65","1.51","1.21","2026-08-04","0833","Aqua","MODIS","100","6.1NRT","306.76","501.3","D","","fire_nrt_M-C61_803220.csv","9476","NRT"
"-1.90976","110.14024","339.14","1","1","2026-08-04","1323","Terra","MODIS","100","6.1NRT","299.08","40.06","N","","fire_nrt_M-C61_803220.csv","9535","NRT"
"-2.25557","110.97333","312.46","1.02","1.01","2026-08-04","1323","Terra","MODIS","84","6.1NRT","295.09","9.72","N","","fire_nrt_M-C61_803220.csv","9563","NRT"
"-2.03738","110.20886","313.24","1","1","2026-08-04","1323","Terra","MODIS","85","6.1NRT","295.97","10","N","","fire_nrt_M-C61_803220.csv","9574","NRT"
"-1.91097","110.1315","340.05","1","1","2026-08-04","1323","Terra","MODIS","100","6.1NRT","299.45","40.75","N","","fire_nrt_M-C61_803220.csv","9582","NRT"
"-1.89856","110.15651","335.34","1","1","2026-08-04","1323","Terra","MODIS","100","6.1NRT","297.64","33.67","N","","fire_nrt_M-C61_803220.csv","9584","NRT"
"-1.89976","110.14777","330.09","1","1","2026-08-04","1323","Terra","MODIS","100","6.1NRT","297.2","26.42","N","","fire_nrt_M-C61_803220.csv","9585","NRT"
"-1.90097","110.13902","318.42","1","1","2026-08-04","1323","Terra","MODIS","96","6.1NRT","297.64","13.45","N","","fire_nrt_M-C61_803220.csv","9586","NRT"
"-1.90217","110.13027","334.15","1","1","2026-08-04","1323","Terra","MODIS","100","6.1NRT","299.98","31.04","N","","fire_nrt_M-C61_803220.csv","9587","NRT"
"-1.90338","110.12153","336.49","1","1","2026-08-04","1323","Terra","MODIS","100","6.1NRT","299.06","35.17","N","","fire_nrt_M-C61_803220.csv","9588","NRT"
"-1.88693","110.15783","322.62","1","1","2026-08-04","1323","Terra","MODIS","100","6.1NRT","296.1","17.91","N","","fire_nrt_M-C61_803220.csv","9589","NRT"
"-1.88813","110.14908","324.11","1","1","2026-08-04","1323","Terra","MODIS","100","6.1NRT","296.3","19.42","N","","fire_nrt_M-C61_803220.csv","9590","NRT"
"-1.88934","110.14034","355.66","1","1","2026-08-04","1323","Terra","MODIS","100","6.1NRT","302.19","72.78","N","","fire_nrt_M-C61_803220.csv","9591","NRT"
"-1.89054","110.13158","388.83","1","1","2026-08-04","1323","Terra","MODIS","100","6.1NRT","313.06","190.26","N","","fire_nrt_M-C61_803220.csv","9592","NRT"
"-1.89174","110.12284","361.09","1","1","2026-08-04","1323","Terra","MODIS","100","6.1NRT","303.37","86.21","N","","fire_nrt_M-C61_803220.csv","9593","NRT"
"-1.89295","110.1141","314.46","1","1","2026-08-04","1323","Terra","MODIS","88","6.1NRT","296.11","10.19","N","","fire_nrt_M-C61_803220.csv","9594","NRT"
"-1.88054","110.13911","317.43","1","1","2026-08-04","1323","Terra","MODIS","94","6.1NRT","297.11","12.87","N","","fire_nrt_M-C61_803220.csv","9595","NRT"
"-1.88174","110.13036","403.42","1","1","2026-08-04","1323","Terra","MODIS","100","6.1NRT","309.98","271.52","N","","fire_nrt_M-C61_803220.csv","9596","NRT"
"-1.88295","110.12161","346.87","1","1","2026-08-04","1323","Terra","MODIS","100","6.1NRT","298.73","52.94","N","","fire_nrt_M-C61_803220.csv","9597","NRT"
"-1.87295","110.12914","382.31","1","1","2026-08-04","1323","Terra","MODIS","100","6.1NRT","299.58","160.38","N","","fire_nrt_M-C61_803220.csv","9598","NRT"
"-1.87415","110.12039","334.39","1","1","2026-08-04","1323","Terra","MODIS","100","6.1NRT","296.66","31.66","N","","fire_nrt_M-C61_803220.csv","9599","NRT"
"-1.69309","110.3744","354.01","1","1","2026-08-04","1323","Terra","MODIS","100","6.1NRT","298.17","68.73","N","","fire_nrt_M-C61_803220.csv","9602","NRT"
"-1.68428","110.37317","323.29","1","1","2026-08-04","1323","Terra","MODIS","100","6.1NRT","296.54","18.08","N","","fire_nrt_M-C61_803220.csv","9605","NRT"
"-1.71088","110.18048","367.39","1","1","2026-08-04","1323","Terra","MODIS","100","6.1NRT","299.08","105.03","N","","fire_nrt_M-C61_803220.csv","9606","NRT"
"-1.71208","110.17173","332.22","1","1","2026-08-04","1323","Terra","MODIS","100","6.1NRT","296.8","28.62","N","","fire_nrt_M-C61_803220.csv","9607","NRT"
"-1.67395","110.3658","312.44","1","1","2026-08-04","1323","Terra","MODIS","83","6.1NRT","296.71","8.76","N","","fire_nrt_M-C61_803220.csv","9609","NRT"
"-1.38558","110.66356","313.79","1.01","1.01","2026-08-04","1325","Terra","MODIS","87","6.1NRT","295.98","10.39","N","","fire_nrt_M-C61_803220.csv","9625","NRT"
"-1.90287","110.12938","326.51","2.01","1.38","2026-08-05","0145","Terra","MODIS","80","6.1NRT","290.9","57.76","D","","fire_nrt_M-C61_803220.csv","9688","NRT"
"-1.89074","110.13107","344.03","2.01","1.38","2026-08-05","0145","Terra","MODIS","93","6.1NRT","292.63","128.1","D","","fire_nrt_M-C61_803220.csv","9690","NRT"
"-1.8786","110.13271","329.1","2.01","1.38","2026-08-05","0145","Terra","MODIS","85","6.1NRT","291.77","66.6","D","","fire_nrt_M-C61_803220.csv","9691","NRT"
"-1.87163","110.13579","316.17","1.92","1.35","2026-08-05","1951","Aqua","MODIS","93","6.1NRT","290.36","35.92","N","","fire_nrt_M-C61_803220.csv","10036","NRT"
"-1.88345","110.13401","323.88","1.92","1.35","2026-08-05","1951","Aqua","MODIS","100","6.1NRT","289.98","53.07","N","","fire_nrt_M-C61_803220.csv","10037","NRT"
"-1.88167","110.1456","323.13","1.91","1.35","2026-08-05","1951","Aqua","MODIS","91","6.1NRT","292.14","49.41","N","","fire_nrt_M-C61_803220.csv","10040","NRT"
"-2.58771","111.05767","331.25","1.02","1.01","2026-08-06","0809","Aqua","MODIS","84","6.1NRT","299.64","24.76","D","","fire_nrt_M-C61_803220.csv","10157","NRT"
"-2.58901","111.04884","326.28","1.02","1.01","2026-08-06","0809","Aqua","MODIS","80","6.1NRT","299.89","18.56","D","","fire_nrt_M-C61_803220.csv","10158","NRT"
"-2.31777","110.82769","327.99","1.02","1.01","2026-08-06","0809","Aqua","MODIS","81","6.1NRT","300.69","20.11","D","","fire_nrt_M-C61_803220.csv","10181","NRT"
"-2.31947","110.36894","328","1.06","1.03","2026-08-06","0809","Aqua","MODIS","81","6.1NRT","299.09","22.49","D","","fire_nrt_M-C61_803220.csv","10191","NRT"
"-2.17172","110.11729","347.55","1.07","1.03","2026-08-06","0809","Aqua","MODIS","89","6.1NRT","302.27","53.84","D","","fire_nrt_M-C61_803220.csv","10200","NRT"
"-2.01251","110.95438","347.05","1.02","1.01","2026-08-06","0809","Aqua","MODIS","94","6.1NRT","302.03","51.39","D","","fire_nrt_M-C61_803220.csv","10208","NRT"
"-2.04819","110.2075","328.5","1.06","1.03","2026-08-06","0809","Aqua","MODIS","81","6.1NRT","302.09","21.96","D","","fire_nrt_M-C61_803220.csv","10212","NRT"
"-2.04955","110.19823","328.95","1.07","1.03","2026-08-06","0809","Aqua","MODIS","82","6.1NRT","302.48","22.11","D","","fire_nrt_M-C61_803220.csv","10213","NRT"
"-1.9338","110.86471","351.65","1.02","1.01","2026-08-06","0809","Aqua","MODIS","96","6.1NRT","301.47","60.82","D","","fire_nrt_M-C61_803220.csv","10215","NRT"
"-2.01255","110.13587","341.91","1.07","1.03","2026-08-06","0809","Aqua","MODIS","86","6.1NRT","299.96","44.94","D","","fire_nrt_M-C61_803220.csv","10221","NRT"
"-1.89242","110.44955","327.64","1.04","1.02","2026-08-06","0809","Aqua","MODIS","81","6.1NRT","302.04","19.72","D","","fire_nrt_M-C61_803220.csv","10228","NRT"
"-1.90779","110.15588","338.5","1.07","1.03","2026-08-06","0809","Aqua","MODIS","89","6.1NRT","301.67","37.72","D","","fire_nrt_M-C61_803220.csv","10231","NRT"
"-1.89877","110.15456","362.61","1.07","1.03","2026-08-06","0809","Aqua","MODIS","100","6.1NRT","303.24","93.78","D","","fire_nrt_M-C61_803220.csv","10233","NRT"
"-1.89249","110.13467","359.03","1.07","1.03","2026-08-06","0809","Aqua","MODIS","99","6.1NRT","306.63","77.75","D","","fire_nrt_M-C61_803220.csv","10234","NRT"
"-1.89387","110.12537","355.39","1.07","1.03","2026-08-06","0809","Aqua","MODIS","98","6.1NRT","306.81","69.7","D","","fire_nrt_M-C61_803220.csv","10235","NRT"
"-1.88347","110.13333","352.76","1.07","1.03","2026-08-06","0809","Aqua","MODIS","96","6.1NRT","305.94","64.96","D","","fire_nrt_M-C61_803220.csv","10236","NRT"
"-1.89031","110.08679","331.79","1.07","1.03","2026-08-06","0809","Aqua","MODIS","84","6.1NRT","301.52","27.03","D","","fire_nrt_M-C61_803220.csv","10237","NRT"
"-1.89169","110.07746","351.41","1.07","1.03","2026-08-06","0809","Aqua","MODIS","96","6.1NRT","302.8","65.18","D","","fire_nrt_M-C61_803220.csv","10238","NRT"
"-1.88128","110.08546","339.83","1.07","1.03","2026-08-06","0809","Aqua","MODIS","90","6.1NRT","300.51","40.5","D","","fire_nrt_M-C61_803220.csv","10242","NRT"
"-1.88264","110.07613","334.21","1.07","1.03","2026-08-06","0809","Aqua","MODIS","86","6.1NRT","301.36","30.93","D","","fire_nrt_M-C61_803220.csv","10243","NRT"
"-1.71424","110.15303","336.91","1.06","1.03","2026-08-06","0809","Aqua","MODIS","88","6.1NRT","300.78","33.34","D","","fire_nrt_M-C61_803220.csv","10262","NRT"
"-1.6082","110.81046","375.48","1.02","1.01","2026-08-06","0809","Aqua","MODIS","100","6.1NRT","299.64","131.95","D","","fire_nrt_M-C61_803220.csv","10264","NRT"
"-1.6095","110.80164","355.98","1.02","1.01","2026-08-06","0809","Aqua","MODIS","98","6.1NRT","300.64","71.01","D","","fire_nrt_M-C61_803220.csv","10265","NRT"
"-1.59808","110.81802","341","1.02","1.01","2026-08-06","0809","Aqua","MODIS","91","6.1NRT","300.12","39.4","D","","fire_nrt_M-C61_803220.csv","10267","NRT"
"-1.6144","110.07493","332.04","1.07","1.03","2026-08-06","0809","Aqua","MODIS","83","6.1NRT","300.49","26.43","D","","fire_nrt_M-C61_803220.csv","10278","NRT"
"-1.61577","110.06563","342.1","1.07","1.03","2026-08-06","0809","Aqua","MODIS","91","6.1NRT","302.39","43.2","D","","fire_nrt_M-C61_803220.csv","10279","NRT"
"-1.60538","110.07362","345.91","1.07","1.03","2026-08-06","0809","Aqua","MODIS","93","6.1NRT","300.63","51.35","D","","fire_nrt_M-C61_803220.csv","10280","NRT"
"-1.60674","110.0643","346.45","1.07","1.03","2026-08-06","0809","Aqua","MODIS","94","6.1NRT","299.98","52.1","D","","fire_nrt_M-C61_803220.csv","10281","NRT"
"-1.35952","110.11409","333.33","1.06","1.03","2026-08-06","0809","Aqua","MODIS","86","6.1NRT","300.77","27.05","D","","fire_nrt_M-C61_803220.csv","10286","NRT"
"-1.36088","110.10488","334.98","1.06","1.03","2026-08-06","0809","Aqua","MODIS","87","6.1NRT","302.04","28.84","D","","fire_nrt_M-C61_803220.csv","10287","NRT"
"-1.59938","110.80917","360.41","1.02","1.01","2026-08-06","0809","Aqua","MODIS","100","6.1NRT","300.64","81.95","D","","fire_nrt_M-C61_803220.csv","10723","NRT"
"-2.14124","110.31779","314.62","1.71","1.28","2026-08-06","1304","Terra","MODIS","88","6.1NRT","295.26","23.64","N","","fire_nrt_M-C61_803220.csv","10845","NRT"
"-2.04117","110.20607","311.71","1.74","1.29","2026-08-06","1304","Terra","MODIS","81","6.1NRT","295.2","19.57","N","","fire_nrt_M-C61_803220.csv","10848","NRT"
"-2.04263","110.20052","314.11","1.74","1.29","2026-08-06","1304","Terra","MODIS","87","6.1NRT","295.46","23.83","N","","fire_nrt_M-C61_803220.csv","10849","NRT"
"-1.89857","110.15921","328.86","1.74","1.29","2026-08-06","1304","Terra","MODIS","100","6.1NRT","296.26","55.87","N","","fire_nrt_M-C61_803220.csv","10853","NRT"
"-1.90062","110.14401","317.98","1.75","1.3","2026-08-06","1304","Terra","MODIS","96","6.1NRT","295.7","29.79","N","","fire_nrt_M-C61_803220.csv","10854","NRT"
"-1.88721","110.15762","326.12","1.74","1.29","2026-08-06","1304","Terra","MODIS","100","6.1NRT","296.1","47.45","N","","fire_nrt_M-C61_803220.csv","10856","NRT"
"-1.88924","110.14243","322.62","1.75","1.3","2026-08-06","1304","Terra","MODIS","100","6.1NRT","296.43","38.52","N","","fire_nrt_M-C61_803220.csv","10857","NRT"
"-1.89129","110.12714","324.47","1.75","1.3","2026-08-06","1304","Terra","MODIS","100","6.1NRT","296.63","43.81","N","","fire_nrt_M-C61_803220.csv","10858","NRT"
"-1.8799","110.12556","313.18","1.75","1.3","2026-08-06","1304","Terra","MODIS","85","6.1NRT","295.97","19.47","N","","fire_nrt_M-C61_803220.csv","10860","NRT"
"-1.88601","110.07957","339.65","1.77","1.3","2026-08-06","1304","Terra","MODIS","100","6.1NRT","296.24","91.96","N","","fire_nrt_M-C61_803220.csv","10861","NRT"
"-1.88806","110.06415","318.84","1.77","1.3","2026-08-06","1304","Terra","MODIS","97","6.1NRT","295.79","32.04","N","","fire_nrt_M-C61_803220.csv","10862","NRT"
"-1.87954","110.13552","317.83","1.75","1.3","2026-08-06","1304","Terra","MODIS","95","6.1NRT","296.58","29.54","N","","fire_nrt_M-C61_803220.csv","10863","NRT"
"-1.88817","110.07431","332.22","1.77","1.3","2026-08-06","1304","Terra","MODIS","100","6.1NRT","296.38","66.74","N","","fire_nrt_M-C61_803220.csv","10864","NRT"
"-1.71369","110.16816","316.39","1.73","1.29","2026-08-06","1304","Terra","MODIS","93","6.1NRT","296.04","26.8","N","","fire_nrt_M-C61_803220.csv","10869","NRT"
"-1.71572","110.15311","325.46","1.73","1.29","2026-08-06","1304","Terra","MODIS","100","6.1NRT","296.05","47.1","N","","fire_nrt_M-C61_803220.csv","10870","NRT"
"-1.70237","110.16659","322.13","1.73","1.29","2026-08-06","1304","Terra","MODIS","100","6.1NRT","296","38.67","N","","fire_nrt_M-C61_803220.csv","10873","NRT"
"-1.70439","110.15155","335.62","1.73","1.29","2026-08-06","1304","Terra","MODIS","100","6.1NRT","296.07","76.64","N","","fire_nrt_M-C61_803220.csv","10874","NRT"
"-1.61177","110.07125","327.82","1.75","1.3","2026-08-06","1304","Terra","MODIS","100","6.1NRT","296.8","53.43","N","","fire_nrt_M-C61_803220.csv","10877","NRT"
"-1.60037","110.06972","336.45","1.75","1.3","2026-08-06","1304","Terra","MODIS","100","6.1NRT","297.27","79.59","N","","fire_nrt_M-C61_803220.csv","10879","NRT"
"-1.61362","110.06517","327.3","1.75","1.3","2026-08-06","1304","Terra","MODIS","100","6.1NRT","296.44","51.6","N","","fire_nrt_M-C61_803220.csv","10881","NRT"
"-1.60008","110.07891","316.55","1.75","1.3","2026-08-06","1304","Terra","MODIS","93","6.1NRT","296.39","26.79","N","","fire_nrt_M-C61_803220.csv","10882","NRT"
"-1.60223","110.06363","330.97","1.75","1.3","2026-08-06","1304","Terra","MODIS","100","6.1NRT","297.08","61.54","N","","fire_nrt_M-C61_803220.csv","10883","NRT"
"-1.36548","110.11164","331.64","1.72","1.29","2026-08-06","1304","Terra","MODIS","100","6.1NRT","295.47","64.66","N","","fire_nrt_M-C61_803220.csv","10927","NRT"
"-1.60314","110.0664","318.34","1.46","1.19","2026-08-06","2029","Aqua","MODIS","97","6.1NRT","295.64","25.36","N","","fire_nrt_M-C61_803220.csv","10945","NRT"
"-1.605","110.07899","315.52","1.46","1.19","2026-08-06","2029","Aqua","MODIS","91","6.1NRT","295.83","21.45","N","","fire_nrt_M-C61_803220.csv","10946","NRT"
"-1.71004","110.16264","316.89","1.49","1.2","2026-08-06","2029","Aqua","MODIS","94","6.1NRT","295.06","25.48","N","","fire_nrt_M-C61_803220.csv","10949","NRT"
"-1.36671","110.11963","321.32","1.46","1.19","2026-08-06","2029","Aqua","MODIS","100","6.1NRT","295.28","31.92","N","","fire_nrt_M-C61_803220.csv","10964","NRT"
"-1.36482","110.10702","315.2","1.46","1.19","2026-08-06","2029","Aqua","MODIS","91","6.1NRT","294.39","22.03","N","","fire_nrt_M-C61_803220.csv","10965","NRT"
"-1.35629","110.12119","312.18","1.46","1.19","2026-08-06","2029","Aqua","MODIS","84","6.1NRT","295.22","17.91","N","","fire_nrt_M-C61_803220.csv","10966","NRT"
"-1.36585","110.11305","371.97","1.01","1","2026-08-07","0124","Terra","MODIS","100","6.1NRT","303.87","119.7","D","","fire_nrt_M-C61_803220.csv","11013","NRT"
"-1.60053","110.07091","344.77","1.01","1","2026-08-07","0124","Terra","MODIS","93","6.1NRT","304.02","46.97","D","","fire_nrt_M-C61_803220.csv","11015","NRT"
"-1.60938","110.06969","345.12","1.01","1","2026-08-07","0124","Terra","MODIS","93","6.1NRT","303.59","47.39","D","","fire_nrt_M-C61_803220.csv","11016","NRT"
"-1.61822","110.06848","360.54","1.01","1","2026-08-07","0124","Terra","MODIS","100","6.1NRT","301.72","83.62","D","","fire_nrt_M-C61_803220.csv","11017","NRT"
"-1.70536","110.15874","340.16","1.01","1.01","2026-08-07","0124","Terra","MODIS","91","6.1NRT","299.78","40.22","D","","fire_nrt_M-C61_803220.csv","11019","NRT"
"-1.71423","110.15752","331.06","1.01","1.01","2026-08-07","0124","Terra","MODIS","85","6.1NRT","298.68","25.92","D","","fire_nrt_M-C61_803220.csv","11020","NRT"
"-1.88964","110.15721","354.37","1.02","1.01","2026-08-07","0124","Terra","MODIS","97","6.1NRT","302.22","65.94","D","","fire_nrt_M-C61_803220.csv","11024","NRT"
"-1.96027","110.19224","338.66","3.09","1.67","2026-08-07","0848","Aqua","MODIS","89","6.1NRT","297.19","181.61","D","","fire_nrt_M-C61_803220.csv","11252","NRT"
"-1.95998","110.18732","328.31","3.09","1.67","2026-08-07","0848","Aqua","MODIS","82","6.1NRT","297.01","106.5","D","","fire_nrt_M-C61_803220.csv","11254","NRT"
"-1.8913","110.14943","364.1","3.08","1.67","2026-08-07","0848","Aqua","MODIS","100","6.1NRT","299.08","465.99","D","","fire_nrt_M-C61_803220.csv","11256","NRT"
"-2.32146","110.27037","313.16","1.73","1.29","2026-08-07","1344","Terra","MODIS","86","6.1NRT","296.9","21.37","N","","fire_nrt_M-C61_803220.csv","11411","NRT"
"-2.32284","110.26414","313.57","1.73","1.29","2026-08-07","1344","Terra","MODIS","87","6.1NRT","296.78","22.19","N","","fire_nrt_M-C61_803220.csv","11412","NRT"
"-1.89995","110.16368","322.2","1.72","1.29","2026-08-07","1344","Terra","MODIS","100","6.1NRT","297.97","38.29","N","","fire_nrt_M-C61_803220.csv","11424","NRT"
"-1.90211","110.14869","328.77","1.72","1.29","2026-08-07","1344","Terra","MODIS","100","6.1NRT","297.78","54.67","N","","fire_nrt_M-C61_803220.csv","11425","NRT"
"-1.88862","110.16209","344.61","1.72","1.29","2026-08-07","1344","Terra","MODIS","100","6.1NRT","299.16","107.55","N","","fire_nrt_M-C61_803220.csv","11426","NRT"
"-1.8908","110.14708","370.79","1.72","1.29","2026-08-07","1344","Terra","MODIS","100","6.1NRT","300.97","255.72","N","","fire_nrt_M-C61_803220.csv","11427","NRT"
"-1.8773","110.16049","323.13","1.72","1.29","2026-08-07","1344","Terra","MODIS","100","6.1NRT","297.36","39.92","N","","fire_nrt_M-C61_803220.csv","11430","NRT"
"-1.8795","110.14545","339.25","1.72","1.29","2026-08-07","1344","Terra","MODIS","100","6.1NRT","298.35","87.23","N","","fire_nrt_M-C61_803220.csv","11431","NRT"
"-1.89011","110.15665","347.83","1.72","1.29","2026-08-07","1344","Terra","MODIS","100","6.1NRT","300.94","122.42","N","","fire_nrt_M-C61_803220.csv","11432","NRT"
"-1.89217","110.14163","334.06","1.72","1.29","2026-08-07","1344","Terra","MODIS","100","6.1NRT","297.97","68.88","N","","fire_nrt_M-C61_803220.csv","11433","NRT"
"-1.89422","110.1267","314.96","1.71","1.28","2026-08-07","1344","Terra","MODIS","90","6.1NRT","296.81","23.67","N","","fire_nrt_M-C61_803220.csv","11434","NRT"
"-1.87879","110.15501","355.22","1.72","1.29","2026-08-07","1344","Terra","MODIS","100","6.1NRT","299.33","159.57","N","","fire_nrt_M-C61_803220.csv","11436","NRT"
"-1.88087","110.14","333.68","1.72","1.29","2026-08-07","1344","Terra","MODIS","100","6.1NRT","297.67","69.19","N","","fire_nrt_M-C61_803220.csv","11437","NRT"
"-1.86537","110.16849","317.69","1.73","1.29","2026-08-07","1344","Terra","MODIS","95","6.1NRT","297.36","31.02","N","","fire_nrt_M-C61_803220.csv","11438","NRT"
"-1.71534","110.24892","325.81","1.76","1.3","2026-08-07","1344","Terra","MODIS","100","6.1NRT","297.05","50.62","N","","fire_nrt_M-C61_803220.csv","11439","NRT"
"-1.70574","110.15424","338.63","1.73","1.29","2026-08-07","1344","Terra","MODIS","100","6.1NRT","297.67","86.37","N","","fire_nrt_M-C61_803220.csv","11442","NRT"
"-1.70523","110.16389","328.48","1.74","1.29","2026-08-07","1344","Terra","MODIS","100","6.1NRT","297.29","53.86","N","","fire_nrt_M-C61_803220.csv","11444","NRT"
"-1.70731","110.14873","327.53","1.73","1.29","2026-08-07","1344","Terra","MODIS","100","6.1NRT","297.03","50.97","N","","fire_nrt_M-C61_803220.csv","11445","NRT"
"-1.69597","110.14711","313.97","1.73","1.29","2026-08-07","1344","Terra","MODIS","88","6.1NRT","296.71","22.15","N","","fire_nrt_M-C61_803220.csv","11446","NRT"
"-1.61395","110.0741","319.39","1.71","1.28","2026-08-07","1344","Terra","MODIS","98","6.1NRT","297.15","32.74","N","","fire_nrt_M-C61_803220.csv","11449","NRT"
"-1.61612","110.0592","328.95","1.71","1.28","2026-08-07","1344","Terra","MODIS","100","6.1NRT","297.21","55.12","N","","fire_nrt_M-C61_803220.csv","11450","NRT"
"-1.61493","110.06767","333.22","1.71","1.28","2026-08-07","1344","Terra","MODIS","100","6.1NRT","298.28","68.75","N","","fire_nrt_M-C61_803220.csv","11451","NRT"
"-1.60365","110.06602","314.98","1.71","1.28","2026-08-07","1344","Terra","MODIS","90","6.1NRT","297.04","24.35","N","","fire_nrt_M-C61_803220.csv","11453","NRT"
"-1.36712","110.11215","318.4","1.74","1.29","2026-08-07","1344","Terra","MODIS","97","6.1NRT","296.89","32.98","N","","fire_nrt_M-C61_803220.csv","11457","NRT"
"-2.24491","110.42557","326.64","2.53","1.53","2026-08-08","0746","Aqua","MODIS","81","6.1NRT","298.83","72.98","D","","fire_nrt_M-C61_803220.csv","11702","NRT"
"-1.90446","110.1482","346.05","2.63","1.56","2026-08-08","0746","Aqua","MODIS","93","6.1NRT","301.85","185.79","D","","fire_nrt_M-C61_803220.csv","11735","NRT"
"-1.89088","110.14619","363.9","2.63","1.56","2026-08-08","0746","Aqua","MODIS","100","6.1NRT","301.57","358.73","D","","fire_nrt_M-C61_803220.csv","11738","NRT"
"-1.88042","110.16299","348.39","2.62","1.55","2026-08-08","0746","Aqua","MODIS","95","6.1NRT","299.53","209.64","D","","fire_nrt_M-C61_803220.csv","11742","NRT"
"-1.72002","110.15575","347.09","2.61","1.55","2026-08-08","0746","Aqua","MODIS","94","6.1NRT","297.57","198.81","D","","fire_nrt_M-C61_803220.csv","11756","NRT"
"-1.71262","110.14984","342.73","2.61","1.55","2026-08-08","0746","Aqua","MODIS","92","6.1NRT","298.28","167.38","D","","fire_nrt_M-C61_803220.csv","11759","NRT"
"-1.5592","110.81723","325.9","2.29","1.46","2026-08-08","0746","Aqua","MODIS","81","6.1NRT","300.23","61.03","D","","fire_nrt_M-C61_803220.csv","11764","NRT"
"-1.56213","110.79733","330.9","2.29","1.47","2026-08-08","0746","Aqua","MODIS","85","6.1NRT","300.7","82.14","D","","fire_nrt_M-C61_803220.csv","11765","NRT"
"-0.95528","110.73324","346.12","2.27","1.46","2026-08-08","0746","Aqua","MODIS","94","6.1NRT","302.43","159.04","D","","fire_nrt_M-C61_803220.csv","11788","NRT"
"-0.95487","110.72632","343.02","2.27","1.46","2026-08-08","0746","Aqua","MODIS","92","6.1NRT","302.59","141.58","D","","fire_nrt_M-C61_803220.csv","11796","NRT"
"-0.61389","110.19183","326.12","2.48","1.52","2026-08-08","0746","Aqua","MODIS","80","6.1NRT","300.24","68.72","D","","fire_nrt_M-C61_803220.csv","11852","NRT"
"-1.88015","110.16176","327.06","4.44","1.94","2026-08-08","1244","Terra","MODIS","100","6.1NRT","293.85","199.31","N","","fire_nrt_M-C61_803220.csv","12308","NRT"
"-1.88534","110.12334","313.26","4.47","1.94","2026-08-08","1244","Terra","MODIS","87","6.1NRT","293.36","83.55","N","","fire_nrt_M-C61_803220.csv","12309","NRT"
"-1.87648","110.15582","325.54","4.44","1.94","2026-08-08","1244","Terra","MODIS","100","6.1NRT","293.85","186.89","N","","fire_nrt_M-C61_803220.csv","12310","NRT"
"-1.72166","110.24373","312.61","4.34","1.92","2026-08-08","1244","Terra","MODIS","85","6.1NRT","293.08","79.12","N","","fire_nrt_M-C61_803220.csv","12316","NRT"
"-1.45176","110.17944","337.08","1.08","1.04","2026-08-08","2006","Aqua","MODIS","100","6.1NRT","295.84","43","N","","fire_nrt_M-C61_803220.csv","12436","NRT"
"-1.45319","110.18879","316.43","1.08","1.04","2026-08-08","2006","Aqua","MODIS","93","6.1NRT","293.26","15.75","N","","fire_nrt_M-C61_803220.csv","12437","NRT"
"-1.46083","110.17808","328.41","1.08","1.04","2026-08-08","2006","Aqua","MODIS","100","6.1NRT","294.77","29.99","N","","fire_nrt_M-C61_803220.csv","12438","NRT"
"-1.6193","110.06527","317.12","1.09","1.04","2026-08-08","2006","Aqua","MODIS","94","6.1NRT","292.01","16.46","N","","fire_nrt_M-C61_803220.csv","12442","NRT"
"-1.62074","110.07471","316.35","1.09","1.04","2026-08-08","2006","Aqua","MODIS","93","6.1NRT","292.66","15.79","N","","fire_nrt_M-C61_803220.csv","12443","NRT"
"-1.71391","110.25584","331.89","1.07","1.03","2026-08-08","2006","Aqua","MODIS","100","6.1NRT","295.26","34.57","N","","fire_nrt_M-C61_803220.csv","12448","NRT"
"-1.71534","110.26511","324.57","1.07","1.03","2026-08-08","2006","Aqua","MODIS","100","6.1NRT","294.03","24.7","N","","fire_nrt_M-C61_803220.csv","12449","NRT"
"-1.72293","110.25451","312.62","1.07","1.03","2026-08-08","2006","Aqua","MODIS","85","6.1NRT","291.11","12.99","N","","fire_nrt_M-C61_803220.csv","12451","NRT"
"-1.87412","110.15901","334.98","1.07","1.03","2026-08-08","2006","Aqua","MODIS","100","6.1NRT","292.97","38.27","N","","fire_nrt_M-C61_803220.csv","12458","NRT"
"-1.91153","110.15723","316.62","1.07","1.03","2026-08-08","2006","Aqua","MODIS","87","6.1NRT","289.57","15.57","N","","fire_nrt_M-C61_803220.csv","12464","NRT"
"-1.45359","110.18088","336.14","1.56","1.23","2026-08-09","0105","Terra","MODIS","89","6.1NRT","298.99","63.48","D","","fire_nrt_M-C61_803220.csv","12506","NRT"
"-1.62237","110.07433","325.17","1.58","1.24","2026-08-09","0105","Terra","MODIS","82","6.1NRT","299.3","36.06","D","","fire_nrt_M-C61_803220.csv","12512","NRT"
"-2.40957","110.21865","330.9","1.16","1.07","2026-08-09","0824","Aqua","MODIS","85","6.1NRT","281.03","35.04","D","","fire_nrt_M-C61_803220.csv","12654","NRT"
"-2.32742","110.21002","354.46","1.16","1.07","2026-08-09","0824","Aqua","MODIS","97","6.1NRT","283.05","86.29","D","","fire_nrt_M-C61_803220.csv","12659","NRT"
"-2.32893","110.19995","365.89","1.16","1.07","2026-08-09","0824","Aqua","MODIS","100","6.1NRT","285.69","124.39","D","","fire_nrt_M-C61_803220.csv","12660","NRT"
"-1.99613","110.84262","336.35","1.27","1.12","2026-08-09","0824","Aqua","MODIS","89","6.1NRT","294.65","46.84","D","","fire_nrt_M-C61_803220.csv","12697","NRT"
"-2.03743","110.49598","334.57","1.21","1.09","2026-08-09","0824","Aqua","MODIS","87","6.1NRT","294.27","36.77","D","","fire_nrt_M-C61_803220.csv","12699","NRT"
"-2.03899","110.48544","336.26","1.21","1.09","2026-08-09","0824","Aqua","MODIS","84","6.1NRT","293.11","40.67","D","","fire_nrt_M-C61_803220.csv","12700","NRT"
"-2.05352","110.19227","337.12","1.17","1.07","2026-08-09","0824","Aqua","MODIS","87","6.1NRT","299.4","39.35","D","","fire_nrt_M-C61_803220.csv","12701","NRT"
"-1.84778","110.59641","331.75","1.24","1.1","2026-08-09","0824","Aqua","MODIS","86","6.1NRT","293.9","36.17","D","","fire_nrt_M-C61_803220.csv","12710","NRT"
"-1.88399","110.1545","348.83","1.17","1.07","2026-08-09","0824","Aqua","MODIS","95","6.1NRT","304.07","60.98","D","","fire_nrt_M-C61_803220.csv","12714","NRT"
"-1.87459","110.15309","345.61","1.17","1.07","2026-08-09","0824","Aqua","MODIS","94","6.1NRT","301.63","54.93","D","","fire_nrt_M-C61_803220.csv","12716","NRT"
"-1.79838","110.10421","343.6","1.16","1.07","2026-08-09","0824","Aqua","MODIS","87","6.1NRT","297.32","54.07","D","","fire_nrt_M-C61_803220.csv","12724","NRT"
"-1.79988","110.09414","375.43","1.16","1.07","2026-08-09","0824","Aqua","MODIS","100","6.1NRT","300.36","160.71","D","","fire_nrt_M-C61_803220.csv","12725","NRT"
"-1.72168","110.26408","352.18","1.19","1.08","2026-08-09","0824","Aqua","MODIS","96","6.1NRT","301.5","75.89","D","","fire_nrt_M-C61_803220.csv","12729","NRT"
"-1.72427","110.18059","344.28","1.17","1.08","2026-08-09","0824","Aqua","MODIS","93","6.1NRT","294.29","56.07","D","","fire_nrt_M-C61_803220.csv","12731","NRT"
"-1.68442","110.06075","327.97","1.16","1.07","2026-08-09","0824","Aqua","MODIS","81","6.1NRT","288.52","26.27","D","","fire_nrt_M-C61_803220.csv","12734","NRT"
"-1.68593","110.0507","354.73","1.16","1.07","2026-08-09","0824","Aqua","MODIS","97","6.1NRT","291.64","83.82","D","","fire_nrt_M-C61_803220.csv","12735","NRT"
"-1.62882","110.06651","388.01","1.16","1.07","2026-08-09","0824","Aqua","MODIS","100","6.1NRT","302.43","226.61","D","","fire_nrt_M-C61_803220.csv","12740","NRT"
"-1.63031","110.05642","348.68","1.16","1.07","2026-08-09","0824","Aqua","MODIS","95","6.1NRT","297.34","63.15","D","","fire_nrt_M-C61_803220.csv","12741","NRT"
"-1.46664","110.1756","325.45","1.18","1.08","2026-08-09","0824","Aqua","MODIS","82","6.1NRT","287.76","23.76","D","","fire_nrt_M-C61_803220.csv","12754","NRT"
"-1.45567","110.1845","325.86","1.18","1.08","2026-08-09","0824","Aqua","MODIS","82","6.1NRT","284.92","24.04","D","","fire_nrt_M-C61_803220.csv","12757","NRT"
"-1.45718","110.1742","349.87","1.18","1.08","2026-08-09","0824","Aqua","MODIS","96","6.1NRT","289.04","72.8","D","","fire_nrt_M-C61_803220.csv","12758","NRT"
"-1.44923","110.16251","331.25","1.18","1.08","2026-08-09","0824","Aqua","MODIS","86","6.1NRT","287.12","32.29","D","","fire_nrt_M-C61_803220.csv","12760","NRT"
"-1.26283","110.53815","323.1","1.25","1.11","2026-08-09","0824","Aqua","MODIS","81","6.1NRT","287.8","24.48","D","","fire_nrt_M-C61_803220.csv","12766","NRT"
"-0.64889","110.31489","328.09","1.23","1.1","2026-08-09","0824","Aqua","MODIS","84","6.1NRT","297.18","30.65","D","","fire_nrt_M-C61_803220.csv","12856","NRT"
"-2.46305","110.62479","326.31","1","1","2026-08-09","1325","Terra","MODIS","100","6.1NRT","287.71","24.15","N","","fire_nrt_M-C61_803220.csv","13078","NRT"
"-2.3528","110.15134","311.89","1","1","2026-08-09","1325","Terra","MODIS","84","6.1NRT","291.71","9.72","N","","fire_nrt_M-C61_803220.csv","13085","NRT"
"-2.31506","110.21119","324.34","1","1","2026-08-09","1325","Terra","MODIS","100","6.1NRT","289.43","20.8","N","","fire_nrt_M-C61_803220.csv","13089","NRT"
"-2.31626","110.20244","376.66","1","1","2026-08-09","1325","Terra","MODIS","100","6.1NRT","293.86","139.12","N","","fire_nrt_M-C61_803220.csv","13090","NRT"
"-2.3035","110.16499","310.92","1","1","2026-08-09","1325","Terra","MODIS","81","6.1NRT","288.99","9.07","N","","fire_nrt_M-C61_803220.csv","13092","NRT"
"-2.25147","110.28256","311.23","1","1","2026-08-09","1325","Terra","MODIS","82","6.1NRT","290.67","9.56","N","","fire_nrt_M-C61_803220.csv","13095","NRT"
"-2.25268","110.27381","310.65","1","1","2026-08-09","1325","Terra","MODIS","81","6.1NRT","291.17","8.98","N","","fire_nrt_M-C61_803220.csv","13096","NRT"
"-2.06607","110.48511","351.17","1","1","2026-08-09","1325","Terra","MODIS","100","6.1NRT","286.96","64.52","N","","fire_nrt_M-C61_803220.csv","13104","NRT"
"-2.06728","110.47636","320.03","1","1","2026-08-09","1325","Terra","MODIS","100","6.1NRT","285.84","17.11","N","","fire_nrt_M-C61_803220.csv","13105","NRT"
"-2.05184","110.19793","318.29","1","1","2026-08-09","1325","Terra","MODIS","97","6.1NRT","290.31","15.5","N","","fire_nrt_M-C61_803220.csv","13110","NRT"
"-1.88257","110.15321","322.98","1","1","2026-08-09","1325","Terra","MODIS","100","6.1NRT","289.93","18.2","N","","fire_nrt_M-C61_803220.csv","13123","NRT"
"-1.87257","110.16073","330.74","1","1","2026-08-09","1325","Terra","MODIS","100","6.1NRT","289.32","28.15","N","","fire_nrt_M-C61_803220.csv","13124","NRT"
"-1.87378","110.15199","320.01","1","1","2026-08-09","1325","Terra","MODIS","89","6.1NRT","289.32","15.58","N","","fire_nrt_M-C61_803220.csv","13125","NRT"
"-1.79776","110.09985","318.38","1","1","2026-08-09","1325","Terra","MODIS","97","6.1NRT","291.21","15.52","N","","fire_nrt_M-C61_803220.csv","13126","NRT"
"-1.78897","110.09863","322.18","1","1","2026-08-09","1325","Terra","MODIS","100","6.1NRT","291.68","18.78","N","","fire_nrt_M-C61_803220.csv","13128","NRT"
"-1.79017","110.08988","328.62","1","1","2026-08-09","1325","Terra","MODIS","100","6.1NRT","291.03","25.97","N","","fire_nrt_M-C61_803220.csv","13129","NRT"
"-1.71921","110.26077","357.6","1","1","2026-08-09","1325","Terra","MODIS","100","6.1NRT","291.88","78.81","N","","fire_nrt_M-C61_803220.csv","13131","NRT"
"-1.72041","110.25204","340.65","1","1","2026-08-09","1325","Terra","MODIS","100","6.1NRT","289.56","43.68","N","","fire_nrt_M-C61_803220.csv","13132","NRT"
"-1.71042","110.25955","315.48","1","1","2026-08-09","1325","Terra","MODIS","91","6.1NRT","287.75","12.34","N","","fire_nrt_M-C61_803220.csv","13133","NRT"
"-1.7105","110.06358","312.39","1","1","2026-08-09","1325","Terra","MODIS","85","6.1NRT","292.42","9.98","N","","fire_nrt_M-C61_803220.csv","13137","NRT"
"-1.62608","110.07265","332.74","1","1","2026-08-09","1325","Terra","MODIS","100","6.1NRT","294.93","30.45","N","","fire_nrt_M-C61_803220.csv","13139","NRT"
"-1.62728","110.06391","338.4","1","1","2026-08-09","1325","Terra","MODIS","100","6.1NRT","295.88","38.51","N","","fire_nrt_M-C61_803220.csv","13140","NRT"
"-1.61849","110.06269","342.44","1","1","2026-08-09","1325","Terra","MODIS","100","6.1NRT","295.83","44.69","N","","fire_nrt_M-C61_803220.csv","13141","NRT"
"-1.45392","110.17902","333.13","1","1","2026-08-09","1325","Terra","MODIS","100","6.1NRT","291.06","31.88","N","","fire_nrt_M-C61_803220.csv","13144","NRT"
"-1.45512","110.17028","335.78","1","1","2026-08-09","1325","Terra","MODIS","100","6.1NRT","293.11","34.94","N","","fire_nrt_M-C61_803220.csv","13145","NRT"
"-1.371","110.24129","324.23","1","1","2026-08-09","1325","Terra","MODIS","100","6.1NRT","286.44","22.51","N","","fire_nrt_M-C61_803220.csv","13147","NRT"
"-1.46123","110.17355","322.91","1.92","1.35","2026-08-10","0143","Terra","MODIS","80","6.1NRT","299.7","41.12","D","","fire_nrt_M-C61_803220.csv","13294","NRT"
"-1.71883","110.26462","338.55","1.97","1.37","2026-08-10","0143","Terra","MODIS","85","6.1NRT","301.61","98.27","D","","fire_nrt_M-C61_803220.csv","13296","NRT"
"-1.72393","110.25816","331.1","1.97","1.37","2026-08-10","0143","Terra","MODIS","81","6.1NRT","301.48","67.37","D","","fire_nrt_M-C61_803220.csv","13298","NRT"
"-2.30657","110.20312","321.59","4.17","1.89","2026-08-10","1401","Terra","MODIS","100","6.1NRT","294.71","141.08","N","","fire_nrt_M-C61_803220.csv","13505","NRT"
"-2.30109","110.19521","320.23","4.17","1.89","2026-08-10","1401","Terra","MODIS","100","6.1NRT","294.66","130.42","N","","fire_nrt_M-C61_803220.csv","13508","NRT"
"-1.71973","110.26215","312.1","2.63","1.56","2026-08-10","1945","Aqua","MODIS","84","6.1NRT","292.97","44.34","N","","fire_nrt_M-C61_803220.csv","13541","NRT"
"-2.29891","110.19922","311.64","2.6","1.55","2026-08-10","1945","Aqua","MODIS","83","6.1NRT","293.81","41.07","N","","fire_nrt_M-C61_803220.csv","13557","NRT"
"-2.96101","110.71388","331.15","1.26","1.11","2026-08-11","0803","Aqua","MODIS","84","6.1NRT","299.19","35.28","D","","fire_nrt_M-C61_803220.csv","13926","NRT"
"-2.4804","110.71391","366.49","1.24","1.11","2026-08-11","0803","Aqua","MODIS","100","6.1NRT","300.96","135.93","D","","fire_nrt_M-C61_803220.csv","13989","NRT"
"-2.48196","110.70314","336.48","1.24","1.11","2026-08-11","0803","Aqua","MODIS","88","6.1NRT","299.55","44.02","D","","fire_nrt_M-C61_803220.csv","13990","NRT"
"-2.29578","110.28404","331.1","1.31","1.14","2026-08-11","0803","Aqua","MODIS","84","6.1NRT","301.22","34.04","D","","fire_nrt_M-C61_803220.csv","14002","NRT"
"-2.26278","110.37154","338.87","1.29","1.13","2026-08-11","0803","Aqua","MODIS","89","6.1NRT","300.89","51.33","D","","fire_nrt_M-C61_803220.csv","14006","NRT"
"-2.08877","110.36841","333.09","1.29","1.13","2026-08-11","0803","Aqua","MODIS","85","6.1NRT","303.62","36.35","D","","fire_nrt_M-C61_803220.csv","14038","NRT"
"-2.01791","110.22573","332.09","1.31","1.14","2026-08-11","0805","Aqua","MODIS","84","6.1NRT","299.45","35.57","D","","fire_nrt_M-C61_803220.csv","14053","NRT"
"-2.01958","110.21434","352.56","1.31","1.14","2026-08-11","0805","Aqua","MODIS","96","6.1NRT","302.33","88.31","D","","fire_nrt_M-C61_803220.csv","14054","NRT"
"-1.98976","110.21003","333.04","1.31","1.14","2026-08-11","0805","Aqua","MODIS","85","6.1NRT","301.11","38.28","D","","fire_nrt_M-C61_803220.csv","14059","NRT"
"-1.99141","110.19858","332.28","1.31","1.14","2026-08-11","0805","Aqua","MODIS","85","6.1NRT","300.19","36.66","D","","fire_nrt_M-C61_803220.csv","14060","NRT"
"-1.88688","110.34958","332.04","1.28","1.12","2026-08-11","0805","Aqua","MODIS","85","6.1NRT","301.88","34.3","D","","fire_nrt_M-C61_803220.csv","14073","NRT"
"-1.87381","110.15767","355.12","1.32","1.14","2026-08-11","0805","Aqua","MODIS","98","6.1NRT","302","97.92","D","","fire_nrt_M-C61_803220.csv","14078","NRT"
"-1.79913","110.11151","368.66","1.32","1.14","2026-08-11","0805","Aqua","MODIS","94","6.1NRT","302.18","157.09","D","","fire_nrt_M-C61_803220.csv","14089","NRT"
"-1.79733","110.11639","355.58","1.32","1.14","2026-08-11","0805","Aqua","MODIS","98","6.1NRT","301.44","101.06","D","","fire_nrt_M-C61_803220.csv","14091","NRT"
"-1.79905","110.1049","339.19","1.32","1.14","2026-08-11","0805","Aqua","MODIS","90","6.1NRT","301.08","51.27","D","","fire_nrt_M-C61_803220.csv","14092","NRT"
"-1.78565","110.12643","360.17","1.32","1.14","2026-08-11","0805","Aqua","MODIS","100","6.1NRT","300.32","120.81","D","","fire_nrt_M-C61_803220.csv","14094","NRT"
"-1.78736","110.11496","355.36","1.32","1.14","2026-08-11","0805","Aqua","MODIS","98","6.1NRT","300.75","102.28","D","","fire_nrt_M-C61_803220.csv","14095","NRT"
"-1.76421","110.06449","334.07","1.33","1.14","2026-08-11","0805","Aqua","MODIS","87","6.1NRT","299.01","43.56","D","","fire_nrt_M-C61_803220.csv","14097","NRT"
"-1.7243","110.26797","339.15","1.29","1.13","2026-08-11","0805","Aqua","MODIS","90","6.1NRT","301.62","49.36","D","","fire_nrt_M-C61_803220.csv","14099","NRT"
"-1.72594","110.25674","335.29","1.29","1.13","2026-08-11","0805","Aqua","MODIS","87","6.1NRT","302.95","41.24","D","","fire_nrt_M-C61_803220.csv","14100","NRT"
"-1.72258","110.1406","332.18","1.31","1.14","2026-08-11","0805","Aqua","MODIS","85","6.1NRT","299.46","38.3","D","","fire_nrt_M-C61_803220.csv","14106","NRT"
"-1.70772","110.17334","330.19","1.31","1.13","2026-08-11","0805","Aqua","MODIS","84","6.1NRT","298.74","34.02","D","","fire_nrt_M-C61_803220.csv","14107","NRT"
"-1.72587","110.04707","325.67","1.33","1.14","2026-08-11","0805","Aqua","MODIS","80","6.1NRT","298.37","26.59","D","","fire_nrt_M-C61_803220.csv","14108","NRT"
"-1.70344","110.0621","329.42","1.33","1.14","2026-08-11","0805","Aqua","MODIS","83","6.1NRT","299.02","34.49","D","","fire_nrt_M-C61_803220.csv","14115","NRT"
"-1.46286","110.16621","332.62","1.3","1.13","2026-08-11","0805","Aqua","MODIS","86","6.1NRT","302.18","36.45","D","","fire_nrt_M-C61_803220.csv","14127","NRT"
"-1.37791","110.1125","335.65","1.31","1.13","2026-08-11","0805","Aqua","MODIS","88","6.1NRT","300.23","45.47","D","","fire_nrt_M-C61_803220.csv","14129","NRT"
"-1.37957","110.10111","330.25","1.31","1.13","2026-08-11","0805","Aqua","MODIS","84","6.1NRT","300.05","34.36","D","","fire_nrt_M-C61_803220.csv","14130","NRT"
"-1.368","110.11103","333.98","1.31","1.13","2026-08-11","0805","Aqua","MODIS","87","6.1NRT","301.19","41.04","D","","fire_nrt_M-C61_803220.csv","14132","NRT"
"-1.36965","110.09967","333.98","1.31","1.13","2026-08-11","0805","Aqua","MODIS","87","6.1NRT","301.95","40.79","D","","fire_nrt_M-C61_803220.csv","14133","NRT"
"-0.9468","110.26385","334.44","1.26","1.12","2026-08-11","0805","Aqua","MODIS","87","6.1NRT","299.39","38.94","D","","fire_nrt_M-C61_803220.csv","14174","NRT"
"-0.94837","110.25291","326.6","1.26","1.12","2026-08-11","0805","Aqua","MODIS","81","6.1NRT","296.65","24.67","D","","fire_nrt_M-C61_803220.csv","14175","NRT"
"-2.95377","110.71693","311.49","1.7","1.28","2026-08-11","1304","Terra","MODIS","83","6.1NRT","294.69","18.68","N","","fire_nrt_M-C61_803220.csv","14491","NRT"
"-2.25306","110.3744","313.77","1.76","1.3","2026-08-11","1304","Terra","MODIS","88","6.1NRT","291.69","24.04","N","","fire_nrt_M-C61_803220.csv","14531","NRT"
"-1.97908","110.20274","312.91","1.8","1.31","2026-08-11","1304","Terra","MODIS","86","6.1NRT","289.72","24.26","N","","fire_nrt_M-C61_803220.csv","14555","NRT"
"-1.8688","110.16545","330","1.8","1.32","2026-08-11","1304","Terra","MODIS","100","6.1NRT","290.99","64.57","N","","fire_nrt_M-C61_803220.csv","14562","NRT"
"-1.87092","110.14979","316.59","1.81","1.32","2026-08-11","1304","Terra","MODIS","93","6.1NRT","290.25","30.58","N","","fire_nrt_M-C61_803220.csv","14563","NRT"
"-1.77012","110.13018","340.69","1.81","1.32","2026-08-11","1304","Terra","MODIS","100","6.1NRT","293.37","100.33","N","","fire_nrt_M-C61_803220.csv","14570","NRT"
"-1.75856","110.12868","354.69","1.81","1.32","2026-08-11","1304","Terra","MODIS","100","6.1NRT","292.95","169.08","N","","fire_nrt_M-C61_803220.csv","14575","NRT"
"-1.76067","110.11294","330.14","1.81","1.32","2026-08-11","1304","Terra","MODIS","100","6.1NRT","291.27","65.25","N","","fire_nrt_M-C61_803220.csv","14576","NRT"
"-1.71698","110.26525","322.51","1.76","1.3","2026-08-11","1304","Terra","MODIS","100","6.1NRT","292.54","40.91","N","","fire_nrt_M-C61_803220.csv","14578","NRT"
"-1.71888","110.25925","321.67","1.76","1.3","2026-08-11","1304","Terra","MODIS","100","6.1NRT","292.32","39.58","N","","fire_nrt_M-C61_803220.csv","14580","NRT"
"-1.69521","110.17743","315.21","1.79","1.31","2026-08-11","1304","Terra","MODIS","91","6.1NRT","291.59","27.35","N","","fire_nrt_M-C61_803220.csv","14583","NRT"
"-1.3723","110.10909","314.39","1.79","1.31","2026-08-11","1304","Terra","MODIS","89","6.1NRT","291.98","27.2","N","","fire_nrt_M-C61_803220.csv","14593","NRT"
"-0.87427","110.47264","312.06","1.65","1.26","2026-08-11","1304","Terra","MODIS","84","6.1NRT","292.12","20.4","N","","fire_nrt_M-C61_803220.csv","14604","NRT"
"-0.87143","110.48083","315.26","1.64","1.26","2026-08-11","1304","Terra","MODIS","91","6.1NRT","292.42","25.1","N","","fire_nrt_M-C61_803220.csv","14605","NRT"
"-1.75679","110.12354","312.3","1.15","1.07","2026-08-11","2021","Aqua","MODIS","85","6.1NRT","273.41","15.09","N","","fire_nrt_M-C61_803220.csv","14736","NRT"
"-1.75828","110.13348","343.21","1.15","1.07","2026-08-11","2021","Aqua","MODIS","100","6.1NRT","276.95","61.22","N","","fire_nrt_M-C61_803220.csv","14737","NRT"
"-1.76762","110.13216","335.65","1.15","1.07","2026-08-11","2021","Aqua","MODIS","100","6.1NRT","276.17","46.75","N","","fire_nrt_M-C61_803220.csv","14740","NRT"
"-1.87339","110.16104","311.9","1.15","1.07","2026-08-11","2021","Aqua","MODIS","84","6.1NRT","275.18","14.41","N","","fire_nrt_M-C61_803220.csv","14742","NRT"
"-0.87351","110.47715","334.64","1.01","1.01","2026-08-12","0124","Terra","MODIS","88","6.1NRT","298.35","31.71","D","","fire_nrt_M-C61_803220.csv","14807","NRT"
"-0.87478","110.48605","346.96","1.01","1.01","2026-08-12","0124","Terra","MODIS","94","6.1NRT","297.58","53.04","D","","fire_nrt_M-C61_803220.csv","14808","NRT"
"-1.37468","110.11028","335.09","1","1","2026-08-12","0124","Terra","MODIS","88","6.1NRT","298.35","30.98","D","","fire_nrt_M-C61_803220.csv","14820","NRT"
"-1.46664","110.17181","328.96","1.01","1","2026-08-12","0124","Terra","MODIS","84","6.1NRT","296.64","22.51","D","","fire_nrt_M-C61_803220.csv","14823","NRT"
"-1.627","110.06553","323.73","1","1","2026-08-12","0124","Terra","MODIS","80","6.1NRT","299.48","16.28","D","","fire_nrt_M-C61_803220.csv","14829","NRT"
"-1.7191","110.2685","333.89","1.01","1.01","2026-08-12","0124","Terra","MODIS","87","6.1NRT","300.47","28.78","D","","fire_nrt_M-C61_803220.csv","14832","NRT"
"-1.76332","110.12157","343.34","1.01","1","2026-08-12","0124","Terra","MODIS","92","6.1NRT","299.78","43.59","D","","fire_nrt_M-C61_803220.csv","14838","NRT"
"-1.76458","110.13038","391.84","1.01","1","2026-08-12","0124","Terra","MODIS","100","6.1NRT","309.06","203.64","D","","fire_nrt_M-C61_803220.csv","14839","NRT"
"-1.76584","110.13919","375.59","1.01","1","2026-08-12","0124","Terra","MODIS","87","6.1NRT","303.37","130.61","D","","fire_nrt_M-C61_803220.csv","14840","NRT"
"-1.80108","110.11888","351.71","1.01","1","2026-08-12","0124","Terra","MODIS","84","6.1NRT","299.08","62.71","D","","fire_nrt_M-C61_803220.csv","14844","NRT"
"-1.80233","110.12769","341.8","1.01","1","2026-08-12","0124","Terra","MODIS","86","6.1NRT","299.21","42.09","D","","fire_nrt_M-C61_803220.csv","14845","NRT"
"-1.82617","110.29555","328.1","1.01","1.01","2026-08-12","0124","Terra","MODIS","83","6.1NRT","298.32","21.65","D","","fire_nrt_M-C61_803220.csv","14846","NRT"
"-1.8705","110.16325","344.99","1.01","1","2026-08-12","0124","Terra","MODIS","93","6.1NRT","300.71","47.1","D","","fire_nrt_M-C61_803220.csv","14852","NRT"
"-1.98674","110.20431","331.46","1.01","1.01","2026-08-12","0124","Terra","MODIS","85","6.1NRT","298.64","26.12","D","","fire_nrt_M-C61_803220.csv","14854","NRT"
"-2.30335","110.28055","324.8","1.02","1.01","2026-08-12","0124","Terra","MODIS","81","6.1NRT","298.03","18.01","D","","fire_nrt_M-C61_803220.csv","14868","NRT"
"-2.3664","110.67962","315.1","1.79","1.31","2026-08-12","1342","Terra","MODIS","90","6.1NRT","293.77","28.39","N","","fire_nrt_M-C61_803220.csv","15202","NRT"
"-2.38177","110.25204","316.68","1.66","1.27","2026-08-12","1342","Terra","MODIS","94","6.1NRT","294.42","26.08","N","","fire_nrt_M-C61_803220.csv","15205","NRT"
"-2.38138","110.24626","312.35","1.66","1.27","2026-08-12","1342","Terra","MODIS","85","6.1NRT","294.54","19.04","N","","fire_nrt_M-C61_803220.csv","15207","NRT"
"-1.98465","110.20924","312.14","1.67","1.27","2026-08-12","1342","Terra","MODIS","84","6.1NRT","294.64","18.82","N","","fire_nrt_M-C61_803220.csv","15232","NRT"
"-1.87721","110.15752","316.56","1.66","1.27","2026-08-12","1342","Terra","MODIS","93","6.1NRT","295.23","25.87","N","","fire_nrt_M-C61_803220.csv","15237","NRT"
"-1.86399","110.1705","318.04","1.67","1.27","2026-08-12","1342","Terra","MODIS","96","6.1NRT","294.76","28.37","N","","fire_nrt_M-C61_803220.csv","15238","NRT"
"-1.86608","110.15592","326.42","1.66","1.27","2026-08-12","1342","Terra","MODIS","100","6.1NRT","295.24","46.39","N","","fire_nrt_M-C61_803220.csv","15239","NRT"
"-1.79908","110.14057","322.59","1.66","1.27","2026-08-12","1342","Terra","MODIS","100","6.1NRT","294.61","35.83","N","","fire_nrt_M-C61_803220.csv","15241","NRT"
"-1.76568","110.13578","352.77","1.66","1.27","2026-08-12","1342","Terra","MODIS","100","6.1NRT","297.68","137.51","N","","fire_nrt_M-C61_803220.csv","15246","NRT"
"-1.76777","110.12128","326.59","1.66","1.27","2026-08-12","1342","Terra","MODIS","100","6.1NRT","295.42","45.69","N","","fire_nrt_M-C61_803220.csv","15247","NRT"
"-1.68464","110.05885","313.08","1.65","1.26","2026-08-12","1342","Terra","MODIS","86","6.1NRT","293.99","19.48","N","","fire_nrt_M-C61_803220.csv","15255","NRT"
"-1.6867","110.04453","312.32","1.64","1.26","2026-08-12","1342","Terra","MODIS","84","6.1NRT","293.86","18.68","N","","fire_nrt_M-C61_803220.csv","15256","NRT"
"-1.67148","110.07164","318.55","1.65","1.26","2026-08-12","1342","Terra","MODIS","97","6.1NRT","294.06","29.33","N","","fire_nrt_M-C61_803220.csv","15257","NRT"
"-1.66891","110.08028","312.01","1.65","1.26","2026-08-12","1342","Terra","MODIS","84","6.1NRT","294.14","18.01","N","","fire_nrt_M-C61_803220.csv","15258","NRT"
"-1.46276","110.16319","310.38","1.69","1.28","2026-08-12","1342","Terra","MODIS","80","6.1NRT","293.92","16.32","N","","fire_nrt_M-C61_803220.csv","15264","NRT"
"-1.46115","110.17216","311.35","1.69","1.28","2026-08-12","1342","Terra","MODIS","82","6.1NRT","294.14","18.32","N","","fire_nrt_M-C61_803220.csv","15266","NRT"
"-1.37775","110.11517","315.06","1.68","1.27","2026-08-12","1342","Terra","MODIS","90","6.1NRT","293.72","23.85","N","","fire_nrt_M-C61_803220.csv","15269","NRT"
"-1.37791","110.10863","317.62","1.68","1.27","2026-08-12","1342","Terra","MODIS","95","6.1NRT","293.66","29","N","","fire_nrt_M-C61_803220.csv","15271","NRT"
"-1.3693","110.1134","311.78","1.37","1.16","2026-08-13","2000","Aqua","MODIS","83","6.1NRT","288.01","15.69","N","","fire_nrt_M-C61_803220.csv","15774","NRT"
"-1.37026","110.1198","314.01","1.37","1.16","2026-08-13","2000","Aqua","MODIS","85","6.1NRT","288.31","18.3","N","","fire_nrt_M-C61_803220.csv","15775","NRT"
"-1.65957","110.06927","322.1","1.36","1.16","2026-08-13","2000","Aqua","MODIS","100","6.1NRT","278.71","33.56","N","","fire_nrt_M-C61_803220.csv","15781","NRT"
"-2.73906","110.59427","312.93","1.22","1.1","2026-08-13","2002","Aqua","MODIS","86","6.1NRT","277","17.11","N","","fire_nrt_M-C61_803220.csv","15810","NRT"
"-1.65919","110.06197","322.83","1.64","1.26","2026-08-14","0105","Terra","MODIS","80","6.1NRT","291.93","34.01","D","","fire_nrt_M-C61_803220.csv","15888","NRT"
"-0.89188","110.47546","330.85","1.04","1.02","2026-08-14","0820","Aqua","MODIS","84","6.1NRT","300.16","23.21","D","","fire_nrt_M-C61_803220.csv","16041","NRT"
"-0.8932","110.46645","327.49","1.04","1.02","2026-08-14","0820","Aqua","MODIS","81","6.1NRT","300.22","18.71","D","","fire_nrt_M-C61_803220.csv","16042","NRT"
"-0.65902","110.67965","336.52","1.06","1.03","2026-08-14","0820","Aqua","MODIS","88","6.1NRT","298.23","35.2","D","","fire_nrt_M-C61_803220.csv","16059","NRT"
"-2.76663","110.67191","327.38","1.02","1.01","2026-08-14","0820","Aqua","MODIS","81","6.1NRT","296.76","21.66","D","","fire_nrt_M-C61_803220.csv","16320","NRT"
"-2.57599","110.21036","330.09","1.01","1","2026-08-14","0820","Aqua","MODIS","83","6.1NRT","299.12","22.95","D","","fire_nrt_M-C61_803220.csv","16334","NRT"
"-2.23885","110.67525","360.24","1.03","1.01","2026-08-14","0820","Aqua","MODIS","94","6.1NRT","299.59","84.7","D","","fire_nrt_M-C61_803220.csv","16344","NRT"
"-2.27473","110.30836","365.7","1.01","1.01","2026-08-14","0820","Aqua","MODIS","100","6.1NRT","301.25","97.2","D","","fire_nrt_M-C61_803220.csv","16348","NRT"
"-2.27603","110.29955","340.92","1.01","1.01","2026-08-14","0820","Aqua","MODIS","91","6.1NRT","299.72","37.88","D","","fire_nrt_M-C61_803220.csv","16349","NRT"
"-2.26593","110.30706","349.43","1.01","1.01","2026-08-14","0820","Aqua","MODIS","95","6.1NRT","298.7","55.01","D","","fire_nrt_M-C61_803220.csv","16350","NRT"
"-2.18488","110.47916","326.49","1.02","1.01","2026-08-14","0820","Aqua","MODIS","80","6.1NRT","298.77","19.97","D","","fire_nrt_M-C61_803220.csv","16356","NRT"
"-1.97301","110.85436","335.12","1.05","1.02","2026-08-14","0820","Aqua","MODIS","87","6.1NRT","298.15","31.45","D","","fire_nrt_M-C61_803220.csv","16365","NRT"
"-1.97436","110.84526","353.51","1.05","1.02","2026-08-14","0820","Aqua","MODIS","97","6.1NRT","298.55","68.45","D","","fire_nrt_M-C61_803220.csv","16366","NRT"
"-1.87281","110.16132","351.56","1.01","1","2026-08-14","0820","Aqua","MODIS","96","6.1NRT","302.43","57.87","D","","fire_nrt_M-C61_803220.csv","16385","NRT"
"-1.76393","110.13287","337.12","1.01","1","2026-08-14","0820","Aqua","MODIS","83","6.1NRT","301.09","30.86","D","","fire_nrt_M-C61_803220.csv","16395","NRT"
"-1.76522","110.12408","326.78","1.01","1","2026-08-14","0820","Aqua","MODIS","80","6.1NRT","301","17.1","D","","fire_nrt_M-C61_803220.csv","16396","NRT"
"-1.76288","110.07889","372.93","1.01","1","2026-08-14","0820","Aqua","MODIS","100","6.1NRT","299.72","120.19","D","","fire_nrt_M-C61_803220.csv","16399","NRT"
"-1.76417","110.07013","362.54","1.01","1","2026-08-14","0820","Aqua","MODIS","100","6.1NRT","301.24","86.39","D","","fire_nrt_M-C61_803220.csv","16400","NRT"
"-1.7541","110.07759","359.5","1.01","1","2026-08-14","0820","Aqua","MODIS","99","6.1NRT","298.16","78.34","D","","fire_nrt_M-C61_803220.csv","16407","NRT"
"-1.75539","110.06882","355.36","1.01","1","2026-08-14","0820","Aqua","MODIS","98","6.1NRT","299.12","67.54","D","","fire_nrt_M-C61_803220.csv","16408","NRT"
"-1.66254","110.07622","375.33","1.01","1","2026-08-14","0820","Aqua","MODIS","100","6.1NRT","299.19","130.39","D","","fire_nrt_M-C61_803220.csv","16417","NRT"
"-1.66383","110.06744","410.27","1.01","1","2026-08-14","0820","Aqua","MODIS","100","6.1NRT","305.82","316.5","D","","fire_nrt_M-C61_803220.csv","16418","NRT"
"-1.66511","110.05868","347.97","1.01","1","2026-08-14","0820","Aqua","MODIS","94","6.1NRT","302.13","51.38","D","","fire_nrt_M-C61_803220.csv","16419","NRT"
"-1.65375","110.07492","343.93","1.01","1","2026-08-14","0820","Aqua","MODIS","92","6.1NRT","298.07","44.04","D","","fire_nrt_M-C61_803220.csv","16421","NRT"
"-1.65504","110.06615","374.13","1.01","1","2026-08-14","0820","Aqua","MODIS","100","6.1NRT","301.64","124.25","D","","fire_nrt_M-C61_803220.csv","16422","NRT"
"-1.65633","110.05737","359.21","1.01","1","2026-08-14","0820","Aqua","MODIS","99","6.1NRT","301.13","76.7","D","","fire_nrt_M-C61_803220.csv","16423","NRT"
"-1.38786","110.11554","355.12","1.01","1.01","2026-08-14","0820","Aqua","MODIS","97","6.1NRT","299.91","65.86","D","","fire_nrt_M-C61_803220.csv","16431","NRT"
"-1.38915","110.10674","345.4","1.01","1.01","2026-08-14","0820","Aqua","MODIS","84","6.1NRT","299.25","43.66","D","","fire_nrt_M-C61_803220.csv","16432","NRT"
"-1.37906","110.11423","352.56","1.01","1.01","2026-08-14","0820","Aqua","MODIS","96","6.1NRT","301.43","59.24","D","","fire_nrt_M-C61_803220.csv","16435","NRT"
"-2.74356","110.59261","311.78","1","1","2026-08-14","1321","Terra","MODIS","81","6.1NRT","295.57","8.68","N","","fire_nrt_M-C61_803220.csv","16557","NRT"
"-2.37211","110.67679","318.47","1","1","2026-08-14","1321","Terra","MODIS","97","6.1NRT","294.71","14.5","N","","fire_nrt_M-C61_803220.csv","16571","NRT"
"-2.26668","110.31761","312.99","1","1","2026-08-14","1321","Terra","MODIS","85","6.1NRT","295.37","8.83","N","","fire_nrt_M-C61_803220.csv","16579","NRT"
"-2.26788","110.30885","325.85","1","1","2026-08-14","1321","Terra","MODIS","100","6.1NRT","295.69","21.1","N","","fire_nrt_M-C61_803220.csv","16580","NRT"
"-1.9992","110.5113","312.21","1","1","2026-08-14","1321","Terra","MODIS","84","6.1NRT","295.09","8.63","N","","fire_nrt_M-C61_803220.csv","16595","NRT"
"-1.87082","110.16927","315.76","1","1","2026-08-14","1321","Terra","MODIS","92","6.1NRT","295.61","10.61","N","","fire_nrt_M-C61_803220.csv","16602","NRT"
"-1.87202","110.16051","322.91","1","1","2026-08-14","1321","Terra","MODIS","100","6.1NRT","296.03","17.33","N","","fire_nrt_M-C61_803220.csv","16603","NRT"
"-1.7648","110.13972","327.79","1","1","2026-08-14","1321","Terra","MODIS","100","6.1NRT","296.33","23.25","N","","fire_nrt_M-C61_803220.csv","16605","NRT"
"-1.76601","110.13096","312.95","1","1","2026-08-14","1321","Terra","MODIS","85","6.1NRT","295.43","8.98","N","","fire_nrt_M-C61_803220.csv","16606","NRT"
"-1.74879","110.19103","311.34","1","1","2026-08-14","1321","Terra","MODIS","81","6.1NRT","294.64","8.12","N","","fire_nrt_M-C61_803220.csv","16608","NRT"
"-1.7548","110.14725","336.02","1","1","2026-08-14","1321","Terra","MODIS","100","6.1NRT","295.86","34.62","N","","fire_nrt_M-C61_803220.csv","16609","NRT"
"-1.75601","110.1385","313.48","1","1","2026-08-14","1321","Terra","MODIS","86","6.1NRT","294.99","9.24","N","","fire_nrt_M-C61_803220.csv","16610","NRT"
"-1.73158","110.25105","335.21","1","1","2026-08-14","1321","Terra","MODIS","100","6.1NRT","295.97","32.98","N","","fire_nrt_M-C61_803220.csv","16612","NRT"
"-1.73278","110.2423","311.21","1","1","2026-08-14","1321","Terra","MODIS","81","6.1NRT","294.64","7.35","N","","fire_nrt_M-C61_803220.csv","16613","NRT"
"-1.75563","110.07592","320.9","1","1","2026-08-14","1321","Terra","MODIS","100","6.1NRT","294.66","15.95","N","","fire_nrt_M-C61_803220.csv","16614","NRT"
"-1.72279","110.24982","314.65","1","1","2026-08-14","1321","Terra","MODIS","89","6.1NRT","294.72","9.85","N","","fire_nrt_M-C61_803220.csv","16617","NRT"
"-1.74563","110.08346","310.81","1","1","2026-08-14","1321","Terra","MODIS","80","6.1NRT","294.34","7.19","N","","fire_nrt_M-C61_803220.csv","16618","NRT"
"-1.74683","110.07469","328.96","1","1","2026-08-14","1321","Terra","MODIS","100","6.1NRT","295.05","25.05","N","","fire_nrt_M-C61_803220.csv","16619","NRT"
"-1.73683","110.08223","312.11","1","1","2026-08-14","1321","Terra","MODIS","83","6.1NRT","294.48","8.32","N","","fire_nrt_M-C61_803220.csv","16622","NRT"
"-1.73803","110.07346","323.06","1","1","2026-08-14","1321","Terra","MODIS","100","6.1NRT","294.73","18.11","N","","fire_nrt_M-C61_803220.csv","16623","NRT"
"-1.70161","110.27361","313.65","1","1","2026-08-14","1321","Terra","MODIS","87","6.1NRT","294.73","9.19","N","","fire_nrt_M-C61_803220.csv","16624","NRT"
"-1.70428","110.16956","311.83","1","1","2026-08-14","1321","Terra","MODIS","82","6.1NRT","294.8","8.25","N","","fire_nrt_M-C61_803220.csv","16625","NRT"
"-1.66476","110.06586","313.3","1","1","2026-08-14","1321","Terra","MODIS","86","6.1NRT","295.55","9.23","N","","fire_nrt_M-C61_803220.csv","16627","NRT"
"-1.65476","110.0734","360.01","1","1","2026-08-14","1321","Terra","MODIS","100","6.1NRT","296.93","83.79","N","","fire_nrt_M-C61_803220.csv","16629","NRT"
"-1.65596","110.06464","357.53","1","1","2026-08-14","1321","Terra","MODIS","100","6.1NRT","297.69","77.26","N","","fire_nrt_M-C61_803220.csv","16630","NRT"
"-1.65716","110.05586","338.07","1","1","2026-08-14","1321","Terra","MODIS","100","6.1NRT","297.12","37.36","N","","fire_nrt_M-C61_803220.csv","16631","NRT"
"-1.64836","110.05464","311.05","1","1","2026-08-14","1321","Terra","MODIS","80","6.1NRT","295.2","6.67","N","","fire_nrt_M-C61_803220.csv","16634","NRT"
"-1.38019","110.12423","316.23","1","1","2026-08-14","1321","Terra","MODIS","92","6.1NRT","295.01","11.71","N","","fire_nrt_M-C61_803220.csv","16637","NRT"
"-1.3814","110.11548","343.28","1","1","2026-08-14","1321","Terra","MODIS","100","6.1NRT","297.11","46.5","N","","fire_nrt_M-C61_803220.csv","16638","NRT"
"-1.3826","110.10673","346.54","1","1","2026-08-14","1321","Terra","MODIS","100","6.1NRT","296.15","52.33","N","","fire_nrt_M-C61_803220.csv","16639","NRT"
"-1.3838","110.09798","321.79","1","1","2026-08-14","1321","Terra","MODIS","100","6.1NRT","294.22","16.68","N","","fire_nrt_M-C61_803220.csv","16640","NRT"
"-1.37261","110.11426","328.67","1","1","2026-08-14","1321","Terra","MODIS","100","6.1NRT","295.94","24.59","N","","fire_nrt_M-C61_803220.csv","16642","NRT"
"-1.37381","110.10551","310.9","1","1","2026-08-14","1321","Terra","MODIS","80","6.1NRT","294.66","6.84","N","","fire_nrt_M-C61_803220.csv","16643","NRT"
"-1.37501","110.09675","311.92","1","1","2026-08-14","1321","Terra","MODIS","82","6.1NRT","294.85","8.1","N","","fire_nrt_M-C61_803220.csv","16644","NRT"
"-0.88938","110.4703","310.37","1","1","2026-08-14","1321","Terra","MODIS","80","6.1NRT","289.81","7.48","N","","fire_nrt_M-C61_803220.csv","16663","NRT"
"-0.43477","110.35883","316.06","1","1","2026-08-14","1321","Terra","MODIS","92","6.1NRT","288.98","12.64","N","","fire_nrt_M-C61_803220.csv","16678","NRT"
"-1.37581","110.1139","323.86","2.12","1.41","2026-08-14","2038","Aqua","MODIS","100","6.1NRT","289.83","61.43","N","","fire_nrt_M-C61_803220.csv","16708","NRT"
"-1.37919","110.10808","322.93","2.12","1.41","2026-08-14","2038","Aqua","MODIS","100","6.1NRT","289.81","57.92","N","","fire_nrt_M-C61_803220.csv","16712","NRT"
"-1.38184","110.12634","311.89","2.12","1.42","2026-08-14","2038","Aqua","MODIS","81","6.1NRT","289.04","29.57","N","","fire_nrt_M-C61_803220.csv","16713","NRT"
"-1.38582","110.11248","359.66","1.82","1.32","2026-08-15","0141","Terra","MODIS","99","6.1NRT","296.86","187.05","D","","fire_nrt_M-C61_803220.csv","16748","NRT"
"-1.38221","110.10728","367.93","1.82","1.32","2026-08-15","0141","Terra","MODIS","100","6.1NRT","298.03","246.83","D","","fire_nrt_M-C61_803220.csv","16749","NRT"
"-1.65385","110.07011","313.81","4.03","1.86","2026-08-15","1401","Terra","MODIS","83","6.1NRT","288.01","83.86","N","","fire_nrt_M-C61_803220.csv","17123","NRT"
"-1.37956","110.12486","317.78","4.11","1.88","2026-08-15","1401","Terra","MODIS","94","6.1NRT","287.73","111.45","N","","fire_nrt_M-C61_803220.csv","17125","NRT"
"-1.39011","110.12114","317.02","4.11","1.88","2026-08-15","1401","Terra","MODIS","92","6.1NRT","287.69","107.51","N","","fire_nrt_M-C61_803220.csv","17126","NRT"
"-1.37744","110.11811","315.39","3.82","1.83","2026-08-15","1938","Aqua","MODIS","91","6.1NRT","276.96","105.34","N","","fire_nrt_M-C61_803220.csv","17176","NRT"
"-1.39333","110.11562","310.64","3.82","1.83","2026-08-15","1938","Aqua","MODIS","81","6.1NRT","280.72","78.04","N","","fire_nrt_M-C61_803220.csv","17177","NRT"
"-1.38786","110.11165","324.56","3.82","1.83","2026-08-15","1938","Aqua","MODIS","100","6.1NRT","278.55","160.3","N","","fire_nrt_M-C61_803220.csv","17179","NRT"
"-2.7325","110.27738","340.07","1.8","1.31","2026-08-16","0756","Aqua","MODIS","90","6.1NRT","299.55","88.24","D","","fire_nrt_M-C61_803220.csv","17888","NRT"
"-2.10937","110.9915","330.8","1.55","1.23","2026-08-16","0756","Aqua","MODIS","83","6.1NRT","298.66","43.8","D","","fire_nrt_M-C61_803220.csv","17940","NRT"
"-2.12468","110.8131","340.14","1.6","1.24","2026-08-16","0756","Aqua","MODIS","90","6.1NRT","297.67","74.13","D","","fire_nrt_M-C61_803220.csv","17945","NRT"
"-2.12672","110.79918","341.91","1.6","1.25","2026-08-16","0756","Aqua","MODIS","91","6.1NRT","299.5","80.53","D","","fire_nrt_M-C61_803220.csv","17946","NRT"
"-1.93249","110.94041","350.75","1.55","1.23","2026-08-16","0756","Aqua","MODIS","96","6.1NRT","298.25","110.44","D","","fire_nrt_M-C61_803220.csv","17972","NRT"
"-1.99893","110.49245","338.83","1.68","1.27","2026-08-16","0756","Aqua","MODIS","89","6.1NRT","297.78","73.82","D","","fire_nrt_M-C61_803220.csv","17974","NRT"
"-2.01201","110.40427","365.7","1.71","1.28","2026-08-16","0756","Aqua","MODIS","100","6.1NRT","301.72","204.17","D","","fire_nrt_M-C61_803220.csv","17977","NRT"
"-2.04564","110.17747","332.33","1.78","1.31","2026-08-16","0756","Aqua","MODIS","85","6.1NRT","300.01","52.95","D","","fire_nrt_M-C61_803220.csv","17980","NRT"
"-1.92377","110.92519","340.22","1.55","1.23","2026-08-16","0756","Aqua","MODIS","90","6.1NRT","298.77","70.73","D","","fire_nrt_M-C61_803220.csv","17982","NRT"
"-1.96186","110.59032","330.85","1.65","1.26","2026-08-16","0756","Aqua","MODIS","84","6.1NRT","297.69","45.72","D","","fire_nrt_M-C61_803220.csv","17987","NRT"
"-1.89261","110.11835","337.5","1.79","1.31","2026-08-16","0756","Aqua","MODIS","88","6.1NRT","301.47","67.17","D","","fire_nrt_M-C61_803220.csv","18012","NRT"
"-1.75291","110.05435","338.66","1.8","1.32","2026-08-16","0756","Aqua","MODIS","89","6.1NRT","298.91","76.64","D","","fire_nrt_M-C61_803220.csv","18045","NRT"
"-1.73917","110.06824","331.75","1.8","1.31","2026-08-16","0756","Aqua","MODIS","85","6.1NRT","299.32","51.26","D","","fire_nrt_M-C61_803220.csv","18053","NRT"
"-1.74143","110.05265","339.39","1.8","1.32","2026-08-16","0756","Aqua","MODIS","90","6.1NRT","298.36","77.72","D","","fire_nrt_M-C61_803220.csv","18054","NRT"
"-1.57419","110.79513","329.94","1.57","1.23","2026-08-16","0756","Aqua","MODIS","84","6.1NRT","300.9","40.89","D","","fire_nrt_M-C61_803220.csv","18065","NRT"
"-1.65869","110.06548","331.4","1.79","1.31","2026-08-16","0756","Aqua","MODIS","84","6.1NRT","301.37","52.66","D","","fire_nrt_M-C61_803220.csv","18067","NRT"
"-1.49476","110.63709","349.84","1.61","1.25","2026-08-16","0756","Aqua","MODIS","95","6.1NRT","300.61","110.71","D","","fire_nrt_M-C61_803220.csv","18080","NRT"
"-1.40041","110.105","370.93","1.76","1.3","2026-08-16","0756","Aqua","MODIS","100","6.1NRT","299.69","254.36","D","","fire_nrt_M-C61_803220.csv","18097","NRT"
"-1.38905","110.10336","390.56","1.76","1.3","2026-08-16","0756","Aqua","MODIS","100","6.1NRT","302.82","438.9","D","","fire_nrt_M-C61_803220.csv","18098","NRT"
"-1.13328","110.58834","336","1.6","1.25","2026-08-16","0756","Aqua","MODIS","88","6.1NRT","297.55","59.36","D","","fire_nrt_M-C61_803220.csv","18121","NRT"
"-0.97012","110.2915","333.33","1.68","1.27","2026-08-16","0756","Aqua","MODIS","86","6.1NRT","298.31","55.79","D","","fire_nrt_M-C61_803220.csv","18136","NRT"
"-0.7063","110.57935","328.43","1.58","1.24","2026-08-16","0756","Aqua","MODIS","82","6.1NRT","298.26","39.74","D","","fire_nrt_M-C61_803220.csv","18165","NRT"
"-0.70836","110.56572","340.61","1.58","1.24","2026-08-16","0756","Aqua","MODIS","90","6.1NRT","299.29","74.38","D","","fire_nrt_M-C61_803220.csv","18166","NRT"
"-0.63339","110.77464","369.16","1.52","1.22","2026-08-16","0756","Aqua","MODIS","100","6.1NRT","297.47","200.21","D","","fire_nrt_M-C61_803220.csv","18176","NRT"
"-0.6394","110.18922","325.77","1.68","1.28","2026-08-16","0756","Aqua","MODIS","80","6.1NRT","297.65","38.68","D","","fire_nrt_M-C61_803220.csv","18201","NRT"
"-0.54962","110.49546","327.29","1.59","1.24","2026-08-16","0756","Aqua","MODIS","81","6.1NRT","296.68","38.62","D","","fire_nrt_M-C61_803220.csv","18212","NRT"
"-2.37054","110.9688","312.67","1.65","1.26","2026-08-16","1301","Terra","MODIS","84","6.1NRT","293.77","19.01","N","","fire_nrt_M-C61_803220.csv","18677","NRT"
"-2.37242","110.95452","320.34","1.65","1.26","2026-08-16","1301","Terra","MODIS","100","6.1NRT","293.97","33","N","","fire_nrt_M-C61_803220.csv","18678","NRT"
"-2.36978","110.96292","322.83","1.65","1.26","2026-08-16","1301","Terra","MODIS","100","6.1NRT","293.87","38.71","N","","fire_nrt_M-C61_803220.csv","18679","NRT"
"-2.26325","110.23602","321.9","1.87","1.34","2026-08-16","1301","Terra","MODIS","100","6.1NRT","294.86","43.11","N","","fire_nrt_M-C61_803220.csv","18684","NRT"
"-2.16881","110.49818","319.17","1.78","1.31","2026-08-16","1301","Terra","MODIS","98","6.1NRT","294.87","33.13","N","","fire_nrt_M-C61_803220.csv","18685","NRT"
"-2.17121","110.49231","318.6","1.78","1.31","2026-08-16","1301","Terra","MODIS","97","6.1NRT","294.93","31.82","N","","fire_nrt_M-C61_803220.csv","18690","NRT"
"-2.16344","110.37967","328.91","1.82","1.32","2026-08-16","1301","Terra","MODIS","100","6.1NRT","294.86","60.53","N","","fire_nrt_M-C61_803220.csv","18694","NRT"
"-2.15185","110.37812","312.68","1.82","1.32","2026-08-16","1301","Terra","MODIS","83","6.1NRT","294.65","21.36","N","","fire_nrt_M-C61_803220.csv","18696","NRT"
"-2.12229","110.4222","321.12","1.8","1.32","2026-08-16","1301","Terra","MODIS","100","6.1NRT","294.85","38.8","N","","fire_nrt_M-C61_803220.csv","18698","NRT"
"-2.06107","110.19657","316.19","1.87","1.34","2026-08-16","1301","Terra","MODIS","92","6.1NRT","295.45","28.26","N","","fire_nrt_M-C61_803220.csv","18712","NRT"
"-2.03978","110.17702","316.72","1.88","1.34","2026-08-16","1301","Terra","MODIS","93","6.1NRT","295.41","29.85","N","","fire_nrt_M-C61_803220.csv","18719","NRT"
"-1.9983","110.39959","314.46","1.8","1.32","2026-08-16","1301","Terra","MODIS","88","6.1NRT","295.52","21.67","N","","fire_nrt_M-C61_803220.csv","18721","NRT"
"-1.86638","110.70123","312.32","1.7","1.28","2026-08-16","1301","Terra","MODIS","83","6.1NRT","294.23","18.06","N","","fire_nrt_M-C61_803220.csv","18734","NRT"
"-1.86482","110.71016","312.59","1.69","1.28","2026-08-16","1301","Terra","MODIS","84","6.1NRT","294.19","18.63","N","","fire_nrt_M-C61_803220.csv","18737","NRT"
"-1.85359","110.70876","311.4","1.69","1.28","2026-08-16","1301","Terra","MODIS","81","6.1NRT","294.33","16.77","N","","fire_nrt_M-C61_803220.csv","18738","NRT"
"-1.91046","110.13086","317.01","1.89","1.34","2026-08-16","1301","Terra","MODIS","94","6.1NRT","295.06","29.48","N","","fire_nrt_M-C61_803220.csv","18739","NRT"
"-1.88916","110.11115","321.88","1.89","1.34","2026-08-16","1301","Terra","MODIS","100","6.1NRT","295.05","41.56","N","","fire_nrt_M-C61_803220.csv","18744","NRT"
"-1.8377","110.13748","312.55","1.88","1.34","2026-08-16","1301","Terra","MODIS","83","6.1NRT","294.56","21.08","N","","fire_nrt_M-C61_803220.csv","18746","NRT"
"-1.75786","110.13693","315.72","1.87","1.34","2026-08-16","1301","Terra","MODIS","91","6.1NRT","295.2","28.05","N","","fire_nrt_M-C61_803220.csv","18752","NRT"
"-1.76247","110.13191","311.5","1.87","1.34","2026-08-16","1301","Terra","MODIS","81","6.1NRT","295.03","19.26","N","","fire_nrt_M-C61_803220.csv","18758","NRT"
"-1.73492","110.2431","311.27","1.83","1.33","2026-08-16","1301","Terra","MODIS","80","6.1NRT","294.76","18.88","N","","fire_nrt_M-C61_803220.csv","18762","NRT"
"-1.74354","110.09605","315.31","1.89","1.34","2026-08-16","1301","Terra","MODIS","90","6.1NRT","295.09","25.42","N","","fire_nrt_M-C61_803220.csv","18766","NRT"
"-1.70509","110.28755","314.51","1.82","1.32","2026-08-16","1301","Terra","MODIS","88","6.1NRT","294.92","24.47","N","","fire_nrt_M-C61_803220.csv","18768","NRT"
"-1.70728","110.27172","319.98","1.82","1.32","2026-08-16","1301","Terra","MODIS","99","6.1NRT","295.36","36.1","N","","fire_nrt_M-C61_803220.csv","18769","NRT"
"-1.73405","110.078","313.74","1.89","1.34","2026-08-16","1301","Terra","MODIS","86","6.1NRT","295.31","22.02","N","","fire_nrt_M-C61_803220.csv","18770","NRT"
"-1.72226","110.07642","362.41","1.89","1.34","2026-08-16","1301","Terra","MODIS","100","6.1NRT","296.78","226.37","N","","fire_nrt_M-C61_803220.csv","18771","NRT"
"-1.72451","110.06001","325.35","1.9","1.35","2026-08-16","1301","Terra","MODIS","100","6.1NRT","295.17","49.7","N","","fire_nrt_M-C61_803220.csv","18772","NRT"
"-1.71048","110.0748","316.88","1.89","1.34","2026-08-16","1301","Terra","MODIS","93","6.1NRT","295.11","28.04","N","","fire_nrt_M-C61_803220.csv","18773","NRT"
"-1.68912","110.05508","326.87","1.9","1.35","2026-08-16","1301","Terra","MODIS","100","6.1NRT","295.24","55.66","N","","fire_nrt_M-C61_803220.csv","18776","NRT"
"-1.68004","110.06429","315.51","1.89","1.34","2026-08-16","1301","Terra","MODIS","91","6.1NRT","295.14","26.07","N","","fire_nrt_M-C61_803220.csv","18777","NRT"
"-1.68236","110.04783","315.14","1.9","1.35","2026-08-16","1301","Terra","MODIS","90","6.1NRT","295","24.88","N","","fire_nrt_M-C61_803220.csv","18778","NRT"
"-1.65418","110.07748","317.6","1.89","1.34","2026-08-16","1301","Terra","MODIS","95","6.1NRT","295.67","31.61","N","","fire_nrt_M-C61_803220.csv","18780","NRT"
"-1.65647","110.06107","315.45","1.89","1.34","2026-08-16","1301","Terra","MODIS","90","6.1NRT","295.55","26.64","N","","fire_nrt_M-C61_803220.csv","18781","NRT"
"-1.64241","110.07586","320.07","1.89","1.34","2026-08-16","1301","Terra","MODIS","100","6.1NRT","295.62","37.48","N","","fire_nrt_M-C61_803220.csv","18782","NRT"
"-1.64468","110.05946","319.75","1.89","1.34","2026-08-16","1301","Terra","MODIS","99","6.1NRT","295.81","35.79","N","","fire_nrt_M-C61_803220.csv","18783","NRT"
"-1.48475","110.63396","321.5","1.69","1.28","2026-08-16","1301","Terra","MODIS","100","6.1NRT","294.63","36.96","N","","fire_nrt_M-C61_803220.csv","18792","NRT"
"-1.39408","110.11258","335.58","1.86","1.33","2026-08-16","1301","Terra","MODIS","100","6.1NRT","295.36","83.95","N","","fire_nrt_M-C61_803220.csv","18797","NRT"
"-1.39625","110.09629","318.33","1.86","1.33","2026-08-16","1301","Terra","MODIS","96","6.1NRT","294.64","32.53","N","","fire_nrt_M-C61_803220.csv","18798","NRT"
"-1.38239","110.11097","318.5","1.86","1.33","2026-08-16","1301","Terra","MODIS","87","6.1NRT","294.99","31.33","N","","fire_nrt_M-C61_803220.csv","18799","NRT"
"-1.39827","110.10753","317.78","1.86","1.33","2026-08-16","1301","Terra","MODIS","82","6.1NRT","294.53","29.72","N","","fire_nrt_M-C61_803220.csv","18801","NRT"
"-1.38658","110.10595","333.94","1.86","1.33","2026-08-16","1301","Terra","MODIS","100","6.1NRT","295.76","74.85","N","","fire_nrt_M-C61_803220.csv","18803","NRT"
"-1.26276","110.82658","317.43","1.62","1.25","2026-08-16","1301","Terra","MODIS","95","6.1NRT","294.18","27.32","N","","fire_nrt_M-C61_803220.csv","18810","NRT"
"-0.89832","110.47238","336.29","1.71","1.28","2026-08-16","1301","Terra","MODIS","100","6.1NRT","292.73","78.39","N","","fire_nrt_M-C61_803220.csv","18828","NRT"
"-0.90035","110.4574","317.32","1.71","1.28","2026-08-16","1301","Terra","MODIS","95","6.1NRT","290.5","30.4","N","","fire_nrt_M-C61_803220.csv","18829","NRT"
"-0.94905","110.4969","314.08","1.01","1.01","2026-08-16","2017","Aqua","MODIS","88","6.1NRT","289.74","12.13","N","","fire_nrt_M-C61_803220.csv","18919","NRT"
"-1.37232","110.37423","318.2","1.01","1.01","2026-08-16","2017","Aqua","MODIS","96","6.1NRT","292.38","15.42","N","","fire_nrt_M-C61_803220.csv","18924","NRT"
"-1.37165","110.11763","318.66","1","1","2026-08-16","2017","Aqua","MODIS","97","6.1NRT","292.95","14.54","N","","fire_nrt_M-C61_803220.csv","18926","NRT"
"-1.37296","110.12634","313.01","1","1","2026-08-16","2017","Aqua","MODIS","86","6.1NRT","292.17","10.32","N","","fire_nrt_M-C61_803220.csv","18927","NRT"
"-1.38041","110.11635","318.99","1","1","2026-08-16","2017","Aqua","MODIS","98","6.1NRT","293.19","14.45","N","","fire_nrt_M-C61_803220.csv","18929","NRT"
"-1.38172","110.12506","327.41","1","1","2026-08-16","2017","Aqua","MODIS","100","6.1NRT","293.52","24","N","","fire_nrt_M-C61_803220.csv","18930","NRT"
"-1.38653","110.09764","319.1","1","1","2026-08-16","2017","Aqua","MODIS","96","6.1NRT","292.89","14.35","N","","fire_nrt_M-C61_803220.csv","18931","NRT"
"-1.38785","110.10635","347.22","1","1","2026-08-16","2017","Aqua","MODIS","100","6.1NRT","295.93","54.32","N","","fire_nrt_M-C61_803220.csv","18932","NRT"
"-1.38916","110.11506","342.17","1","1","2026-08-16","2017","Aqua","MODIS","100","6.1NRT","295.21","45.06","N","","fire_nrt_M-C61_803220.csv","18933","NRT"
"-1.39048","110.12377","342.43","1","1","2026-08-16","2017","Aqua","MODIS","100","6.1NRT","294.96","46.3","N","","fire_nrt_M-C61_803220.csv","18934","NRT"
"-1.64488","110.08601","321.56","1","1","2026-08-16","2017","Aqua","MODIS","100","6.1NRT","291.7","17.5","N","","fire_nrt_M-C61_803220.csv","18942","NRT"
"-1.70156","110.28323","312.03","1.01","1","2026-08-16","2017","Aqua","MODIS","84","6.1NRT","291.43","10.41","N","","fire_nrt_M-C61_803220.csv","18947","NRT"
"-1.71035","110.28194","320.31","1.01","1","2026-08-16","2017","Aqua","MODIS","100","6.1NRT","291.1","17.81","N","","fire_nrt_M-C61_803220.csv","18949","NRT"
"-1.68605","110.06216","312.56","1","1","2026-08-16","2017","Aqua","MODIS","85","6.1NRT","291.45","10.25","N","","fire_nrt_M-C61_803220.csv","18951","NRT"
"-1.88847","110.11832","325.39","1.01","1","2026-08-16","2017","Aqua","MODIS","100","6.1NRT","292.63","22.77","N","","fire_nrt_M-C61_803220.csv","18961","NRT"
"-1.90991","110.12639","325.32","1.01","1","2026-08-16","2017","Aqua","MODIS","100","6.1NRT","290.76","22.98","N","","fire_nrt_M-C61_803220.csv","18964","NRT"
"-1.91122","110.13514","313.25","1.01","1","2026-08-16","2017","Aqua","MODIS","87","6.1NRT","290.4","11.51","N","","fire_nrt_M-C61_803220.csv","18965","NRT"
"-1.64556","110.0859","328.69","1","1","2026-08-17","0122","Terra","MODIS","81","6.1NRT","298.44","21.28","D","","fire_nrt_M-C61_803220.csv","19019","NRT"
"-1.39936","110.11149","332.17","1","1","2026-08-17","0122","Terra","MODIS","86","6.1NRT","296.21","25.29","D","","fire_nrt_M-C61_803220.csv","19026","NRT"
"-1.39811","110.10274","347.8","1","1","2026-08-17","0122","Terra","MODIS","95","6.1NRT","296.84","51.21","D","","fire_nrt_M-C61_803220.csv","19027","NRT"
"-1.3918","110.12146","345.65","1","1","2026-08-17","0122","Terra","MODIS","94","6.1NRT","298.72","46.44","D","","fire_nrt_M-C61_803220.csv","19028","NRT"
"-1.3893","110.10395","343.87","1","1","2026-08-17","0122","Terra","MODIS","93","6.1NRT","300.5","41.83","D","","fire_nrt_M-C61_803220.csv","19030","NRT"
"-1.71217","110.28507","328.98","1.01","1","2026-08-17","0122","Terra","MODIS","84","6.1NRT","297.94","23.39","D","","fire_nrt_M-C61_803220.csv","19090","NRT"
"-2.08981","110.93356","325.42","1.04","1.02","2026-08-17","0122","Terra","MODIS","81","6.1NRT","296.52","20.26","D","","fire_nrt_M-C61_803220.csv","19124","NRT"
"-1.91038","110.12891","350.43","1","1","2026-08-17","0122","Terra","MODIS","96","6.1NRT","301.6","55.68","D","","fire_nrt_M-C61_803220.csv","19128","NRT"
"-1.89023","110.11378","327.49","1","1","2026-08-17","0122","Terra","MODIS","82","6.1NRT","299.09","19.38","D","","fire_nrt_M-C61_803220.csv","19131","NRT"
"-2.19581","110.49133","328.17","1.68","1.27","2026-08-17","0835","Aqua","MODIS","81","6.1NRT","299.82","39.51","D","","fire_nrt_M-C61_803220.csv","19244","NRT"
"-2.16022","110.42688","345.71","1.66","1.27","2026-08-17","0835","Aqua","MODIS","93","6.1NRT","297.9","95.64","D","","fire_nrt_M-C61_803220.csv","19249","NRT"
"-2.17336","110.34126","328.87","1.63","1.26","2026-08-17","0835","Aqua","MODIS","82","6.1NRT","297.97","42.52","D","","fire_nrt_M-C61_803220.csv","19251","NRT"
"-2.14192","110.31631","330.95","1.63","1.26","2026-08-17","0835","Aqua","MODIS","83","6.1NRT","298.82","45.14","D","","fire_nrt_M-C61_803220.csv","19258","NRT"
"-2.14715","110.13232","350.99","1.58","1.24","2026-08-17","0835","Aqua","MODIS","83","6.1NRT","299.66","108.7","D","","fire_nrt_M-C61_803220.csv","19265","NRT"
"-2.13427","110.14439","348.74","1.58","1.24","2026-08-17","0835","Aqua","MODIS","94","6.1NRT","298.85","100.83","D","","fire_nrt_M-C61_803220.csv","19268","NRT"
"-2.0665","110.19787","327.33","1.6","1.25","2026-08-17","0835","Aqua","MODIS","80","6.1NRT","298.98","37.9","D","","fire_nrt_M-C61_803220.csv","19272","NRT"
"-2.00428","110.53959","355.98","1.7","1.28","2026-08-17","0835","Aqua","MODIS","98","6.1NRT","295.74","148.84","D","","fire_nrt_M-C61_803220.csv","19279","NRT"
"-2.00648","110.52488","367.91","1.7","1.28","2026-08-17","0835","Aqua","MODIS","100","6.1NRT","299.41","214.47","D","","fire_nrt_M-C61_803220.csv","19280","NRT"
"-1.9953","110.52318","346.49","1.7","1.28","2026-08-17","0835","Aqua","MODIS","86","6.1NRT","296.2","93.21","D","","fire_nrt_M-C61_803220.csv","19284","NRT"
"-2.00631","110.45002","328.72","1.68","1.27","2026-08-17","0835","Aqua","MODIS","82","6.1NRT","298.12","40.93","D","","fire_nrt_M-C61_803220.csv","19286","NRT"
"-2.0085","110.43551","337.29","1.67","1.27","2026-08-17","0835","Aqua","MODIS","88","6.1NRT","299.01","66.91","D","","fire_nrt_M-C61_803220.csv","19287","NRT"
"-2.04474","110.19459","348.74","1.6","1.25","2026-08-17","0835","Aqua","MODIS","95","6.1NRT","300.14","103.06","D","","fire_nrt_M-C61_803220.csv","19288","NRT"
"-2.04682","110.18073","345.47","1.6","1.24","2026-08-17","0835","Aqua","MODIS","93","6.1NRT","301.17","90.04","D","","fire_nrt_M-C61_803220.csv","19289","NRT"
"-1.97066","110.61028","331.84","1.73","1.29","2026-08-17","0835","Aqua","MODIS","84","6.1NRT","298.51","55.85","D","","fire_nrt_M-C61_803220.csv","19290","NRT"
"-1.98635","110.50672","344.85","1.69","1.28","2026-08-17","0835","Aqua","MODIS","87","6.1NRT","297.75","90.89","D","","fire_nrt_M-C61_803220.csv","19292","NRT"
"-1.99519","110.44842","332.18","1.68","1.27","2026-08-17","0835","Aqua","MODIS","85","6.1NRT","297.44","50.27","D","","fire_nrt_M-C61_803220.csv","19293","NRT"
"-1.99739","110.4339","331.84","1.67","1.27","2026-08-17","0835","Aqua","MODIS","80","6.1NRT","298.27","49.73","D","","fire_nrt_M-C61_803220.csv","19294","NRT"
"-2.03385","110.19296","365.85","1.6","1.25","2026-08-17","0835","Aqua","MODIS","100","6.1NRT","301.23","190.89","D","","fire_nrt_M-C61_803220.csv","19295","NRT"
"-2.03595","110.17909","350.51","1.6","1.24","2026-08-17","0835","Aqua","MODIS","95","6.1NRT","300.87","111.73","D","","fire_nrt_M-C61_803220.csv","19296","NRT"
"-1.97518","110.50507","347.51","1.69","1.28","2026-08-17","0835","Aqua","MODIS","82","6.1NRT","294.18","102.94","D","","fire_nrt_M-C61_803220.csv","19297","NRT"
"-2.02297","110.19131","333.93","1.6","1.25","2026-08-17","0835","Aqua","MODIS","86","6.1NRT","297.51","56.22","D","","fire_nrt_M-C61_803220.csv","19299","NRT"
"-1.89415","110.11696","336.22","1.59","1.24","2026-08-17","0835","Aqua","MODIS","88","6.1NRT","298.98","57.48","D","","fire_nrt_M-C61_803220.csv","19308","NRT"
"-1.71043","110.28433","372.37","1.65","1.26","2026-08-17","0835","Aqua","MODIS","100","6.1NRT","301.62","242.84","D","","fire_nrt_M-C61_803220.csv","19320","NRT"
"-1.71262","110.2701","335.43","1.64","1.26","2026-08-17","0835","Aqua","MODIS","87","6.1NRT","299.51","57.49","D","","fire_nrt_M-C61_803220.csv","19321","NRT"
"-1.73419","110.12971","344.67","1.6","1.25","2026-08-17","0835","Aqua","MODIS","93","6.1NRT","299.14","87.88","D","","fire_nrt_M-C61_803220.csv","19322","NRT"
"-1.73182","110.0729","341","1.58","1.24","2026-08-17","0835","Aqua","MODIS","91","6.1NRT","298.46","67.39","D","","fire_nrt_M-C61_803220.csv","19324","NRT"
"-1.70654","110.29142","348.83","1.65","1.26","2026-08-17","0835","Aqua","MODIS","95","6.1NRT","299.02","110.05","D","","fire_nrt_M-C61_803220.csv","19325","NRT"
"-1.70863","110.27714","345.54","1.65","1.26","2026-08-17","0835","Aqua","MODIS","93","6.1NRT","300.98","95.68","D","","fire_nrt_M-C61_803220.csv","19326","NRT"
"-1.73126","110.1224","334.67","1.6","1.25","2026-08-17","0835","Aqua","MODIS","87","6.1NRT","299.24","54.54","D","","fire_nrt_M-C61_803220.csv","19329","NRT"
"-1.73732","110.08092","339.91","1.59","1.24","2026-08-17","0835","Aqua","MODIS","86","6.1NRT","298.84","63.25","D","","fire_nrt_M-C61_803220.csv","19330","NRT"
"-1.72648","110.07927","339.11","1.59","1.24","2026-08-17","0835","Aqua","MODIS","88","6.1NRT","298.65","62.73","D","","fire_nrt_M-C61_803220.csv","19332","NRT"
"-1.68517","110.05899","333.56","1.58","1.24","2026-08-17","0835","Aqua","MODIS","81","6.1NRT","299.31","48.46","D","","fire_nrt_M-C61_803220.csv","19339","NRT"
"-1.64845","110.08163","347.48","1.59","1.24","2026-08-17","0835","Aqua","MODIS","94","6.1NRT","300.06","97.37","D","","fire_nrt_M-C61_803220.csv","19340","NRT"
"-2.37784","110.28411","334.62","1.6","1.25","2026-08-17","0835","Aqua","MODIS","86","6.1NRT","299.04","53.63","D","","fire_nrt_M-C61_803220.csv","19352","NRT"
"-1.40147","110.11176","362.26","1.62","1.25","2026-08-17","0835","Aqua","MODIS","100","6.1NRT","299.06","173.14","D","","fire_nrt_M-C61_803220.csv","19355","NRT"
"-0.6208","110.84854","326.51","1.9","1.35","2026-08-17","0835","Aqua","MODIS","81","6.1NRT","295.73","48.31","D","","fire_nrt_M-C61_803220.csv","19401","NRT"
"-2.36694","110.28251","338.42","1.6","1.25","2026-08-17","0835","Aqua","MODIS","86","6.1NRT","298.4","64.79","D","","fire_nrt_M-C61_803220.csv","19422","NRT"
"-2.36909","110.26852","344.6","1.6","1.25","2026-08-17","0835","Aqua","MODIS","92","6.1NRT","299.27","87.15","D","","fire_nrt_M-C61_803220.csv","19423","NRT"
"-2.34229","110.35931","326.94","1.63","1.26","2026-08-17","0835","Aqua","MODIS","80","6.1NRT","297.98","35.55","D","","fire_nrt_M-C61_803220.csv","19429","NRT"
"-2.32674","110.31306","334.89","1.62","1.25","2026-08-17","0835","Aqua","MODIS","86","6.1NRT","297.17","58.19","D","","fire_nrt_M-C61_803220.csv","19435","NRT"
"-2.31363","110.32593","328.44","1.62","1.25","2026-08-17","0835","Aqua","MODIS","81","6.1NRT","297.15","39.32","D","","fire_nrt_M-C61_803220.csv","19436","NRT"
"-2.38662","110.29973","326.49","1.61","1.25","2026-08-17","0835","Aqua","MODIS","80","6.1NRT","299.02","34.24","D","","fire_nrt_M-C61_803220.csv","19453","NRT"
"-2.35861","110.48418","348.13","1.66","1.27","2026-08-17","0835","Aqua","MODIS","94","6.1NRT","299.83","108.7","D","","fire_nrt_M-C61_803220.csv","19454","NRT"
"-2.36685","110.47899","311.88","1.67","1.27","2026-08-17","1340","Terra","MODIS","84","6.1NRT","290.06","20.51","N","","fire_nrt_M-C61_803220.csv","19617","NRT"
"-2.3536","110.49191","322.55","1.67","1.27","2026-08-17","1340","Terra","MODIS","100","6.1NRT","290.37","40.01","N","","fire_nrt_M-C61_803220.csv","19618","NRT"
"-2.35572","110.47736","348.9","1.67","1.27","2026-08-17","1340","Terra","MODIS","100","6.1NRT","292.76","124.03","N","","fire_nrt_M-C61_803220.csv","19619","NRT"
"-2.35354","110.48535","343.24","1.67","1.27","2026-08-17","1340","Terra","MODIS","100","6.1NRT","292.48","101.98","N","","fire_nrt_M-C61_803220.csv","19621","NRT"
"-2.35555","110.47076","327.71","1.67","1.27","2026-08-17","1340","Terra","MODIS","100","6.1NRT","290.25","52.51","N","","fire_nrt_M-C61_803220.csv","19622","NRT"
"-2.30932","110.31755","313.39","1.62","1.25","2026-08-17","1340","Terra","MODIS","87","6.1NRT","292.02","20.64","N","","fire_nrt_M-C61_803220.csv","19629","NRT"
"-2.00189","110.53691","312.04","1.71","1.28","2026-08-17","1340","Terra","MODIS","84","6.1NRT","285.5","20.52","N","","fire_nrt_M-C61_803220.csv","19657","NRT"
"-2.00402","110.52206","320.69","1.7","1.28","2026-08-17","1340","Terra","MODIS","100","6.1NRT","284.85","37.1","N","","fire_nrt_M-C61_803220.csv","19658","NRT"
"-1.99063","110.53529","315.93","1.71","1.28","2026-08-17","1340","Terra","MODIS","91","6.1NRT","285.92","26.06","N","","fire_nrt_M-C61_803220.csv","19660","NRT"
"-1.99278","110.52043","318.99","1.7","1.28","2026-08-17","1340","Terra","MODIS","98","6.1NRT","285.23","32.58","N","","fire_nrt_M-C61_803220.csv","19661","NRT"
"-1.97938","110.53362","322.23","1.71","1.28","2026-08-17","1340","Terra","MODIS","100","6.1NRT","285.54","38.03","N","","fire_nrt_M-C61_803220.csv","19663","NRT"
"-1.98153","110.51876","340.83","1.7","1.28","2026-08-17","1340","Terra","MODIS","100","6.1NRT","286.15","92.94","N","","fire_nrt_M-C61_803220.csv","19664","NRT"
"-2.02955","110.18765","325.07","1.6","1.25","2026-08-17","1340","Terra","MODIS","100","6.1NRT","285.96","43.5","N","","fire_nrt_M-C61_803220.csv","19665","NRT"
"-1.98015","110.52721","333.77","1.71","1.28","2026-08-17","1340","Terra","MODIS","100","6.1NRT","286.11","70.14","N","","fire_nrt_M-C61_803220.csv","19668","NRT"
"-1.98219","110.51232","326.67","1.7","1.28","2026-08-17","1340","Terra","MODIS","100","6.1NRT","285.69","49.75","N","","fire_nrt_M-C61_803220.csv","19669","NRT"
"-2.02774","110.18091","318.81","1.6","1.25","2026-08-17","1340","Terra","MODIS","97","6.1NRT","284.55","30.89","N","","fire_nrt_M-C61_803220.csv","19670","NRT"
"-1.70516","110.27561","314.4","1.65","1.26","2026-08-17","1342","Terra","MODIS","89","6.1NRT","283.5","25.55","N","","fire_nrt_M-C61_803220.csv","19714","NRT"
"-1.70314","110.29002","324.87","1.65","1.26","2026-08-17","1342","Terra","MODIS","100","6.1NRT","283.5","46.52","N","","fire_nrt_M-C61_803220.csv","19715","NRT"
"-1.88962","110.11263","311.39","1.59","1.24","2026-08-17","1342","Terra","MODIS","82","6.1NRT","281.87","20.51","N","","fire_nrt_M-C61_803220.csv","19727","NRT"
"-1.38184","110.11752","312.25","1.62","1.25","2026-08-17","1342","Terra","MODIS","82","6.1NRT","287.66","18.41","N","","fire_nrt_M-C61_803220.csv","19734","NRT"
"-1.39478","110.10501","324.84","1.62","1.25","2026-08-17","1342","Terra","MODIS","100","6.1NRT","288.78","41.85","N","","fire_nrt_M-C61_803220.csv","19737","NRT"
"-1.39285","110.1191","328.82","1.62","1.25","2026-08-17","1342","Terra","MODIS","100","6.1NRT","288.23","51.42","N","","fire_nrt_M-C61_803220.csv","19738","NRT"
"-1.39609","110.11095","334.48","1.62","1.25","2026-08-17","1342","Terra","MODIS","100","6.1NRT","288.41","66.8","N","","fire_nrt_M-C61_803220.csv","19741","NRT"
"-2.82034","110.86844","330.25","4.64","1.97","2026-08-18","0733","Aqua","MODIS","84","6.1NRT","294.83","232.31","D","","fire_nrt_M-C61_803220.csv","20118","NRT"
"-2.75342","111.09673","338.25","4.44","1.94","2026-08-18","0733","Aqua","MODIS","89","6.1NRT","297.59","304.82","D","","fire_nrt_M-C61_803220.csv","20124","NRT"
"-2.74354","111.12663","325.6","4.41","1.93","2026-08-18","0733","Aqua","MODIS","80","6.1NRT","297.65","155.53","D","","fire_nrt_M-C61_803220.csv","20138","NRT"
"-2.74909","111.08878","331.45","4.44","1.94","2026-08-18","0733","Aqua","MODIS","85","6.1NRT","297.52","219.1","D","","fire_nrt_M-C61_803220.csv","20139","NRT"
"-0.72027","110.55003","324.44","4.54","1.96","2026-08-18","0735","Aqua","MODIS","80","6.1NRT","296.06","144.42","D","","fire_nrt_M-C61_803220.csv","20361","NRT"
"-0.71737","110.54539","325.2","4.54","1.96","2026-08-18","0735","Aqua","MODIS","81","6.1NRT","296.11","153.92","D","","fire_nrt_M-C61_803220.csv","20365","NRT"
"-1.3932","110.12075","321.44","4.75","1.99","2026-08-18","1242","Terra","MODIS","100","6.1NRT","292.78","164.02","N","","fire_nrt_M-C61_803220.csv","20644","NRT"
"-1.40894","110.11603","311.41","4.75","1.99","2026-08-18","1242","Terra","MODIS","82","6.1NRT","292.49","85.8","N","","fire_nrt_M-C61_803220.csv","20645","NRT"
"-1.39154","110.11373","320.04","4.75","1.99","2026-08-18","1242","Terra","MODIS","100","6.1NRT","292.85","154.86","N","","fire_nrt_M-C61_803220.csv","20646","NRT"
"-2.34981","110.48569","322.43","1.67","1.27","2026-08-18","1953","Aqua","MODIS","100","6.1NRT","294.77","42.61","N","","fire_nrt_M-C61_803220.csv","20779","NRT"
"-2.36091","110.48399","322.64","1.67","1.27","2026-08-18","1953","Aqua","MODIS","100","6.1NRT","294.37","43.22","N","","fire_nrt_M-C61_803220.csv","20780","NRT"
"-2.372","110.48229","311.83","1.67","1.27","2026-08-18","1953","Aqua","MODIS","83","6.1NRT","292.07","22.75","N","","fire_nrt_M-C61_803220.csv","20783","NRT"
"-2.37149","110.47565","310.79","1.67","1.27","2026-08-18","1953","Aqua","MODIS","81","6.1NRT","292.18","21.15","N","","fire_nrt_M-C61_803220.csv","20787","NRT"
"-0.90675","110.46815","312.43","1.78","1.31","2026-08-18","1953","Aqua","MODIS","85","6.1NRT","291.01","24.55","N","","fire_nrt_M-C61_803220.csv","20856","NRT"
"-0.90609","110.47665","314.71","1.77","1.3","2026-08-18","1953","Aqua","MODIS","90","6.1NRT","291.03","28.96","N","","fire_nrt_M-C61_803220.csv","20859","NRT"
"-1.3927","110.09931","336.95","1.86","1.33","2026-08-18","1953","Aqua","MODIS","100","6.1NRT","290.96","88.15","N","","fire_nrt_M-C61_803220.csv","20879","NRT"
"-1.39512","110.1155","367.91","1.86","1.33","2026-08-18","1953","Aqua","MODIS","100","6.1NRT","296","265.24","N","","fire_nrt_M-C61_803220.csv","20880","NRT"
"-1.39753","110.13156","351.74","1.85","1.33","2026-08-18","1953","Aqua","MODIS","100","6.1NRT","292.35","158.4","N","","fire_nrt_M-C61_803220.csv","20881","NRT"
"-1.39022","110.10915","337.46","1.86","1.33","2026-08-18","1953","Aqua","MODIS","100","6.1NRT","292.57","91.43","N","","fire_nrt_M-C61_803220.csv","20886","NRT"
"-1.39276","110.12522","351.29","1.85","1.33","2026-08-18","1953","Aqua","MODIS","100","6.1NRT","294.45","157.02","N","","fire_nrt_M-C61_803220.csv","20887","NRT"
"-1.40185","110.10736","344.81","1.86","1.33","2026-08-18","1953","Aqua","MODIS","100","6.1NRT","291.42","125.72","N","","fire_nrt_M-C61_803220.csv","20891","NRT"
"-1.40438","110.12345","323.79","1.85","1.33","2026-08-18","1953","Aqua","MODIS","100","6.1NRT","290.18","51.27","N","","fire_nrt_M-C61_803220.csv","20892","NRT"
"-1.73635","110.16902","333.65","1.81","1.32","2026-08-18","1953","Aqua","MODIS","100","6.1NRT","284.44","79.4","N","","fire_nrt_M-C61_803220.csv","20942","NRT"
"-2.02628","110.18516","311.02","1.79","1.31","2026-08-18","1953","Aqua","MODIS","81","6.1NRT","289.91","23.45","N","","fire_nrt_M-C61_803220.csv","20966","NRT"
"-2.8402","110.46787","326.94","1.51","1.21","2026-08-19","0102","Terra","MODIS","83","6.1NRT","298.97","35.02","D","","fire_nrt_M-C61_803220.csv","21046","NRT"
"-2.83828","110.45457","388.41","1.52","1.22","2026-08-19","0102","Terra","MODIS","100","6.1NRT","302.19","341.06","D","","fire_nrt_M-C61_803220.csv","21047","NRT"
"-2.83637","110.44128","344.7","1.52","1.22","2026-08-19","0102","Terra","MODIS","93","6.1NRT","299.16","85.15","D","","fire_nrt_M-C61_803220.csv","21048","NRT"
"-2.36049","110.4855","328.96","1.54","1.22","2026-08-19","0102","Terra","MODIS","80","6.1NRT","299.64","40.6","D","","fire_nrt_M-C61_803220.csv","21069","NRT"
"-1.73981","110.16963","351.6","1.66","1.27","2026-08-19","0102","Terra","MODIS","91","6.1NRT","299.56","126.7","D","","fire_nrt_M-C61_803220.csv","21108","NRT"
"-1.73615","110.23704","334.16","1.03","1.02","2026-08-19","0811","Aqua","MODIS","86","6.1NRT","303.66","27.54","D","","fire_nrt_M-C61_803220.csv","21496","NRT"
"-1.74667","110.16494","427.92","1.04","1.02","2026-08-19","0811","Aqua","MODIS","82","6.1NRT","311.4","480.96","D","","fire_nrt_M-C61_803220.csv","21497","NRT"
"-1.74798","110.15591","409.41","1.04","1.02","2026-08-19","0811","Aqua","MODIS","94","6.1NRT","309","319.27","D","","fire_nrt_M-C61_803220.csv","21498","NRT"
"-1.73776","110.16363","383.73","1.04","1.02","2026-08-19","0811","Aqua","MODIS","94","6.1NRT","292.87","167.82","D","","fire_nrt_M-C61_803220.csv","21500","NRT"
"-1.73939","110.08984","333.04","1.04","1.02","2026-08-19","0811","Aqua","MODIS","82","6.1NRT","302.06","21.68","D","","fire_nrt_M-C61_803220.csv","21506","NRT"
"-1.63398","110.30781","343.1","1.03","1.01","2026-08-19","0811","Aqua","MODIS","80","6.1NRT","299.88","43.94","D","","fire_nrt_M-C61_803220.csv","21526","NRT"
"-1.58305","110.08247","359.38","1.04","1.02","2026-08-19","0811","Aqua","MODIS","99","6.1NRT","301.45","82.49","D","","fire_nrt_M-C61_803220.csv","21541","NRT"
"-1.58437","110.07341","376.68","1.04","1.02","2026-08-19","0811","Aqua","MODIS","100","6.1NRT","306.45","141.32","D","","fire_nrt_M-C61_803220.csv","21542","NRT"
"-1.57545","110.07209","340.34","1.04","1.02","2026-08-19","0811","Aqua","MODIS","90","6.1NRT","300.73","40.33","D","","fire_nrt_M-C61_803220.csv","21546","NRT"
"-1.52255","110.17834","336.78","1.03","1.02","2026-08-19","0811","Aqua","MODIS","88","6.1NRT","300.43","34.27","D","","fire_nrt_M-C61_803220.csv","21549","NRT"
"-1.40982","110.12783","344.1","1.04","1.02","2026-08-19","0811","Aqua","MODIS","92","6.1NRT","301.22","45.23","D","","fire_nrt_M-C61_803220.csv","21558","NRT"
"-1.41114","110.11881","361.7","1.04","1.02","2026-08-19","0811","Aqua","MODIS","100","6.1NRT","304.22","87.39","D","","fire_nrt_M-C61_803220.csv","21559","NRT"
"-1.40092","110.12653","370.51","1.04","1.02","2026-08-19","0811","Aqua","MODIS","100","6.1NRT","304.26","115.12","D","","fire_nrt_M-C61_803220.csv","21561","NRT"
"-1.40224","110.11751","387.09","1.04","1.02","2026-08-19","0811","Aqua","MODIS","100","6.1NRT","312.46","184.54","D","","fire_nrt_M-C61_803220.csv","21562","NRT"
"-1.40357","110.10849","376.7","1.04","1.02","2026-08-19","0811","Aqua","MODIS","100","6.1NRT","308.37","137.2","D","","fire_nrt_M-C61_803220.csv","21563","NRT"
"-1.40489","110.09944","374.46","1.04","1.02","2026-08-19","0811","Aqua","MODIS","100","6.1NRT","308.62","130.19","D","","fire_nrt_M-C61_803220.csv","21564","NRT"
"-1.39599","110.09814","341.5","1.04","1.02","2026-08-19","0811","Aqua","MODIS","91","6.1NRT","303.5","37.71","D","","fire_nrt_M-C61_803220.csv","21568","NRT"
"-1.19665","110.56538","333.61","1.01","1.01","2026-08-19","0811","Aqua","MODIS","81","6.1NRT","299.64","27.83","D","","fire_nrt_M-C61_803220.csv","21580","NRT"
"-1.19794","110.55659","365.18","1.01","1.01","2026-08-19","0811","Aqua","MODIS","94","6.1NRT","301.67","96.01","D","","fire_nrt_M-C61_803220.csv","21581","NRT"
"-0.97747","110.49383","332.14","1.01","1.01","2026-08-19","0811","Aqua","MODIS","85","6.1NRT","298.55","25.22","D","","fire_nrt_M-C61_803220.csv","21592","NRT"
"-0.97876","110.48503","350.27","1.01","1.01","2026-08-19","0811","Aqua","MODIS","95","6.1NRT","301.04","57.2","D","","fire_nrt_M-C61_803220.csv","21593","NRT"
"-0.95989","110.49123","330.65","1.01","1.01","2026-08-19","0811","Aqua","MODIS","84","6.1NRT","299.11","23.15","D","","fire_nrt_M-C61_803220.csv","21595","NRT"
"-0.91475","110.47889","353.36","1.01","1.01","2026-08-19","0811","Aqua","MODIS","97","6.1NRT","303.04","60.97","D","","fire_nrt_M-C61_803220.csv","21599","NRT"
"-0.91604","110.47015","335.61","1.01","1.01","2026-08-19","0811","Aqua","MODIS","87","6.1NRT","304.43","27.42","D","","fire_nrt_M-C61_803220.csv","21600","NRT"
"-0.83968","110.47927","326.07","1.01","1.01","2026-08-19","0811","Aqua","MODIS","80","6.1NRT","300.52","17.94","D","","fire_nrt_M-C61_803220.csv","21620","NRT"
"-0.74987","110.3433","327.45","1.02","1.01","2026-08-19","0811","Aqua","MODIS","81","6.1NRT","300.69","19.53","D","","fire_nrt_M-C61_803220.csv","21635","NRT"
"-0.62536","110.76369","327.33","1","1","2026-08-19","0811","Aqua","MODIS","81","6.1NRT","300.63","19.36","D","","fire_nrt_M-C61_803220.csv","21642","NRT"
"-0.59873","110.49436","330.09","1.01","1","2026-08-19","0811","Aqua","MODIS","83","6.1NRT","299.01","22.74","D","","fire_nrt_M-C61_803220.csv","21651","NRT"
"-0.60836","110.11075","337.21","1.03","1.01","2026-08-19","0811","Aqua","MODIS","88","6.1NRT","301.49","34.46","D","","fire_nrt_M-C61_803220.csv","21663","NRT"
"-0.54142","110.38142","334.71","1.01","1.01","2026-08-19","0811","Aqua","MODIS","87","6.1NRT","298.01","28.52","D","","fire_nrt_M-C61_803220.csv","21677","NRT"
"-0.54271","110.37261","334.35","1.01","1.01","2026-08-19","0811","Aqua","MODIS","87","6.1NRT","296.36","28.52","D","","fire_nrt_M-C61_803220.csv","21678","NRT"
"-0.5107","110.52939","339.27","1.01","1","2026-08-19","0811","Aqua","MODIS","90","6.1NRT","298.25","37.27","D","","fire_nrt_M-C61_803220.csv","21681","NRT"
"-0.52716","110.17154","328.09","1.02","1.01","2026-08-19","0811","Aqua","MODIS","82","6.1NRT","297","21.85","D","","fire_nrt_M-C61_803220.csv","21694","NRT"
"-2.72405","110.80491","343.28","1.02","1.01","2026-08-19","0811","Aqua","MODIS","92","6.1NRT","301.65","44.36","D","","fire_nrt_M-C61_803220.csv","22073","NRT"
"-2.64203","110.42217","342.14","1.03","1.02","2026-08-19","0811","Aqua","MODIS","91","6.1NRT","304.29","37.03","D","","fire_nrt_M-C61_803220.csv","22100","NRT"
"-2.61798","110.40023","347.02","1.04","1.02","2026-08-19","0811","Aqua","MODIS","94","6.1NRT","302.96","49.15","D","","fire_nrt_M-C61_803220.csv","22109","NRT"
"-2.61929","110.39122","355.55","1.04","1.02","2026-08-19","0811","Aqua","MODIS","98","6.1NRT","303.59","69.2","D","","fire_nrt_M-C61_803220.csv","22110","NRT"
"-2.50096","111.06487","327.77","1","1","2026-08-19","0811","Aqua","MODIS","80","6.1NRT","300.9","18.69","D","","fire_nrt_M-C61_803220.csv","22115","NRT"
"-2.31049","111.04231","327.43","1","1","2026-08-19","0811","Aqua","MODIS","80","6.1NRT","301.63","18.6","D","","fire_nrt_M-C61_803220.csv","22151","NRT"
"-2.37579","110.47501","331.65","1.03","1.01","2026-08-19","0811","Aqua","MODIS","84","6.1NRT","305.5","23.18","D","","fire_nrt_M-C61_803220.csv","22156","NRT"
"-2.36562","110.48265","336.69","1.03","1.01","2026-08-19","0811","Aqua","MODIS","87","6.1NRT","307.3","30.73","D","","fire_nrt_M-C61_803220.csv","22157","NRT"
"-2.36693","110.47372","333.28","1.03","1.01","2026-08-19","0811","Aqua","MODIS","85","6.1NRT","307.24","25.23","D","","fire_nrt_M-C61_803220.csv","22158","NRT"
"-2.39719","110.2668","333.28","1.04","1.02","2026-08-19","0811","Aqua","MODIS","85","6.1NRT","302.33","24.63","D","","fire_nrt_M-C61_803220.csv","22159","NRT"
"-2.39851","110.25781","354.15","1.04","1.02","2026-08-19","0811","Aqua","MODIS","97","6.1NRT","303.66","66.62","D","","fire_nrt_M-C61_803220.csv","22160","NRT"
"-2.35676","110.48135","345.26","1.03","1.01","2026-08-19","0811","Aqua","MODIS","93","6.1NRT","310.87","46.7","D","","fire_nrt_M-C61_803220.csv","22167","NRT"
"-2.33442","110.37086","328.89","1.03","1.02","2026-08-19","0811","Aqua","MODIS","80","6.1NRT","304.99","19.26","D","","fire_nrt_M-C61_803220.csv","22175","NRT"
"-2.32819","110.35159","332.14","1.03","1.02","2026-08-19","0811","Aqua","MODIS","84","6.1NRT","302.15","24.4","D","","fire_nrt_M-C61_803220.csv","22177","NRT"
"-2.24121","110.51254","336.39","1.02","1.01","2026-08-19","0811","Aqua","MODIS","85","6.1NRT","305.01","27.56","D","","fire_nrt_M-C61_803220.csv","22195","NRT"
"-2.23625","110.48449","345.91","1.03","1.01","2026-08-19","0811","Aqua","MODIS","93","6.1NRT","306.49","44.55","D","","fire_nrt_M-C61_803220.csv","22198","NRT"
"-2.22155","110.51304","341.38","1.02","1.01","2026-08-19","0811","Aqua","MODIS","87","6.1NRT","303.51","35.72","D","","fire_nrt_M-C61_803220.csv","22202","NRT"
"-2.22287","110.50414","373.44","1.02","1.01","2026-08-19","0811","Aqua","MODIS","100","6.1NRT","308.24","120.23","D","","fire_nrt_M-C61_803220.csv","22203","NRT"
"-2.22681","110.47739","343.13","1.03","1.01","2026-08-19","0811","Aqua","MODIS","91","6.1NRT","304.34","41.01","D","","fire_nrt_M-C61_803220.csv","22206","NRT"
"-2.22925","110.27612","350.14","1.04","1.02","2026-08-19","0811","Aqua","MODIS","95","6.1NRT","302.63","57.79","D","","fire_nrt_M-C61_803220.csv","22210","NRT"
"-2.23058","110.26706","383.63","1.04","1.02","2026-08-19","0811","Aqua","MODIS","100","6.1NRT","307.27","170.98","D","","fire_nrt_M-C61_803220.csv","22211","NRT"
"-2.18358","110.52561","332.81","1.02","1.01","2026-08-19","0811","Aqua","MODIS","84","6.1NRT","301.83","25.2","D","","fire_nrt_M-C61_803220.csv","22215","NRT"
"-2.13449","110.41162","333.98","1.03","1.01","2026-08-19","0811","Aqua","MODIS","85","6.1NRT","302.37","27.18","D","","fire_nrt_M-C61_803220.csv","22237","NRT"
"-2.12169","110.43713","339.51","1.03","1.01","2026-08-19","0811","Aqua","MODIS","89","6.1NRT","302.62","35.54","D","","fire_nrt_M-C61_803220.csv","22239","NRT"
"-2.03529","110.90257","327.15","1.01","1","2026-08-19","0811","Aqua","MODIS","80","6.1NRT","301.13","18.13","D","","fire_nrt_M-C61_803220.csv","22244","NRT"
"-2.03786","110.88508","341.84","1.01","1","2026-08-19","0811","Aqua","MODIS","91","6.1NRT","301.58","39.61","D","","fire_nrt_M-C61_803220.csv","22245","NRT"
"-2.12972","110.13448","331.99","1.05","1.02","2026-08-19","0811","Aqua","MODIS","83","6.1NRT","304.8","22.88","D","","fire_nrt_M-C61_803220.csv","22252","NRT"
"-2.06181","110.53749","328.83","1.02","1.01","2026-08-19","0811","Aqua","MODIS","81","6.1NRT","301.82","21.16","D","","fire_nrt_M-C61_803220.csv","22253","NRT"
"-2.11946","110.14226","343.28","1.05","1.02","2026-08-19","0811","Aqua","MODIS","91","6.1NRT","304.73","42.07","D","","fire_nrt_M-C61_803220.csv","22254","NRT"
"-2.12078","110.13316","346.29","1.05","1.02","2026-08-19","0811","Aqua","MODIS","93","6.1NRT","305.06","47.56","D","","fire_nrt_M-C61_803220.csv","22255","NRT"
"-2.05689","110.37623","331.75","1.03","1.01","2026-08-19","0811","Aqua","MODIS","84","6.1NRT","301.99","24.7","D","","fire_nrt_M-C61_803220.csv","22262","NRT"
"-2.05821","110.36727","328.82","1.03","1.01","2026-08-19","0811","Aqua","MODIS","81","6.1NRT","302.87","21.21","D","","fire_nrt_M-C61_803220.csv","22263","NRT"
"-2.067","110.18452","336.26","1.04","1.02","2026-08-19","0811","Aqua","MODIS","84","6.1NRT","303.19","28.99","D","","fire_nrt_M-C61_803220.csv","22271","NRT"
"-1.98777","110.53899","334.44","1.02","1.01","2026-08-19","0811","Aqua","MODIS","86","6.1NRT","304","26.37","D","","fire_nrt_M-C61_803220.csv","22278","NRT"
"-2.03398","110.16114","335.43","1.04","1.02","2026-08-19","0811","Aqua","MODIS","86","6.1NRT","301.38","29.9","D","","fire_nrt_M-C61_803220.csv","22291","NRT"
"-1.94085","110.61349","327","1.02","1.01","2026-08-19","0811","Aqua","MODIS","80","6.1NRT","301.68","17.56","D","","fire_nrt_M-C61_803220.csv","22297","NRT"
"-1.94214","110.60465","338.25","1.02","1.01","2026-08-19","0811","Aqua","MODIS","88","6.1NRT","302.54","33.43","D","","fire_nrt_M-C61_803220.csv","22298","NRT"
"-1.92083","110.17498","346.52","1.04","1.02","2026-08-19","0811","Aqua","MODIS","93","6.1NRT","305.04","49.74","D","","fire_nrt_M-C61_803220.csv","22317","NRT"
"-1.91586","110.1465","334.07","1.04","1.02","2026-08-19","0811","Aqua","MODIS","86","6.1NRT","304.14","24.81","D","","fire_nrt_M-C61_803220.csv","22321","NRT"
"-1.87631","110.16276","337.5","1.04","1.02","2026-08-19","0811","Aqua","MODIS","88","6.1NRT","302.64","32.62","D","","fire_nrt_M-C61_803220.csv","22336","NRT"
"-1.82008","110.48394","330.19","1.02","1.01","2026-08-19","0811","Aqua","MODIS","83","6.1NRT","304.27","22.29","D","","fire_nrt_M-C61_803220.csv","22337","NRT"
"-2.36848","110.47593","319.72","1","1","2026-08-19","1321","Terra","MODIS","99","6.1NRT","287.58","17.34","N","","fire_nrt_M-C61_803220.csv","22556","NRT"
"-2.35848","110.48346","317.88","1","1","2026-08-19","1321","Terra","MODIS","96","6.1NRT","288.84","15.1","N","","fire_nrt_M-C61_803220.csv","22559","NRT"
"-2.35969","110.4747","315.9","1","1","2026-08-19","1321","Terra","MODIS","92","6.1NRT","287.35","13.43","N","","fire_nrt_M-C61_803220.csv","22560","NRT"
"-2.34969","110.48224","313.23","1","1","2026-08-19","1321","Terra","MODIS","87","6.1NRT","287.8","11.25","N","","fire_nrt_M-C61_803220.csv","22563","NRT"
"-2.29207","110.36069","311.42","1","1","2026-08-19","1321","Terra","MODIS","82","6.1NRT","282.86","10.3","N","","fire_nrt_M-C61_803220.csv","22574","NRT"
"-2.29811","110.31679","317.26","1.01","1","2026-08-19","1321","Terra","MODIS","95","6.1NRT","285.37","14.77","N","","fire_nrt_M-C61_803220.csv","22576","NRT"
"-2.26296","110.1143","320.18","1.01","1.01","2026-08-19","1321","Terra","MODIS","100","6.1NRT","278.85","17.24","N","","fire_nrt_M-C61_803220.csv","22585","NRT"
"-2.23094","110.26573","323.47","1.01","1","2026-08-19","1321","Terra","MODIS","100","6.1NRT","286.76","20.22","N","","fire_nrt_M-C61_803220.csv","22587","NRT"
"-2.14684","110.28986","311.81","1.01","1","2026-08-19","1321","Terra","MODIS","83","6.1NRT","287.23","10.13","N","","fire_nrt_M-C61_803220.csv","22607","NRT"
"-2.06798","110.19193","317.51","1.01","1","2026-08-19","1321","Terra","MODIS","95","6.1NRT","280.38","15.97","N","","fire_nrt_M-C61_803220.csv","22623","NRT"
"-1.9758","110.58405","327.44","1","1","2026-08-19","1321","Terra","MODIS","100","6.1NRT","283.75","24.87","N","","fire_nrt_M-C61_803220.csv","22631","NRT"
"-1.97589","110.38797","317.94","1","1","2026-08-19","1321","Terra","MODIS","96","6.1NRT","286.58","14","N","","fire_nrt_M-C61_803220.csv","22640","NRT"
"-1.93707","110.60535","315.87","1","1","2026-08-19","1321","Terra","MODIS","92","6.1NRT","283.05","13.84","N","","fire_nrt_M-C61_803220.csv","22644","NRT"
"-1.92152","110.17731","324.63","1.01","1","2026-08-19","1321","Terra","MODIS","100","6.1NRT","287.41","21.44","N","","fire_nrt_M-C61_803220.csv","22656","NRT"
"-1.87595","110.16515","328.1","1.01","1","2026-08-19","1321","Terra","MODIS","100","6.1NRT","289.44","25.29","N","","fire_nrt_M-C61_803220.csv","22664","NRT"
"-1.81488","110.47821","317.85","1","1","2026-08-19","1321","Terra","MODIS","96","6.1NRT","284.18","15.68","N","","fire_nrt_M-C61_803220.csv","22667","NRT"
"-1.73773","110.23808","318.79","1.01","1","2026-08-19","1321","Terra","MODIS","97","6.1NRT","285.56","15.74","N","","fire_nrt_M-C61_803220.csv","22675","NRT"
"-1.74739","110.16783","360.63","1.01","1","2026-08-19","1321","Terra","MODIS","100","6.1NRT","294.37","86.11","N","","fire_nrt_M-C61_803220.csv","22676","NRT"
"-1.7486","110.15904","346.96","1.01","1","2026-08-19","1321","Terra","MODIS","100","6.1NRT","291.9","51.63","N","","fire_nrt_M-C61_803220.csv","22677","NRT"
"-1.73858","110.1666","388.3","1.01","1","2026-08-19","1321","Terra","MODIS","100","6.1NRT","297.64","188.99","N","","fire_nrt_M-C61_803220.csv","22681","NRT"
"-1.73979","110.15781","430.93","1.01","1","2026-08-19","1321","Terra","MODIS","100","6.1NRT","305.35","495.28","N","","fire_nrt_M-C61_803220.csv","22682","NRT"
"-1.741","110.14902","327.99","1.01","1","2026-08-19","1321","Terra","MODIS","100","6.1NRT","290.11","22.45","N","","fire_nrt_M-C61_803220.csv","22683","NRT"
"-1.72977","110.16538","325.63","1.01","1","2026-08-19","1321","Terra","MODIS","100","6.1NRT","289.22","20.85","N","","fire_nrt_M-C61_803220.csv","22685","NRT"
"-1.73098","110.15659","394.22","1.01","1","2026-08-19","1321","Terra","MODIS","100","6.1NRT","293.43","218.8","N","","fire_nrt_M-C61_803220.csv","22686","NRT"
"-1.73218","110.1478","325.61","1.01","1","2026-08-19","1321","Terra","MODIS","100","6.1NRT","289.1","19.95","N","","fire_nrt_M-C61_803220.csv","22687","NRT"
"-1.70291","110.29578","322.23","1","1","2026-08-19","1321","Terra","MODIS","100","6.1NRT","283.4","18.99","N","","fire_nrt_M-C61_803220.csv","22689","NRT"
"-1.63991","110.53956","314.7","1","1","2026-08-19","1321","Terra","MODIS","90","6.1NRT","293.32","11.29","N","","fire_nrt_M-C61_803220.csv","22694","NRT"
"-2.9564","110.69845","311.48","1","1","2026-08-19","1321","Terra","MODIS","82","6.1NRT","294.03","8.64","N","","fire_nrt_M-C61_803220.csv","22778","NRT"
"-2.70847","111.15977","318.44","1","1","2026-08-19","1321","Terra","MODIS","97","6.1NRT","293.32","14.94","N","","fire_nrt_M-C61_803220.csv","22829","NRT"
"-2.50127","111.06505","312.27","1","1","2026-08-19","1321","Terra","MODIS","84","6.1NRT","293.48","10.37","N","","fire_nrt_M-C61_803220.csv","22876","NRT"
"-2.39831","110.9939","312.21","1","1","2026-08-19","1321","Terra","MODIS","84","6.1NRT","292.03","9.82","N","","fire_nrt_M-C61_803220.csv","22890","NRT"
"-2.39951","110.98515","317.55","1","1","2026-08-19","1321","Terra","MODIS","95","6.1NRT","292.72","14.26","N","","fire_nrt_M-C61_803220.csv","22891","NRT"
"-1.57533","110.07792","327.86","1.01","1","2026-08-19","1323","Terra","MODIS","100","6.1NRT","288.96","25.25","N","","fire_nrt_M-C61_803220.csv","22897","NRT"
"-1.57654","110.06911","313.73","1.01","1","2026-08-19","1323","Terra","MODIS","86","6.1NRT","282.99","11.47","N","","fire_nrt_M-C61_803220.csv","22898","NRT"
"-1.40273","110.12244","364.51","1.01","1","2026-08-19","1323","Terra","MODIS","100","6.1NRT","296.28","98.14","N","","fire_nrt_M-C61_803220.csv","22899","NRT"
"-1.40394","110.11366","330.09","1.01","1","2026-08-19","1323","Terra","MODIS","100","6.1NRT","289.93","26.49","N","","fire_nrt_M-C61_803220.csv","22900","NRT"
"-1.40515","110.10487","327.08","1.01","1","2026-08-19","1323","Terra","MODIS","100","6.1NRT","290.74","23.59","N","","fire_nrt_M-C61_803220.csv","22901","NRT"
"-1.39393","110.12122","339.14","1.01","1","2026-08-19","1323","Terra","MODIS","100","6.1NRT","291.78","40.38","N","","fire_nrt_M-C61_803220.csv","22903","NRT"
"-1.39635","110.10365","336.69","1.01","1","2026-08-19","1323","Terra","MODIS","100","6.1NRT","289.74","36.15","N","","fire_nrt_M-C61_803220.csv","22905","NRT"
"-1.39756","110.09485","318.54","1.01","1","2026-08-19","1323","Terra","MODIS","89","6.1NRT","290.26","14.46","N","","fire_nrt_M-C61_803220.csv","22906","NRT"
"-1.37632","110.11877","315.62","1.01","1","2026-08-19","1323","Terra","MODIS","92","6.1NRT","284.24","12.7","N","","fire_nrt_M-C61_803220.csv","22908","NRT"
"-1.27768","110.49134","319.96","1","1","2026-08-19","1323","Terra","MODIS","99","6.1NRT","287.92","16.74","N","","fire_nrt_M-C61_803220.csv","22911","NRT"
"-1.19663","110.5601","327.16","1","1","2026-08-19","1323","Terra","MODIS","100","6.1NRT","287.3","24.68","N","","fire_nrt_M-C61_803220.csv","22915","NRT"
"-1.19783","110.55138","324.67","1","1","2026-08-19","1323","Terra","MODIS","100","6.1NRT","282.61","22.03","N","","fire_nrt_M-C61_803220.csv","22916","NRT"
"-0.89156","110.22634","312.9","1","1","2026-08-19","1323","Terra","MODIS","85","6.1NRT","295.55","9.37","N","","fire_nrt_M-C61_803220.csv","22929","NRT"
"-0.6034","110.11423","330.56","1","1","2026-08-19","1323","Terra","MODIS","100","6.1NRT","291.93","28.66","N","","fire_nrt_M-C61_803220.csv","22940","NRT"
"-0.6046","110.10548","315.25","1","1","2026-08-19","1323","Terra","MODIS","90","6.1NRT","290.42","12.6","N","","fire_nrt_M-C61_803220.csv","22941","NRT"
"-1.39407","110.11458","323.35","1.54","1.22","2026-08-19","2032","Aqua","MODIS","100","6.1NRT","295.65","35.18","N","","fire_nrt_M-C61_803220.csv","23045","NRT"
"-1.39606","110.12788","340.3","1.54","1.22","2026-08-19","2032","Aqua","MODIS","100","6.1NRT","297.11","78.84","N","","fire_nrt_M-C61_803220.csv","23046","NRT"
"-1.72458","110.15193","312.53","1.57","1.23","2026-08-19","2032","Aqua","MODIS","85","6.1NRT","293.36","19.8","N","","fire_nrt_M-C61_803220.csv","23065","NRT"
"-1.72656","110.16551","322.08","1.57","1.23","2026-08-19","2032","Aqua","MODIS","100","6.1NRT","294.36","36.68","N","","fire_nrt_M-C61_803220.csv","23066","NRT"
"-1.73535","110.15036","316.1","1.57","1.23","2026-08-19","2032","Aqua","MODIS","93","6.1NRT","292.99","24.8","N","","fire_nrt_M-C61_803220.csv","23068","NRT"
"-1.73735","110.16394","359.43","1.57","1.23","2026-08-19","2032","Aqua","MODIS","100","6.1NRT","298.44","162.25","N","","fire_nrt_M-C61_803220.csv","23069","NRT"
"-1.73935","110.17756","315.81","1.57","1.24","2026-08-19","2032","Aqua","MODIS","92","6.1NRT","294.6","25.73","N","","fire_nrt_M-C61_803220.csv","23070","NRT"
"-1.91324","110.18205","312.87","1.58","1.24","2026-08-19","2032","Aqua","MODIS","86","6.1NRT","294.5","20.62","N","","fire_nrt_M-C61_803220.csv","23076","NRT"
"-2.25875","110.12731","319.01","1.59","1.24","2026-08-19","2032","Aqua","MODIS","98","6.1NRT","295.89","31.84","N","","fire_nrt_M-C61_803220.csv","23084","NRT"
"-1.40207","110.11517","333.85","1.76","1.3","2026-08-20","0141","Terra","MODIS","87","6.1NRT","300.67","64.58","D","","fire_nrt_M-C61_803220.csv","23188","NRT"
"-1.73124","110.16325","329.25","1.8","1.31","2026-08-20","0141","Terra","MODIS","84","6.1NRT","298.98","48.95","D","","fire_nrt_M-C61_803220.csv","23195","NRT"
"-1.74058","110.14603","348.67","1.79","1.31","2026-08-20","0141","Terra","MODIS","95","6.1NRT","298.88","120.1","D","","fire_nrt_M-C61_803220.csv","23199","NRT"
"-1.7428","110.16167","389.21","1.8","1.31","2026-08-20","0141","Terra","MODIS","94","6.1NRT","305.31","441.14","D","","fire_nrt_M-C61_803220.csv","23200","NRT"
"-1.73666","110.15071","327.95","3.92","1.84","2026-08-20","1359","Terra","MODIS","100","6.1NRT","297.09","165.03","N","","fire_nrt_M-C61_803220.csv","23605","NRT"
"-1.69963","110.28574","317.12","4.03","1.86","2026-08-20","1359","Terra","MODIS","93","6.1NRT","296.05","99.84","N","","fire_nrt_M-C61_803220.csv","23606","NRT"
"-1.70488","110.25116","324.57","4","1.86","2026-08-20","1359","Terra","MODIS","100","6.1NRT","296.3","150.5","N","","fire_nrt_M-C61_803220.csv","23607","NRT"
"-1.74519","110.14497","323.64","3.92","1.84","2026-08-20","1359","Terra","MODIS","100","6.1NRT","296.75","137.52","N","","fire_nrt_M-C61_803220.csv","23609","NRT"
"-1.72903","110.14265","316.43","3.92","1.84","2026-08-20","1359","Terra","MODIS","91","6.1NRT","296.49","90.02","N","","fire_nrt_M-C61_803220.csv","23610","NRT"
"-1.6929","110.27782","324.28","4.03","1.86","2026-08-20","1359","Terra","MODIS","100","6.1NRT","296.21","153.34","N","","fire_nrt_M-C61_803220.csv","23611","NRT"
"-1.69794","110.24313","320.21","4","1.86","2026-08-20","1359","Terra","MODIS","100","6.1NRT","296.26","119.16","N","","fire_nrt_M-C61_803220.csv","23612","NRT"
"-2.20503","110.44749","333.04","2.38","1.49","2026-08-21","0750","Aqua","MODIS","85","6.1NRT","302.06","82.98","D","","fire_nrt_M-C61_803220.csv","24511","NRT"
"-2.20348","110.46146","333.89","2.37","1.49","2026-08-21","0750","Aqua","MODIS","86","6.1NRT","302.89","85.54","D","","fire_nrt_M-C61_803220.csv","24512","NRT"
"-2.16956","110.32974","326.76","2.43","1.5","2026-08-21","0750","Aqua","MODIS","80","6.1NRT","301.91","61.38","D","","fire_nrt_M-C61_803220.csv","24523","NRT"
"-2.08461","110.82756","350.05","2.2","1.44","2026-08-21","0750","Aqua","MODIS","95","6.1NRT","301.09","176.22","D","","fire_nrt_M-C61_803220.csv","24524","NRT"
"-2.07206","110.82569","345.16","2.2","1.44","2026-08-21","0750","Aqua","MODIS","93","6.1NRT","301.07","142.34","D","","fire_nrt_M-C61_803220.csv","24527","NRT"
"-2.0729","110.18059","326.31","2.49","1.52","2026-08-21","0750","Aqua","MODIS","80","6.1NRT","301.93","64.74","D","","fire_nrt_M-C61_803220.csv","24543","NRT"
"-1.93143","110.17012","330.8","2.48","1.52","2026-08-21","0750","Aqua","MODIS","84","6.1NRT","301.74","84.07","D","","fire_nrt_M-C61_803220.csv","24561","NRT"
"-1.73778","110.23829","339.51","2.43","1.5","2026-08-21","0750","Aqua","MODIS","90","6.1NRT","303.82","123.91","D","","fire_nrt_M-C61_803220.csv","24585","NRT"
"-1.70553","110.27623","336.87","2.41","1.5","2026-08-21","0750","Aqua","MODIS","88","6.1NRT","305.24","104.34","D","","fire_nrt_M-C61_803220.csv","24594","NRT"
"-1.70855","110.25531","372.76","2.42","1.5","2026-08-21","0750","Aqua","MODIS","94","6.1NRT","305.36","421.3","D","","fire_nrt_M-C61_803220.csv","24595","NRT"
"-1.51028","110.17188","374.44","2.44","1.51","2026-08-21","0750","Aqua","MODIS","100","6.1NRT","302.6","457.37","D","","fire_nrt_M-C61_803220.csv","24615","NRT"
"-1.51329","110.1508","338.78","2.45","1.51","2026-08-21","0750","Aqua","MODIS","90","6.1NRT","300.58","126.79","D","","fire_nrt_M-C61_803220.csv","24616","NRT"
"-1.5096","110.18633","325.94","2.43","1.5","2026-08-21","0750","Aqua","MODIS","80","6.1NRT","300.76","59.89","D","","fire_nrt_M-C61_803220.csv","24617","NRT"
"-1.51276","110.16537","375.69","2.44","1.51","2026-08-21","0750","Aqua","MODIS","100","6.1NRT","302.7","473.86","D","","fire_nrt_M-C61_803220.csv","24618","NRT"
"-1.41371","110.10771","349.18","2.46","1.51","2026-08-21","0750","Aqua","MODIS","95","6.1NRT","303.1","188.31","D","","fire_nrt_M-C61_803220.csv","24623","NRT"
"-1.27956","110.49236","326.48","2.27","1.46","2026-08-21","0750","Aqua","MODIS","81","6.1NRT","301.21","57.49","D","","fire_nrt_M-C61_803220.csv","24635","NRT"
"-0.84116","110.4445","325.15","2.25","1.45","2026-08-21","0750","Aqua","MODIS","80","6.1NRT","300.45","52.46","D","","fire_nrt_M-C61_803220.csv","24672","NRT"
"-2.11337","110.14","312.45","1.97","1.37","2026-08-21","1259","Terra","MODIS","83","6.1NRT","296.34","24.57","N","","fire_nrt_M-C61_803220.csv","25160","NRT"
"-2.12537","110.14165","312.8","1.97","1.37","2026-08-21","1259","Terra","MODIS","84","6.1NRT","296.47","25.64","N","","fire_nrt_M-C61_803220.csv","25161","NRT"
"-2.09491","110.54085","326.26","1.83","1.32","2026-08-21","1259","Terra","MODIS","100","6.1NRT","296.49","54.02","N","","fire_nrt_M-C61_803220.csv","25164","NRT"
"-2.14756","110.33313","314.85","1.9","1.35","2026-08-21","1259","Terra","MODIS","89","6.1NRT","295.65","28.42","N","","fire_nrt_M-C61_803220.csv","25169","NRT"
"-2.15632","110.32301","314.15","1.91","1.35","2026-08-21","1259","Terra","MODIS","87","6.1NRT","295.91","25.91","N","","fire_nrt_M-C61_803220.csv","25178","NRT"
"-2.15902","110.99074","314.06","1.69","1.28","2026-08-21","1259","Terra","MODIS","87","6.1NRT","295.56","22.35","N","","fire_nrt_M-C61_803220.csv","25202","NRT"
"-2.15696","111.00539","316.86","1.68","1.28","2026-08-21","1259","Terra","MODIS","93","6.1NRT","295.56","27.47","N","","fire_nrt_M-C61_803220.csv","25203","NRT"
"-2.15887","110.99708","325.18","1.69","1.28","2026-08-21","1259","Terra","MODIS","100","6.1NRT","295.78","45.6","N","","fire_nrt_M-C61_803220.csv","25204","NRT"
"-2.64913","110.84859","316.73","1.77","1.3","2026-08-21","1259","Terra","MODIS","93","6.1NRT","295.79","30.3","N","","fire_nrt_M-C61_803220.csv","25265","NRT"
"-2.66055","110.85016","319.65","1.77","1.3","2026-08-21","1259","Terra","MODIS","99","6.1NRT","295.95","36.35","N","","fire_nrt_M-C61_803220.csv","25266","NRT"
"-2.92462","110.69039","312.85","1.83","1.33","2026-08-21","1259","Terra","MODIS","85","6.1NRT","296.26","22.36","N","","fire_nrt_M-C61_803220.csv","25316","NRT"
"-1.40897","110.09927","328.54","1.93","1.36","2026-08-21","1259","Terra","MODIS","100","6.1NRT","298.13","64.42","N","","fire_nrt_M-C61_803220.csv","25392","NRT"
"-1.40664","110.11616","325.08","1.93","1.36","2026-08-21","1259","Terra","MODIS","100","6.1NRT","298.49","54.21","N","","fire_nrt_M-C61_803220.csv","25393","NRT"
"-1.40434","110.13287","311.73","1.92","1.35","2026-08-21","1259","Terra","MODIS","82","6.1NRT","297.22","22","N","","fire_nrt_M-C61_803220.csv","25394","NRT"
"-1.50319","110.16894","357.55","1.91","1.35","2026-08-21","1259","Terra","MODIS","100","6.1NRT","301.83","201.34","N","","fire_nrt_M-C61_803220.csv","25401","NRT"
"-1.50089","110.18555","326.91","1.91","1.35","2026-08-21","1259","Terra","MODIS","100","6.1NRT","298.06","58.64","N","","fire_nrt_M-C61_803220.csv","25402","NRT"
"-1.68677","110.25663","317.14","1.9","1.35","2026-08-21","1259","Terra","MODIS","94","6.1NRT","296.71","31.69","N","","fire_nrt_M-C61_803220.csv","25413","NRT"
"-1.68448","110.27307","324.01","1.89","1.34","2026-08-21","1259","Terra","MODIS","100","6.1NRT","296.78","48.43","N","","fire_nrt_M-C61_803220.csv","25414","NRT"
"-1.69856","110.25829","333.09","1.9","1.35","2026-08-21","1259","Terra","MODIS","100","6.1NRT","297.25","75.74","N","","fire_nrt_M-C61_803220.csv","25417","NRT"
"-1.69625","110.27476","312.19","1.89","1.34","2026-08-21","1259","Terra","MODIS","82","6.1NRT","296.37","19.84","N","","fire_nrt_M-C61_803220.csv","25418","NRT"
"-1.69352","110.26393","340.9","1.9","1.35","2026-08-21","1259","Terra","MODIS","100","6.1NRT","297.71","106.87","N","","fire_nrt_M-C61_803220.csv","25421","NRT"
"-1.73274","110.15063","317.99","1.94","1.36","2026-08-21","1259","Terra","MODIS","96","6.1NRT","296.67","34.33","N","","fire_nrt_M-C61_803220.csv","25425","NRT"
"-1.74465","110.15228","325.85","1.94","1.36","2026-08-21","1259","Terra","MODIS","100","6.1NRT","296.47","54.29","N","","fire_nrt_M-C61_803220.csv","25426","NRT"
"-1.74238","110.16908","326.82","1.93","1.36","2026-08-21","1259","Terra","MODIS","100","6.1NRT","296.71","57.06","N","","fire_nrt_M-C61_803220.csv","25427","NRT"
"-1.73336","110.23584","319.91","1.91","1.35","2026-08-21","1259","Terra","MODIS","99","6.1NRT","296.52","38.11","N","","fire_nrt_M-C61_803220.csv","25428","NRT"
"-1.75886","110.13702","320.39","1.95","1.36","2026-08-21","1259","Terra","MODIS","100","6.1NRT","296.42","38.56","N","","fire_nrt_M-C61_803220.csv","25430","NRT"
"-1.90301","110.11045","318.14","1.96","1.37","2026-08-21","1259","Terra","MODIS","96","6.1NRT","296.48","36.62","N","","fire_nrt_M-C61_803220.csv","25440","NRT"
"-1.89874","110.09868","315.56","1.97","1.37","2026-08-21","1259","Terra","MODIS","91","6.1NRT","296.08","29.84","N","","fire_nrt_M-C61_803220.csv","25442","NRT"
"-1.89649","110.1158","315.14","1.96","1.37","2026-08-21","1259","Terra","MODIS","90","6.1NRT","296.2","28.12","N","","fire_nrt_M-C61_803220.csv","25443","NRT"
"-1.92785","110.15483","314.09","1.95","1.36","2026-08-21","1259","Terra","MODIS","87","6.1NRT","296.64","26.75","N","","fire_nrt_M-C61_803220.csv","25447","NRT"
"-1.92557","110.17168","311.65","1.95","1.36","2026-08-21","1259","Terra","MODIS","81","6.1NRT","296.52","21.53","N","","fire_nrt_M-C61_803220.csv","25448","NRT"
"-2.06494","110.17901","325.21","1.95","1.36","2026-08-21","1259","Terra","MODIS","100","6.1NRT","297.3","55.75","N","","fire_nrt_M-C61_803220.csv","25458","NRT"
"-0.88795","110.2258","323.62","1.85","1.33","2026-08-21","1301","Terra","MODIS","100","6.1NRT","295.96","46.62","N","","fire_nrt_M-C61_803220.csv","25557","NRT"
"-0.89777","110.21651","315.94","1.86","1.33","2026-08-21","1301","Terra","MODIS","92","6.1NRT","295.66","29.39","N","","fire_nrt_M-C61_803220.csv","25562","NRT"
"-0.89559","110.23261","312.56","1.85","1.33","2026-08-21","1301","Terra","MODIS","84","6.1NRT","295.66","22.01","N","","fire_nrt_M-C61_803220.csv","25563","NRT"
"-1.0917","110.40125","314.44","1.81","1.32","2026-08-21","1301","Terra","MODIS","88","6.1NRT","295.54","25.31","N","","fire_nrt_M-C61_803220.csv","25573","NRT"
"-1.41082","110.1097","329.52","1.06","1.03","2026-08-21","2010","Aqua","MODIS","100","6.1NRT","296.32","28.99","N","","fire_nrt_M-C61_803220.csv","25645","NRT"
"-1.40323","110.12025","315.62","1.06","1.03","2026-08-21","2010","Aqua","MODIS","86","6.1NRT","295.83","12.65","N","","fire_nrt_M-C61_803220.csv","25650","NRT"
"-1.40183","110.11105","328.9","1.06","1.03","2026-08-21","2010","Aqua","MODIS","100","6.1NRT","298.03","27.51","N","","fire_nrt_M-C61_803220.csv","25651","NRT"
"-1.39564","110.13078","321.71","1.06","1.03","2026-08-21","2010","Aqua","MODIS","100","6.1NRT","296.24","18.7","N","","fire_nrt_M-C61_803220.csv","25656","NRT"
"-0.95092","110.4237","318.61","1.04","1.02","2026-08-21","2010","Aqua","MODIS","97","6.1NRT","293.96","17.19","N","","fire_nrt_M-C61_803220.csv","25674","NRT"
"-0.89294","110.23278","316.17","1.06","1.03","2026-08-21","2010","Aqua","MODIS","93","6.1NRT","294.85","13.54","N","","fire_nrt_M-C61_803220.csv","25677","NRT"
"-0.89156","110.22358","338.17","1.06","1.03","2026-08-21","2010","Aqua","MODIS","100","6.1NRT","295.77","42.17","N","","fire_nrt_M-C61_803220.csv","25678","NRT"
"-0.88396","110.2341","312.42","1.06","1.03","2026-08-21","2010","Aqua","MODIS","85","6.1NRT","296.02","10.51","N","","fire_nrt_M-C61_803220.csv","25681","NRT"
"-0.82062","110.36248","314.16","1.05","1.02","2026-08-21","2010","Aqua","MODIS","89","6.1NRT","294.13","12.77","N","","fire_nrt_M-C61_803220.csv","25684","NRT"
"-0.81925","110.35336","311.18","1.05","1.02","2026-08-21","2010","Aqua","MODIS","82","6.1NRT","294","10.29","N","","fire_nrt_M-C61_803220.csv","25685","NRT"
"-0.69659","110.21764","310.3","1.06","1.03","2026-08-21","2010","Aqua","MODIS","80","6.1NRT","294.57","10.36","N","","fire_nrt_M-C61_803220.csv","25688","NRT"
"-2.91485","110.68437","312.72","1.01","1","2026-08-21","2010","Aqua","MODIS","86","6.1NRT","295.95","10.1","N","","fire_nrt_M-C61_803220.csv","25699","NRT"
"-2.06107","110.1851","325.25","1.04","1.02","2026-08-21","2010","Aqua","MODIS","100","6.1NRT","297.29","23.77","N","","fire_nrt_M-C61_803220.csv","25739","NRT"
"-1.91932","110.16547","322.4","1.05","1.02","2026-08-21","2010","Aqua","MODIS","100","6.1NRT","297.06","19.86","N","","fire_nrt_M-C61_803220.csv","25750","NRT"
"-1.96415","110.5874","312.7","1.02","1.01","2026-08-21","2010","Aqua","MODIS","85","6.1NRT","294.56","12.52","N","","fire_nrt_M-C61_803220.csv","25752","NRT"
"-1.89231","110.11086","317.31","1.05","1.02","2026-08-21","2010","Aqua","MODIS","95","6.1NRT","295.93","14.82","N","","fire_nrt_M-C61_803220.csv","25753","NRT"
"-1.7587","110.14584","324.74","1.05","1.02","2026-08-21","2010","Aqua","MODIS","100","6.1NRT","295.85","22.7","N","","fire_nrt_M-C61_803220.csv","25758","NRT"
"-1.74359","110.16673","329.16","1.05","1.02","2026-08-21","2010","Aqua","MODIS","100","6.1NRT","297.16","26.49","N","","fire_nrt_M-C61_803220.csv","25761","NRT"
"-1.73686","110.24207","313.31","1.04","1.02","2026-08-21","2010","Aqua","MODIS","87","6.1NRT","295.59","11.72","N","","fire_nrt_M-C61_803220.csv","25767","NRT"
"-1.69534","110.27325","315.25","1.04","1.02","2026-08-21","2010","Aqua","MODIS","91","6.1NRT","295.1","12.44","N","","fire_nrt_M-C61_803220.csv","25775","NRT"
"-1.69397","110.26418","321.67","1.04","1.02","2026-08-21","2010","Aqua","MODIS","100","6.1NRT","295.63","18.63","N","","fire_nrt_M-C61_803220.csv","25776","NRT"
"-1.68642","110.27455","339.07","1.04","1.02","2026-08-21","2010","Aqua","MODIS","100","6.1NRT","296.21","42.56","N","","fire_nrt_M-C61_803220.csv","25777","NRT"
"-1.68505","110.2655","316.26","1.04","1.02","2026-08-21","2010","Aqua","MODIS","93","6.1NRT","295.86","12.84","N","","fire_nrt_M-C61_803220.csv","25778","NRT"
"-1.5059","110.18353","316.34","1.05","1.02","2026-08-21","2010","Aqua","MODIS","93","6.1NRT","296.13","14.05","N","","fire_nrt_M-C61_803220.csv","25790","NRT"
"-1.50452","110.1744","345.33","1.05","1.02","2026-08-21","2010","Aqua","MODIS","100","6.1NRT","299.06","55.39","N","","fire_nrt_M-C61_803220.csv","25791","NRT"
"-1.50313","110.16525","314.32","1.05","1.03","2026-08-21","2010","Aqua","MODIS","89","6.1NRT","294.91","12.54","N","","fire_nrt_M-C61_803220.csv","25792","NRT"
"-1.49695","110.18488","341.65","1.05","1.02","2026-08-21","2010","Aqua","MODIS","100","6.1NRT","298.32","48.56","N","","fire_nrt_M-C61_803220.csv","25794","NRT"
"-1.49556","110.17573","358.93","1.05","1.02","2026-08-21","2010","Aqua","MODIS","100","6.1NRT","302.8","88.36","N","","fire_nrt_M-C61_803220.csv","25795","NRT"
"-1.49417","110.16659","320.13","1.05","1.03","2026-08-21","2010","Aqua","MODIS","100","6.1NRT","296.06","18.08","N","","fire_nrt_M-C61_803220.csv","25796","NRT"
"-0.95563","110.42167","358.16","1","1","2026-08-22","0120","Terra","MODIS","99","6.1NRT","296.84","78.15","D","","fire_nrt_M-C61_803220.csv","25860","NRT"
"-0.89022","110.23184","323.25","1","1","2026-08-22","0120","Terra","MODIS","80","6.1NRT","295.53","16.72","D","","fire_nrt_M-C61_803220.csv","25863","NRT"
"-0.88897","110.2231","337.57","1","1","2026-08-22","0120","Terra","MODIS","90","6.1NRT","296.91","35.17","D","","fire_nrt_M-C61_803220.csv","25864","NRT"
"-1.40261","110.13278","329.62","1","1","2026-08-22","0122","Terra","MODIS","84","6.1NRT","297.64","22.64","D","","fire_nrt_M-C61_803220.csv","25893","NRT"
"-2.92135","110.68776","324.95","1.02","1.01","2026-08-22","0122","Terra","MODIS","80","6.1NRT","297.01","19.29","D","","fire_nrt_M-C61_803220.csv","25910","NRT"
"-2.92008","110.6788","324.33","1.02","1.01","2026-08-22","0122","Terra","MODIS","80","6.1NRT","297.12","18.69","D","","fire_nrt_M-C61_803220.csv","25911","NRT"
"-1.69003","110.2707","336.92","1","1","2026-08-22","0122","Terra","MODIS","89","6.1NRT","296.61","31.96","D","","fire_nrt_M-C61_803220.csv","25950","NRT"
"-1.50969","110.17406","345.68","1","1","2026-08-22","0122","Terra","MODIS","94","6.1NRT","300.34","49.15","D","","fire_nrt_M-C61_803220.csv","25955","NRT"
"-1.50844","110.16531","324.49","1","1","2026-08-22","0122","Terra","MODIS","80","6.1NRT","297.42","17.45","D","","fire_nrt_M-C61_803220.csv","25956","NRT"
"-1.50213","110.18403","342.31","1","1","2026-08-22","0122","Terra","MODIS","92","6.1NRT","300.22","41.42","D","","fire_nrt_M-C61_803220.csv","25957","NRT"
"-1.50088","110.17528","356.7","1","1","2026-08-22","0122","Terra","MODIS","98","6.1NRT","303.55","71.66","D","","fire_nrt_M-C61_803220.csv","25958","NRT"
"-1.49963","110.16653","328.9","1","1","2026-08-22","0122","Terra","MODIS","84","6.1NRT","299.05","21.76","D","","fire_nrt_M-C61_803220.csv","25959","NRT"
"-1.41774","110.11285","331.06","1","1","2026-08-22","0122","Terra","MODIS","85","6.1NRT","297.24","24.04","D","","fire_nrt_M-C61_803220.csv","25966","NRT"
"-1.40767","110.10531","344.48","1","1","2026-08-22","0122","Terra","MODIS","93","6.1NRT","301.82","43.99","D","","fire_nrt_M-C61_803220.csv","25969","NRT"
"-2.91738","110.68108","346.08","1.26","1.12","2026-08-22","0826","Aqua","MODIS","93","6.1NRT","298.6","66.91","D","","fire_nrt_M-C61_803220.csv","26535","NRT"
"-2.39708","110.23021","353.56","1.21","1.09","2026-08-22","0826","Aqua","MODIS","97","6.1NRT","301.13","82.99","D","","fire_nrt_M-C61_803220.csv","26641","NRT"
"-0.56098","110.22797","365.49","1.27","1.12","2026-08-22","0828","Aqua","MODIS","100","6.1NRT","298.45","137.48","D","","fire_nrt_M-C61_803220.csv","26935","NRT"
"-0.76598","110.37977","326.51","1.29","1.13","2026-08-22","0828","Aqua","MODIS","81","6.1NRT","298.26","26.3","D","","fire_nrt_M-C61_803220.csv","26967","NRT"
"-0.81031","110.42094","353.7","1.3","1.13","2026-08-22","0828","Aqua","MODIS","91","6.1NRT","296.25","94.59","D","","fire_nrt_M-C61_803220.csv","26969","NRT"
"-0.82019","110.42242","342.88","1.3","1.13","2026-08-22","0828","Aqua","MODIS","92","6.1NRT","297.82","61.66","D","","fire_nrt_M-C61_803220.csv","26970","NRT"
"-1.40942","110.11202","328.5","1.22","1.1","2026-08-22","0828","Aqua","MODIS","83","6.1NRT","297.74","26.5","D","","fire_nrt_M-C61_803220.csv","27060","NRT"
"-1.59118","110.06534","331.55","1.21","1.09","2026-08-22","0828","Aqua","MODIS","85","6.1NRT","300.14","30.07","D","","fire_nrt_M-C61_803220.csv","27100","NRT"
"-1.58963","110.07579","328.08","1.21","1.09","2026-08-22","0828","Aqua","MODIS","82","6.1NRT","298.94","24.78","D","","fire_nrt_M-C61_803220.csv","27101","NRT"
"-1.59334","110.46734","329.21","1.28","1.12","2026-08-22","0828","Aqua","MODIS","83","6.1NRT","296.89","31.02","D","","fire_nrt_M-C61_803220.csv","27105","NRT"
"-1.69671","110.26686","350.84","1.24","1.1","2026-08-22","0828","Aqua","MODIS","96","6.1NRT","301.82","70.93","D","","fire_nrt_M-C61_803220.csv","27117","NRT"
"-1.72713","110.13019","334.16","1.21","1.09","2026-08-22","0828","Aqua","MODIS","87","6.1NRT","300.81","34.08","D","","fire_nrt_M-C61_803220.csv","27120","NRT"
"-1.72555","110.14071","376.9","1.21","1.1","2026-08-22","0828","Aqua","MODIS","100","6.1NRT","302.15","175.05","D","","fire_nrt_M-C61_803220.csv","27121","NRT"
"-1.73671","110.13159","336.52","1.21","1.09","2026-08-22","0828","Aqua","MODIS","88","6.1NRT","302.53","37.65","D","","fire_nrt_M-C61_803220.csv","27125","NRT"
"-1.73513","110.14211","378","1.21","1.1","2026-08-22","0828","Aqua","MODIS","100","6.1NRT","305.9","179.38","D","","fire_nrt_M-C61_803220.csv","27126","NRT"
"-1.73355","110.15266","337.88","1.22","1.1","2026-08-22","0828","Aqua","MODIS","89","6.1NRT","301.25","38.94","D","","fire_nrt_M-C61_803220.csv","27127","NRT"
"-1.83994","110.18504","337.12","1.22","1.1","2026-08-22","0828","Aqua","MODIS","83","6.1NRT","297.85","41.9","D","","fire_nrt_M-C61_803220.csv","27148","NRT"
"-1.83837","110.19561","347.42","1.22","1.1","2026-08-22","0828","Aqua","MODIS","94","6.1NRT","299.17","66.16","D","","fire_nrt_M-C61_803220.csv","27149","NRT"
"-1.84953","110.18647","372.67","1.22","1.1","2026-08-22","0828","Aqua","MODIS","100","6.1NRT","303.5","157.23","D","","fire_nrt_M-C61_803220.csv","27152","NRT"
"-1.84796","110.19705","422.32","1.22","1.1","2026-08-22","0828","Aqua","MODIS","100","6.1NRT","310.25","545.63","D","","fire_nrt_M-C61_803220.csv","27153","NRT"
"-1.85756","110.19849","377.26","1.22","1.1","2026-08-22","0828","Aqua","MODIS","100","6.1NRT","303.91","180.85","D","","fire_nrt_M-C61_803220.csv","27158","NRT"
"-1.90591","110.105","336.09","1.2","1.09","2026-08-22","0828","Aqua","MODIS","88","6.1NRT","300.76","38.74","D","","fire_nrt_M-C61_803220.csv","27165","NRT"
"-1.9267","110.16161","344.53","1.21","1.09","2026-08-22","0828","Aqua","MODIS","93","6.1NRT","301.71","55.44","D","","fire_nrt_M-C61_803220.csv","27172","NRT"
"-1.89889","110.75631","373.94","1.32","1.14","2026-08-22","0828","Aqua","MODIS","87","6.1NRT","295.98","185.93","D","","fire_nrt_M-C61_803220.csv","27179","NRT"
"-1.89715","110.76774","361.79","1.32","1.14","2026-08-22","0828","Aqua","MODIS","94","6.1NRT","298.52","127.99","D","","fire_nrt_M-C61_803220.csv","27180","NRT"
"-1.99321","110.19878","326.59","1.21","1.1","2026-08-22","0828","Aqua","MODIS","80","6.1NRT","299.94","22.91","D","","fire_nrt_M-C61_803220.csv","27181","NRT"
"-1.99163","110.2093","328.19","1.22","1.1","2026-08-22","0828","Aqua","MODIS","82","6.1NRT","300.87","25.37","D","","fire_nrt_M-C61_803220.csv","27182","NRT"
"-2.35092","110.7557","325.7","1.69","1.28","2026-08-22","1340","Terra","MODIS","100","6.1NRT","293.56","46.44","N","","fire_nrt_M-C61_803220.csv","27514","NRT"
"-2.35309","110.74092","317.26","1.68","1.28","2026-08-22","1340","Terra","MODIS","95","6.1NRT","293.43","28.01","N","","fire_nrt_M-C61_803220.csv","27515","NRT"
"-2.3513","110.74919","331.87","1.69","1.28","2026-08-22","1340","Terra","MODIS","100","6.1NRT","293.8","63.18","N","","fire_nrt_M-C61_803220.csv","27519","NRT"
"-2.26866","110.13287","352.98","1.52","1.22","2026-08-22","1340","Terra","MODIS","100","6.1NRT","297.35","124.04","N","","fire_nrt_M-C61_803220.csv","27549","NRT"
"-2.27057","110.11964","330.6","1.52","1.22","2026-08-22","1340","Terra","MODIS","100","6.1NRT","296.17","48.82","N","","fire_nrt_M-C61_803220.csv","27550","NRT"
"-2.25798","110.13133","317.53","1.52","1.22","2026-08-22","1340","Terra","MODIS","95","6.1NRT","294.99","25.09","N","","fire_nrt_M-C61_803220.csv","27552","NRT"
"-2.26289","110.13924","315.73","1.53","1.22","2026-08-22","1340","Terra","MODIS","92","6.1NRT","294.87","22.35","N","","fire_nrt_M-C61_803220.csv","27557","NRT"
"-2.19843","110.36545","316.02","1.59","1.24","2026-08-22","1340","Terra","MODIS","92","6.1NRT","294.01","24.89","N","","fire_nrt_M-C61_803220.csv","27562","NRT"
"-2.06235","110.18016","310.74","1.55","1.23","2026-08-22","1340","Terra","MODIS","81","6.1NRT","295.01","14.69","N","","fire_nrt_M-C61_803220.csv","27576","NRT"
"-1.99196","110.21144","310.78","1.56","1.23","2026-08-22","1340","Terra","MODIS","81","6.1NRT","294.79","14.61","N","","fire_nrt_M-C61_803220.csv","27579","NRT"
"-1.90345","110.11056","311.53","1.54","1.22","2026-08-22","1340","Terra","MODIS","82","6.1NRT","294.64","14.48","N","","fire_nrt_M-C61_803220.csv","27591","NRT"
"-1.89987","110.1036","314.88","1.54","1.22","2026-08-22","1340","Terra","MODIS","90","6.1NRT","294.71","20.22","N","","fire_nrt_M-C61_803220.csv","27595","NRT"
"-1.85258","110.20712","319.98","1.57","1.23","2026-08-22","1340","Terra","MODIS","99","6.1NRT","295.4","28.84","N","","fire_nrt_M-C61_803220.csv","27600","NRT"
"-1.85448","110.19351","343.18","1.56","1.23","2026-08-22","1340","Terra","MODIS","100","6.1NRT","296","87.22","N","","fire_nrt_M-C61_803220.csv","27601","NRT"
"-1.84176","110.20557","369.85","1.57","1.23","2026-08-22","1340","Terra","MODIS","100","6.1NRT","298.23","216.68","N","","fire_nrt_M-C61_803220.csv","27602","NRT"
"-1.84367","110.19196","407.62","1.56","1.23","2026-08-22","1340","Terra","MODIS","100","6.1NRT","303.26","572.61","N","","fire_nrt_M-C61_803220.csv","27603","NRT"
"-1.84559","110.17836","322.54","1.56","1.23","2026-08-22","1340","Terra","MODIS","100","6.1NRT","294.68","31","N","","fire_nrt_M-C61_803220.csv","27604","NRT"
"-1.83094","110.20401","369.13","1.57","1.23","2026-08-22","1340","Terra","MODIS","100","6.1NRT","296.65","211.97","N","","fire_nrt_M-C61_803220.csv","27605","NRT"
"-1.83287","110.19039","462.76","1.56","1.23","2026-08-22","1340","Terra","MODIS","100","6.1NRT","308.88","1705.29","N","","fire_nrt_M-C61_803220.csv","27606","NRT"
"-1.8348","110.1768","341.28","1.56","1.23","2026-08-22","1340","Terra","MODIS","100","6.1NRT","295.45","79.82","N","","fire_nrt_M-C61_803220.csv","27607","NRT"
"-1.83863","110.14973","310.85","1.55","1.23","2026-08-22","1340","Terra","MODIS","80","6.1NRT","294.12","13.58","N","","fire_nrt_M-C61_803220.csv","27608","NRT"
"-1.78232","110.46746","316.22","1.64","1.26","2026-08-22","1340","Terra","MODIS","93","6.1NRT","294.71","25.04","N","","fire_nrt_M-C61_803220.csv","27611","NRT"
"-1.75814","110.1461","317.32","1.55","1.23","2026-08-22","1340","Terra","MODIS","95","6.1NRT","294.87","23.53","N","","fire_nrt_M-C61_803220.csv","27614","NRT"
"-1.76761","110.07877","312.26","1.54","1.22","2026-08-22","1340","Terra","MODIS","84","6.1NRT","294.69","15.59","N","","fire_nrt_M-C61_803220.csv","27615","NRT"
"-1.72579","110.14152","333.68","1.55","1.23","2026-08-22","1340","Terra","MODIS","100","6.1NRT","295.94","58.16","N","","fire_nrt_M-C61_803220.csv","27621","NRT"
"-1.69723","110.2632","317.39","1.59","1.24","2026-08-22","1340","Terra","MODIS","95","6.1NRT","294.99","23.47","N","","fire_nrt_M-C61_803220.csv","27623","NRT"
"-1.6931","110.27034","315.44","1.59","1.24","2026-08-22","1340","Terra","MODIS","91","6.1NRT","294.96","20.85","N","","fire_nrt_M-C61_803220.csv","27625","NRT"
"-1.695","110.25649","314.68","1.59","1.24","2026-08-22","1340","Terra","MODIS","90","6.1NRT","294.83","19.36","N","","fire_nrt_M-C61_803220.csv","27626","NRT"
"-1.58515","110.06789","322.67","1.54","1.22","2026-08-22","1340","Terra","MODIS","100","6.1NRT","295.51","33.75","N","","fire_nrt_M-C61_803220.csv","27633","NRT"
"-1.51109","110.17574","313.08","1.58","1.24","2026-08-22","1340","Terra","MODIS","85","6.1NRT","295.25","17.09","N","","fire_nrt_M-C61_803220.csv","27636","NRT"
"-1.49834","110.18789","334.56","1.58","1.24","2026-08-22","1340","Terra","MODIS","100","6.1NRT","296.17","62.13","N","","fire_nrt_M-C61_803220.csv","27637","NRT"
"-1.50024","110.17416","334.1","1.58","1.24","2026-08-22","1340","Terra","MODIS","100","6.1NRT","296.7","61.23","N","","fire_nrt_M-C61_803220.csv","27638","NRT"
"-1.40389","110.12667","318.6","1.57","1.23","2026-08-22","1340","Terra","MODIS","97","6.1NRT","294.69","25.99","N","","fire_nrt_M-C61_803220.csv","27644","NRT"
"-1.40579","110.11303","320.07","1.57","1.23","2026-08-22","1340","Terra","MODIS","100","6.1NRT","295.3","28.36","N","","fire_nrt_M-C61_803220.csv","27645","NRT"
"-1.83036","110.20481","346.49","3.25","1.7","2026-08-22","2046","Aqua","MODIS","100","6.1NRT","291.49","301.45","N","","fire_nrt_M-C61_803220.csv","27732","NRT"
"-1.84522","110.20272","313.11","3.25","1.7","2026-08-22","2046","Aqua","MODIS","86","6.1NRT","290.49","59.93","N","","fire_nrt_M-C61_803220.csv","27734","NRT"
"-1.82586","110.18179","313.39","3.23","1.7","2026-08-22","2046","Aqua","MODIS","87","6.1NRT","290.27","61.93","N","","fire_nrt_M-C61_803220.csv","27752","NRT"
"-1.83","110.20954","342.88","3.25","1.7","2026-08-22","2046","Aqua","MODIS","100","6.1NRT","291.4","264.36","N","","fire_nrt_M-C61_803220.csv","27753","NRT"
"-1.84487","110.20747","313.12","3.25","1.7","2026-08-22","2046","Aqua","MODIS","86","6.1NRT","290.56","62.25","N","","fire_nrt_M-C61_803220.csv","27755","NRT"
"-2.4032","110.97522","313.04","4.38","1.93","2026-08-23","1240","Terra","MODIS","86","6.1NRT","289.79","87.89","N","","fire_nrt_M-C61_803220.csv","28340","NRT"
"-1.81838","110.19551","314.2","2.51","1.52","2026-08-23","1949","Aqua","MODIS","89","6.1NRT","292.74","42.02","N","","fire_nrt_M-C61_803220.csv","28498","NRT"
"-1.83167","110.19343","314.91","2.51","1.52","2026-08-23","1949","Aqua","MODIS","90","6.1NRT","293.37","44.29","N","","fire_nrt_M-C61_803220.csv","28499","NRT"
"-1.84496","110.19134","327.69","2.51","1.52","2026-08-23","1949","Aqua","MODIS","100","6.1NRT","293.05","93.39","N","","fire_nrt_M-C61_803220.csv","28500","NRT"
"-1.82621","110.18675","312.93","2.51","1.52","2026-08-23","1949","Aqua","MODIS","86","6.1NRT","292.95","38.61","N","","fire_nrt_M-C61_803220.csv","28502","NRT"
"-1.82966","110.20836","313.99","2.5","1.52","2026-08-23","1949","Aqua","MODIS","88","6.1NRT","293.17","41.83","N","","fire_nrt_M-C61_803220.csv","28503","NRT"
"-1.83951","110.1847","323.66","2.51","1.52","2026-08-23","1949","Aqua","MODIS","100","6.1NRT","292.93","77.27","N","","fire_nrt_M-C61_803220.csv","28504","NRT"
"-1.84293","110.20631","315.77","2.5","1.52","2026-08-23","1949","Aqua","MODIS","92","6.1NRT","293.25","48.3","N","","fire_nrt_M-C61_803220.csv","28505","NRT"
"-1.82648","110.1917","347.56","1.71","1.28","2026-08-24","0102","Terra","MODIS","94","6.1NRT","297.51","112.1","D","","fire_nrt_M-C61_803220.csv","28699","NRT"
"-1.82862","110.20661","323.86","1.7","1.28","2026-08-24","0102","Terra","MODIS","80","6.1NRT","295.68","34.33","D","","fire_nrt_M-C61_803220.csv","28700","NRT"
"-1.83778","110.19007","338.85","1.71","1.28","2026-08-24","0102","Terra","MODIS","90","6.1NRT","297.94","76.19","D","","fire_nrt_M-C61_803220.csv","28703","NRT"
"-1.84908","110.18846","395.63","1.71","1.28","2026-08-24","0102","Terra","MODIS","100","6.1NRT","298.6","480.49","D","","fire_nrt_M-C61_803220.csv","28706","NRT"
"-1.84992","110.19669","337.99","1.7","1.28","2026-08-24","0102","Terra","MODIS","85","6.1NRT","297.27","71.58","D","","fire_nrt_M-C61_803220.csv","28708","NRT"
"-2.96506","110.70228","338.7","1.21","1.09","2026-08-24","0805","Aqua","MODIS","89","6.1NRT","297.7","44.05","D","","fire_nrt_M-C61_803220.csv","29370","NRT"
"-2.96656","110.69174","341.46","1.21","1.09","2026-08-24","0805","Aqua","MODIS","91","6.1NRT","297.8","51.35","D","","fire_nrt_M-C61_803220.csv","29371","NRT"
"-2.90061","110.3511","357.66","1.27","1.12","2026-08-24","0805","Aqua","MODIS","99","6.1NRT","300.75","98.55","D","","fire_nrt_M-C61_803220.csv","29398","NRT"
"-2.90224","110.3401","356.44","1.27","1.12","2026-08-24","0805","Aqua","MODIS","98","6.1NRT","300.72","94.57","D","","fire_nrt_M-C61_803220.csv","29399","NRT"
"-2.89246","110.33868","336.99","1.27","1.12","2026-08-24","0805","Aqua","MODIS","88","6.1NRT","298.4","41.9","D","","fire_nrt_M-C61_803220.csv","29402","NRT"
"-2.67857","111.16167","351.68","1.13","1.06","2026-08-24","0805","Aqua","MODIS","96","6.1NRT","298.09","71.45","D","","fire_nrt_M-C61_803220.csv","29419","NRT"
"-2.68002","111.15179","343.02","1.14","1.06","2026-08-24","0805","Aqua","MODIS","92","6.1NRT","296.53","51.24","D","","fire_nrt_M-C61_803220.csv","29420","NRT"
"-2.2488","110.75091","337.33","1.18","1.08","2026-08-24","0807","Aqua","MODIS","88","6.1NRT","298.56","41.49","D","","fire_nrt_M-C61_803220.csv","29511","NRT"
"-2.22816","110.25507","335.25","1.26","1.11","2026-08-24","0807","Aqua","MODIS","87","6.1NRT","300.03","40.87","D","","fire_nrt_M-C61_803220.csv","29532","NRT"
"-2.19111","110.30525","327.88","1.25","1.11","2026-08-24","0807","Aqua","MODIS","81","6.1NRT","299.11","25.69","D","","fire_nrt_M-C61_803220.csv","29540","NRT"
"-2.12225","110.48637","365.81","1.22","1.1","2026-08-24","0807","Aqua","MODIS","100","6.1NRT","302.77","126.1","D","","fire_nrt_M-C61_803220.csv","29549","NRT"
"-2.1238","110.47581","354.4","1.22","1.1","2026-08-24","0807","Aqua","MODIS","97","6.1NRT","301.79","84.99","D","","fire_nrt_M-C61_803220.csv","29550","NRT"
"-2.11266","110.48498","343.89","1.22","1.1","2026-08-24","0807","Aqua","MODIS","92","6.1NRT","300.15","55.92","D","","fire_nrt_M-C61_803220.csv","29551","NRT"
"-2.11421","110.4744","343.06","1.22","1.1","2026-08-24","0807","Aqua","MODIS","92","6.1NRT","300.06","53.96","D","","fire_nrt_M-C61_803220.csv","29552","NRT"
"-2.12251","110.14413","327.3","1.28","1.12","2026-08-24","0807","Aqua","MODIS","80","6.1NRT","300.86","24.13","D","","fire_nrt_M-C61_803220.csv","29564","NRT"
"-2.00137","110.87178","327.05","1.15","1.07","2026-08-24","0807","Aqua","MODIS","80","6.1NRT","297.81","23.14","D","","fire_nrt_M-C61_803220.csv","29569","NRT"
"-2.02765","110.49829","330.8","1.21","1.09","2026-08-24","0807","Aqua","MODIS","84","6.1NRT","298.74","27.72","D","","fire_nrt_M-C61_803220.csv","29574","NRT"
"-1.94818","110.84342","332.81","1.16","1.07","2026-08-24","0807","Aqua","MODIS","85","6.1NRT","299.17","32.59","D","","fire_nrt_M-C61_803220.csv","29581","NRT"
"-1.97227","110.54375","329.78","1.2","1.09","2026-08-24","0807","Aqua","MODIS","83","6.1NRT","300.12","26.57","D","","fire_nrt_M-C61_803220.csv","29585","NRT"
"-2.01837","110.2234","331.4","1.26","1.11","2026-08-24","0807","Aqua","MODIS","81","6.1NRT","299.9","30.5","D","","fire_nrt_M-C61_803220.csv","29588","NRT"
"-1.86699","110.20029","344.81","1.25","1.11","2026-08-24","0807","Aqua","MODIS","93","6.1NRT","299.34","63.45","D","","fire_nrt_M-C61_803220.csv","29601","NRT"
"-1.85569","110.20976","356.94","1.25","1.11","2026-08-24","0807","Aqua","MODIS","98","6.1NRT","298.87","98.95","D","","fire_nrt_M-C61_803220.csv","29603","NRT"
"-1.85727","110.19886","391.88","1.25","1.11","2026-08-24","0807","Aqua","MODIS","100","6.1NRT","304.26","279.64","D","","fire_nrt_M-C61_803220.csv","29604","NRT"
"-1.85885","110.18796","388.26","1.26","1.11","2026-08-24","0807","Aqua","MODIS","100","6.1NRT","304.97","253.68","D","","fire_nrt_M-C61_803220.csv","29605","NRT"
"-1.84597","110.20834","336.91","1.25","1.11","2026-08-24","0807","Aqua","MODIS","88","6.1NRT","298.65","42.77","D","","fire_nrt_M-C61_803220.csv","29606","NRT"
"-1.84755","110.19743","346.85","1.25","1.11","2026-08-24","0807","Aqua","MODIS","94","6.1NRT","300.28","65.77","D","","fire_nrt_M-C61_803220.csv","29607","NRT"
"-1.84912","110.18652","346.32","1.26","1.11","2026-08-24","0807","Aqua","MODIS","93","6.1NRT","300.16","63.08","D","","fire_nrt_M-C61_803220.csv","29608","NRT"
"-1.8507","110.17561","356.12","1.26","1.11","2026-08-24","0807","Aqua","MODIS","98","6.1NRT","301.2","95.18","D","","fire_nrt_M-C61_803220.csv","29609","NRT"
"-1.83782","110.19601","327.28","1.25","1.11","2026-08-24","0807","Aqua","MODIS","81","6.1NRT","300.02","23.88","D","","fire_nrt_M-C61_803220.csv","29610","NRT"
"-1.83939","110.1851","376.23","1.26","1.11","2026-08-24","0807","Aqua","MODIS","100","6.1NRT","302.86","180.94","D","","fire_nrt_M-C61_803220.csv","29611","NRT"
"-1.84096","110.17417","378.72","1.26","1.11","2026-08-24","0807","Aqua","MODIS","100","6.1NRT","302.98","196.67","D","","fire_nrt_M-C61_803220.csv","29612","NRT"
"-1.84254","110.16322","326.74","1.26","1.12","2026-08-24","0807","Aqua","MODIS","80","6.1NRT","297.41","24.36","D","","fire_nrt_M-C61_803220.csv","29613","NRT"
"-1.82809","110.1946","401.08","1.25","1.11","2026-08-24","0807","Aqua","MODIS","100","6.1NRT","304.81","351.45","D","","fire_nrt_M-C61_803220.csv","29616","NRT"
"-1.82966","110.18369","399.65","1.26","1.11","2026-08-24","0807","Aqua","MODIS","100","6.1NRT","305.44","339.57","D","","fire_nrt_M-C61_803220.csv","29617","NRT"
"-1.82497","110.1998","339.11","1.25","1.11","2026-08-24","0807","Aqua","MODIS","89","6.1NRT","298.66","47.98","D","","fire_nrt_M-C61_803220.csv","29620","NRT"
"-1.8266","110.18891","412.5","1.25","1.11","2026-08-24","0807","Aqua","MODIS","100","6.1NRT","309.1","458.85","D","","fire_nrt_M-C61_803220.csv","29621","NRT"
"-1.82823","110.17799","345.23","1.26","1.11","2026-08-24","0807","Aqua","MODIS","93","6.1NRT","300.93","62.75","D","","fire_nrt_M-C61_803220.csv","29622","NRT"
"-1.81688","110.18746","340.22","1.25","1.11","2026-08-24","0807","Aqua","MODIS","90","6.1NRT","297.93","50.48","D","","fire_nrt_M-C61_803220.csv","29623","NRT"
"-1.8185","110.17654","335.65","1.26","1.11","2026-08-24","0807","Aqua","MODIS","87","6.1NRT","297.65","40.02","D","","fire_nrt_M-C61_803220.csv","29624","NRT"
"-1.71718","110.16628","390.53","1.25","1.11","2026-08-24","0807","Aqua","MODIS","100","6.1NRT","300.96","267.74","D","","fire_nrt_M-C61_803220.csv","29642","NRT"
"-1.7188","110.15538","344.91","1.26","1.11","2026-08-24","0807","Aqua","MODIS","93","6.1NRT","296.87","59.51","D","","fire_nrt_M-C61_803220.csv","29643","NRT"
"-1.49795","110.19955","356.88","1.24","1.11","2026-08-24","0807","Aqua","MODIS","98","6.1NRT","297.63","96.69","D","","fire_nrt_M-C61_803220.csv","29661","NRT"
"-1.49952","110.1888","368.22","1.24","1.11","2026-08-24","0807","Aqua","MODIS","100","6.1NRT","300.1","140.51","D","","fire_nrt_M-C61_803220.csv","29662","NRT"
"-0.68245","110.91473","338.17","1.11","1.05","2026-08-24","0807","Aqua","MODIS","89","6.1NRT","296.86","40.51","D","","fire_nrt_M-C61_803220.csv","29717","NRT"
"-0.62093","110.31855","345.74","1.19","1.09","2026-08-24","0807","Aqua","MODIS","93","6.1NRT","298.55","61.28","D","","fire_nrt_M-C61_803220.csv","29748","NRT"
"-0.54884","110.37481","365.22","1.18","1.08","2026-08-24","0807","Aqua","MODIS","100","6.1NRT","300.38","121.19","D","","fire_nrt_M-C61_803220.csv","29764","NRT"
"-2.96156","110.6914","312.96","1.01","1","2026-08-24","1318","Terra","MODIS","85","6.1NRT","295.7","9.01","N","","fire_nrt_M-C61_803220.csv","30174","NRT"
"-2.5109","110.61631","311.95","1","1","2026-08-24","1318","Terra","MODIS","83","6.1NRT","294.37","9.15","N","","fire_nrt_M-C61_803220.csv","30293","NRT"
"-2.50331","110.60631","316.54","1.01","1","2026-08-24","1318","Terra","MODIS","93","6.1NRT","294.53","12.88","N","","fire_nrt_M-C61_803220.csv","30297","NRT"
"-2.41761","110.62385","318.28","1","1","2026-08-24","1318","Terra","MODIS","96","6.1NRT","294.86","14.41","N","","fire_nrt_M-C61_803220.csv","30302","NRT"
"-2.40881","110.62262","319.29","1","1","2026-08-24","1318","Terra","MODIS","98","6.1NRT","294.76","15.26","N","","fire_nrt_M-C61_803220.csv","30304","NRT"
"-2.38611","110.44348","313.47","1.01","1","2026-08-24","1318","Terra","MODIS","86","6.1NRT","294.51","10.8","N","","fire_nrt_M-C61_803220.csv","30306","NRT"
"-2.23209","111.02248","349.67","1","1","2026-08-24","1318","Terra","MODIS","100","6.1NRT","295.74","59.93","N","","fire_nrt_M-C61_803220.csv","30316","NRT"
"-2.27112","110.1355","330.78","1.02","1.01","2026-08-24","1318","Terra","MODIS","100","6.1NRT","297.63","27.98","N","","fire_nrt_M-C61_803220.csv","30325","NRT"
"-2.26349","110.12536","314.94","1.02","1.01","2026-08-24","1318","Terra","MODIS","89","6.1NRT","296.17","11.51","N","","fire_nrt_M-C61_803220.csv","30329","NRT"
"-2.23018","110.3017","313.98","1.01","1.01","2026-08-24","1318","Terra","MODIS","87","6.1NRT","295.67","9.7","N","","fire_nrt_M-C61_803220.csv","30334","NRT"
"-2.22134","110.30052","324.12","1.01","1.01","2026-08-24","1318","Terra","MODIS","100","6.1NRT","295.63","18.71","N","","fire_nrt_M-C61_803220.csv","30339","NRT"
"-2.22256","110.29162","317.4","1.01","1.01","2026-08-24","1318","Terra","MODIS","94","6.1NRT","295.99","11.99","N","","fire_nrt_M-C61_803220.csv","30340","NRT"
"-2.22378","110.28277","321.34","1.01","1.01","2026-08-24","1318","Terra","MODIS","100","6.1NRT","295.75","15.65","N","","fire_nrt_M-C61_803220.csv","30341","NRT"
"-2.19365","110.30558","316.53","1.01","1.01","2026-08-24","1318","Terra","MODIS","93","6.1NRT","295.29","12.18","N","","fire_nrt_M-C61_803220.csv","30347","NRT"
"-2.17599","110.30314","317.81","1.01","1.01","2026-08-24","1318","Terra","MODIS","95","6.1NRT","295.27","13.57","N","","fire_nrt_M-C61_803220.csv","30348","NRT"
"-2.15363","110.12196","316.58","1.02","1.01","2026-08-24","1318","Terra","MODIS","93","6.1NRT","295.27","12.79","N","","fire_nrt_M-C61_803220.csv","30359","NRT"
"-1.99388","110.2206","315.75","1.01","1.01","2026-08-24","1318","Terra","MODIS","91","6.1NRT","295.68","11.18","N","","fire_nrt_M-C61_803220.csv","30382","NRT"
"-1.97978","110.17615","316.61","1.02","1.01","2026-08-24","1318","Terra","MODIS","93","6.1NRT","295.08","12.57","N","","fire_nrt_M-C61_803220.csv","30386","NRT"
"-1.981","110.16728","312.29","1.02","1.01","2026-08-24","1318","Terra","MODIS","82","6.1NRT","294.83","9.02","N","","fire_nrt_M-C61_803220.csv","30387","NRT"
"-1.89278","110.61245","312.79","1","1","2026-08-24","1318","Terra","MODIS","84","6.1NRT","294.98","9.07","N","","fire_nrt_M-C61_803220.csv","30389","NRT"
"-1.93192","110.19659","312.12","1.01","1.01","2026-08-24","1318","Terra","MODIS","81","6.1NRT","294.74","8.72","N","","fire_nrt_M-C61_803220.csv","30391","NRT"
"-1.92151","110.14095","313.63","1.02","1.01","2026-08-24","1318","Terra","MODIS","85","6.1NRT","295.54","9.29","N","","fire_nrt_M-C61_803220.csv","30395","NRT"
"-1.89014","110.15782","316.42","1.02","1.01","2026-08-24","1318","Terra","MODIS","92","6.1NRT","295.84","11.7","N","","fire_nrt_M-C61_803220.csv","30396","NRT"
"-1.89627","110.11344","317.01","1.02","1.01","2026-08-24","1318","Terra","MODIS","93","6.1NRT","295.72","12.92","N","","fire_nrt_M-C61_803220.csv","30397","NRT"
"-1.88008","110.16545","322.32","1.02","1.01","2026-08-24","1318","Terra","MODIS","100","6.1NRT","296.24","17.16","N","","fire_nrt_M-C61_803220.csv","30399","NRT"
"-1.85632","110.20726","325.86","1.01","1.01","2026-08-24","1318","Terra","MODIS","100","6.1NRT","296.68","21.29","N","","fire_nrt_M-C61_803220.csv","30401","NRT"
"-1.85753","110.19841","359.23","1.01","1.01","2026-08-24","1318","Terra","MODIS","100","6.1NRT","299.69","82.73","N","","fire_nrt_M-C61_803220.csv","30402","NRT"
"-1.85875","110.18956","332.13","1.01","1.01","2026-08-24","1318","Terra","MODIS","100","6.1NRT","297.27","28.33","N","","fire_nrt_M-C61_803220.csv","30403","NRT"
"-1.84748","110.20603","363.33","1.01","1.01","2026-08-24","1318","Terra","MODIS","100","6.1NRT","297.96","94.27","N","","fire_nrt_M-C61_803220.csv","30404","NRT"
"-1.8487","110.19718","336.29","1.01","1.01","2026-08-24","1318","Terra","MODIS","100","6.1NRT","296.88","34.75","N","","fire_nrt_M-C61_803220.csv","30405","NRT"
"-1.84991","110.18833","357.58","1.01","1.01","2026-08-24","1318","Terra","MODIS","100","6.1NRT","298.64","77.63","N","","fire_nrt_M-C61_803220.csv","30406","NRT"
"-1.83865","110.2048","314.03","1.01","1.01","2026-08-24","1318","Terra","MODIS","87","6.1NRT","295.65","9.87","N","","fire_nrt_M-C61_803220.csv","30407","NRT"
"-1.84107","110.1871","331.82","1.01","1.01","2026-08-24","1318","Terra","MODIS","100","6.1NRT","297.57","27.5","N","","fire_nrt_M-C61_803220.csv","30408","NRT"
"-1.84229","110.17825","342.31","1.01","1.01","2026-08-24","1318","Terra","MODIS","100","6.1NRT","299.23","44.21","N","","fire_nrt_M-C61_803220.csv","30409","NRT"
"-1.8435","110.1694","313.89","1.02","1.01","2026-08-24","1318","Terra","MODIS","86","6.1NRT","295.53","9.11","N","","fire_nrt_M-C61_803220.csv","30410","NRT"
"-1.83224","110.18587","334.02","1.01","1.01","2026-08-24","1318","Terra","MODIS","100","6.1NRT","297.12","30.27","N","","fire_nrt_M-C61_803220.csv","30411","NRT"
"-1.83345","110.17702","334.89","1.01","1.01","2026-08-24","1318","Terra","MODIS","100","6.1NRT","296.87","31.89","N","","fire_nrt_M-C61_803220.csv","30412","NRT"
"-1.83466","110.16817","316.84","1.02","1.01","2026-08-24","1318","Terra","MODIS","93","6.1NRT","295.47","11.65","N","","fire_nrt_M-C61_803220.csv","30413","NRT"
"-1.82219","110.1935","359.9","1.01","1.01","2026-08-24","1318","Terra","MODIS","100","6.1NRT","299.39","84.04","N","","fire_nrt_M-C61_803220.csv","30415","NRT"
"-1.8234","110.18465","353.63","1.01","1.01","2026-08-24","1318","Terra","MODIS","100","6.1NRT","298.89","68.31","N","","fire_nrt_M-C61_803220.csv","30416","NRT"
"-1.81335","110.19228","312.52","1.01","1.01","2026-08-24","1318","Terra","MODIS","83","6.1NRT","295.4","8.19","N","","fire_nrt_M-C61_803220.csv","30418","NRT"
"-1.81456","110.18342","335.86","1.01","1.01","2026-08-24","1318","Terra","MODIS","100","6.1NRT","296.47","34.21","N","","fire_nrt_M-C61_803220.csv","30419","NRT"
"-1.81577","110.17456","317.67","1.01","1.01","2026-08-24","1318","Terra","MODIS","95","6.1NRT","295.53","12.67","N","","fire_nrt_M-C61_803220.csv","30420","NRT"
"-1.76387","110.14302","314.78","1.02","1.01","2026-08-24","1318","Terra","MODIS","89","6.1NRT","295.67","10.78","N","","fire_nrt_M-C61_803220.csv","30423","NRT"
"-1.74169","110.23907","321.47","1.01","1.01","2026-08-24","1318","Terra","MODIS","100","6.1NRT","296.31","15.99","N","","fire_nrt_M-C61_803220.csv","30424","NRT"
"-1.75381","110.15066","319.17","1.02","1.01","2026-08-24","1318","Terra","MODIS","98","6.1NRT","295.53","14.52","N","","fire_nrt_M-C61_803220.csv","30425","NRT"
"-1.72729","110.14697","311.56","1.02","1.01","2026-08-24","1318","Terra","MODIS","81","6.1NRT","295.24","7.24","N","","fire_nrt_M-C61_803220.csv","30427","NRT"
"-1.70136","110.25455","312.18","1.01","1","2026-08-24","1318","Terra","MODIS","83","6.1NRT","295.48","8.06","N","","fire_nrt_M-C61_803220.csv","30430","NRT"
"-1.6739","110.06133","321.39","1.02","1.01","2026-08-24","1318","Terra","MODIS","100","6.1NRT","296.31","16.82","N","","fire_nrt_M-C61_803220.csv","30434","NRT"
"-1.58057","110.06927","334.89","1.02","1.01","2026-08-24","1318","Terra","MODIS","100","6.1NRT","297.12","33.31","N","","fire_nrt_M-C61_803220.csv","30435","NRT"
"-1.58178","110.06038","312.17","1.02","1.01","2026-08-24","1318","Terra","MODIS","82","6.1NRT","295.56","8.02","N","","fire_nrt_M-C61_803220.csv","30436","NRT"
"-1.49679","110.20493","314.74","1.01","1.01","2026-08-24","1318","Terra","MODIS","88","6.1NRT","295.68","10.04","N","","fire_nrt_M-C61_803220.csv","30439","NRT"
"-1.49801","110.19612","364.97","1.01","1.01","2026-08-24","1318","Terra","MODIS","100","6.1NRT","299.3","98.01","N","","fire_nrt_M-C61_803220.csv","30440","NRT"
"-1.49922","110.1873","329.48","1.01","1.01","2026-08-24","1318","Terra","MODIS","100","6.1NRT","297.5","24.39","N","","fire_nrt_M-C61_803220.csv","30441","NRT"
"-1.48918","110.1949","346.96","1.01","1.01","2026-08-24","1318","Terra","MODIS","100","6.1NRT","296.5","52.79","N","","fire_nrt_M-C61_803220.csv","30442","NRT"
"-1.49039","110.18608","332.66","1.01","1.01","2026-08-24","1318","Terra","MODIS","100","6.1NRT","297.33","28.18","N","","fire_nrt_M-C61_803220.csv","30443","NRT"
"-1.43234","110.19869","312.73","1.01","1","2026-08-24","1318","Terra","MODIS","83","6.1NRT","295.6","8.6","N","","fire_nrt_M-C61_803220.csv","30445","NRT"
"-1.42351","110.19748","318.09","1.01","1","2026-08-24","1318","Terra","MODIS","96","6.1NRT","295.93","13.41","N","","fire_nrt_M-C61_803220.csv","30446","NRT"
"-1.42565","110.11677","337.19","1.01","1.01","2026-08-24","1318","Terra","MODIS","100","6.1NRT","297.42","36.81","N","","fire_nrt_M-C61_803220.csv","30448","NRT"
"-1.41682","110.11555","326.79","1.01","1.01","2026-08-24","1318","Terra","MODIS","100","6.1NRT","295.91","21.69","N","","fire_nrt_M-C61_803220.csv","30449","NRT"
"-1.40555","110.13201","350.43","1.01","1.01","2026-08-24","1318","Terra","MODIS","100","6.1NRT","297.7","60.71","N","","fire_nrt_M-C61_803220.csv","30452","NRT"
"-1.40676","110.12318","326.4","1.01","1.01","2026-08-24","1318","Terra","MODIS","100","6.1NRT","296.02","20.62","N","","fire_nrt_M-C61_803220.csv","30453","NRT"
"-1.39551","110.13963","328.55","1.01","1.01","2026-08-24","1318","Terra","MODIS","100","6.1NRT","296.81","23.85","N","","fire_nrt_M-C61_803220.csv","30456","NRT"
"-1.39672","110.13079","318.27","1.01","1.01","2026-08-24","1318","Terra","MODIS","96","6.1NRT","296.18","12.5","N","","fire_nrt_M-C61_803220.csv","30457","NRT"
"-1.36817","110.20779","314.6","1.01","1","2026-08-24","1318","Terra","MODIS","88","6.1NRT","295.27","11","N","","fire_nrt_M-C61_803220.csv","30460","NRT"
"-1.7429","110.23025","336.77","1.01","1.01","2026-08-24","1318","Terra","MODIS","100","6.1NRT","297.39","35.54","N","","fire_nrt_M-C61_803220.csv","30516","NRT"
"-1.3972","110.13982","322.06","1.18","1.08","2026-08-24","2025","Aqua","MODIS","100","6.1NRT","294.32","22.19","N","","fire_nrt_M-C61_803220.csv","30719","NRT"
"-1.40509","110.12824","323.68","1.18","1.08","2026-08-24","2025","Aqua","MODIS","100","6.1NRT","293.78","23.53","N","","fire_nrt_M-C61_803220.csv","30721","NRT"
"-1.41972","110.12055","315.73","1.18","1.08","2026-08-24","2025","Aqua","MODIS","92","6.1NRT","294.05","15.75","N","","fire_nrt_M-C61_803220.csv","30729","NRT"
"-1.48869","110.19432","327.75","1.19","1.08","2026-08-24","2025","Aqua","MODIS","100","6.1NRT","294.77","30","N","","fire_nrt_M-C61_803220.csv","30735","NRT"
"-1.49025","110.2047","333.56","1.19","1.09","2026-08-24","2025","Aqua","MODIS","100","6.1NRT","294.77","40.21","N","","fire_nrt_M-C61_803220.csv","30736","NRT"
"-1.74216","110.23386","315.05","1.2","1.09","2026-08-24","2025","Aqua","MODIS","90","6.1NRT","293.69","15.83","N","","fire_nrt_M-C61_803220.csv","30747","NRT"
"-1.81809","110.18513","329.26","1.2","1.09","2026-08-24","2025","Aqua","MODIS","100","6.1NRT","295.08","32","N","","fire_nrt_M-C61_803220.csv","30751","NRT"
"-1.81962","110.1955","326.67","1.2","1.09","2026-08-24","2025","Aqua","MODIS","100","6.1NRT","295.46","28.11","N","","fire_nrt_M-C61_803220.csv","30752","NRT"
"-1.83713","110.18236","326.57","1.2","1.09","2026-08-24","2025","Aqua","MODIS","100","6.1NRT","295.76","28.49","N","","fire_nrt_M-C61_803220.csv","30753","NRT"
"-1.84821","110.19139","339.95","1.2","1.09","2026-08-24","2025","Aqua","MODIS","100","6.1NRT","295.49","51.52","N","","fire_nrt_M-C61_803220.csv","30756","NRT"
"-1.84977","110.20181","348.77","1.2","1.09","2026-08-24","2025","Aqua","MODIS","100","6.1NRT","296.53","74.18","N","","fire_nrt_M-C61_803220.csv","30757","NRT"
"-2.22179","110.28457","324.23","1.23","1.1","2026-08-24","2027","Aqua","MODIS","100","6.1NRT","293.43","27.61","N","","fire_nrt_M-C61_803220.csv","30770","NRT"
"-2.35736","110.31307","315.69","1.24","1.11","2026-08-24","2027","Aqua","MODIS","92","6.1NRT","293.11","18.56","N","","fire_nrt_M-C61_803220.csv","30777","NRT"
"-1.49834","110.19559","336.61","1.73","1.29","2026-08-25","0139","Terra","MODIS","89","6.1NRT","298.93","72.12","D","","fire_nrt_M-C61_803220.csv","30950","NRT"
"-1.81812","110.17975","354.97","1.74","1.29","2026-08-25","0139","Terra","MODIS","92","6.1NRT","298.2","149.87","D","","fire_nrt_M-C61_803220.csv","30957","NRT"
"-1.82029","110.19488","359.46","1.75","1.3","2026-08-25","0139","Terra","MODIS","99","6.1NRT","298.83","177.1","D","","fire_nrt_M-C61_803220.csv","30958","NRT"
"-1.81822","110.18925","349.93","1.75","1.3","2026-08-25","0139","Terra","MODIS","95","6.1NRT","299.04","122.98","D","","fire_nrt_M-C61_803220.csv","30962","NRT"
"-1.82963","110.18769","341","1.75","1.3","2026-08-25","0139","Terra","MODIS","84","6.1NRT","298.38","82.84","D","","fire_nrt_M-C61_803220.csv","30964","NRT"
"-1.85457","110.19988","370.59","1.75","1.3","2026-08-25","0139","Terra","MODIS","100","6.1NRT","299.63","252.26","D","","fire_nrt_M-C61_803220.csv","30968","NRT"
"-1.86606","110.1853","353.98","2.35","1.48","2026-08-25","0843","Aqua","MODIS","97","6.1NRT","297.63","218.01","D","","fire_nrt_M-C61_803220.csv","31266","NRT"
"-1.49295","110.19111","313.93","3.85","1.83","2026-08-25","1359","Terra","MODIS","84","6.1NRT","286.94","81.99","N","","fire_nrt_M-C61_803220.csv","31426","NRT"
"-1.85606","110.20194","318.27","3.8","1.82","2026-08-25","1359","Terra","MODIS","88","6.1NRT","282.37","101.75","N","","fire_nrt_M-C61_803220.csv","31459","NRT"
"-1.84481","110.16679","314.03","3.78","1.82","2026-08-25","1359","Terra","MODIS","84","6.1NRT","281.16","78.94","N","","fire_nrt_M-C61_803220.csv","31460","NRT"
"-1.42256","110.1133","320.27","3.8","1.82","2026-08-25","1359","Terra","MODIS","100","6.1NRT","280.71","125.22","N","","fire_nrt_M-C61_803220.csv","31472","NRT"
"-1.40665","110.11081","313.8","3.8","1.82","2026-08-25","1359","Terra","MODIS","83","6.1NRT","277.75","87.7","N","","fire_nrt_M-C61_803220.csv","31473","NRT"
"-1.41377","110.10513","323.95","3.8","1.82","2026-08-25","1359","Terra","MODIS","100","6.1NRT","278.56","150.85","N","","fire_nrt_M-C61_803220.csv","31475","NRT"
"-0.73049","110.33682","340.46","3.21","1.7","2026-08-26","0744","Aqua","MODIS","91","6.1NRT","292.25","216.46","D","","fire_nrt_M-C61_803220.csv","32049","NRT"
"-0.73073","110.33228","339.15","3.21","1.7","2026-08-26","0744","Aqua","MODIS","85","6.1NRT","291.96","202.05","D","","fire_nrt_M-C61_803220.csv","32053","NRT"
"-2.25101","110.37867","312.39","1.97","1.37","2026-08-26","1259","Terra","MODIS","83","6.1NRT","294.16","24.89","N","","fire_nrt_M-C61_803220.csv","32678","NRT"
"-2.25912","110.13003","329.01","2.07","1.4","2026-08-26","1259","Terra","MODIS","100","6.1NRT","294.82","73.96","N","","fire_nrt_M-C61_803220.csv","32682","NRT"
"-2.11472","111.05713","333.64","1.73","1.29","2026-08-26","1259","Terra","MODIS","100","6.1NRT","295.27","70.78","N","","fire_nrt_M-C61_803220.csv","32690","NRT"
"-2.11684","111.04167","316.29","1.74","1.29","2026-08-26","1259","Terra","MODIS","92","6.1NRT","294.26","27.54","N","","fire_nrt_M-C61_803220.csv","32691","NRT"
"-2.1443","110.26441","316.41","2","1.38","2026-08-26","1259","Terra","MODIS","92","6.1NRT","294.33","34.85","N","","fire_nrt_M-C61_803220.csv","32711","NRT"
"-2.1125","110.13457","316.3","2.05","1.39","2026-08-26","1259","Terra","MODIS","92","6.1NRT","294.49","34.47","N","","fire_nrt_M-C61_803220.csv","32722","NRT"
"-2.06889","110.18273","349.9","2.03","1.39","2026-08-26","1259","Terra","MODIS","100","6.1NRT","296.55","167.73","N","","fire_nrt_M-C61_803220.csv","32728","NRT"
"-2.07447","110.19508","314.91","2.02","1.39","2026-08-26","1259","Terra","MODIS","89","6.1NRT","294.74","30.45","N","","fire_nrt_M-C61_803220.csv","32731","NRT"
"-2.07693","110.17748","332.48","2.03","1.39","2026-08-26","1259","Terra","MODIS","100","6.1NRT","295.83","84.22","N","","fire_nrt_M-C61_803220.csv","32732","NRT"
"-2.06477","110.17585","325.14","2.03","1.39","2026-08-26","1259","Terra","MODIS","100","6.1NRT","294.97","59.58","N","","fire_nrt_M-C61_803220.csv","32734","NRT"
"-1.93157","110.11615","320.14","2.04","1.39","2026-08-26","1259","Terra","MODIS","100","6.1NRT","294.37","44.65","N","","fire_nrt_M-C61_803220.csv","32747","NRT"
"-1.86673","110.1905","317.28","2.01","1.38","2026-08-26","1259","Terra","MODIS","94","6.1NRT","294.68","34.4","N","","fire_nrt_M-C61_803220.csv","32752","NRT"
"-1.85224","110.20627","325.1","2","1.38","2026-08-26","1259","Terra","MODIS","100","6.1NRT","294.48","55.33","N","","fire_nrt_M-C61_803220.csv","32754","NRT"
"-1.85463","110.18884","318.45","2.01","1.38","2026-08-26","1259","Terra","MODIS","97","6.1NRT","294.54","35.75","N","","fire_nrt_M-C61_803220.csv","32755","NRT"
"-1.8449","110.1697","328.77","2.02","1.38","2026-08-26","1259","Terra","MODIS","100","6.1NRT","295.65","65.07","N","","fire_nrt_M-C61_803220.csv","32758","NRT"
"-1.83277","110.16805","321.49","2.02","1.38","2026-08-26","1259","Terra","MODIS","100","6.1NRT","294.93","44.26","N","","fire_nrt_M-C61_803220.csv","32759","NRT"
"-1.74379","110.2389","320.48","1.98","1.37","2026-08-26","1259","Terra","MODIS","100","6.1NRT","294.39","42.49","N","","fire_nrt_M-C61_803220.csv","32771","NRT"
"-1.74348","110.15044","320.58","2.02","1.38","2026-08-26","1259","Terra","MODIS","100","6.1NRT","293.96","43.66","N","","fire_nrt_M-C61_803220.csv","32775","NRT"
"-1.50004","110.18706","312.23","1.98","1.37","2026-08-26","1259","Terra","MODIS","83","6.1NRT","294.28","23.57","N","","fire_nrt_M-C61_803220.csv","32799","NRT"
"-1.38975","110.64252","333.13","1.82","1.32","2026-08-26","1259","Terra","MODIS","100","6.1NRT","294.21","73.34","N","","fire_nrt_M-C61_803220.csv","32805","NRT"
"-1.41782","110.11716","328.05","2","1.38","2026-08-26","1259","Terra","MODIS","100","6.1NRT","294.73","66.16","N","","fire_nrt_M-C61_803220.csv","32810","NRT"
"-1.03236","110.56886","316.71","1.82","1.32","2026-08-26","1259","Terra","MODIS","93","6.1NRT","293.1","29.75","N","","fire_nrt_M-C61_803220.csv","32818","NRT"
"-1.02397","110.56213","322.29","1.82","1.32","2026-08-26","1259","Terra","MODIS","100","6.1NRT","293.01","41.73","N","","fire_nrt_M-C61_803220.csv","32821","NRT"
"-0.72013","110.33884","327.69","1.87","1.34","2026-08-26","1259","Terra","MODIS","100","6.1NRT","287.6","64.51","N","","fire_nrt_M-C61_803220.csv","32834","NRT"
"-1.82833","110.16724","320.51","1.28","1.12","2026-08-26","2004","Aqua","MODIS","94","6.1NRT","294.37","22.23","N","","fire_nrt_M-C61_803220.csv","33005","NRT"
"-1.83982","110.1769","331.1","1.28","1.12","2026-08-26","2004","Aqua","MODIS","100","6.1NRT","295.77","39.77","N","","fire_nrt_M-C61_803220.csv","33006","NRT"
"-1.84483","110.21014","313.37","1.27","1.12","2026-08-26","2004","Aqua","MODIS","87","6.1NRT","292.76","14.53","N","","fire_nrt_M-C61_803220.csv","33007","NRT"
"-1.85296","110.1976","313.61","1.28","1.12","2026-08-26","2004","Aqua","MODIS","81","6.1NRT","294.09","13.77","N","","fire_nrt_M-C61_803220.csv","33008","NRT"
"-1.85341","110.19084","313.43","1.28","1.12","2026-08-26","2004","Aqua","MODIS","87","6.1NRT","293.63","13.68","N","","fire_nrt_M-C61_803220.csv","33009","NRT"
"-1.85514","110.2019","313.23","1.27","1.12","2026-08-26","2004","Aqua","MODIS","84","6.1NRT","294.2","13.64","N","","fire_nrt_M-C61_803220.csv","33010","NRT"
"-1.92034","110.16957","312.3","1.28","1.12","2026-08-26","2004","Aqua","MODIS","85","6.1NRT","293.09","14.11","N","","fire_nrt_M-C61_803220.csv","33015","NRT"
"-1.92343","110.12354","316.86","1.29","1.13","2026-08-26","2004","Aqua","MODIS","94","6.1NRT","293.81","19.85","N","","fire_nrt_M-C61_803220.csv","33019","NRT"
"-2.06676","110.18035","321.79","1.27","1.12","2026-08-26","2004","Aqua","MODIS","100","6.1NRT","294.56","26.39","N","","fire_nrt_M-C61_803220.csv","33035","NRT"
"-2.06845","110.19135","326.8","1.27","1.12","2026-08-26","2004","Aqua","MODIS","100","6.1NRT","295.04","34.02","N","","fire_nrt_M-C61_803220.csv","33036","NRT"
"-1.37437","110.12034","338.11","1","1","2026-08-27","0120","Terra","MODIS","90","6.1NRT","297.95","33.98","D","","fire_nrt_M-C61_803220.csv","33150","NRT"
"-1.41091","110.12424","333.13","1","1","2026-08-27","0120","Terra","MODIS","87","6.1NRT","296.54","25.19","D","","fire_nrt_M-C61_803220.csv","33151","NRT"
"-1.41973","110.12302","342.95","1","1","2026-08-27","0120","Terra","MODIS","92","6.1NRT","296.04","41.26","D","","fire_nrt_M-C61_803220.csv","33153","NRT"
"-1.48523","110.18796","331.78","1","1","2026-08-27","0120","Terra","MODIS","84","6.1NRT","296.89","24.21","D","","fire_nrt_M-C61_803220.csv","33165","NRT"
"-1.4953","110.1955","358.59","1","1","2026-08-27","0120","Terra","MODIS","99","6.1NRT","303.44","74.93","D","","fire_nrt_M-C61_803220.csv","33166","NRT"
"-1.50917","110.16679","327.35","1","1","2026-08-27","0120","Terra","MODIS","83","6.1NRT","297.01","20.33","D","","fire_nrt_M-C61_803220.csv","33171","NRT"
"-1.68809","110.44217","357.15","1","1","2026-08-27","0120","Terra","MODIS","98","6.1NRT","296.93","74.45","D","","fire_nrt_M-C61_803220.csv","33182","NRT"
"-1.68934","110.45093","339.62","1","1","2026-08-27","0120","Terra","MODIS","91","6.1NRT","297.54","38.35","D","","fire_nrt_M-C61_803220.csv","33183","NRT"
"-1.83221","110.15981","339.22","1","1","2026-08-27","0120","Terra","MODIS","80","6.1NRT","298","34.59","D","","fire_nrt_M-C61_803220.csv","33247","NRT"
"-1.83346","110.16856","350.04","1","1","2026-08-27","0120","Terra","MODIS","95","6.1NRT","300.37","54.26","D","","fire_nrt_M-C61_803220.csv","33248","NRT"
"-1.84353","110.1761","345.52","1","1","2026-08-27","0120","Terra","MODIS","93","6.1NRT","301.35","43.64","D","","fire_nrt_M-C61_803220.csv","33250","NRT"
"-2.07431","110.18541","342.51","1","1","2026-08-27","0120","Terra","MODIS","92","6.1NRT","298.6","42.01","D","","fire_nrt_M-C61_803220.csv","33271","NRT"
"-2.37652","110.30859","340.92","1.02","1.01","2026-08-27","0822","Aqua","MODIS","91","6.1NRT","275.03","44.69","D","","fire_nrt_M-C61_803220.csv","33534","NRT"
"-2.2505","110.66143","325.57","1.05","1.02","2026-08-27","0822","Aqua","MODIS","81","6.1NRT","278.03","23.27","D","","fire_nrt_M-C61_803220.csv","33554","NRT"
"-2.24155","110.66015","335.65","1.05","1.02","2026-08-27","0822","Aqua","MODIS","83","6.1NRT","275.03","36.48","D","","fire_nrt_M-C61_803220.csv","33557","NRT"
"-2.29504","110.29977","345.67","1.03","1.01","2026-08-27","0822","Aqua","MODIS","94","6.1NRT","285.46","50.69","D","","fire_nrt_M-C61_803220.csv","33559","NRT"
"-2.29636","110.29086","352.09","1.02","1.01","2026-08-27","0822","Aqua","MODIS","96","6.1NRT","288.12","64.25","D","","fire_nrt_M-C61_803220.csv","33560","NRT"
"-2.25203","110.46731","325.74","1.04","1.02","2026-08-27","0822","Aqua","MODIS","81","6.1NRT","277.4","22.5","D","","fire_nrt_M-C61_803220.csv","33566","NRT"
"-2.22433","110.21004","326.07","1.02","1.01","2026-08-27","0822","Aqua","MODIS","82","6.1NRT","292.38","18.79","D","","fire_nrt_M-C61_803220.csv","33585","NRT"
"-2.2155","110.20873","353.79","1.02","1.01","2026-08-27","0822","Aqua","MODIS","97","6.1NRT","293.69","66.46","D","","fire_nrt_M-C61_803220.csv","33588","NRT"
"-2.21682","110.19985","343.64","1.02","1.01","2026-08-27","0822","Aqua","MODIS","93","6.1NRT","294.54","45.02","D","","fire_nrt_M-C61_803220.csv","33589","NRT"
"-2.20799","110.19854","347.12","1.02","1.01","2026-08-27","0822","Aqua","MODIS","94","6.1NRT","295.18","52.28","D","","fire_nrt_M-C61_803220.csv","33593","NRT"
"-2.20931","110.18966","327.82","1.02","1.01","2026-08-27","0822","Aqua","MODIS","83","6.1NRT","293.59","21.28","D","","fire_nrt_M-C61_803220.csv","33594","NRT"
"-2.12426","110.14412","337.38","1.02","1.01","2026-08-27","0822","Aqua","MODIS","89","6.1NRT","295.2","34.53","D","","fire_nrt_M-C61_803220.csv","33618","NRT"
"-2.00744","110.86738","396.55","1.07","1.03","2026-08-27","0822","Aqua","MODIS","100","6.1NRT","298.44","251.65","D","","fire_nrt_M-C61_803220.csv","33619","NRT"
"-2.00883","110.85809","346.18","1.07","1.03","2026-08-27","0822","Aqua","MODIS","94","6.1NRT","296.78","53.94","D","","fire_nrt_M-C61_803220.csv","33620","NRT"
"-2.1128","110.16055","346.95","1.02","1.01","2026-08-27","0822","Aqua","MODIS","94","6.1NRT","293.2","52.88","D","","fire_nrt_M-C61_803220.csv","33621","NRT"
"-2.11412","110.15167","354.04","1.02","1.01","2026-08-27","0822","Aqua","MODIS","97","6.1NRT","294.98","67.53","D","","fire_nrt_M-C61_803220.csv","33622","NRT"
"-2.11543","110.14281","377.96","1.02","1.01","2026-08-27","0822","Aqua","MODIS","100","6.1NRT","297.76","143.05","D","","fire_nrt_M-C61_803220.csv","33623","NRT"
"-1.99255","110.21214","334.3","1.02","1.01","2026-08-27","0822","Aqua","MODIS","87","6.1NRT","288.88","29.98","D","","fire_nrt_M-C61_803220.csv","33641","NRT"
"-1.99777","110.17657","385.21","1.02","1.01","2026-08-27","0822","Aqua","MODIS","100","6.1NRT","293.01","176.11","D","","fire_nrt_M-C61_803220.csv","33643","NRT"
"-1.99907","110.16768","332.47","1.02","1.01","2026-08-27","0822","Aqua","MODIS","86","6.1NRT","289.68","27.93","D","","fire_nrt_M-C61_803220.csv","33644","NRT"
"-1.98371","110.21083","368.64","1.02","1.01","2026-08-27","0822","Aqua","MODIS","100","6.1NRT","290.88","109.99","D","","fire_nrt_M-C61_803220.csv","33646","NRT"
"-1.89653","110.1096","326.07","1.02","1.01","2026-08-27","0822","Aqua","MODIS","82","6.1NRT","288.15","21.1","D","","fire_nrt_M-C61_803220.csv","33671","NRT"
"-1.86577","110.19585","342.58","1.02","1.01","2026-08-27","0822","Aqua","MODIS","92","6.1NRT","292.4","43.67","D","","fire_nrt_M-C61_803220.csv","33672","NRT"
"-1.84544","110.21104","334.16","1.03","1.01","2026-08-27","0822","Aqua","MODIS","88","6.1NRT","289.51","29.78","D","","fire_nrt_M-C61_803220.csv","33682","NRT"
"-1.84676","110.20213","335.91","1.03","1.01","2026-08-27","0822","Aqua","MODIS","89","6.1NRT","289.68","30.83","D","","fire_nrt_M-C61_803220.csv","33683","NRT"
"-1.84188","110.17411","333.09","1.02","1.01","2026-08-27","0822","Aqua","MODIS","87","6.1NRT","291.61","26.45","D","","fire_nrt_M-C61_803220.csv","33685","NRT"
"-1.69143","110.43285","328.33","1.04","1.02","2026-08-27","0822","Aqua","MODIS","84","6.1NRT","279.56","26.08","D","","fire_nrt_M-C61_803220.csv","33702","NRT"
"-1.68252","110.43152","341.95","1.04","1.02","2026-08-27","0822","Aqua","MODIS","92","6.1NRT","278.47","47.22","D","","fire_nrt_M-C61_803220.csv","33703","NRT"
"-1.32455","110.7355","330.65","1.07","1.03","2026-08-27","0822","Aqua","MODIS","84","6.1NRT","299.94","25.14","D","","fire_nrt_M-C61_803220.csv","33729","NRT"
"-1.37878","110.36842","326.73","1.04","1.02","2026-08-27","0822","Aqua","MODIS","81","6.1NRT","294.71","19.06","D","","fire_nrt_M-C61_803220.csv","33730","NRT"
"-1.38011","110.35937","328.53","1.04","1.02","2026-08-27","0822","Aqua","MODIS","83","6.1NRT","294.99","21.49","D","","fire_nrt_M-C61_803220.csv","33731","NRT"
"-0.63131","110.10051","323.67","1.04","1.02","2026-08-27","0822","Aqua","MODIS","80","6.1NRT","292.78","18.49","D","","fire_nrt_M-C61_803220.csv","33813","NRT"
"-0.61453","110.15321","327.68","1.04","1.02","2026-08-27","0822","Aqua","MODIS","83","6.1NRT","296.97","22.83","D","","fire_nrt_M-C61_803220.csv","33817","NRT"
"-2.80639","110.83755","326.65","1.05","1.03","2026-08-27","0822","Aqua","MODIS","80","6.1NRT","299.52","20.87","D","","fire_nrt_M-C61_803220.csv","34178","NRT"
"-2.85207","110.28336","328.08","1.02","1.01","2026-08-27","0822","Aqua","MODIS","82","6.1NRT","294.32","22.73","D","","fire_nrt_M-C61_803220.csv","34203","NRT"
"-2.66892","111.07566","339.63","1.08","1.04","2026-08-27","0822","Aqua","MODIS","90","6.1NRT","298.76","41.54","D","","fire_nrt_M-C61_803220.csv","34237","NRT"
"-2.67031","111.06629","341.72","1.08","1.04","2026-08-27","0822","Aqua","MODIS","91","6.1NRT","299.86","45.31","D","","fire_nrt_M-C61_803220.csv","34238","NRT"
"-2.65289","111.12123","328.89","1.08","1.04","2026-08-27","0822","Aqua","MODIS","82","6.1NRT","299.55","22.83","D","","fire_nrt_M-C61_803220.csv","34243","NRT"
"-2.45232","110.6185","329.77","1.58","1.24","2026-08-27","1340","Terra","MODIS","100","6.1NRT","293.79","54.16","N","","fire_nrt_M-C61_803220.csv","34591","NRT"
"-2.44805","110.62623","313.33","1.59","1.24","2026-08-27","1340","Terra","MODIS","87","6.1NRT","293.54","21.62","N","","fire_nrt_M-C61_803220.csv","34592","NRT"
"-2.44998","110.6124","320.34","1.58","1.24","2026-08-27","1340","Terra","MODIS","100","6.1NRT","293.66","33.57","N","","fire_nrt_M-C61_803220.csv","34593","NRT"
"-2.29998","110.94812","320.36","1.69","1.28","2026-08-27","1340","Terra","MODIS","100","6.1NRT","293.84","36.09","N","","fire_nrt_M-C61_803220.csv","34604","NRT"
"-2.26218","110.97268","331.69","1.7","1.28","2026-08-27","1340","Terra","MODIS","100","6.1NRT","294.14","64.42","N","","fire_nrt_M-C61_803220.csv","34610","NRT"
"-2.24148","110.47221","322.43","1.56","1.23","2026-08-27","1340","Terra","MODIS","100","6.1NRT","295.56","34.88","N","","fire_nrt_M-C61_803220.csv","34634","NRT"
"-2.2434","110.45869","317.74","1.55","1.23","2026-08-27","1340","Terra","MODIS","95","6.1NRT","294.93","25.63","N","","fire_nrt_M-C61_803220.csv","34635","NRT"
"-2.11054","111.06656","314.1","1.74","1.29","2026-08-27","1340","Terra","MODIS","88","6.1NRT","294.09","22.19","N","","fire_nrt_M-C61_803220.csv","34640","NRT"
"-2.11276","111.05145","323.4","1.73","1.29","2026-08-27","1340","Terra","MODIS","100","6.1NRT","294.15","42.64","N","","fire_nrt_M-C61_803220.csv","34641","NRT"
"-2.11206","111.0601","326.37","1.74","1.29","2026-08-27","1340","Terra","MODIS","100","6.1NRT","294.53","49.45","N","","fire_nrt_M-C61_803220.csv","34645","NRT"
"-2.20694","110.29674","311.26","1.51","1.21","2026-08-27","1340","Terra","MODIS","81","6.1NRT","295.21","14.97","N","","fire_nrt_M-C61_803220.csv","34649","NRT"
"-2.19628","110.29524","312.05","1.51","1.21","2026-08-27","1340","Terra","MODIS","83","6.1NRT","295.22","16.13","N","","fire_nrt_M-C61_803220.csv","34651","NRT"
"-2.09322","110.45261","319.78","1.56","1.23","2026-08-27","1340","Terra","MODIS","99","6.1NRT","294.4","29.61","N","","fire_nrt_M-C61_803220.csv","34675","NRT"
"-2.09512","110.43896","321.15","1.56","1.23","2026-08-27","1340","Terra","MODIS","100","6.1NRT","294.58","32.17","N","","fire_nrt_M-C61_803220.csv","34676","NRT"
"-2.11274","110.15749","331.24","1.48","1.2","2026-08-27","1340","Terra","MODIS","100","6.1NRT","297.09","50.06","N","","fire_nrt_M-C61_803220.csv","34680","NRT"
"-2.11457","110.14456","337.04","1.48","1.2","2026-08-27","1340","Terra","MODIS","100","6.1NRT","297.5","64.42","N","","fire_nrt_M-C61_803220.csv","34681","NRT"
"-2.10402","110.14305","326.02","1.48","1.2","2026-08-27","1340","Terra","MODIS","100","6.1NRT","295.68","38.09","N","","fire_nrt_M-C61_803220.csv","34682","NRT"
"-1.99112","110.21333","331.37","1.5","1.21","2026-08-27","1340","Terra","MODIS","100","6.1NRT","296.45","50.3","N","","fire_nrt_M-C61_803220.csv","34690","NRT"
"-1.9967","110.17417","326.94","1.49","1.21","2026-08-27","1340","Terra","MODIS","100","6.1NRT","296.15","40.07","N","","fire_nrt_M-C61_803220.csv","34692","NRT"
"-1.9805","110.2118","336.84","1.5","1.21","2026-08-27","1340","Terra","MODIS","100","6.1NRT","296.41","64.57","N","","fire_nrt_M-C61_803220.csv","34693","NRT"
"-1.98611","110.17267","319.05","1.49","1.21","2026-08-27","1340","Terra","MODIS","98","6.1NRT","295.4","25.03","N","","fire_nrt_M-C61_803220.csv","34695","NRT"
"-1.8918","110.11357","315.54","1.48","1.2","2026-08-27","1340","Terra","MODIS","91","6.1NRT","295.34","20.72","N","","fire_nrt_M-C61_803220.csv","34705","NRT"
"-1.86356","110.19634","326.33","1.51","1.21","2026-08-27","1340","Terra","MODIS","100","6.1NRT","295.94","38.62","N","","fire_nrt_M-C61_803220.csv","34709","NRT"
"-1.84046","110.20645","322.84","1.51","1.21","2026-08-27","1340","Terra","MODIS","100","6.1NRT","295.94","31.35","N","","fire_nrt_M-C61_803220.csv","34712","NRT"
"-1.83535","110.16556","319.38","1.5","1.21","2026-08-27","1340","Terra","MODIS","98","6.1NRT","296.09","24.91","N","","fire_nrt_M-C61_803220.csv","34715","NRT"
"-1.74564","110.22749","315.74","1.52","1.22","2026-08-27","1340","Terra","MODIS","91","6.1NRT","295.61","20.17","N","","fire_nrt_M-C61_803220.csv","34729","NRT"
"-1.50471","110.16742","318.38","1.52","1.22","2026-08-27","1340","Terra","MODIS","96","6.1NRT","295.49","24.59","N","","fire_nrt_M-C61_803220.csv","34759","NRT"
"-1.50588","110.20172","314.18","1.53","1.22","2026-08-27","1340","Terra","MODIS","88","6.1NRT","295.48","17.11","N","","fire_nrt_M-C61_803220.csv","34761","NRT"
"-1.49519","110.20018","323.83","1.53","1.22","2026-08-27","1340","Terra","MODIS","100","6.1NRT","296.61","33.33","N","","fire_nrt_M-C61_803220.csv","34764","NRT"
"-1.44734","110.1527","323.71","1.52","1.22","2026-08-27","1340","Terra","MODIS","100","6.1NRT","293.31","34.94","N","","fire_nrt_M-C61_803220.csv","34772","NRT"
"-1.41914","110.12182","328.84","1.51","1.21","2026-08-27","1340","Terra","MODIS","100","6.1NRT","296.09","45.43","N","","fire_nrt_M-C61_803220.csv","34774","NRT"
"-1.37785","110.38522","310.9","1.58","1.24","2026-08-27","1340","Terra","MODIS","81","6.1NRT","295.21","14.54","N","","fire_nrt_M-C61_803220.csv","34778","NRT"
"-1.41308","110.12872","319.55","1.51","1.21","2026-08-27","1340","Terra","MODIS","99","6.1NRT","295.39","26.06","N","","fire_nrt_M-C61_803220.csv","34780","NRT"
"-1.41489","110.11557","323.98","1.51","1.21","2026-08-27","1340","Terra","MODIS","100","6.1NRT","295.93","34.39","N","","fire_nrt_M-C61_803220.csv","34781","NRT"
"-1.37046","110.12262","319.32","1.51","1.21","2026-08-27","1340","Terra","MODIS","98","6.1NRT","295.31","26.9","N","","fire_nrt_M-C61_803220.csv","34787","NRT"
"-2.10844","110.14943","312.83","2.31","1.47","2026-08-27","2042","Aqua","MODIS","86","6.1NRT","292.53","38.76","N","","fire_nrt_M-C61_803220.csv","34967","NRT"
"-1.62526","110.08636","312.91","3.62","1.78","2026-08-28","1942","Aqua","MODIS","86","6.1NRT","289.72","68.87","N","","fire_nrt_M-C61_803220.csv","36054","NRT"
"-1.6346","110.07748","312.25","3.62","1.78","2026-08-28","1942","Aqua","MODIS","84","6.1NRT","288.62","68.71","N","","fire_nrt_M-C61_803220.csv","36067","NRT"
"-1.88631","110.11762","337.92","1.79","1.31","2026-08-29","0058","Terra","MODIS","90","6.1NRT","298.26","80.87","D","","fire_nrt_M-C61_803220.csv","36201","NRT"
"-2.11062","110.15269","324.41","1.77","1.3","2026-08-29","0058","Terra","MODIS","80","6.1NRT","296.63","40.33","D","","fire_nrt_M-C61_803220.csv","36223","NRT"
"-1.70359","110.27409","334.97","1.76","1.3","2026-08-29","0058","Terra","MODIS","88","6.1NRT","295.5","67.36","D","","fire_nrt_M-C61_803220.csv","36325","NRT"
"-1.70101","110.26748","351.47","1.76","1.3","2026-08-29","0058","Terra","MODIS","91","6.1NRT","293.45","136.59","D","","fire_nrt_M-C61_803220.csv","36328","NRT"
"-2.75589","110.87586","328.51","1.54","1.22","2026-08-29","0758","Aqua","MODIS","81","6.1NRT","298.68","40.13","D","","fire_nrt_M-C61_803220.csv","37050","NRT"
"-2.64637","111.06797","329.42","1.49","1.2","2026-08-29","0758","Aqua","MODIS","82","6.1NRT","300.3","37.18","D","","fire_nrt_M-C61_803220.csv","37141","NRT"
"-2.65213","110.62562","329.99","1.6","1.25","2026-08-29","0758","Aqua","MODIS","82","6.1NRT","299.4","45.28","D","","fire_nrt_M-C61_803220.csv","37181","NRT"
"-2.58733","110.43663","340.65","1.65","1.26","2026-08-29","0758","Aqua","MODIS","90","6.1NRT","298.69","72.63","D","","fire_nrt_M-C61_803220.csv","37267","NRT"
"-2.3127","111.04788","330.75","1.47","1.2","2026-08-29","0758","Aqua","MODIS","83","6.1NRT","300.87","39.62","D","","fire_nrt_M-C61_803220.csv","37330","NRT"
"-2.26857","110.34376","332.28","1.66","1.27","2026-08-29","0758","Aqua","MODIS","84","6.1NRT","299.98","51.43","D","","fire_nrt_M-C61_803220.csv","37386","NRT"
"-2.23432","110.42621","336.57","1.64","1.26","2026-08-29","0758","Aqua","MODIS","86","6.1NRT","301.57","55.31","D","","fire_nrt_M-C61_803220.csv","37396","NRT"
"-2.20462","110.22366","351.23","1.69","1.28","2026-08-29","0758","Aqua","MODIS","96","6.1NRT","300.81","121.9","D","","fire_nrt_M-C61_803220.csv","37437","NRT"
"-2.1242","110.14653","334.07","1.71","1.28","2026-08-29","0758","Aqua","MODIS","84","6.1NRT","301.5","54.86","D","","fire_nrt_M-C61_803220.csv","37495","NRT"
"-2.04359","110.62855","329.11","1.57","1.23","2026-08-29","0758","Aqua","MODIS","81","6.1NRT","300.52","38.28","D","","fire_nrt_M-C61_803220.csv","37497","NRT"
"-2.05549","110.54569","335.52","1.59","1.24","2026-08-29","0758","Aqua","MODIS","86","6.1NRT","300.5","55.5","D","","fire_nrt_M-C61_803220.csv","37498","NRT"
"-2.11298","110.14489","354.26","1.71","1.28","2026-08-29","0758","Aqua","MODIS","97","6.1NRT","302.56","139.99","D","","fire_nrt_M-C61_803220.csv","37501","NRT"
"-2.06167","110.34567","331.6","1.65","1.26","2026-08-29","0758","Aqua","MODIS","83","6.1NRT","300.8","43.67","D","","fire_nrt_M-C61_803220.csv","37508","NRT"
"-2.04333","110.45196","332.09","1.62","1.25","2026-08-29","0758","Aqua","MODIS","84","6.1NRT","300.76","44.58","D","","fire_nrt_M-C61_803220.csv","37513","NRT"
"-1.97424","110.84272","333.33","1.51","1.21","2026-08-29","0758","Aqua","MODIS","85","6.1NRT","300.79","46.33","D","","fire_nrt_M-C61_803220.csv","37520","NRT"
"-1.95597","110.89333","330.7","1.49","1.21","2026-08-29","0758","Aqua","MODIS","83","6.1NRT","300.31","40.78","D","","fire_nrt_M-C61_803220.csv","37530","NRT"
"-1.95785","110.88055","332.57","1.5","1.21","2026-08-29","0758","Aqua","MODIS","84","6.1NRT","300.12","45.06","D","","fire_nrt_M-C61_803220.csv","37531","NRT"
"-1.97524","110.2179","344.21","1.68","1.27","2026-08-29","0758","Aqua","MODIS","92","6.1NRT","300.44","89.8","D","","fire_nrt_M-C61_803220.csv","37594","NRT"
"-1.89862","110.10985","362.58","1.71","1.28","2026-08-29","0758","Aqua","MODIS","100","6.1NRT","301.88","187.66","D","","fire_nrt_M-C61_803220.csv","37635","NRT"
"-1.77177","110.11632","339.51","1.7","1.28","2026-08-29","0758","Aqua","MODIS","89","6.1NRT","298.94","74.4","D","","fire_nrt_M-C61_803220.csv","37719","NRT"
"-1.74307","110.15711","341.38","1.68","1.28","2026-08-29","0758","Aqua","MODIS","91","6.1NRT","300.01","74.24","D","","fire_nrt_M-C61_803220.csv","37735","NRT"
"-1.74518","110.1425","338.91","1.69","1.28","2026-08-29","0758","Aqua","MODIS","89","6.1NRT","300.1","67.08","D","","fire_nrt_M-C61_803220.csv","37736","NRT"
"-1.70437","110.2695","341.65","1.65","1.26","2026-08-29","0758","Aqua","MODIS","91","6.1NRT","300.68","71","D","","fire_nrt_M-C61_803220.csv","37747","NRT"
"-1.70286","110.26254","345.67","1.65","1.26","2026-08-29","0758","Aqua","MODIS","88","6.1NRT","300.48","87.05","D","","fire_nrt_M-C61_803220.csv","37759","NRT"
"-1.7158","110.17611","344.6","1.68","1.27","2026-08-29","0758","Aqua","MODIS","92","6.1NRT","299.21","89.55","D","","fire_nrt_M-C61_803220.csv","37760","NRT"
"-1.56857","110.79975","352.85","1.5","1.21","2026-08-29","0758","Aqua","MODIS","96","6.1NRT","302.53","110.59","D","","fire_nrt_M-C61_803220.csv","37792","NRT"
"-1.57046","110.78677","351.92","1.5","1.21","2026-08-29","0758","Aqua","MODIS","96","6.1NRT","302.47","107.14","D","","fire_nrt_M-C61_803220.csv","37793","NRT"
"-1.63942","110.0751","342.06","1.7","1.28","2026-08-29","0758","Aqua","MODIS","91","6.1NRT","300.4","84.23","D","","fire_nrt_M-C61_803220.csv","37801","NRT"
"-1.63781","110.08479","357.79","1.7","1.28","2026-08-29","0758","Aqua","MODIS","99","6.1NRT","300.84","158.5","D","","fire_nrt_M-C61_803220.csv","37807","NRT"
"-1.52139","110.09095","341.69","1.69","1.28","2026-08-29","0758","Aqua","MODIS","80","6.1NRT","299.85","80.9","D","","fire_nrt_M-C61_803220.csv","37829","NRT"
"-1.41958","110.6314","341.72","1.53","1.22","2026-08-29","0758","Aqua","MODIS","91","6.1NRT","301.72","70.25","D","","fire_nrt_M-C61_803220.csv","37833","NRT"
"-1.4089","110.62997","336.35","1.53","1.22","2026-08-29","0758","Aqua","MODIS","87","6.1NRT","301.09","55.28","D","","fire_nrt_M-C61_803220.csv","37835","NRT"
"-1.41184","110.38049","356.96","1.6","1.25","2026-08-29","0758","Aqua","MODIS","98","6.1NRT","303.22","140.37","D","","fire_nrt_M-C61_803220.csv","37843","NRT"
"-1.41381","110.36665","331.1","1.6","1.25","2026-08-29","0758","Aqua","MODIS","84","6.1NRT","301.5","44.97","D","","fire_nrt_M-C61_803220.csv","37844","NRT"
"-1.4099","110.375","357.38","1.6","1.25","2026-08-29","0758","Aqua","MODIS","98","6.1NRT","303.35","141.02","D","","fire_nrt_M-C61_803220.csv","37853","NRT"
"-1.38816","110.3718","326.94","1.6","1.25","2026-08-29","0758","Aqua","MODIS","80","6.1NRT","301.3","33.93","D","","fire_nrt_M-C61_803220.csv","37862","NRT"
"-1.38958","110.28666","333.19","1.62","1.25","2026-08-29","0758","Aqua","MODIS","85","6.1NRT","299.83","50.67","D","","fire_nrt_M-C61_803220.csv","37866","NRT"
"-1.39167","110.27251","346.59","1.63","1.26","2026-08-29","0758","Aqua","MODIS","93","6.1NRT","301.09","95.69","D","","fire_nrt_M-C61_803220.csv","37867","NRT"
"-1.1956","110.6805","326.96","1.51","1.21","2026-08-29","0758","Aqua","MODIS","80","6.1NRT","302.15","30.68","D","","fire_nrt_M-C61_803220.csv","37893","NRT"
"-1.18929","110.68756","328.89","1.5","1.21","2026-08-29","0758","Aqua","MODIS","82","6.1NRT","302.64","34.89","D","","fire_nrt_M-C61_803220.csv","37899","NRT"
"-1.17597","110.6321","348.36","1.52","1.22","2026-08-29","0758","Aqua","MODIS","94","6.1NRT","302.29","93.2","D","","fire_nrt_M-C61_803220.csv","37907","NRT"
"-1.17792","110.61901","344.71","1.52","1.22","2026-08-29","0758","Aqua","MODIS","93","6.1NRT","302.47","80.27","D","","fire_nrt_M-C61_803220.csv","37908","NRT"
"-0.64238","110.57129","347.35","1.5","1.21","2026-08-29","0801","Aqua","MODIS","94","6.1NRT","302.34","89.92","D","","fire_nrt_M-C61_803220.csv","37919","NRT"
"-0.61376","110.14631","332.52","1.62","1.25","2026-08-29","0801","Aqua","MODIS","81","6.1NRT","299.87","47.09","D","","fire_nrt_M-C61_803220.csv","37966","NRT"
"-0.5312","110.08576","343.39","1.63","1.26","2026-08-29","0801","Aqua","MODIS","92","6.1NRT","293.39","89.77","D","","fire_nrt_M-C61_803220.csv","38002","NRT"
"-0.43801","110.33942","330.14","1.55","1.23","2026-08-29","0801","Aqua","MODIS","83","6.1NRT","300.02","38.57","D","","fire_nrt_M-C61_803220.csv","38404","NRT"
"-0.43602","110.35296","339.07","1.55","1.23","2026-08-29","0801","Aqua","MODIS","89","6.1NRT","300.02","64.24","D","","fire_nrt_M-C61_803220.csv","38405","NRT"
"-0.49674","110.16647","341","1.6","1.25","2026-08-29","0801","Aqua","MODIS","90","6.1NRT","302.29","74.02","D","","fire_nrt_M-C61_803220.csv","38419","NRT"
"-0.49467","110.18029","360.94","1.6","1.25","2026-08-29","0801","Aqua","MODIS","100","6.1NRT","303.05","161.14","D","","fire_nrt_M-C61_803220.csv","38420","NRT"
"-0.90383","110.45152","334.16","1.55","1.23","2026-08-29","0801","Aqua","MODIS","86","6.1NRT","303.34","45","D","","fire_nrt_M-C61_803220.csv","38441","NRT"
"-0.82483","110.91446","333.19","1.43","1.18","2026-08-29","0801","Aqua","MODIS","86","6.1NRT","300.53","44.79","D","","fire_nrt_M-C61_803220.csv","38442","NRT"
"-0.84261","110.49684","326.57","1.54","1.22","2026-08-29","0801","Aqua","MODIS","80","6.1NRT","301.91","30.51","D","","fire_nrt_M-C61_803220.csv","38451","NRT"
"-0.84452","110.48353","326.44","1.54","1.22","2026-08-29","0801","Aqua","MODIS","80","6.1NRT","300.97","30.2","D","","fire_nrt_M-C61_803220.csv","38452","NRT"
"-0.84643","110.47025","328.75","1.54","1.22","2026-08-29","0801","Aqua","MODIS","82","6.1NRT","300.08","35.82","D","","fire_nrt_M-C61_803220.csv","38453","NRT"
"-0.83904","110.49088","328.14","1.54","1.22","2026-08-29","0801","Aqua","MODIS","81","6.1NRT","301.7","34.6","D","","fire_nrt_M-C61_803220.csv","38456","NRT"
"-0.80025","110.4581","331.2","1.54","1.22","2026-08-29","0801","Aqua","MODIS","84","6.1NRT","300.21","42.98","D","","fire_nrt_M-C61_803220.csv","38463","NRT"
"-0.75874","110.33499","384.78","1.57","1.24","2026-08-29","0801","Aqua","MODIS","100","6.1NRT","303.27","322.23","D","","fire_nrt_M-C61_803220.csv","38475","NRT"
"-0.76079","110.32131","388.91","1.58","1.24","2026-08-29","0801","Aqua","MODIS","100","6.1NRT","306.99","360.76","D","","fire_nrt_M-C61_803220.csv","38476","NRT"
"-0.65549","110.59193","330.6","1.5","1.21","2026-08-29","0801","Aqua","MODIS","83","6.1NRT","301.05","37.55","D","","fire_nrt_M-C61_803220.csv","38491","NRT"
"-0.65436","110.5248","340.92","1.52","1.22","2026-08-29","0801","Aqua","MODIS","90","6.1NRT","302.63","65.73","D","","fire_nrt_M-C61_803220.csv","38498","NRT"
"-2.2462","110.46262","314.14","1.02","1.01","2026-08-29","1316","Terra","MODIS","87","6.1NRT","297.1","10.42","N","","fire_nrt_M-C61_803220.csv","38540","NRT"
"-2.25671","110.92746","314.76","1","1","2026-08-29","1316","Terra","MODIS","89","6.1NRT","295.06","11.01","N","","fire_nrt_M-C61_803220.csv","38581","NRT"
"-2.25551","110.9362","320.41","1","1","2026-08-29","1316","Terra","MODIS","100","6.1NRT","295.49","15.96","N","","fire_nrt_M-C61_803220.csv","38582","NRT"
"-2.79991","110.86997","314.74","1.01","1","2026-08-29","1316","Terra","MODIS","89","6.1NRT","294.07","12.11","N","","fire_nrt_M-C61_803220.csv","38803","NRT"
"-2.86017","110.28413","312.8","1.03","1.01","2026-08-29","1316","Terra","MODIS","85","6.1NRT","295.29","9.8","N","","fire_nrt_M-C61_803220.csv","38811","NRT"
"-2.86142","110.27512","320.23","1.03","1.01","2026-08-29","1316","Terra","MODIS","100","6.1NRT","295.16","16.47","N","","fire_nrt_M-C61_803220.csv","38812","NRT"
"-2.63207","111.07544","310.85","1","1","2026-08-29","1316","Terra","MODIS","80","6.1NRT","294.34","8.72","N","","fire_nrt_M-C61_803220.csv","38882","NRT"
"-2.49606","111.06796","314.96","1","1","2026-08-29","1316","Terra","MODIS","90","6.1NRT","295.4","11.24","N","","fire_nrt_M-C61_803220.csv","38965","NRT"
"-2.48728","111.06673","327.01","1","1","2026-08-29","1316","Terra","MODIS","100","6.1NRT","296.4","23.11","N","","fire_nrt_M-C61_803220.csv","38974","NRT"
"-1.64396","110.08237","311.88","1.03","1.01","2026-08-29","1318","Terra","MODIS","80","6.1NRT","296.74","7.58","N","","fire_nrt_M-C61_803220.csv","39118","NRT"
"-1.63385","110.0901","338.7","1.03","1.01","2026-08-29","1318","Terra","MODIS","100","6.1NRT","299.11","39.17","N","","fire_nrt_M-C61_803220.csv","39123","NRT"
"-1.63507","110.08113","342.34","1.03","1.01","2026-08-29","1318","Terra","MODIS","100","6.1NRT","299.59","45.79","N","","fire_nrt_M-C61_803220.csv","39124","NRT"
"-1.62496","110.08886","325.16","1.03","1.01","2026-08-29","1318","Terra","MODIS","100","6.1NRT","297.44","20.61","N","","fire_nrt_M-C61_803220.csv","39126","NRT"
"-1.62618","110.0799","356.68","1.03","1.01","2026-08-29","1318","Terra","MODIS","100","6.1NRT","299.2","77.59","N","","fire_nrt_M-C61_803220.csv","39127","NRT"
"-1.56304","110.32801","314.61","1.01","1.01","2026-08-29","1318","Terra","MODIS","85","6.1NRT","297.07","9.62","N","","fire_nrt_M-C61_803220.csv","39131","NRT"
"-1.54294","110.08031","321.65","1.03","1.01","2026-08-29","1318","Terra","MODIS","100","6.1NRT","297.68","15.71","N","","fire_nrt_M-C61_803220.csv","39141","NRT"
"-1.54416","110.07133","357.25","1.03","1.01","2026-08-29","1318","Terra","MODIS","100","6.1NRT","302.95","78.11","N","","fire_nrt_M-C61_803220.csv","39142","NRT"
"-1.54539","110.06238","328.18","1.03","1.01","2026-08-29","1318","Terra","MODIS","100","6.1NRT","297.74","23.18","N","","fire_nrt_M-C61_803220.csv","39143","NRT"
"-1.53038","110.10593","312.09","1.03","1.01","2026-08-29","1318","Terra","MODIS","81","6.1NRT","296.34","8.54","N","","fire_nrt_M-C61_803220.csv","39144","NRT"
"-1.53527","110.0701","373.28","1.03","1.01","2026-08-29","1318","Terra","MODIS","100","6.1NRT","304.93","128.27","N","","fire_nrt_M-C61_803220.csv","39145","NRT"
"-1.5365","110.06114","375.43","1.03","1.01","2026-08-29","1318","Terra","MODIS","100","6.1NRT","302.76","136.02","N","","fire_nrt_M-C61_803220.csv","39146","NRT"
"-1.50811","110.20281","318.94","1.02","1.01","2026-08-29","1318","Terra","MODIS","97","6.1NRT","297.56","13.76","N","","fire_nrt_M-C61_803220.csv","39150","NRT"
"-1.50932","110.1939","320.45","1.02","1.01","2026-08-29","1318","Terra","MODIS","100","6.1NRT","297.31","14.66","N","","fire_nrt_M-C61_803220.csv","39151","NRT"
"-1.51297","110.16718","318.85","1.02","1.01","2026-08-29","1318","Terra","MODIS","97","6.1NRT","296.88","13.93","N","","fire_nrt_M-C61_803220.csv","39152","NRT"
"-1.52639","110.06886","423.75","1.03","1.01","2026-08-29","1318","Terra","MODIS","100","6.1NRT","308.26","439.27","N","","fire_nrt_M-C61_803220.csv","39154","NRT"
"-1.52761","110.05991","413.93","1.03","1.01","2026-08-29","1318","Terra","MODIS","100","6.1NRT","304.7","356.13","N","","fire_nrt_M-C61_803220.csv","39155","NRT"
"-1.43656","110.66019","321.94","1","1","2026-08-29","1318","Terra","MODIS","100","6.1NRT","296.92","16.57","N","","fire_nrt_M-C61_803220.csv","39156","NRT"
"-1.5041","110.16595","380.55","1.02","1.01","2026-08-29","1318","Terra","MODIS","100","6.1NRT","302.91","157.11","N","","fire_nrt_M-C61_803220.csv","39159","NRT"
"-1.50532","110.15704","389.42","1.02","1.01","2026-08-29","1318","Terra","MODIS","100","6.1NRT","303.39","198.98","N","","fire_nrt_M-C61_803220.csv","39160","NRT"
"-1.51506","110.08556","324.02","1.03","1.01","2026-08-29","1318","Terra","MODIS","81","6.1NRT","297.97","17.26","N","","fire_nrt_M-C61_803220.csv","39161","NRT"
"-1.42603","110.65286","324.16","1","1","2026-08-29","1318","Terra","MODIS","100","6.1NRT","297.11","18.77","N","","fire_nrt_M-C61_803220.csv","39162","NRT"
"-1.42724","110.64409","315.86","1","1","2026-08-29","1318","Terra","MODIS","91","6.1NRT","295.93","10.55","N","","fire_nrt_M-C61_803220.csv","39163","NRT"
"-1.48933","110.19434","332.83","1.02","1.01","2026-08-29","1318","Terra","MODIS","100","6.1NRT","299.35","29.31","N","","fire_nrt_M-C61_803220.csv","39165","NRT"
"-1.49055","110.18545","314.84","1.02","1.01","2026-08-29","1318","Terra","MODIS","88","6.1NRT","297.41","9.58","N","","fire_nrt_M-C61_803220.csv","39166","NRT"
"-1.49179","110.17654","313.69","1.02","1.01","2026-08-29","1318","Terra","MODIS","85","6.1NRT","297.21","8.78","N","","fire_nrt_M-C61_803220.csv","39167","NRT"
"-1.49302","110.16763","326.62","1.02","1.01","2026-08-29","1318","Terra","MODIS","100","6.1NRT","297.41","22.19","N","","fire_nrt_M-C61_803220.csv","39168","NRT"
"-1.50661","110.06935","328.05","1.03","1.01","2026-08-29","1318","Terra","MODIS","100","6.1NRT","298.91","24.06","N","","fire_nrt_M-C61_803220.csv","39170","NRT"
"-1.41844","110.64288","313.89","1","1","2026-08-29","1318","Terra","MODIS","86","6.1NRT","296.67","8.95","N","","fire_nrt_M-C61_803220.csv","39171","NRT"
"-1.4817","110.18421","327.12","1.02","1.01","2026-08-29","1318","Terra","MODIS","100","6.1NRT","297.98","22.16","N","","fire_nrt_M-C61_803220.csv","39173","NRT"
"-1.40965","110.64165","327.56","1","1","2026-08-29","1318","Terra","MODIS","100","6.1NRT","297.84","21.89","N","","fire_nrt_M-C61_803220.csv","39175","NRT"
"-1.41086","110.6329","348.47","1","1","2026-08-29","1318","Terra","MODIS","100","6.1NRT","298.83","55.7","N","","fire_nrt_M-C61_803220.csv","39176","NRT"
"-1.47161","110.19186","316.89","1.02","1.01","2026-08-29","1318","Terra","MODIS","93","6.1NRT","297.64","10.93","N","","fire_nrt_M-C61_803220.csv","39177","NRT"
"-1.47284","110.18298","325.27","1.02","1.01","2026-08-29","1318","Terra","MODIS","100","6.1NRT","298","19.6","N","","fire_nrt_M-C61_803220.csv","39178","NRT"
"-1.38846","110.66546","312.71","1","1","2026-08-29","1318","Terra","MODIS","83","6.1NRT","296.49","8.75","N","","fire_nrt_M-C61_803220.csv","39179","NRT"
"-1.45756","110.16271","315.09","1.02","1.01","2026-08-29","1318","Terra","MODIS","89","6.1NRT","297.6","9.51","N","","fire_nrt_M-C61_803220.csv","39180","NRT"
"-1.45879","110.15379","319.42","1.02","1.01","2026-08-29","1318","Terra","MODIS","98","6.1NRT","297.84","13.56","N","","fire_nrt_M-C61_803220.csv","39181","NRT"
"-1.45115","110.14363","314.23","1.02","1.01","2026-08-29","1318","Terra","MODIS","87","6.1NRT","297.92","9.37","N","","fire_nrt_M-C61_803220.csv","39184","NRT"
"-1.40946","110.38188","314.88","1.01","1.01","2026-08-29","1318","Terra","MODIS","89","6.1NRT","296.7","10.05","N","","fire_nrt_M-C61_803220.csv","39187","NRT"
"-1.41067","110.37306","321.01","1.01","1.01","2026-08-29","1318","Terra","MODIS","100","6.1NRT","296.82","15.55","N","","fire_nrt_M-C61_803220.csv","39188","NRT"
"-1.43829","110.10545","312.27","1.02","1.01","2026-08-29","1318","Terra","MODIS","82","6.1NRT","296.15","8.8","N","","fire_nrt_M-C61_803220.csv","39190","NRT"
"-1.3842","110.36938","315.16","1.01","1.01","2026-08-29","1318","Terra","MODIS","89","6.1NRT","296.57","9.93","N","","fire_nrt_M-C61_803220.csv","39196","NRT"
"-1.41811","110.12086","320.8","1.02","1.01","2026-08-29","1318","Terra","MODIS","97","6.1NRT","296.97","14.49","N","","fire_nrt_M-C61_803220.csv","39197","NRT"
"-1.38369","110.29101","321.23","1.01","1.01","2026-08-29","1318","Terra","MODIS","100","6.1NRT","296.78","16","N","","fire_nrt_M-C61_803220.csv","39198","NRT"
"-1.38491","110.28214","315.08","1.02","1.01","2026-08-29","1318","Terra","MODIS","89","6.1NRT","296.39","10.5","N","","fire_nrt_M-C61_803220.csv","39199","NRT"
"-1.3651","110.36047","314.54","1.01","1.01","2026-08-29","1318","Terra","MODIS","88","6.1NRT","296.48","9.94","N","","fire_nrt_M-C61_803220.csv","39203","NRT"
"-1.3957","110.13879","323.43","1.02","1.01","2026-08-29","1318","Terra","MODIS","100","6.1NRT","298.38","17.22","N","","fire_nrt_M-C61_803220.csv","39206","NRT"
"-1.39693","110.12988","325.02","1.02","1.01","2026-08-29","1318","Terra","MODIS","100","6.1NRT","298.14","19.11","N","","fire_nrt_M-C61_803220.csv","39207","NRT"
"-1.38683","110.13756","375.43","1.02","1.01","2026-08-29","1318","Terra","MODIS","100","6.1NRT","304.96","135.62","N","","fire_nrt_M-C61_803220.csv","39208","NRT"
"-1.38806","110.12865","332.31","1.02","1.01","2026-08-29","1318","Terra","MODIS","100","6.1NRT","298.55","28.16","N","","fire_nrt_M-C61_803220.csv","39209","NRT"
"-1.39299","110.09291","328.66","1.02","1.01","2026-08-29","1318","Terra","MODIS","100","6.1NRT","299.49","23.99","N","","fire_nrt_M-C61_803220.csv","39210","NRT"
"-1.29432","110.74413","328.99","1","1","2026-08-29","1318","Terra","MODIS","100","6.1NRT","295.29","25.78","N","","fire_nrt_M-C61_803220.csv","39211","NRT"
"-1.3645","110.23414","321.53","1.02","1.01","2026-08-29","1318","Terra","MODIS","100","6.1NRT","296.92","16.29","N","","fire_nrt_M-C61_803220.csv","39213","NRT"
"-1.37797","110.13632","346.99","1.02","1.01","2026-08-29","1318","Terra","MODIS","100","6.1NRT","298.5","54.25","N","","fire_nrt_M-C61_803220.csv","39214","NRT"
"-1.37919","110.12741","318.82","1.02","1.01","2026-08-29","1318","Terra","MODIS","97","6.1NRT","297.66","13.32","N","","fire_nrt_M-C61_803220.csv","39215","NRT"
"-1.37033","110.12617","321.79","1.02","1.01","2026-08-29","1318","Terra","MODIS","100","6.1NRT","297.48","16.71","N","","fire_nrt_M-C61_803220.csv","39218","NRT"
"-1.37155","110.11726","328.48","1.02","1.01","2026-08-29","1318","Terra","MODIS","100","6.1NRT","297.9","24.27","N","","fire_nrt_M-C61_803220.csv","39219","NRT"
"-1.22021","110.808","319.88","1","1","2026-08-29","1318","Terra","MODIS","99","6.1NRT","294.76","15.88","N","","fire_nrt_M-C61_803220.csv","39224","NRT"
"-1.17278","110.63219","319.43","1","1","2026-08-29","1318","Terra","MODIS","98","6.1NRT","296.1","14.2","N","","fire_nrt_M-C61_803220.csv","39225","NRT"
"-1.17398","110.62344","320.05","1","1","2026-08-29","1318","Terra","MODIS","100","6.1NRT","296.29","14.73","N","","fire_nrt_M-C61_803220.csv","39226","NRT"
"-1.14304","110.5682","325.81","1","1","2026-08-29","1318","Terra","MODIS","100","6.1NRT","296.2","21.76","N","","fire_nrt_M-C61_803220.csv","39229","NRT"
"-1.0465","110.66483","314.92","1","1","2026-08-29","1318","Terra","MODIS","89","6.1NRT","295.52","11.31","N","","fire_nrt_M-C61_803220.csv","39240","NRT"
"-0.88452","110.71612","316.57","1","1","2026-08-29","1318","Terra","MODIS","93","6.1NRT","296.03","12.35","N","","fire_nrt_M-C61_803220.csv","39288","NRT"
"-0.90006","110.45392","315.95","1.01","1","2026-08-29","1318","Terra","MODIS","91","6.1NRT","296.17","12","N","","fire_nrt_M-C61_803220.csv","39289","NRT"
"-0.90518","110.22134","315.14","1.01","1.01","2026-08-29","1318","Terra","MODIS","89","6.1NRT","295.96","10.99","N","","fire_nrt_M-C61_803220.csv","39295","NRT"
"-0.89635","110.22012","322.63","1.01","1.01","2026-08-29","1318","Terra","MODIS","100","6.1NRT","296.92","17.85","N","","fire_nrt_M-C61_803220.csv","39299","NRT"
"-0.89757","110.21128","345.05","1.01","1.01","2026-08-29","1318","Terra","MODIS","100","6.1NRT","299.28","50.56","N","","fire_nrt_M-C61_803220.csv","39300","NRT"
"-0.89879","110.20243","348.59","1.01","1.01","2026-08-29","1318","Terra","MODIS","100","6.1NRT","299.46","58.19","N","","fire_nrt_M-C61_803220.csv","39301","NRT"
"-0.88631","110.22773","317.21","1.01","1.01","2026-08-29","1318","Terra","MODIS","94","6.1NRT","297.27","12.68","N","","fire_nrt_M-C61_803220.csv","39305","NRT"
"-0.88752","110.21889","328.96","1.01","1.01","2026-08-29","1318","Terra","MODIS","100","6.1NRT","298.06","24.78","N","","fire_nrt_M-C61_803220.csv","39306","NRT"
"-0.88874","110.21005","311.78","1.01","1.01","2026-08-29","1318","Terra","MODIS","81","6.1NRT","295.88","7.88","N","","fire_nrt_M-C61_803220.csv","39307","NRT"
"-0.83246","110.48917","329.72","1","1","2026-08-29","1318","Terra","MODIS","100","6.1NRT","295.99","25.76","N","","fire_nrt_M-C61_803220.csv","39313","NRT"
"-0.81848","110.46043","313.44","1.01","1","2026-08-29","1318","Terra","MODIS","85","6.1NRT","295.67","9.06","N","","fire_nrt_M-C61_803220.csv","39317","NRT"
"-0.84174","110.14297","333.56","1.02","1.01","2026-08-29","1318","Terra","MODIS","100","6.1NRT","297.12","32.49","N","","fire_nrt_M-C61_803220.csv","39323","NRT"
"-0.84296","110.13411","323.12","1.02","1.01","2026-08-29","1318","Terra","MODIS","100","6.1NRT","295.9","19.51","N","","fire_nrt_M-C61_803220.csv","39324","NRT"
"-0.65112","110.53194","318.15","1","1","2026-08-29","1318","Terra","MODIS","96","6.1NRT","296.39","13.08","N","","fire_nrt_M-C61_803220.csv","39360","NRT"
"-0.63633","110.57443","314.65","1","1","2026-08-29","1318","Terra","MODIS","88","6.1NRT","295.92","10.53","N","","fire_nrt_M-C61_803220.csv","39364","NRT"
"-0.64234","110.53072","313.4","1","1","2026-08-29","1318","Terra","MODIS","85","6.1NRT","295.99","8.88","N","","fire_nrt_M-C61_803220.csv","39366","NRT"
"-0.64037","110.41444","312.22","1.01","1","2026-08-29","1318","Terra","MODIS","82","6.1NRT","295.19","9.38","N","","fire_nrt_M-C61_803220.csv","39369","NRT"
"-0.64157","110.40567","318.55","1.01","1","2026-08-29","1318","Terra","MODIS","97","6.1NRT","295.25","14.58","N","","fire_nrt_M-C61_803220.csv","39370","NRT"
"-0.61297","110.52917","317.55","1","1","2026-08-29","1318","Terra","MODIS","95","6.1NRT","295.57","13.34","N","","fire_nrt_M-C61_803220.csv","39373","NRT"
"-0.65972","110.06023","320.04","1.02","1.01","2026-08-29","1318","Terra","MODIS","100","6.1NRT","296.58","16.2","N","","fire_nrt_M-C61_803220.csv","39378","NRT"
"-0.63226","110.12869","314.12","1.02","1.01","2026-08-29","1318","Terra","MODIS","87","6.1NRT","296.34","9.94","N","","fire_nrt_M-C61_803220.csv","39383","NRT"
"-0.6347","110.11098","316.3","1.02","1.01","2026-08-29","1318","Terra","MODIS","92","6.1NRT","296.1","12.59","N","","fire_nrt_M-C61_803220.csv","39384","NRT"
"-0.63592","110.10213","325.45","1.02","1.01","2026-08-29","1318","Terra","MODIS","100","6.1NRT","297.06","21.99","N","","fire_nrt_M-C61_803220.csv","39385","NRT"
"-0.63714","110.09326","312.48","1.02","1.01","2026-08-29","1318","Terra","MODIS","83","6.1NRT","296.41","9.53","N","","fire_nrt_M-C61_803220.csv","39386","NRT"
"-0.61856","110.16287","323.32","1.01","1.01","2026-08-29","1318","Terra","MODIS","100","6.1NRT","296.34","18.41","N","","fire_nrt_M-C61_803220.csv","39392","NRT"
"-0.61977","110.15402","317.6","1.01","1.01","2026-08-29","1318","Terra","MODIS","95","6.1NRT","296","12.76","N","","fire_nrt_M-C61_803220.csv","39393","NRT"
"-0.62221","110.13631","315.7","1.01","1.01","2026-08-29","1318","Terra","MODIS","91","6.1NRT","295.83","11.02","N","","fire_nrt_M-C61_803220.csv","39394","NRT"
"-0.62586","110.10976","340.19","1.02","1.01","2026-08-29","1318","Terra","MODIS","100","6.1NRT","298.7","41.53","N","","fire_nrt_M-C61_803220.csv","39395","NRT"
"-0.62707","110.1009","330.56","1.02","1.01","2026-08-29","1318","Terra","MODIS","100","6.1NRT","298.7","26.93","N","","fire_nrt_M-C61_803220.csv","39396","NRT"
"-0.62829","110.09203","347.59","1.02","1.01","2026-08-29","1318","Terra","MODIS","100","6.1NRT","299.83","55.48","N","","fire_nrt_M-C61_803220.csv","39397","NRT"
"-0.62951","110.08316","330.09","1.02","1.01","2026-08-29","1318","Terra","MODIS","100","6.1NRT","296.76","26.49","N","","fire_nrt_M-C61_803220.csv","39398","NRT"
"-0.61216","110.14393","328.43","1.01","1.01","2026-08-29","1318","Terra","MODIS","100","6.1NRT","296.9","24.57","N","","fire_nrt_M-C61_803220.csv","39408","NRT"
"-0.6158","110.11739","323.23","1.02","1.01","2026-08-29","1318","Terra","MODIS","100","6.1NRT","297.33","17.92","N","","fire_nrt_M-C61_803220.csv","39409","NRT"
"-0.61702","110.10854","351.25","1.02","1.01","2026-08-29","1318","Terra","MODIS","100","6.1NRT","301.56","62.82","N","","fire_nrt_M-C61_803220.csv","39410","NRT"
"-0.61823","110.09967","331.6","1.02","1.01","2026-08-29","1318","Terra","MODIS","100","6.1NRT","300.05","27.71","N","","fire_nrt_M-C61_803220.csv","39411","NRT"
"-0.61945","110.09081","346.51","1.02","1.01","2026-08-29","1318","Terra","MODIS","100","6.1NRT","299.7","52.86","N","","fire_nrt_M-C61_803220.csv","39412","NRT"
"-0.62067","110.08194","325.69","1.02","1.01","2026-08-29","1318","Terra","MODIS","100","6.1NRT","296.25","20.75","N","","fire_nrt_M-C61_803220.csv","39413","NRT"
"-0.6231","110.06418","312.95","1.02","1.01","2026-08-29","1318","Terra","MODIS","84","6.1NRT","296.13","9.32","N","","fire_nrt_M-C61_803220.csv","39414","NRT"
"-0.62432","110.05531","349.9","1.02","1.01","2026-08-29","1318","Terra","MODIS","100","6.1NRT","300.23","61.18","N","","fire_nrt_M-C61_803220.csv","39415","NRT"
"-0.62554","110.04642","322.59","1.02","1.01","2026-08-29","1318","Terra","MODIS","100","6.1NRT","296.19","18.37","N","","fire_nrt_M-C61_803220.csv","39416","NRT"
"-0.60696","110.11617","313.16","1.02","1.01","2026-08-29","1318","Terra","MODIS","85","6.1NRT","296.3","8.76","N","","fire_nrt_M-C61_803220.csv","39421","NRT"
"-0.60818","110.10732","320.14","1.02","1.01","2026-08-29","1318","Terra","MODIS","100","6.1NRT","296.61","15.18","N","","fire_nrt_M-C61_803220.csv","39422","NRT"
"-0.61425","110.06295","327.26","1.02","1.01","2026-08-29","1318","Terra","MODIS","100","6.1NRT","297.95","22.86","N","","fire_nrt_M-C61_803220.csv","39425","NRT"
"-0.61547","110.05408","364.31","1.02","1.01","2026-08-29","1318","Terra","MODIS","100","6.1NRT","302.95","97.82","N","","fire_nrt_M-C61_803220.csv","39426","NRT"
"-0.61669","110.0452","327.09","1.02","1.01","2026-08-29","1318","Terra","MODIS","100","6.1NRT","296.68","23.27","N","","fire_nrt_M-C61_803220.csv","39427","NRT"
"-0.60419","110.07061","319.26","1.02","1.01","2026-08-29","1318","Terra","MODIS","98","6.1NRT","296.33","14.1","N","","fire_nrt_M-C61_803220.csv","39432","NRT"
"-0.60541","110.06174","378.21","1.02","1.01","2026-08-29","1318","Terra","MODIS","100","6.1NRT","301.35","146.96","N","","fire_nrt_M-C61_803220.csv","39433","NRT"
"-0.60662","110.05286","331.28","1.02","1.01","2026-08-29","1318","Terra","MODIS","100","6.1NRT","296.84","28.2","N","","fire_nrt_M-C61_803220.csv","39434","NRT"
"-0.59656","110.06051","339.44","1.02","1.01","2026-08-29","1318","Terra","MODIS","100","6.1NRT","296.38","41.31","N","","fire_nrt_M-C61_803220.csv","39436","NRT"
"-0.53287","110.18117","315.76","1.01","1.01","2026-08-29","1318","Terra","MODIS","91","6.1NRT","295.76","11.64","N","","fire_nrt_M-C61_803220.csv","39441","NRT"
"-0.53409","110.17234","326.13","1.01","1.01","2026-08-29","1318","Terra","MODIS","100","6.1NRT","296.3","22.26","N","","fire_nrt_M-C61_803220.csv","39442","NRT"
"-0.52615","110.09914","344.7","1.02","1.01","2026-08-29","1318","Terra","MODIS","100","6.1NRT","298.71","49.64","N","","fire_nrt_M-C61_803220.csv","39446","NRT"
"-0.52736","110.09028","333.85","1.02","1.01","2026-08-29","1318","Terra","MODIS","100","6.1NRT","298.41","31.54","N","","fire_nrt_M-C61_803220.csv","39447","NRT"
"-0.51731","110.0979","380.95","1.02","1.01","2026-08-29","1318","Terra","MODIS","100","6.1NRT","302.3","157.66","N","","fire_nrt_M-C61_803220.csv","39450","NRT"
"-0.51852","110.08905","343.08","1.02","1.01","2026-08-29","1318","Terra","MODIS","100","6.1NRT","298.36","46.76","N","","fire_nrt_M-C61_803220.csv","39451","NRT"
"-0.49879","110.16742","318.98","1.01","1.01","2026-08-29","1318","Terra","MODIS","98","6.1NRT","295.72","14.59","N","","fire_nrt_M-C61_803220.csv","39456","NRT"
"-0.48755","110.18383","341.14","1.01","1.01","2026-08-29","1318","Terra","MODIS","100","6.1NRT","296.82","43.58","N","","fire_nrt_M-C61_803220.csv","39457","NRT"
"-0.48875","110.175","339.11","1.01","1.01","2026-08-29","1318","Terra","MODIS","100","6.1NRT","296.82","40.02","N","","fire_nrt_M-C61_803220.csv","39458","NRT"
"-0.48996","110.1662","311.26","1.01","1.01","2026-08-29","1318","Terra","MODIS","80","6.1NRT","295.89","7.7","N","","fire_nrt_M-C61_803220.csv","39459","NRT"
"-0.49117","110.15736","316.35","1.01","1.01","2026-08-29","1318","Terra","MODIS","92","6.1NRT","295.89","12.12","N","","fire_nrt_M-C61_803220.csv","39460","NRT"
"-0.43535","110.34958","313.49","1.01","1","2026-08-29","1318","Terra","MODIS","86","6.1NRT","295.44","9.94","N","","fire_nrt_M-C61_803220.csv","39469","NRT"
"-2.10844","111.05492","315.96","1","1","2026-08-29","1318","Terra","MODIS","91","6.1NRT","295.87","12.12","N","","fire_nrt_M-C61_803220.csv","39623","NRT"
"-2.20489","110.22405","315.13","1.03","1.01","2026-08-29","1318","Terra","MODIS","89","6.1NRT","295.73","11.58","N","","fire_nrt_M-C61_803220.csv","39629","NRT"
"-2.19601","110.22282","316.45","1.03","1.01","2026-08-29","1318","Terra","MODIS","92","6.1NRT","295.98","12.73","N","","fire_nrt_M-C61_803220.csv","39638","NRT"
"-2.16265","110.39991","324.12","1.02","1.01","2026-08-29","1318","Terra","MODIS","100","6.1NRT","295.24","20.47","N","","fire_nrt_M-C61_803220.csv","39645","NRT"
"-2.12262","110.15155","315.68","1.03","1.01","2026-08-29","1318","Terra","MODIS","90","6.1NRT","295.68","12.13","N","","fire_nrt_M-C61_803220.csv","39689","NRT"
"-2.11248","110.15929","311.95","1.03","1.01","2026-08-29","1318","Terra","MODIS","80","6.1NRT","296.3","8.78","N","","fire_nrt_M-C61_803220.csv","39696","NRT"
"-2.11372","110.15031","330.23","1.03","1.01","2026-08-29","1318","Terra","MODIS","100","6.1NRT","298.35","27.83","N","","fire_nrt_M-C61_803220.csv","39697","NRT"
"-2.11495","110.14133","318.63","1.03","1.01","2026-08-29","1318","Terra","MODIS","97","6.1NRT","296.12","14.87","N","","fire_nrt_M-C61_803220.csv","39698","NRT"
"-2.10482","110.14909","313.57","1.03","1.01","2026-08-29","1318","Terra","MODIS","85","6.1NRT","296.17","9.92","N","","fire_nrt_M-C61_803220.csv","39706","NRT"
"-2.10605","110.1401","314.21","1.03","1.01","2026-08-29","1318","Terra","MODIS","87","6.1NRT","296.29","10.76","N","","fire_nrt_M-C61_803220.csv","39707","NRT"
"-2.03915","110.43069","317.64","1.01","1.01","2026-08-29","1318","Terra","MODIS","95","6.1NRT","295.78","13.35","N","","fire_nrt_M-C61_803220.csv","39714","NRT"
"-2.07323","110.18127","314.36","1.03","1.01","2026-08-29","1318","Terra","MODIS","87","6.1NRT","295.93","10.93","N","","fire_nrt_M-C61_803220.csv","39716","NRT"
"-1.94717","110.8867","312.4","1","1","2026-08-29","1318","Terra","MODIS","82","6.1NRT","295.1","9.17","N","","fire_nrt_M-C61_803220.csv","39724","NRT"
"-2.03471","110.25203","314.81","1.02","1.01","2026-08-29","1318","Terra","MODIS","88","6.1NRT","296.46","10.37","N","","fire_nrt_M-C61_803220.csv","39726","NRT"
"-1.99524","110.47276","321.26","1.01","1.01","2026-08-29","1318","Terra","MODIS","100","6.1NRT","296.31","16.83","N","","fire_nrt_M-C61_803220.csv","39734","NRT"
"-1.99645","110.46392","312.2","1.01","1.01","2026-08-29","1318","Terra","MODIS","81","6.1NRT","295.76","8.58","N","","fire_nrt_M-C61_803220.csv","39735","NRT"
"-1.98519","110.48038","322.33","1.01","1.01","2026-08-29","1318","Terra","MODIS","100","6.1NRT","295.84","17.64","N","","fire_nrt_M-C61_803220.csv","39745","NRT"
"-1.98641","110.47154","345.77","1.01","1.01","2026-08-29","1318","Terra","MODIS","100","6.1NRT","296.67","52.02","N","","fire_nrt_M-C61_803220.csv","39746","NRT"
"-1.98059","110.31715","316.51","1.02","1.01","2026-08-29","1318","Terra","MODIS","92","6.1NRT","296.81","12.05","N","","fire_nrt_M-C61_803220.csv","39758","NRT"
"-1.98515","110.21786","319.95","1.02","1.01","2026-08-29","1318","Terra","MODIS","99","6.1NRT","298.12","15.02","N","","fire_nrt_M-C61_803220.csv","39762","NRT"
"-1.99127","110.1731","320.92","1.03","1.01","2026-08-29","1318","Terra","MODIS","100","6.1NRT","296.99","16.27","N","","fire_nrt_M-C61_803220.csv","39764","NRT"
"-1.97505","110.22557","326.43","1.02","1.01","2026-08-29","1318","Terra","MODIS","100","6.1NRT","297.25","22.07","N","","fire_nrt_M-C61_803220.csv","39767","NRT"
"-1.97627","110.21664","340.86","1.02","1.01","2026-08-29","1318","Terra","MODIS","100","6.1NRT","298.57","43.37","N","","fire_nrt_M-C61_803220.csv","39768","NRT"
"-1.89006","110.63139","315.37","1.01","1","2026-08-29","1318","Terra","MODIS","90","6.1NRT","296.25","11.58","N","","fire_nrt_M-C61_803220.csv","39784","NRT"
"-1.8652","110.68162","313.29","1.01","1","2026-08-29","1318","Terra","MODIS","84","6.1NRT","295.93","9.45","N","","fire_nrt_M-C61_803220.csv","39794","NRT"
"-1.89914","110.43508","311.7","1.01","1.01","2026-08-29","1318","Terra","MODIS","80","6.1NRT","295.89","8.2","N","","fire_nrt_M-C61_803220.csv","39795","NRT"
"-1.91812","110.16579","312.67","1.03","1.01","2026-08-29","1318","Terra","MODIS","82","6.1NRT","296.11","8.51","N","","fire_nrt_M-C61_803220.csv","39802","NRT"
"-1.89455","110.27171","315.69","1.02","1.01","2026-08-29","1318","Terra","MODIS","90","6.1NRT","297.3","11.74","N","","fire_nrt_M-C61_803220.csv","39806","NRT"
"-1.9031","110.20927","331.55","1.02","1.01","2026-08-29","1318","Terra","MODIS","100","6.1NRT","297.88","28.93","N","","fire_nrt_M-C61_803220.csv","39807","NRT"
"-1.88569","110.27048","314.17","1.02","1.01","2026-08-29","1318","Terra","MODIS","86","6.1NRT","296.58","10.22","N","","fire_nrt_M-C61_803220.csv","39814","NRT"
"-1.89759","110.11724","317.33","1.03","1.01","2026-08-29","1318","Terra","MODIS","94","6.1NRT","296.57","13.72","N","","fire_nrt_M-C61_803220.csv","39818","NRT"
"-1.89881","110.10825","317.19","1.03","1.01","2026-08-29","1318","Terra","MODIS","94","6.1NRT","296.25","13.6","N","","fire_nrt_M-C61_803220.csv","39819","NRT"
"-1.88869","110.116","312.4","1.03","1.01","2026-08-29","1318","Terra","MODIS","82","6.1NRT","296.23","9.59","N","","fire_nrt_M-C61_803220.csv","39824","NRT"
"-1.85908","110.18826","315.91","1.02","1.01","2026-08-29","1318","Terra","MODIS","91","6.1NRT","296.19","11.57","N","","fire_nrt_M-C61_803220.csv","39828","NRT"
"-1.86155","110.17038","330.05","1.03","1.01","2026-08-29","1318","Terra","MODIS","100","6.1NRT","297.83","27.15","N","","fire_nrt_M-C61_803220.csv","39830","NRT"
"-1.84379","110.16791","365.44","1.03","1.01","2026-08-29","1318","Terra","MODIS","100","6.1NRT","300.31","102.1","N","","fire_nrt_M-C61_803220.csv","39832","NRT"
"-1.84502","110.15896","325.32","1.03","1.01","2026-08-29","1318","Terra","MODIS","100","6.1NRT","296.8","20.45","N","","fire_nrt_M-C61_803220.csv","39833","NRT"
"-1.82141","110.26485","318.77","1.02","1.01","2026-08-29","1318","Terra","MODIS","97","6.1NRT","297.25","14.4","N","","fire_nrt_M-C61_803220.csv","39840","NRT"
"-1.77954","110.24089","312.8","1.02","1.01","2026-08-29","1318","Terra","MODIS","83","6.1NRT","296.73","8.57","N","","fire_nrt_M-C61_803220.csv","39856","NRT"
"-1.76946","110.24857","312.73","1.02","1.01","2026-08-29","1318","Terra","MODIS","82","6.1NRT","296.94","8.42","N","","fire_nrt_M-C61_803220.csv","39860","NRT"
"-1.77068","110.23966","324.53","1.02","1.01","2026-08-29","1318","Terra","MODIS","100","6.1NRT","297.81","19.48","N","","fire_nrt_M-C61_803220.csv","39861","NRT"
"-1.74821","110.25742","317.14","1.02","1.01","2026-08-29","1318","Terra","MODIS","94","6.1NRT","296.92","12.45","N","","fire_nrt_M-C61_803220.csv","39873","NRT"
"-1.75067","110.23962","321.47","1.02","1.01","2026-08-29","1318","Terra","MODIS","100","6.1NRT","297.53","16.3","N","","fire_nrt_M-C61_803220.csv","39875","NRT"
"-1.7519","110.23071","326.26","1.02","1.01","2026-08-29","1318","Terra","MODIS","100","6.1NRT","297.41","21.66","N","","fire_nrt_M-C61_803220.csv","39876","NRT"
"-1.76669","110.12352","348.59","1.03","1.01","2026-08-29","1318","Terra","MODIS","100","6.1NRT","299.17","58.13","N","","fire_nrt_M-C61_803220.csv","39877","NRT"
"-1.76793","110.11456","384.59","1.03","1.01","2026-08-29","1318","Terra","MODIS","100","6.1NRT","302.89","176.89","N","","fire_nrt_M-C61_803220.csv","39878","NRT"
"-1.74181","110.23839","313.61","1.02","1.01","2026-08-29","1318","Terra","MODIS","85","6.1NRT","296.3","8.51","N","","fire_nrt_M-C61_803220.csv","39882","NRT"
"-1.74304","110.22948","314.88","1.02","1.01","2026-08-29","1318","Terra","MODIS","88","6.1NRT","296.95","9.55","N","","fire_nrt_M-C61_803220.csv","39883","NRT"
"-1.75904","110.11333","319.55","1.03","1.01","2026-08-29","1318","Terra","MODIS","99","6.1NRT","296.66","14.62","N","","fire_nrt_M-C61_803220.csv","39885","NRT"
"-1.73417","110.22826","329.95","1.02","1.01","2026-08-29","1318","Terra","MODIS","100","6.1NRT","297.94","25.86","N","","fire_nrt_M-C61_803220.csv","39886","NRT"
"-1.74399","110.15686","318.36","1.02","1.01","2026-08-29","1318","Terra","MODIS","96","6.1NRT","296.42","13.32","N","","fire_nrt_M-C61_803220.csv","39887","NRT"
"-1.74522","110.14792","319.57","1.03","1.01","2026-08-29","1318","Terra","MODIS","99","6.1NRT","296.24","14.65","N","","fire_nrt_M-C61_803220.csv","39888","NRT"
"-1.73634","110.14668","316.94","1.03","1.01","2026-08-29","1318","Terra","MODIS","93","6.1NRT","295.64","11.75","N","","fire_nrt_M-C61_803220.csv","39894","NRT"
"-1.64225","110.70103","312.73","1","1","2026-08-29","1318","Terra","MODIS","83","6.1NRT","296.68","8.56","N","","fire_nrt_M-C61_803220.csv","39902","NRT"
"-1.67844","110.43732","314.59","1.01","1.01","2026-08-29","1318","Terra","MODIS","88","6.1NRT","296.34","9.85","N","","fire_nrt_M-C61_803220.csv","39903","NRT"
"-1.70149","110.26906","317.69","1.02","1.01","2026-08-29","1318","Terra","MODIS","84","6.1NRT","296.71","11.59","N","","fire_nrt_M-C61_803220.csv","39904","NRT"
"-1.70271","110.26016","327.75","1.02","1.01","2026-08-29","1318","Terra","MODIS","100","6.1NRT","297.38","21.94","N","","fire_nrt_M-C61_803220.csv","39905","NRT"
"-1.64266","110.35442","328.95","1.01","1.01","2026-08-29","1318","Terra","MODIS","100","6.1NRT","297.38","25.15","N","","fire_nrt_M-C61_803220.csv","39918","NRT"
"-1.60228","110.5823","325.04","1.01","1","2026-08-29","1318","Terra","MODIS","100","6.1NRT","297.33","20.21","N","","fire_nrt_M-C61_803220.csv","39922","NRT"
"-2.11311","110.14959","314.39","1.02","1.01","2026-08-29","2019","Aqua","MODIS","85","6.1NRT","294.45","11.37","N","","fire_nrt_M-C61_803220.csv","39980","NRT"
"-1.98349","110.2172","313.83","1.02","1.01","2026-08-29","2019","Aqua","MODIS","88","6.1NRT","294.99","11.48","N","","fire_nrt_M-C61_803220.csv","39998","NRT"
"-1.976","110.22736","313.47","1.02","1.01","2026-08-29","2019","Aqua","MODIS","87","6.1NRT","294.55","11.09","N","","fire_nrt_M-C61_803220.csv","39999","NRT"
"-1.97465","110.21849","317.17","1.02","1.01","2026-08-29","2019","Aqua","MODIS","95","6.1NRT","294.74","14.22","N","","fire_nrt_M-C61_803220.csv","40000","NRT"
"-1.98058","110.31765","313.04","1.03","1.01","2026-08-29","2019","Aqua","MODIS","86","6.1NRT","294.07","11.33","N","","fire_nrt_M-C61_803220.csv","40003","NRT"
"-1.84854","110.17118","319.42","1.02","1.01","2026-08-29","2019","Aqua","MODIS","99","6.1NRT","294.7","15.83","N","","fire_nrt_M-C61_803220.csv","40017","NRT"
"-1.76665","110.12571","343.31","1.02","1.01","2026-08-29","2019","Aqua","MODIS","100","6.1NRT","299.4","49.32","N","","fire_nrt_M-C61_803220.csv","40022","NRT"
"-1.76532","110.1169","371.37","1.01","1.01","2026-08-29","2019","Aqua","MODIS","100","6.1NRT","303.64","122.61","N","","fire_nrt_M-C61_803220.csv","40023","NRT"
"-1.76634","110.24318","315.34","1.02","1.01","2026-08-29","2019","Aqua","MODIS","91","6.1NRT","294.66","12.31","N","","fire_nrt_M-C61_803220.csv","40028","NRT"
"-1.63317","110.08892","325.13","1.01","1.01","2026-08-29","2019","Aqua","MODIS","100","6.1NRT","296.2","21.29","N","","fire_nrt_M-C61_803220.csv","40074","NRT"
"-1.54783","110.08025","310.52","1.01","1.01","2026-08-29","2019","Aqua","MODIS","80","6.1NRT","293.8","8.88","N","","fire_nrt_M-C61_803220.csv","40096","NRT"
"-1.5465","110.07147","314.56","1.01","1.01","2026-08-29","2019","Aqua","MODIS","89","6.1NRT","293.79","12.08","N","","fire_nrt_M-C61_803220.csv","40097","NRT"
"-1.53903","110.08154","311.59","1.01","1.01","2026-08-29","2019","Aqua","MODIS","83","6.1NRT","295.15","9.5","N","","fire_nrt_M-C61_803220.csv","40098","NRT"
"-1.53771","110.07276","354.46","1.01","1.01","2026-08-29","2019","Aqua","MODIS","100","6.1NRT","303.02","72.38","N","","fire_nrt_M-C61_803220.csv","40099","NRT"
"-1.53639","110.06398","355.53","1.01","1.01","2026-08-29","2019","Aqua","MODIS","100","6.1NRT","299.93","75.23","N","","fire_nrt_M-C61_803220.csv","40100","NRT"
"-1.52892","110.07405","336.74","1.01","1.01","2026-08-29","2019","Aqua","MODIS","100","6.1NRT","301.61","37.6","N","","fire_nrt_M-C61_803220.csv","40101","NRT"
"-1.5276","110.06527","365.81","1.01","1.01","2026-08-29","2019","Aqua","MODIS","100","6.1NRT","307.51","103.51","N","","fire_nrt_M-C61_803220.csv","40102","NRT"
"-1.52628","110.0565","316.26","1.01","1","2026-08-29","2019","Aqua","MODIS","93","6.1NRT","294.62","13.45","N","","fire_nrt_M-C61_803220.csv","40103","NRT"
"-1.51163","110.09212","312.74","1.01","1.01","2026-08-29","2019","Aqua","MODIS","86","6.1NRT","295.13","9.97","N","","fire_nrt_M-C61_803220.csv","40106","NRT"
"-1.50897","110.07457","312.57","1.01","1.01","2026-08-29","2019","Aqua","MODIS","85","6.1NRT","294.94","9.79","N","","fire_nrt_M-C61_803220.csv","40107","NRT"
"-1.50468","110.16506","383.11","1.01","1.01","2026-08-29","2019","Aqua","MODIS","100","6.1NRT","303.67","166.89","N","","fire_nrt_M-C61_803220.csv","40110","NRT"
"-1.50335","110.15625","356.78","1.01","1.01","2026-08-29","2019","Aqua","MODIS","100","6.1NRT","296.77","77.1","N","","fire_nrt_M-C61_803220.csv","40111","NRT"
"-1.49106","110.19407","318.25","1.02","1.01","2026-08-29","2019","Aqua","MODIS","96","6.1NRT","295.8","12.2","N","","fire_nrt_M-C61_803220.csv","40119","NRT"
"-1.55732","110.81676","315.5","1.05","1.03","2026-08-29","2019","Aqua","MODIS","91","6.1NRT","293.56","13.56","N","","fire_nrt_M-C61_803220.csv","40123","NRT"
"-1.45802","110.15388","312.9","1.01","1.01","2026-08-29","2019","Aqua","MODIS","86","6.1NRT","294.97","9.69","N","","fire_nrt_M-C61_803220.csv","40125","NRT"
"-1.39241","110.09749","322.23","1.01","1.01","2026-08-29","2019","Aqua","MODIS","100","6.1NRT","298.08","18.03","N","","fire_nrt_M-C61_803220.csv","40146","NRT"
"-1.39025","110.14268","337.96","1.01","1.01","2026-08-29","2019","Aqua","MODIS","100","6.1NRT","298.19","38.26","N","","fire_nrt_M-C61_803220.csv","40147","NRT"
"-1.38892","110.13389","342.21","1.01","1.01","2026-08-29","2019","Aqua","MODIS","100","6.1NRT","297.63","45.21","N","","fire_nrt_M-C61_803220.csv","40148","NRT"
"-1.38145","110.14397","342.91","1.01","1.01","2026-08-29","2019","Aqua","MODIS","100","6.1NRT","299.5","47","N","","fire_nrt_M-C61_803220.csv","40151","NRT"
"-1.38013","110.13518","351.98","1.01","1.01","2026-08-29","2019","Aqua","MODIS","100","6.1NRT","299.72","65.5","N","","fire_nrt_M-C61_803220.csv","40152","NRT"
"-1.37001","110.12768","325.95","1.01","1.01","2026-08-29","2019","Aqua","MODIS","100","6.1NRT","296.39","22.46","N","","fire_nrt_M-C61_803220.csv","40153","NRT"
"-1.36869","110.1189","315.47","1.01","1.01","2026-08-29","2019","Aqua","MODIS","91","6.1NRT","294.91","11.67","N","","fire_nrt_M-C61_803220.csv","40154","NRT"
"-1.41064","110.64624","317.38","1.04","1.02","2026-08-29","2019","Aqua","MODIS","95","6.1NRT","293.94","14.02","N","","fire_nrt_M-C61_803220.csv","40163","NRT"
"-1.40927","110.63723","317.75","1.04","1.02","2026-08-29","2019","Aqua","MODIS","96","6.1NRT","294.16","14.57","N","","fire_nrt_M-C61_803220.csv","40164","NRT"
"-0.90246","110.20953","312.23","1.01","1.01","2026-08-29","2019","Aqua","MODIS","84","6.1NRT","294.98","10","N","","fire_nrt_M-C61_803220.csv","40266","NRT"
"-0.89139","110.21709","317.66","1.01","1.01","2026-08-29","2019","Aqua","MODIS","95","6.1NRT","295.42","13.22","N","","fire_nrt_M-C61_803220.csv","40268","NRT"
"-0.89006","110.20831","323.98","1.01","1.01","2026-08-29","2019","Aqua","MODIS","100","6.1NRT","296.15","19.83","N","","fire_nrt_M-C61_803220.csv","40269","NRT"
"-0.84431","110.14335","317.18","1.01","1","2026-08-29","2019","Aqua","MODIS","95","6.1NRT","294.04","14.22","N","","fire_nrt_M-C61_803220.csv","40273","NRT"
"-0.67792","110.2071","316.31","1.01","1","2026-08-29","2019","Aqua","MODIS","93","6.1NRT","293.35","14.2","N","","fire_nrt_M-C61_803220.csv","40279","NRT"
"-0.6344","110.09727","311.12","1.01","1","2026-08-29","2019","Aqua","MODIS","82","6.1NRT","294.35","9.14","N","","fire_nrt_M-C61_803220.csv","40282","NRT"
"-0.63309","110.08854","326.02","1.01","1","2026-08-29","2019","Aqua","MODIS","100","6.1NRT","294.15","22.9","N","","fire_nrt_M-C61_803220.csv","40283","NRT"
"-0.62696","110.10728","332.66","1.01","1","2026-08-29","2019","Aqua","MODIS","100","6.1NRT","297.04","30.36","N","","fire_nrt_M-C61_803220.csv","40285","NRT"
"-0.62432","110.08982","330.35","1.01","1","2026-08-29","2019","Aqua","MODIS","100","6.1NRT","296.17","27.56","N","","fire_nrt_M-C61_803220.csv","40287","NRT"
"-0.62037","110.06365","332.28","1","1","2026-08-29","2019","Aqua","MODIS","100","6.1NRT","297.42","30.38","N","","fire_nrt_M-C61_803220.csv","40288","NRT"
"-0.61905","110.05493","351.47","1","1","2026-08-29","2019","Aqua","MODIS","100","6.1NRT","299.66","64.6","N","","fire_nrt_M-C61_803220.csv","40289","NRT"
"-0.61773","110.0462","310.38","1","1","2026-08-29","2019","Aqua","MODIS","80","6.1NRT","293.66","8.45","N","","fire_nrt_M-C61_803220.csv","40290","NRT"
"-0.62346","110.14351","325.45","1.01","1","2026-08-29","2019","Aqua","MODIS","100","6.1NRT","294.77","21.44","N","","fire_nrt_M-C61_803220.csv","40291","NRT"
"-0.61819","110.10856","332.52","1.01","1","2026-08-29","2019","Aqua","MODIS","100","6.1NRT","298.41","30.18","N","","fire_nrt_M-C61_803220.csv","40293","NRT"
"-0.61687","110.09984","319.93","1.01","1","2026-08-29","2019","Aqua","MODIS","94","6.1NRT","296.95","15.07","N","","fire_nrt_M-C61_803220.csv","40294","NRT"
"-0.61555","110.0911","317","1.01","1","2026-08-29","2019","Aqua","MODIS","94","6.1NRT","295.53","12.91","N","","fire_nrt_M-C61_803220.csv","40295","NRT"
"-0.61161","110.06493","313.47","1","1","2026-08-29","2019","Aqua","MODIS","87","6.1NRT","295.21","10.31","N","","fire_nrt_M-C61_803220.csv","40296","NRT"
"-0.61029","110.05621","327.35","1","1","2026-08-29","2019","Aqua","MODIS","100","6.1NRT","297.1","24.56","N","","fire_nrt_M-C61_803220.csv","40297","NRT"
"-0.61732","110.16226","322.16","1.01","1","2026-08-29","2019","Aqua","MODIS","100","6.1NRT","294.56","18.52","N","","fire_nrt_M-C61_803220.csv","40301","NRT"
"-0.60942","110.10984","311.22","1.01","1","2026-08-29","2019","Aqua","MODIS","82","6.1NRT","295.41","9.26","N","","fire_nrt_M-C61_803220.csv","40303","NRT"
"-0.60284","110.06622","327.96","1","1","2026-08-29","2019","Aqua","MODIS","100","6.1NRT","296.01","24.88","N","","fire_nrt_M-C61_803220.csv","40304","NRT"
"-0.60153","110.0575","323.05","1","1","2026-08-29","2019","Aqua","MODIS","100","6.1NRT","295.09","19.6","N","","fire_nrt_M-C61_803220.csv","40305","NRT"
"-0.53268","110.09196","311.39","1.01","1","2026-08-29","2019","Aqua","MODIS","82","6.1NRT","293.9","9.55","N","","fire_nrt_M-C61_803220.csv","40306","NRT"
"-0.53708","110.18057","316.26","1.01","1","2026-08-29","2019","Aqua","MODIS","93","6.1NRT","293.84","13.75","N","","fire_nrt_M-C61_803220.csv","40307","NRT"
"-0.52523","110.10197","318.86","1.01","1","2026-08-29","2019","Aqua","MODIS","98","6.1NRT","295.47","15.61","N","","fire_nrt_M-C61_803220.csv","40308","NRT"
"-0.52391","110.09325","322.21","1.01","1","2026-08-29","2019","Aqua","MODIS","100","6.1NRT","295.81","18.97","N","","fire_nrt_M-C61_803220.csv","40309","NRT"
"-0.51647","110.10326","330.55","1.01","1","2026-08-29","2019","Aqua","MODIS","100","6.1NRT","296.52","28.58","N","","fire_nrt_M-C61_803220.csv","40310","NRT"
"-0.51515","110.09454","331.15","1.01","1","2026-08-29","2019","Aqua","MODIS","100","6.1NRT","295.71","29.35","N","","fire_nrt_M-C61_803220.csv","40311","NRT"
"-0.48943","110.18446","325.94","1.01","1","2026-08-29","2019","Aqua","MODIS","100","6.1NRT","294.3","23.16","N","","fire_nrt_M-C61_803220.csv","40312","NRT"
"-1.49798","110.16224","328.9","1.65","1.26","2026-08-30","0139","Terra","MODIS","80","6.1NRT","298.31","44.49","D","","fire_nrt_M-C61_803220.csv","40522","NRT"
"-1.50913","110.16077","336.96","1.65","1.26","2026-08-30","0139","Terra","MODIS","89","6.1NRT","297.62","69.34","D","","fire_nrt_M-C61_803220.csv","40523","NRT"
"-1.53038","110.07038","347.86","1.63","1.26","2026-08-30","0139","Terra","MODIS","94","6.1NRT","302.48","100.72","D","","fire_nrt_M-C61_803220.csv","40525","NRT"
"-1.54143","110.06887","349.11","1.63","1.26","2026-08-30","0139","Terra","MODIS","95","6.1NRT","302","111.04","D","","fire_nrt_M-C61_803220.csv","40527","NRT"
"-1.76796","110.12165","352.4","1.66","1.27","2026-08-30","0139","Terra","MODIS","96","6.1NRT","302.71","128.04","D","","fire_nrt_M-C61_803220.csv","40533","NRT"
"-1.63106","110.08475","336.44","1.67","1.27","2026-08-30","0837","Aqua","MODIS","88","6.1NRT","299.44","66.21","D","","fire_nrt_M-C61_803220.csv","40624","NRT"
"-1.54259","110.06574","357.53","1.67","1.27","2026-08-30","0837","Aqua","MODIS","99","6.1NRT","302.08","148.96","D","","fire_nrt_M-C61_803220.csv","40628","NRT"
"-1.53149","110.06409","355.34","1.67","1.27","2026-08-30","0837","Aqua","MODIS","98","6.1NRT","301.94","135.57","D","","fire_nrt_M-C61_803220.csv","40629","NRT"
"-2.70077","111.09048","357.74","1.92","1.35","2026-08-30","0837","Aqua","MODIS","99","6.1NRT","298.23","188.03","D","","fire_nrt_M-C61_803220.csv","40766","NRT"
"-2.39191","110.46815","328.66","1.74","1.29","2026-08-30","0837","Aqua","MODIS","82","6.1NRT","297.74","44.43","D","","fire_nrt_M-C61_803220.csv","40803","NRT"
"-2.38062","110.46645","394.1","1.74","1.29","2026-08-30","0837","Aqua","MODIS","100","6.1NRT","299.81","474.88","D","","fire_nrt_M-C61_803220.csv","40804","NRT"
"-2.38296","110.45139","379.31","1.73","1.29","2026-08-30","0837","Aqua","MODIS","100","6.1NRT","300.92","318.09","D","","fire_nrt_M-C61_803220.csv","40805","NRT"
"-2.38102","110.45942","395.45","1.74","1.29","2026-08-30","0837","Aqua","MODIS","100","6.1NRT","302.34","492.64","D","","fire_nrt_M-C61_803220.csv","40807","NRT"
"-2.1288","110.14745","353.28","1.66","1.27","2026-08-30","0837","Aqua","MODIS","97","6.1NRT","302.12","129.04","D","","fire_nrt_M-C61_803220.csv","40834","NRT"
"-2.11775","110.14577","336.52","1.66","1.27","2026-08-30","0837","Aqua","MODIS","87","6.1NRT","301.52","63.64","D","","fire_nrt_M-C61_803220.csv","40836","NRT"
"-2.03953","110.43594","364.12","1.75","1.3","2026-08-30","0837","Aqua","MODIS","100","6.1NRT","300.9","202.33","D","","fire_nrt_M-C61_803220.csv","40841","NRT"
"-2.04185","110.42078","327.65","1.75","1.3","2026-08-30","0837","Aqua","MODIS","80","6.1NRT","299.7","38.56","D","","fire_nrt_M-C61_803220.csv","40842","NRT"
"-1.97912","110.22168","342.73","1.69","1.28","2026-08-30","0837","Aqua","MODIS","91","6.1NRT","299.83","88.52","D","","fire_nrt_M-C61_803220.csv","40852","NRT"
"-1.8409","110.21844","331.79","1.7","1.28","2026-08-30","0837","Aqua","MODIS","84","6.1NRT","298.63","53.18","D","","fire_nrt_M-C61_803220.csv","40862","NRT"
"-1.77623","110.11916","335.07","1.67","1.27","2026-08-30","0837","Aqua","MODIS","87","6.1NRT","302.18","57.9","D","","fire_nrt_M-C61_803220.csv","40868","NRT"
"-1.77655","110.11345","337.42","1.67","1.27","2026-08-30","0837","Aqua","MODIS","88","6.1NRT","301.83","66.73","D","","fire_nrt_M-C61_803220.csv","40869","NRT"
"-1.76546","110.11171","348.8","1.67","1.27","2026-08-30","0837","Aqua","MODIS","95","6.1NRT","301.56","109.41","D","","fire_nrt_M-C61_803220.csv","40871","NRT"
"-1.66493","110.23991","346.62","1.72","1.29","2026-08-30","0837","Aqua","MODIS","81","6.1NRT","299.19","109.65","D","","fire_nrt_M-C61_803220.csv","40884","NRT"
"-2.55756","111.05965","323.48","1.83","1.32","2026-08-31","1257","Terra","MODIS","100","6.1NRT","295.09","47.42","N","","fire_nrt_M-C61_803220.csv","41605","NRT"
"-2.54595","111.05807","336.49","1.83","1.32","2026-08-31","1257","Terra","MODIS","100","6.1NRT","294.91","87.65","N","","fire_nrt_M-C61_803220.csv","41611","NRT"
"-2.5471","111.06871","318.51","1.82","1.32","2026-08-31","1257","Terra","MODIS","97","6.1NRT","294.73","34.89","N","","fire_nrt_M-C61_803220.csv","41623","NRT"
"-2.54931","111.05286","330.42","1.83","1.32","2026-08-31","1257","Terra","MODIS","100","6.1NRT","295.13","66.62","N","","fire_nrt_M-C61_803220.csv","41624","NRT"
"-2.37262","110.47291","345.46","2.02","1.39","2026-08-31","1257","Terra","MODIS","100","6.1NRT","297.06","141.66","N","","fire_nrt_M-C61_803220.csv","41681","NRT"
"-2.37497","110.45534","335.26","2.03","1.39","2026-08-31","1257","Terra","MODIS","100","6.1NRT","296.26","94.05","N","","fire_nrt_M-C61_803220.csv","41682","NRT"
"-2.31464","110.22071","404.04","2.12","1.41","2026-08-31","1257","Terra","MODIS","100","6.1NRT","302.33","822.77","N","","fire_nrt_M-C61_803220.csv","41689","NRT"
"-2.31711","110.20226","394.13","2.12","1.42","2026-08-31","1257","Terra","MODIS","100","6.1NRT","300.42","651.53","N","","fire_nrt_M-C61_803220.csv","41690","NRT"
"-2.30225","110.21902","398.65","2.12","1.41","2026-08-31","1257","Terra","MODIS","100","6.1NRT","298.84","724.5","N","","fire_nrt_M-C61_803220.csv","41696","NRT"
"-2.30471","110.20055","403.65","2.12","1.42","2026-08-31","1257","Terra","MODIS","100","6.1NRT","299.17","818.78","N","","fire_nrt_M-C61_803220.csv","41697","NRT"
"-2.29967","110.2131","382.7","2.12","1.41","2026-08-31","1257","Terra","MODIS","100","6.1NRT","297.96","484","N","","fire_nrt_M-C61_803220.csv","41703","NRT"
"-2.30227","110.19465","349.22","2.12","1.42","2026-08-31","1257","Terra","MODIS","100","6.1NRT","296.02","172.56","N","","fire_nrt_M-C61_803220.csv","41704","NRT"
"-2.16144","110.94401","312.81","1.84","1.33","2026-08-31","1257","Terra","MODIS","84","6.1NRT","294.84","23.11","N","","fire_nrt_M-C61_803220.csv","41712","NRT"
"-2.17584","110.17128","339.62","2.12","1.42","2026-08-31","1257","Terra","MODIS","100","6.1NRT","296.68","122.06","N","","fire_nrt_M-C61_803220.csv","41722","NRT"
"-2.10142","110.16103","320.16","2.12","1.42","2026-08-31","1257","Terra","MODIS","100","6.1NRT","295.78","43.01","N","","fire_nrt_M-C61_803220.csv","41738","NRT"
"-2.12379","110.15867","316.12","2.12","1.42","2026-08-31","1257","Terra","MODIS","92","6.1NRT","295.65","33.65","N","","fire_nrt_M-C61_803220.csv","41742","NRT"
"-2.09899","110.15527","323.23","2.12","1.42","2026-08-31","1257","Terra","MODIS","100","6.1NRT","295.72","53.77","N","","fire_nrt_M-C61_803220.csv","41749","NRT"
"-1.97239","110.31594","310.65","2.05","1.39","2026-08-31","1257","Terra","MODIS","80","6.1NRT","295.49","21.71","N","","fire_nrt_M-C61_803220.csv","41760","NRT"
"-1.90844","110.69257","310.99","1.91","1.35","2026-08-31","1257","Terra","MODIS","80","6.1NRT","295.24","20.07","N","","fire_nrt_M-C61_803220.csv","41761","NRT"
"-1.90785","110.21021","316.55","2.09","1.41","2026-08-31","1259","Terra","MODIS","93","6.1NRT","295.7","35.42","N","","fire_nrt_M-C61_803220.csv","41771","NRT"
"-1.89304","110.22662","333.22","2.08","1.4","2026-08-31","1259","Terra","MODIS","100","6.1NRT","295.87","88.88","N","","fire_nrt_M-C61_803220.csv","41772","NRT"
"-1.89553","110.20859","348.93","2.09","1.41","2026-08-31","1259","Terra","MODIS","100","6.1NRT","296.49","168.14","N","","fire_nrt_M-C61_803220.csv","41773","NRT"
"-1.76667","110.11023","312.94","2.12","1.41","2026-08-31","1259","Terra","MODIS","85","6.1NRT","295.48","28.29","N","","fire_nrt_M-C61_803220.csv","41791","NRT"
"-1.68909","110.5994","311.19","1.93","1.36","2026-08-31","1259","Terra","MODIS","81","6.1NRT","295.65","18.65","N","","fire_nrt_M-C61_803220.csv","41793","NRT"
"-1.56707","110.8278","311.56","1.84","1.33","2026-08-31","1259","Terra","MODIS","82","6.1NRT","295.31","18.47","N","","fire_nrt_M-C61_803220.csv","41803","NRT"
"-1.54723","110.82004","325.13","1.84","1.33","2026-08-31","1259","Terra","MODIS","100","6.1NRT","295.46","49.08","N","","fire_nrt_M-C61_803220.csv","41810","NRT"
"-1.54957","110.8033","321.44","1.85","1.33","2026-08-31","1259","Terra","MODIS","100","6.1NRT","295.16","39.23","N","","fire_nrt_M-C61_803220.csv","41811","NRT"
"-1.53619","110.06109","320.15","2.12","1.41","2026-08-31","1259","Terra","MODIS","100","6.1NRT","296.01","43.33","N","","fire_nrt_M-C61_803220.csv","41820","NRT"
"-1.45367","110.39386","312.9","1.98","1.37","2026-08-31","1259","Terra","MODIS","84","6.1NRT","295.55","23.87","N","","fire_nrt_M-C61_803220.csv","41825","NRT"
"-1.44865","110.38678","314.57","1.98","1.37","2026-08-31","1259","Terra","MODIS","88","6.1NRT","295.39","27.4","N","","fire_nrt_M-C61_803220.csv","41827","NRT"
"-1.37945","110.13877","311.74","2.07","1.4","2026-08-31","1259","Terra","MODIS","81","6.1NRT","295.01","23.81","N","","fire_nrt_M-C61_803220.csv","41834","NRT"
"-0.64432","110.53503","320.46","1.87","1.34","2026-08-31","1259","Terra","MODIS","100","6.1NRT","295.11","39.42","N","","fire_nrt_M-C61_803220.csv","41887","NRT"
"-0.59194","110.07311","320.74","2.04","1.39","2026-08-31","1259","Terra","MODIS","100","6.1NRT","295.31","42.32","N","","fire_nrt_M-C61_803220.csv","41896","NRT"
"-0.59438","110.05532","329.1","2.04","1.39","2026-08-31","1259","Terra","MODIS","100","6.1NRT","295.87","69.87","N","","fire_nrt_M-C61_803220.csv","41897","NRT"
"-0.59681","110.03755","311.58","2.05","1.39","2026-08-31","1259","Terra","MODIS","80","6.1NRT","294.81","21.5","N","","fire_nrt_M-C61_803220.csv","41898","NRT"
"-0.51971","110.11037","322.88","2.02","1.38","2026-08-31","1259","Terra","MODIS","100","6.1NRT","295.89","49.81","N","","fire_nrt_M-C61_803220.csv","41899","NRT"
"-0.52214","110.09293","311.7","2.02","1.39","2026-08-31","1259","Terra","MODIS","81","6.1NRT","295.46","22.11","N","","fire_nrt_M-C61_803220.csv","41900","NRT"
"-0.50759","110.10869","333.77","2.02","1.38","2026-08-31","1259","Terra","MODIS","100","6.1NRT","295.94","87.69","N","","fire_nrt_M-C61_803220.csv","41902","NRT"
"-0.50149","110.11459","312.28","1.83","1.33","2026-08-31","1957","Aqua","MODIS","84","6.1NRT","295.07","23.83","N","","fire_nrt_M-C61_803220.csv","42128","NRT"
"-0.51307","110.11291","314.12","1.83","1.33","2026-08-31","1957","Aqua","MODIS","89","6.1NRT","295.41","26.53","N","","fire_nrt_M-C61_803220.csv","42131","NRT"
"-0.51063","110.10766","314.54","1.83","1.33","2026-08-31","1957","Aqua","MODIS","89","6.1NRT","295.57","27.3","N","","fire_nrt_M-C61_803220.csv","42133","NRT"
"-0.63568","110.31199","343.06","1.76","1.3","2026-08-31","1957","Aqua","MODIS","100","6.1NRT","295.54","109.03","N","","fire_nrt_M-C61_803220.csv","42139","NRT"
"-0.59382","110.05569","317.85","1.85","1.33","2026-08-31","1957","Aqua","MODIS","84","6.1NRT","295.38","31.72","N","","fire_nrt_M-C61_803220.csv","42140","NRT"
"-0.61121","110.16652","310.67","1.81","1.32","2026-08-31","1957","Aqua","MODIS","81","6.1NRT","294.57","18.76","N","","fire_nrt_M-C61_803220.csv","42141","NRT"
"-0.63301","110.30549","330.3","1.76","1.3","2026-08-31","1957","Aqua","MODIS","100","6.1NRT","295.01","63.75","N","","fire_nrt_M-C61_803220.csv","42142","NRT"
"-0.6354","110.32073","320.5","1.76","1.3","2026-08-31","1957","Aqua","MODIS","100","6.1NRT","294.79","38.18","N","","fire_nrt_M-C61_803220.csv","42143","NRT"
"-1.367","110.12964","317.87","1.77","1.3","2026-08-31","1957","Aqua","MODIS","96","6.1NRT","295.69","32.7","N","","fire_nrt_M-C61_803220.csv","42179","NRT"
"-1.38074","110.14317","313.52","1.76","1.3","2026-08-31","1957","Aqua","MODIS","87","6.1NRT","295.75","23.44","N","","fire_nrt_M-C61_803220.csv","42183","NRT"
"-1.4512","110.14809","315.02","1.76","1.3","2026-08-31","1957","Aqua","MODIS","90","6.1NRT","295.75","27.03","N","","fire_nrt_M-C61_803220.csv","42196","NRT"
"-1.45054","110.14253","313.26","1.76","1.3","2026-08-31","1957","Aqua","MODIS","87","6.1NRT","295.58","24.01","N","","fire_nrt_M-C61_803220.csv","42197","NRT"
"-1.49829","110.15101","325.1","1.75","1.3","2026-08-31","1957","Aqua","MODIS","100","6.1NRT","295.59","48.03","N","","fire_nrt_M-C61_803220.csv","42198","NRT"
"-1.5006","110.16611","331.55","1.75","1.3","2026-08-31","1957","Aqua","MODIS","100","6.1NRT","296.79","64.71","N","","fire_nrt_M-C61_803220.csv","42199","NRT"
"-1.88921","110.22006","353.51","1.7","1.28","2026-08-31","1957","Aqua","MODIS","100","6.1NRT","298.19","149.72","N","","fire_nrt_M-C61_803220.csv","42249","NRT"
"-1.92665","110.46544","318.08","1.63","1.26","2026-08-31","1957","Aqua","MODIS","96","6.1NRT","294.57","30.48","N","","fire_nrt_M-C61_803220.csv","42250","NRT"
"-1.90041","110.21835","322.29","1.7","1.28","2026-08-31","1957","Aqua","MODIS","100","6.1NRT","296.29","39.56","N","","fire_nrt_M-C61_803220.csv","42251","NRT"
"-2.09894","110.1604","315.61","1.71","1.28","2026-08-31","1957","Aqua","MODIS","92","6.1NRT","295.09","26.97","N","","fire_nrt_M-C61_803220.csv","42275","NRT"
"-2.09756","110.15381","311.39","1.71","1.28","2026-08-31","1957","Aqua","MODIS","82","6.1NRT","294.76","18.98","N","","fire_nrt_M-C61_803220.csv","42276","NRT"
"-2.16932","110.17326","320.18","1.7","1.28","2026-08-31","1957","Aqua","MODIS","100","6.1NRT","295.66","37.33","N","","fire_nrt_M-C61_803220.csv","42281","NRT"
"-2.1805","110.17156","310.79","1.7","1.28","2026-08-31","1957","Aqua","MODIS","81","6.1NRT","294.72","19.86","N","","fire_nrt_M-C61_803220.csv","42283","NRT"
"-2.30101","110.20067","317.11","1.68","1.27","2026-08-31","1957","Aqua","MODIS","94","6.1NRT","294.12","28.02","N","","fire_nrt_M-C61_803220.csv","42284","NRT"
"-2.3033","110.21526","347.02","1.68","1.27","2026-08-31","1957","Aqua","MODIS","100","6.1NRT","297.21","116.24","N","","fire_nrt_M-C61_803220.csv","42285","NRT"
"-2.31214","110.19898","321.18","1.68","1.27","2026-08-31","1957","Aqua","MODIS","100","6.1NRT","294.35","36.09","N","","fire_nrt_M-C61_803220.csv","42287","NRT"
"-2.31442","110.21358","370.11","1.68","1.27","2026-08-31","1957","Aqua","MODIS","100","6.1NRT","297.69","244.92","N","","fire_nrt_M-C61_803220.csv","42288","NRT"
"-2.36518","110.46748","343.57","1.6","1.25","2026-08-31","1957","Aqua","MODIS","100","6.1NRT","296.81","97.1","N","","fire_nrt_M-C61_803220.csv","42289","NRT"
"-2.36732","110.48127","315.77","1.6","1.24","2026-08-31","1957","Aqua","MODIS","92","6.1NRT","294.52","25.67","N","","fire_nrt_M-C61_803220.csv","42290","NRT"
"-2.37605","110.46577","317.93","1.6","1.25","2026-08-31","1957","Aqua","MODIS","96","6.1NRT","295.47","30.17","N","","fire_nrt_M-C61_803220.csv","42291","NRT"
