"latitude","longitude","brightness","scan","track","acq_date","acq_time","satellite","instrument","confidence","version","bright_t31","frp","daynight","type","source_file","source_row","data_status"
"-2.6881","110.2837","321.8","1","1","2026-01-14","0751","Aqua","MODIS","0","61.03","269","21.9","D","0","fire_archive_M-C61_803220.csv",84,"standard"
"-1.4066","110.4454","314.2","1.5","1.2","2026-01-16","0730","Aqua","MODIS","69","61.03","294.4","15.1","D","0","fire_archive_M-C61_803220.csv",142,"standard"
"-2.764","110.3849","310.9","1.6","1.2","2026-01-16","0730","Aqua","MODIS","55","61.03","292.3","9","D","0","fire_archive_M-C61_803220.csv",156,"standard"
"-2.3661","110.6639","332.7","1.5","1.2","2026-01-16","0730","Aqua","MODIS","86","61.03","294.7","50.1","D","0","fire_archive_M-C61_803220.csv",163,"standard"
"-2.368","110.6506","322","1.5","1.2","2026-01-16","0730","Aqua","MODIS","77","61.03","294.7","27","D","0","fire_archive_M-C61_803220.csv",164,"standard"
"-2.0672","110.5222","324.3","1.5","1.2","2026-01-16","0730","Aqua","MODIS","79","61.03","295.1","31.9","D","0","fire_archive_M-C61_803220.csv",167,"standard"
"-2.0691","110.5087","316.6","1.5","1.2","2026-01-16","0730","Aqua","MODIS","71","61.03","294.8","17.8","D","0","fire_archive_M-C61_803220.csv",168,"standard"
"-1.5627","110.8266","335.4","1.4","1.2","2026-01-16","0730","Aqua","MODIS","88","61.03","295.3","53.8","D","0","fire_archive_M-C61_803220.csv",192,"standard"
"-2.1992","110.7353","336.7","1","1","2026-01-19","0747","Aqua","MODIS","89","61.03","297.3","31.8","D","0","fire_archive_M-C61_803220.csv",351,"standard"
"-2.6196","110.962","329.5","1","1","2026-01-19","0747","Aqua","MODIS","83","61.03","296.6","23.3","D","0","fire_archive_M-C61_803220.csv",352,"standard"
"-2.4389","111.0569","312.1","1","1","2026-01-19","0747","Aqua","MODIS","62","61.03","295.1","5.2","D","0","fire_archive_M-C61_803220.csv",353,"standard"
"-0.8866","110.2371","336","1","1","2026-01-19","0747","Aqua","MODIS","89","61.03","293.5","32.9","D","0","fire_archive_M-C61_803220.csv",368,"standard"
"-0.7763","110.2943","310.1","1","1","2026-01-19","0747","Aqua","MODIS","63","61.03","290.8","5.5","D","0","fire_archive_M-C61_803220.csv",369,"standard"
"-0.5126","109.9618","326.4","1","1","2026-01-19","0747","Aqua","MODIS","84","61.03","279.7","23.8","D","0","fire_archive_M-C61_803220.csv",370,"standard"
"-0.5139","109.9531","302.9","1","1","2026-01-19","0747","Aqua","MODIS","53","61.03","279.9","4.1","D","0","fire_archive_M-C61_803220.csv",371,"standard"
"-0.5358","110.1095","305.7","2","1.4","2026-01-21","0726","Aqua","MODIS","0","61.03","268.9","18.5","D","0","fire_archive_M-C61_803220.csv",432,"standard"
"-1.9959","110.4637","324.1","1.5","1.2","2026-01-22","0803","Aqua","MODIS","80","61.03","291.8","26.4","D","0","fire_archive_M-C61_803220.csv",468,"standard"
"-2.1579","110.1197","304.1","1.4","1.2","2026-01-22","0803","Aqua","MODIS","17","61.03","273.2","6.7","D","0","fire_archive_M-C61_803220.csv",469,"standard"
"-0.7465","110.397","305.7","1","1","2026-01-24","0742","Aqua","MODIS","62","61.03","282.5","5.6","D","0","fire_archive_M-C61_803220.csv",580,"standard"
"-1.4166","110.1116","311","1.1","1","2026-01-24","0742","Aqua","MODIS","70","61.03","290.1","6.9","D","0","fire_archive_M-C61_803220.csv",581,"standard"
"-1.4153","110.1211","319.9","1.1","1","2026-01-24","0742","Aqua","MODIS","80","61.03","290.3","15.6","D","0","fire_archive_M-C61_803220.csv",582,"standard"
"-2.4159","110.9898","316.7","1","1","2026-01-24","0742","Aqua","MODIS","66","61.03","300.3","7.9","D","0","fire_archive_M-C61_803220.csv",585,"standard"
"-1.4525","110.5645","304.1","2.4","1.5","2026-01-26","0721","Aqua","MODIS","58","61.03","281.9","14.3","D","0","fire_archive_M-C61_803220.csv",743,"standard"
"-1.5778","110.7401","322.9","1.2","1.1","2026-01-29","0737","Aqua","MODIS","78","61.03","295.7","20.2","D","0","fire_archive_M-C61_803220.csv",849,"standard"
"-2.3151","111.0479","309.5","1.2","1.1","2026-01-29","0737","Aqua","MODIS","55","61.03","276.4","9.8","D","0","fire_archive_M-C61_803220.csv",855,"standard"
"-1.6001","110.7855","314","1.2","1.1","2026-01-29","0737","Aqua","MODIS","66","61.03","296.3","8.2","D","0","fire_archive_M-C61_803220.csv",859,"standard"
"-2.2352","110.1155","310.2","1","1","2026-02-01","0754","Aqua","MODIS","30","61.03","279.2","7","D","0","fire_archive_M-C61_803220.csv",957,"standard"
"-1.2936","110.5412","309.3","1.1","1","2026-02-01","0754","Aqua","MODIS","63","61.03","289.9","4.2","D","0","fire_archive_M-C61_803220.csv",959,"standard"
"-2.5013","110.2372","316.2","1.4","1.2","2026-02-09","0805","Aqua","MODIS","52","61.03","294.1","11.9","D","0","fire_archive_M-C61_803220.csv",1178,"standard"
"-2.4995","110.249","328.2","1.4","1.2","2026-02-09","0805","Aqua","MODIS","82","61.03","294.3","31.6","D","0","fire_archive_M-C61_803220.csv",1179,"standard"
"-2.7049","110.5273","320.5","1.4","1.2","2026-02-09","0805","Aqua","MODIS","72","61.03","298.2","16.6","D","0","fire_archive_M-C61_803220.csv",1180,"standard"
"-2.5834","111.0495","322.3","1.6","1.2","2026-02-09","0805","Aqua","MODIS","75","61.03","294.2","25","D","0","fire_archive_M-C61_803220.csv",1181,"standard"
"-2.5765","110.5519","318","1.4","1.2","2026-02-09","0805","Aqua","MODIS","69","61.03","298.2","12.1","D","0","fire_archive_M-C61_803220.csv",1182,"standard"
"-2.0404","110.1768","315.3","1.1","1.1","2026-02-11","0743","Aqua","MODIS","69","61.03","297.5","8.4","D","0","fire_archive_M-C61_803220.csv",1275,"standard"
"-2.6867","110.3736","314.5","1.1","1","2026-02-11","0743","Aqua","MODIS","62","61.03","298.6","5.3","D","0","fire_archive_M-C61_803220.csv",1276,"standard"
"-2.4359","110.4421","316.9","1.1","1","2026-02-11","0743","Aqua","MODIS","37","61.03","298","8.3","D","0","fire_archive_M-C61_803220.csv",1277,"standard"
"-2.4373","110.4326","354.2","1.1","1","2026-02-11","0743","Aqua","MODIS","97","61.03","301.1","74.1","D","0","fire_archive_M-C61_803220.csv",1278,"standard"
"-2.4387","110.423","323.8","1.1","1","2026-02-11","0743","Aqua","MODIS","77","61.03","297.5","16.5","D","0","fire_archive_M-C61_803220.csv",1279,"standard"
"-2.4268","110.4408","361.6","1.1","1","2026-02-11","0743","Aqua","MODIS","100","61.03","299","94.3","D","0","fire_archive_M-C61_803220.csv",1280,"standard"
"-2.4281","110.4313","351.9","1.1","1","2026-02-11","0743","Aqua","MODIS","96","61.03","300.2","66.8","D","0","fire_archive_M-C61_803220.csv",1281,"standard"
"-2.6927","110.4487","314.4","1.1","1","2026-02-11","0743","Aqua","MODIS","62","61.03","298.2","5.7","D","0","fire_archive_M-C61_803220.csv",1290,"standard"
"-1.8806","110.0717","316.6","1.1","1.1","2026-02-11","0744","Aqua","MODIS","73","61.03","295.1","10","D","0","fire_archive_M-C61_803220.csv",1291,"standard"
"-1.9117","110.6168","313.5","1.1","1","2026-02-11","0744","Aqua","MODIS","48","61.03","295.9","6.6","D","0","fire_archive_M-C61_803220.csv",1292,"standard"
"-0.8543","110.3276","308.9","1.1","1","2026-02-11","0744","Aqua","MODIS","58","61.03","290","5.7","D","0","fire_archive_M-C61_803220.csv",1294,"standard"
"-0.7075","109.9497","313.1","1.1","1","2026-02-11","0744","Aqua","MODIS","66","61.03","295.3","8","D","0","fire_archive_M-C61_803220.csv",1295,"standard"
"-1.5742","110.7738","312.5","1","1","2026-02-11","0744","Aqua","MODIS","71","61.03","284","9.7","D","0","fire_archive_M-C61_803220.csv",1297,"standard"
"-2.7529","110.8109","310.4","2.1","1.4","2026-02-26","0728","Aqua","MODIS","63","61.03","288.1","14.1","D","0","fire_archive_M-C61_803220.csv",1553,"standard"
"-0.5865","110.0685","306.9","1.6","1.2","2026-02-28","0156","Terra","MODIS","56","61.03","291.3","7.9","D","0","fire_archive_M-C61_803220.csv",1585,"standard"
"-2.2348","110.8802","311.7","1.1","1","2026-03-01","0744","Aqua","MODIS","65","61.03","289.9","8.1","D","0","fire_archive_M-C61_803220.csv",1623,"standard"
"-2.1363","110.2885","304.3","1.2","1.1","2026-03-01","0744","Aqua","MODIS","35","61.03","280.4","4.5","D","0","fire_archive_M-C61_803220.csv",1624,"standard"
"-2.1378","110.2785","307.3","1.2","1.1","2026-03-01","0744","Aqua","MODIS","57","61.03","281","6.9","D","0","fire_archive_M-C61_803220.csv",1625,"standard"
"-2.0706","110.1895","326","1.1","1","2026-03-04","0801","Aqua","MODIS","82","61.03","291.8","21.3","D","0","fire_archive_M-C61_803220.csv",1756,"standard"
"-2.072","110.1801","317.1","1.1","1","2026-03-04","0801","Aqua","MODIS","45","61.03","291.9","11.3","D","0","fire_archive_M-C61_803220.csv",1757,"standard"
"-1.9419","110.187","327.7","1.1","1","2026-03-04","0801","Aqua","MODIS","79","61.03","286.6","23.6","D","0","fire_archive_M-C61_803220.csv",1758,"standard"
"-1.9433","110.1776","316.5","1.1","1","2026-03-04","0801","Aqua","MODIS","73","61.03","285.1","10.2","D","0","fire_archive_M-C61_803220.csv",1759,"standard"
"-1.8215","110.1924","317.5","1.1","1","2026-03-04","0801","Aqua","MODIS","75","61.03","289.3","10.7","D","0","fire_archive_M-C61_803220.csv",1760,"standard"
"-1.8229","110.1829","315.2","1.1","1","2026-03-04","0801","Aqua","MODIS","61","61.03","289.8","8.5","D","0","fire_archive_M-C61_803220.csv",1761,"standard"
"-1.7322","110.2306","333.1","1.1","1","2026-03-04","0801","Aqua","MODIS","88","61.03","291.3","30","D","0","fire_archive_M-C61_803220.csv",1762,"standard"
"-1.723","110.2292","343.5","1.1","1","2026-03-04","0801","Aqua","MODIS","88","61.03","291.2","48.9","D","0","fire_archive_M-C61_803220.csv",1763,"standard"
"-1.4831","110.1078","333","1.1","1","2026-03-04","0801","Aqua","MODIS","88","61.03","285.3","32.5","D","0","fire_archive_M-C61_803220.csv",1764,"standard"
"-0.5966","110.0959","341.4","1.1","1","2026-03-04","0801","Aqua","MODIS","91","61.03","276.8","49.6","D","0","fire_archive_M-C61_803220.csv",1765,"standard"
"-0.598","110.0863","362.6","1.1","1","2026-03-04","0801","Aqua","MODIS","100","61.03","280.8","104.9","D","0","fire_archive_M-C61_803220.csv",1766,"standard"
"-0.5902","110.0892","315.9","1.1","1","2026-03-04","0801","Aqua","MODIS","65","61.03","276.6","15.1","D","0","fire_archive_M-C61_803220.csv",1767,"standard"
"-2.3665","110.7445","307.9","1","1","2026-03-07","0136","Terra","MODIS","66","61.03","276.4","7.1","D","0","fire_archive_M-C61_803220.csv",1821,"standard"
"-2.3652","110.7357","301.5","1","1","2026-03-07","0136","Terra","MODIS","47","61.03","276.1","3.2","D","0","fire_archive_M-C61_803220.csv",1822,"standard"
"-2.7189","110.3188","314.9","1.5","1.2","2026-03-12","0811","Aqua","MODIS","64","61.03","292.5","12.2","D","0","fire_archive_M-C61_803220.csv",1941,"standard"
"-2.7169","110.3319","313.5","1.5","1.2","2026-03-12","0811","Aqua","MODIS","62","61.03","292.2","10.1","D","0","fire_archive_M-C61_803220.csv",1942,"standard"
"-2.796","110.4944","330.8","1","1","2026-03-14","0750","Aqua","MODIS","46","61.03","301.8","19.3","D","0","fire_archive_M-C61_803220.csv",2139,"standard"
"-2.7797","110.4769","318.6","1","1","2026-03-14","0750","Aqua","MODIS","33","61.03","301.5","8.1","D","0","fire_archive_M-C61_803220.csv",2140,"standard"
"-2.699","110.5301","319.6","1","1","2026-03-14","0750","Aqua","MODIS","72","61.03","301.4","8.7","D","0","fire_archive_M-C61_803220.csv",2141,"standard"
"-2.6861","110.556","320","1","1","2026-03-14","0750","Aqua","MODIS","60","61.03","305.2","9.7","D","0","fire_archive_M-C61_803220.csv",2142,"standard"
"-2.5013","110.9909","320.4","1","1","2026-03-14","0750","Aqua","MODIS","71","61.03","299.2","11.7","D","0","fire_archive_M-C61_803220.csv",2143,"standard"
"-2.5608","110.4605","316.3","1","1","2026-03-14","0750","Aqua","MODIS","57","61.03","302.3","6.6","D","0","fire_archive_M-C61_803220.csv",2144,"standard"
"-2.4351","110.4355","320.5","1","1","2026-03-14","0750","Aqua","MODIS","71","61.03","306.2","11.4","D","0","fire_archive_M-C61_803220.csv",2145,"standard"
"-2.4261","110.4342","325.3","1","1","2026-03-14","0750","Aqua","MODIS","78","61.03","304.2","16","D","0","fire_archive_M-C61_803220.csv",2146,"standard"
"-2.3569","110.2785","331.4","1.1","1","2026-03-14","0750","Aqua","MODIS","83","61.03","298.3","26.3","D","0","fire_archive_M-C61_803220.csv",2148,"standard"
"-2.3582","110.2692","331.4","1.1","1","2026-03-14","0750","Aqua","MODIS","83","61.03","298.7","26.2","D","0","fire_archive_M-C61_803220.csv",2149,"standard"
"-1.8535","110.0549","335.7","1.1","1","2026-03-14","0750","Aqua","MODIS","0","61.03","295","33.2","D","0","fire_archive_M-C61_803220.csv",2158,"standard"
"-1.8155","110.1905","347","1.1","1","2026-03-14","0750","Aqua","MODIS","94","61.03","302.1","49.8","D","0","fire_archive_M-C61_803220.csv",2159,"standard"
"-1.8169","110.1813","375.2","1.1","1","2026-03-14","0750","Aqua","MODIS","94","61.03","305.9","134.7","D","0","fire_archive_M-C61_803220.csv",2160,"standard"
"-1.8063","110.1825","322.9","1.1","1","2026-03-14","0750","Aqua","MODIS","77","61.03","300.7","14.9","D","0","fire_archive_M-C61_803220.csv",2161,"standard"
"-1.7879","110.2452","315.7","1","1","2026-03-14","0750","Aqua","MODIS","56","61.03","300.6","7","D","0","fire_archive_M-C61_803220.csv",2162,"standard"
"-1.7893","110.2361","322.1","1","1","2026-03-14","0750","Aqua","MODIS","76","61.03","302.2","13.2","D","0","fire_archive_M-C61_803220.csv",2163,"standard"
"-1.7906","110.2269","335.6","1","1","2026-03-14","0750","Aqua","MODIS","87","61.03","302.2","29.6","D","0","fire_archive_M-C61_803220.csv",2164,"standard"
"-1.7919","110.2178","348.5","1","1","2026-03-14","0750","Aqua","MODIS","95","61.03","302.3","53.4","D","0","fire_archive_M-C61_803220.csv",2165,"standard"
"-1.7803","110.2347","328.8","1","1","2026-03-14","0750","Aqua","MODIS","58","61.03","301","19.1","D","0","fire_archive_M-C61_803220.csv",2166,"standard"
"-1.7817","110.2256","331","1","1","2026-03-14","0750","Aqua","MODIS","49","61.03","302.9","20.7","D","0","fire_archive_M-C61_803220.csv",2167,"standard"
"-1.783","110.2165","344.5","1","1","2026-03-14","0750","Aqua","MODIS","80","61.03","305.2","44","D","0","fire_archive_M-C61_803220.csv",2168,"standard"
"-1.7843","110.2073","320.3","1.1","1","2026-03-14","0750","Aqua","MODIS","43","61.03","302.6","9.4","D","0","fire_archive_M-C61_803220.csv",2169,"standard"
"-1.7624","110.2321","330.9","1","1","2026-03-14","0750","Aqua","MODIS","79","61.03","302.4","23","D","0","fire_archive_M-C61_803220.csv",2170,"standard"
"-1.7637","110.223","346","1","1","2026-03-14","0750","Aqua","MODIS","71","61.03","303.5","48.3","D","0","fire_archive_M-C61_803220.csv",2171,"standard"
"-1.7483","110.0139","312.7","1.1","1","2026-03-14","0750","Aqua","MODIS","58","61.03","298.3","5.3","D","0","fire_archive_M-C61_803220.csv",2172,"standard"
"-2.0552","110.4442","302","1","1","2026-03-14","1334","Terra","MODIS","46","61.03","291.5","3.5","N","0","fire_archive_M-C61_803220.csv",2196,"standard"
"-1.7832","110.2142","306.9","1","1","2026-03-14","1334","Terra","MODIS","64","61.03","292.4","5.7","N","0","fire_archive_M-C61_803220.csv",2203,"standard"
"-1.7616","110.2387","307.1","1","1","2026-03-14","1334","Terra","MODIS","65","61.03","294.5","5.7","N","0","fire_archive_M-C61_803220.csv",2204,"standard"
"-1.7628","110.2297","335.9","1","1","2026-03-14","1334","Terra","MODIS","100","61.03","296.9","35.9","N","0","fire_archive_M-C61_803220.csv",2205,"standard"
"-1.7641","110.2207","329.8","1","1","2026-03-14","1334","Terra","MODIS","100","61.03","295.7","26.8","N","0","fire_archive_M-C61_803220.csv",2206,"standard"
"-1.7567","110.2256","304.5","1.1","1","2026-03-16","1948","Aqua","MODIS","60","61.03","291.3","5.3","N","0","fire_archive_M-C61_803220.csv",2265,"standard"
"-1.7581","110.2347","304.3","1.1","1","2026-03-16","1948","Aqua","MODIS","59","61.03","291.3","5.2","N","0","fire_archive_M-C61_803220.csv",2266,"standard"
"-1.7656","110.2242","316.5","1.1","1","2026-03-16","1948","Aqua","MODIS","93","61.03","291.8","13.2","N","0","fire_archive_M-C61_803220.csv",2267,"standard"
"-1.767","110.2334","311.5","1.1","1","2026-03-16","1948","Aqua","MODIS","70","61.03","291.9","9.3","N","0","fire_archive_M-C61_803220.csv",2268,"standard"
"-1.7849","110.2307","301.9","1.1","1","2026-03-16","1948","Aqua","MODIS","45","61.03","291","3.6","N","0","fire_archive_M-C61_803220.csv",2269,"standard"
"-2.1836","110.7816","317.6","1.1","1","2026-03-22","0800","Aqua","MODIS","65","61.03","290.2","12.8","D","0","fire_archive_M-C61_803220.csv",2514,"standard"
"-0.6065","110.3891","326.2","1.1","1","2026-03-22","0801","Aqua","MODIS","82","61.03","297.5","18.5","D","0","fire_archive_M-C61_803220.csv",2516,"standard"
"-1.7869","110.2229","356.6","1","1","2026-03-22","0801","Aqua","MODIS","74","61.03","292.8","75.8","D","0","fire_archive_M-C61_803220.csv",2522,"standard"
"-2.7773","110.4122","315.5","1.6","1.2","2026-03-24","0738","Aqua","MODIS","67","61.03","294.8","12.6","D","0","fire_archive_M-C61_803220.csv",2718,"standard"
"-2.7793","110.3983","315.2","1.6","1.2","2026-03-24","0738","Aqua","MODIS","61","61.03","295.6","11.2","D","0","fire_archive_M-C61_803220.csv",2719,"standard"
"-1.1812","110.3952","307.1","1.5","1.2","2026-03-24","0739","Aqua","MODIS","22","61.03","289.3","7.7","D","0","fire_archive_M-C61_803220.csv",2725,"standard"
"-1.2667","110.5847","310.5","1.5","1.2","2026-03-24","0739","Aqua","MODIS","61","61.03","294","9","D","0","fire_archive_M-C61_803220.csv",2726,"standard"
"-1.2648","110.5975","312.9","1.5","1.2","2026-03-24","0739","Aqua","MODIS","66","61.03","296.1","11.6","D","0","fire_archive_M-C61_803220.csv",2727,"standard"
"-1.6286","110.0824","312","1.6","1.3","2026-03-24","0739","Aqua","MODIS","55","61.03","293.8","11.3","D","0","fire_archive_M-C61_803220.csv",2728,"standard"
"-2.3204","110.539","314.8","1.5","1.2","2026-03-24","0739","Aqua","MODIS","48","61.03","295","13.7","D","0","fire_archive_M-C61_803220.csv",2730,"standard"
"-1.938","110.1801","340.5","1.6","1.2","2026-03-24","0739","Aqua","MODIS","91","61.03","299.7","76.4","D","0","fire_archive_M-C61_803220.csv",2732,"standard"
"-1.94","110.1662","314.4","1.6","1.3","2026-03-24","0739","Aqua","MODIS","68","61.03","298.6","11.7","D","0","fire_archive_M-C61_803220.csv",2733,"standard"
"-0.8266","110.2243","326.9","1.5","1.2","2026-03-24","0739","Aqua","MODIS","82","61.03","299.2","35.8","D","0","fire_archive_M-C61_803220.csv",2735,"standard"
"-2.0865","110.4851","305.3","1","1","2026-03-24","1333","Terra","MODIS","62","61.03","287.8","6.9","N","0","fire_archive_M-C61_803220.csv",2750,"standard"
"-1.7937","110.1995","317.1","1","1","2026-03-24","1333","Terra","MODIS","94","61.03","289.5","16.3","N","0","fire_archive_M-C61_803220.csv",2751,"standard"
"-1.7242","110.1551","331.7","1","1","2026-03-24","1959","Aqua","MODIS","100","61.03","284.7","33.4","N","0","fire_archive_M-C61_803220.csv",2803,"standard"
"-1.7557","110.2357","303.8","1","1","2026-03-24","1959","Aqua","MODIS","57","61.03","283.1","6.2","N","0","fire_archive_M-C61_803220.csv",2804,"standard"
"-1.7872","110.2035","309.6","1","1","2026-03-24","1959","Aqua","MODIS","78","61.03","283","10.6","N","0","fire_archive_M-C61_803220.csv",2805,"standard"
"-1.7248","110.1445","302.3","1.6","1.2","2026-03-25","0153","Terra","MODIS","25","61.03","277.8","7","D","0","fire_archive_M-C61_803220.csv",2834,"standard"
"-1.7924","110.1938","317.6","1.8","1.3","2026-03-25","0817","Aqua","MODIS","60","61.03","289.1","21.4","D","0","fire_archive_M-C61_803220.csv",2868,"standard"
"-1.7553","110.241","324.9","1","1","2026-03-27","0755","Aqua","MODIS","82","61.03","295.1","16.6","D","0","fire_archive_M-C61_803220.csv",3094,"standard"
"-1.7793","110.1999","320","1","1","2026-03-27","0755","Aqua","MODIS","42","61.03","292.2","11","D","0","fire_archive_M-C61_803220.csv",3095,"standard"
"-1.7566","110.2323","339.1","1","1","2026-03-27","0755","Aqua","MODIS","91","61.03","298.6","35.5","D","0","fire_archive_M-C61_803220.csv",3097,"standard"
"-1.7367","110.1846","317.9","1","1","2026-03-27","0755","Aqua","MODIS","73","61.03","290.7","10.5","D","0","fire_archive_M-C61_803220.csv",3098,"standard"
"-1.733","110.1483","322.6","1","1","2026-03-27","0755","Aqua","MODIS","56","61.03","286.7","14.6","D","0","fire_archive_M-C61_803220.csv",3099,"standard"
"-1.723","110.1558","324.9","1","1","2026-03-27","0755","Aqua","MODIS","53","61.03","285.7","17.2","D","0","fire_archive_M-C61_803220.csv",3100,"standard"
"-1.7242","110.147","322.8","1","1","2026-03-27","0755","Aqua","MODIS","61","61.03","286.2","15.6","D","0","fire_archive_M-C61_803220.csv",3101,"standard"
"-1.2572","110.4841","312.4","1","1","2026-03-27","0755","Aqua","MODIS","56","61.03","295.9","5.5","D","0","fire_archive_M-C61_803220.csv",3102,"standard"
"-1.2638","110.5205","317.1","1.1","1","2026-04-01","0749","Aqua","MODIS","72","61.03","298.1","9.1","D","0","fire_archive_M-C61_803220.csv",3251,"standard"
"-1.2624","110.5299","323.1","1.1","1","2026-04-01","0749","Aqua","MODIS","79","61.03","298.3","15.6","D","0","fire_archive_M-C61_803220.csv",3252,"standard"
"-0.7111","109.9459","315.2","1.1","1.1","2026-04-01","0750","Aqua","MODIS","72","61.03","300.7","9.2","D","0","fire_archive_M-C61_803220.csv",3263,"standard"
"-2.1985","110.1707","313.3","1","1","2026-04-09","0759","Aqua","MODIS","52","61.03","296.7","5.3","D","0","fire_archive_M-C61_803220.csv",3521,"standard"
"-1.6409","110.3147","314.7","1.8","1.3","2026-04-11","0738","Aqua","MODIS","0","61.03","293.1","19.2","D","0","fire_archive_M-C61_803220.csv",3543,"standard"
"-2.8947","110.3808","316.8","1.1","1","2026-04-14","0753","Aqua","MODIS","67","61.03","297.5","8.3","D","0","fire_archive_M-C61_803220.csv",3596,"standard"
"-2.2402","110.7413","316.2","1","1","2026-04-14","0754","Aqua","MODIS","67","61.03","297.6","7.8","D","0","fire_archive_M-C61_803220.csv",3598,"standard"
"-2.2416","110.7324","316.9","1","1","2026-04-14","0754","Aqua","MODIS","69","61.03","298.4","8.5","D","0","fire_archive_M-C61_803220.csv",3599,"standard"
"-2.2089","110.7194","312.3","1.5","1.2","2026-04-24","0742","Aqua","MODIS","60","61.03","295.2","9.5","D","0","fire_archive_M-C61_803220.csv",3874,"standard"
"-1.9053","110.534","312.6","1.6","1.2","2026-04-24","0742","Aqua","MODIS","64","61.03","295.2","11.6","D","0","fire_archive_M-C61_803220.csv",3875,"standard"
"-1.6115","110.6507","311.7","1.5","1.2","2026-04-24","0742","Aqua","MODIS","32","61.03","292.5","13.4","D","0","fire_archive_M-C61_803220.csv",3882,"standard"
"-1.27278","110.41304","313.7","1.31","1.14","2026-05-20","0750","Aqua","MODIS","68","6.1NRT","295.34","10.2","D",,"fire_nrt_M-C61_803220.csv",360,"NRT"
"-0.93151","110.57265","313.52","1.27","1.12","2026-05-20","0750","Aqua","MODIS","69","6.1NRT","296.06","9.04","D",,"fire_nrt_M-C61_803220.csv",361,"NRT"
"-0.93312","110.56165","314.83","1.27","1.12","2026-05-20","0750","Aqua","MODIS","71","6.1NRT","295.5","10.49","D",,"fire_nrt_M-C61_803220.csv",362,"NRT"
"-0.97434","110.34274","341.11","1.24","1.11","2026-05-31","0818","Aqua","MODIS","86","6.1NRT","288.68","57.17","D",,"fire_nrt_M-C61_803220.csv",735,"NRT"
"-0.97598","110.3317","350.96","1.24","1.11","2026-05-31","0818","Aqua","MODIS","73","6.1NRT","288.98","83.39","D",,"fire_nrt_M-C61_803220.csv",736,"NRT"
"-2.18782","110.94933","309.72","3.13","1.68","2026-06-04","0731","Aqua","MODIS","60","6.1NRT","290.84","27.28","D",,"fire_nrt_M-C61_803220.csv",939,"NRT"
"-2.18629","110.94225","309.23","3.13","1.68","2026-06-04","0731","Aqua","MODIS","58","6.1NRT","290.83","24.32","D",,"fire_nrt_M-C61_803220.csv",940,"NRT"
"-2.07696","110.87157","311.8","3.16","1.68","2026-06-04","0731","Aqua","MODIS","59","6.1NRT","290.03","38.16","D",,"fire_nrt_M-C61_803220.csv",941,"NRT"
"-2.07666","110.86642","310.36","3.16","1.68","2026-06-04","0731","Aqua","MODIS","51","6.1NRT","290.05","33.86","D",,"fire_nrt_M-C61_803220.csv",942,"NRT"
"-1.95627","110.64673","312.61","3.28","1.71","2026-06-04","0731","Aqua","MODIS","66","6.1NRT","291.72","41.17","D",,"fire_nrt_M-C61_803220.csv",943,"NRT"
"-1.95736","110.64198","314.51","3.28","1.71","2026-06-04","0731","Aqua","MODIS","69","6.1NRT","291.7","46.11","D",,"fire_nrt_M-C61_803220.csv",944,"NRT"
"-1.55939","110.8155","314.07","1.06","1.03","2026-06-05","0809","Aqua","MODIS","67","6.1NRT","296.45","8.07","D",,"fire_nrt_M-C61_803220.csv",980,"NRT"
"-1.60257","110.45934","310.12","1.04","1.02","2026-06-05","0809","Aqua","MODIS","56","6.1NRT","294.41","5.02","D",,"fire_nrt_M-C61_803220.csv",981,"NRT"
"-1.34194","110.41177","324.97","1.04","1.02","2026-06-05","0809","Aqua","MODIS","80","6.1NRT","296.68","18.1","D",,"fire_nrt_M-C61_803220.csv",982,"NRT"
"-1.34327","110.40267","310.96","1.04","1.02","2026-06-05","0809","Aqua","MODIS","53","6.1NRT","296.09","4.8","D",,"fire_nrt_M-C61_803220.csv",983,"NRT"
"-1.13271","110.51623","310.98","1.05","1.02","2026-06-05","0809","Aqua","MODIS","60","6.1NRT","295.53","5.57","D",,"fire_nrt_M-C61_803220.csv",991,"NRT"
"-2.28161","111.05762","317.34","1.07","1.03","2026-06-05","0809","Aqua","MODIS","71","6.1NRT","296.19","10.68","D",,"fire_nrt_M-C61_803220.csv",1011,"NRT"
"-2.28297","111.04832","318.07","1.07","1.03","2026-06-05","0809","Aqua","MODIS","72","6.1NRT","296.66","11.39","D",,"fire_nrt_M-C61_803220.csv",1012,"NRT"
"-2.16077","110.49657","323.68","1.03","1.01","2026-06-05","0809","Aqua","MODIS","78","6.1NRT","296.99","16.11","D",,"fire_nrt_M-C61_803220.csv",1013,"NRT"
"-2.16208","110.48762","311.26","1.03","1.01","2026-06-05","0809","Aqua","MODIS","58","6.1NRT","296.56","4.28","D",,"fire_nrt_M-C61_803220.csv",1014,"NRT"
"-1.87077","110.07552","311.77","1.01","1.01","2026-06-05","0809","Aqua","MODIS","49","6.1NRT","297.07","4.49","D",,"fire_nrt_M-C61_803220.csv",1021,"NRT"
"-1.75156","110.02113","310.19","1.77","1.3","2026-06-07","0746","Aqua","MODIS","65","6.1NRT","290.85","11.76","D",,"fire_nrt_M-C61_803220.csv",1119,"NRT"
"-2.1714","110.47428","311.88","1.02","1.01","2026-06-10","0805","Aqua","MODIS","60","6.1NRT","297.5","5.44","D",,"fire_nrt_M-C61_803220.csv",1231,"NRT"
"-0.52228","110.13038","308.34","1.02","1.01","2026-06-10","0805","Aqua","MODIS","61","6.1NRT","290.87","4.91","D",,"fire_nrt_M-C61_803220.csv",1232,"NRT"
"-0.52358","110.12154","310.91","1.02","1.01","2026-06-10","0805","Aqua","MODIS","67","6.1NRT","289.82","6.84","D",,"fire_nrt_M-C61_803220.csv",1233,"NRT"
"-2.7764","110.87959","309.98","1.07","1.03","2026-06-20","0117","Terra","MODIS","57","6.1NRT","296.35","5.63","D",,"fire_nrt_M-C61_803220.csv",1600,"NRT"
"-2.24941","111.01914","310.94","1.42","1.18","2026-06-20","0750","Aqua","MODIS","36","6.1NRT","293.5","12.1","D",,"fire_nrt_M-C61_803220.csv",1688,"NRT"
"-2.69767","110.48734","313.86","1.8","1.31","2026-06-21","0828","Aqua","MODIS","69","6.1NRT","294.12","16.29","D",,"fire_nrt_M-C61_803220.csv",1736,"NRT"
"-2.1903","110.8194","308.89","1","1","2026-06-23","0807","Aqua","MODIS","56","6.1NRT","295.5","4.46","D",,"fire_nrt_M-C61_803220.csv",1824,"NRT"
"-2.07744","110.89381","311.53","1","1","2026-06-23","0807","Aqua","MODIS","63","6.1NRT","297.58","5.57","D",,"fire_nrt_M-C61_803220.csv",1825,"NRT"
"-1.25575","110.58462","327.43","1","1","2026-06-23","0807","Aqua","MODIS","84","6.1NRT","290.79","22.37","D",,"fire_nrt_M-C61_803220.csv",1827,"NRT"
"-1.25703","110.57592","321.76","1","1","2026-06-23","0807","Aqua","MODIS","80","6.1NRT","290.01","16.12","D",,"fire_nrt_M-C61_803220.csv",1828,"NRT"
"-2.51843","110.98114","327.48","1","1","2026-06-23","0807","Aqua","MODIS","83","6.1NRT","294.32","21.4","D",,"fire_nrt_M-C61_803220.csv",1833,"NRT"
"-2.60442","110.33356","312.4","1.01","1.01","2026-06-23","0807","Aqua","MODIS","67","6.1NRT","292.59","7.53","D",,"fire_nrt_M-C61_803220.csv",1834,"NRT"
"-2.49986","110.92509","323.1","1","1","2026-06-23","0807","Aqua","MODIS","80","6.1NRT","292.32","16.91","D",,"fire_nrt_M-C61_803220.csv",1835,"NRT"
"-2.44199","110.99002","314.27","1","1","2026-06-23","0807","Aqua","MODIS","70","6.1NRT","294.78","8.12","D",,"fire_nrt_M-C61_803220.csv",1836,"NRT"
"-2.35989","110.74108","313.58","1","1","2026-06-23","0807","Aqua","MODIS","68","6.1NRT","294.95","7.23","D",,"fire_nrt_M-C61_803220.csv",1837,"NRT"
"-2.35114","110.73979","314.53","1","1","2026-06-23","0807","Aqua","MODIS","70","6.1NRT","294.24","8.14","D",,"fire_nrt_M-C61_803220.csv",1838,"NRT"
"-2.57768","110.88835","310.68","1.09","1.04","2026-06-25","0117","Terra","MODIS","61","6.1NRT","293.49","6.96","D",,"fire_nrt_M-C61_803220.csv",1890,"NRT"
"-1.35662","110.43149","309.71","2.09","1.41","2026-06-25","0744","Aqua","MODIS","61","6.1NRT","295.45","12.7","D",,"fire_nrt_M-C61_803220.csv",1897,"NRT"
"-1.35934","110.41353","311.57","2.1","1.41","2026-06-25","0744","Aqua","MODIS","65","6.1NRT","296.06","17.44","D",,"fire_nrt_M-C61_803220.csv",1898,"NRT"
"-1.26473","110.54607","312.82","2.04","1.39","2026-06-25","0744","Aqua","MODIS","67","6.1NRT","295.93","18.56","D",,"fire_nrt_M-C61_803220.csv",1900,"NRT"
"-1.25515","110.52654","310.01","2.05","1.39","2026-06-25","0744","Aqua","MODIS","53","6.1NRT","294.99","11.96","D",,"fire_nrt_M-C61_803220.csv",1901,"NRT"
"-1.25153","110.52078","310.23","2.05","1.39","2026-06-25","0744","Aqua","MODIS","17","6.1NRT","294.87","11.67","D",,"fire_nrt_M-C61_803220.csv",1902,"NRT"
"-2.72539","110.96071","311.85","2","1.38","2026-06-25","0744","Aqua","MODIS","63","6.1NRT","294.96","17.59","D",,"fire_nrt_M-C61_803220.csv",1923,"NRT"
"-2.57157","110.88017","313.08","2.02","1.39","2026-06-25","0744","Aqua","MODIS","65","6.1NRT","295.01","17.48","D",,"fire_nrt_M-C61_803220.csv",1926,"NRT"
"-2.57616","110.89165","312.29","2.02","1.38","2026-06-25","0744","Aqua","MODIS","62","6.1NRT","293.74","15.84","D",,"fire_nrt_M-C61_803220.csv",1927,"NRT"
"-2.31517","110.71113","314.07","2.07","1.4","2026-06-25","0744","Aqua","MODIS","67","6.1NRT","295.35","21.34","D",,"fire_nrt_M-C61_803220.csv",1928,"NRT"
"-2.30297","110.70931","308.49","2.07","1.4","2026-06-25","0744","Aqua","MODIS","34","6.1NRT","294.5","8.84","D",,"fire_nrt_M-C61_803220.csv",1929,"NRT"
"-2.30562","110.69142","311.76","2.07","1.4","2026-06-25","0744","Aqua","MODIS","62","6.1NRT","296.3","15.79","D",,"fire_nrt_M-C61_803220.csv",1930,"NRT"
"-1.35057","110.41902","314.8","2.1","1.41","2026-06-25","0744","Aqua","MODIS","70","6.1NRT","295.79","25.04","D",,"fire_nrt_M-C61_803220.csv",1936,"NRT"
"-2.24523","110.67703","311.55","1.39","1.17","2026-06-26","0822","Aqua","MODIS","59","6.1NRT","293.65","7.95","D",,"fire_nrt_M-C61_803220.csv",1988,"NRT"
"-2.24694","110.67053","312.3","1.39","1.17","2026-06-26","0822","Aqua","MODIS","61","6.1NRT","293.52","9.03","D",,"fire_nrt_M-C61_803220.csv",1989,"NRT"
"-1.71233","110.19357","315.81","1.31","1.14","2026-06-26","0822","Aqua","MODIS","70","6.1NRT","296.49","12.86","D",,"fire_nrt_M-C61_803220.csv",2003,"NRT"
"-1.48334","110.42094","319.39","1.37","1.16","2026-06-26","0822","Aqua","MODIS","61","6.1NRT","294.97","19.74","D",,"fire_nrt_M-C61_803220.csv",2004,"NRT"
"-2.0763","110.71758","313.68","1.11","1.05","2026-07-01","0816","Aqua","MODIS","65","6.1NRT","297.06","8.77","D",,"fire_nrt_M-C61_803220.csv",2327,"NRT"
"-1.66668","110.43149","309.63","1.09","1.04","2026-07-01","0816","Aqua","MODIS","57","6.1NRT","297","4.62","D",,"fire_nrt_M-C61_803220.csv",2332,"NRT"
"-2.54188","110.25583","309.24","1.05","1.02","2026-07-01","0816","Aqua","MODIS","0","6.1NRT","297.54","4.25","D",,"fire_nrt_M-C61_803220.csv",2335,"NRT"
"-2.74278","110.34225","312.58","1.06","1.03","2026-07-01","0816","Aqua","MODIS","62","6.1NRT","298.51","6.29","D",,"fire_nrt_M-C61_803220.csv",2340,"NRT"
"-2.75312","110.33442","312.44","1.06","1.03","2026-07-01","0816","Aqua","MODIS","55","6.1NRT","298.35","5.89","D",,"fire_nrt_M-C61_803220.csv",2341,"NRT"
"-2.75175","110.3436","326.61","1.06","1.03","2026-07-01","0816","Aqua","MODIS","81","6.1NRT","299.33","20.62","D",,"fire_nrt_M-C61_803220.csv",2342,"NRT"
"-2.77185","110.39365","318.05","1.06","1.03","2026-07-01","0816","Aqua","MODIS","72","6.1NRT","297.67","11.36","D",,"fire_nrt_M-C61_803220.csv",2343,"NRT"
"-2.32238","110.38272","303.29","1.36","1.16","2026-07-02","1314","Terra","MODIS","51","6.1NRT","292.88","6.46","N",,"fire_nrt_M-C61_803220.csv",2419,"NRT"
"-2.35317","110.73702","315.85","1.43","1.18","2026-07-03","0754","Aqua","MODIS","69","6.1NRT","297.28","15.18","D",,"fire_nrt_M-C61_803220.csv",2545,"NRT"
"-1.76139","110.58293","314.25","1.43","1.18","2026-07-03","0754","Aqua","MODIS","69","6.1NRT","295.69","12.86","D",,"fire_nrt_M-C61_803220.csv",2549,"NRT"
"-1.58005","110.83691","309.17","1.37","1.16","2026-07-03","0754","Aqua","MODIS","59","6.1NRT","295.48","6.64","D",,"fire_nrt_M-C61_803220.csv",2550,"NRT"
"-1.59853","110.07075","316.28","1.55","1.23","2026-07-03","0754","Aqua","MODIS","72","6.1NRT","297.36","17.26","D",,"fire_nrt_M-C61_803220.csv",2551,"NRT"
"-1.20245","110.47725","311.74","1.43","1.18","2026-07-03","0754","Aqua","MODIS","64","6.1NRT","296.3","9.18","D",,"fire_nrt_M-C61_803220.csv",2552,"NRT"
"-1.2043","110.46478","318.61","1.43","1.18","2026-07-03","0754","Aqua","MODIS","74","6.1NRT","296.78","19.6","D",,"fire_nrt_M-C61_803220.csv",2553,"NRT"
"-2.39486","111.05238","312.46","2.12","1.42","2026-07-04","0833","Aqua","MODIS","62","6.1NRT","294.89","17.14","D",,"fire_nrt_M-C61_803220.csv",2593,"NRT"
"-2.39151","111.04488","314.09","2.12","1.42","2026-07-04","0833","Aqua","MODIS","66","6.1NRT","294.75","22.01","D",,"fire_nrt_M-C61_803220.csv",2594,"NRT"
"-2.3477","111.00065","310.29","2.11","1.41","2026-07-04","0833","Aqua","MODIS","55","6.1NRT","294.68","13.17","D",,"fire_nrt_M-C61_803220.csv",2595,"NRT"
"-0.86742","110.20695","320.73","1.93","1.36","2026-07-04","0833","Aqua","MODIS","76","6.1NRT","295.54","33.21","D",,"fire_nrt_M-C61_803220.csv",2612,"NRT"
"-0.86997","110.1903","345.88","1.93","1.36","2026-07-04","0833","Aqua","MODIS","93","6.1NRT","295.38","126.05","D",,"fire_nrt_M-C61_803220.csv",2613,"NRT"
"-0.87227","110.20065","336.26","1.93","1.36","2026-07-04","0833","Aqua","MODIS","88","6.1NRT","295.89","81.98","D",,"fire_nrt_M-C61_803220.csv",2614,"NRT"
"-2.38249","111.05053","313.85","2.12","1.42","2026-07-04","0833","Aqua","MODIS","65","6.1NRT","294.98","20.73","D",,"fire_nrt_M-C61_803220.csv",2618,"NRT"
"-2.29533","110.6719","309.7","4.08","1.87","2026-07-05","0731","Aqua","MODIS","62","6.1NRT","293.37","32","D",,"fire_nrt_M-C61_803220.csv",2728,"NRT"
"-1.68485","110.27498","315.9","1.05","1.02","2026-07-05","1331","Terra","MODIS","92","6.1NRT","293.24","12.51","N",,"fire_nrt_M-C61_803220.csv",2780,"NRT"
"-1.99898","110.77332","308.86","1.92","1.35","2026-07-08","0746","Aqua","MODIS","54","6.1NRT","295.97","10.87","D",,"fire_nrt_M-C61_803220.csv",3029,"NRT"
"-2.00141","110.75663","322.18","1.93","1.36","2026-07-08","0746","Aqua","MODIS","78","6.1NRT","294.98","40.41","D",,"fire_nrt_M-C61_803220.csv",3030,"NRT"
"-1.88333","110.76673","323.85","1.91","1.35","2026-07-08","0746","Aqua","MODIS","80","6.1NRT","296.33","44.45","D",,"fire_nrt_M-C61_803220.csv",3036,"NRT"
"-1.8857","110.75018","320.52","1.92","1.35","2026-07-08","0746","Aqua","MODIS","77","6.1NRT","296.36","35.32","D",,"fire_nrt_M-C61_803220.csv",3037,"NRT"
"-1.60664","110.60673","313.3","1.95","1.36","2026-07-08","0746","Aqua","MODIS","64","6.1NRT","296.49","18.28","D",,"fire_nrt_M-C61_803220.csv",3044,"NRT"
"-1.60905","110.5897","314.97","1.96","1.37","2026-07-08","0746","Aqua","MODIS","70","6.1NRT","296.4","21.87","D",,"fire_nrt_M-C61_803220.csv",3045,"NRT"
"-1.61223","110.60087","319.77","1.95","1.36","2026-07-08","0746","Aqua","MODIS","76","6.1NRT","296.54","35.09","D",,"fire_nrt_M-C61_803220.csv",3046,"NRT"
"-1.60232","110.074","319.69","2.15","1.43","2026-07-08","0746","Aqua","MODIS","76","6.1NRT","296.67","37.56","D",,"fire_nrt_M-C61_803220.csv",3049,"NRT"
"-1.605","110.05522","319.32","2.16","1.43","2026-07-08","0746","Aqua","MODIS","57","6.1NRT","297.08","35.72","D",,"fire_nrt_M-C61_803220.csv",3050,"NRT"
"-1.60067","110.06851","330.75","2.15","1.43","2026-07-08","0746","Aqua","MODIS","81","6.1NRT","297.22","76.6","D",,"fire_nrt_M-C61_803220.csv",3051,"NRT"
"-1.60348","110.04977","312.12","2.16","1.43","2026-07-08","0746","Aqua","MODIS","0","6.1NRT","296.84","18.04","D",,"fire_nrt_M-C61_803220.csv",3052,"NRT"
"-0.84553","110.13879","310.02","2.07","1.4","2026-07-08","0746","Aqua","MODIS","60","6.1NRT","296.35","12.86","D",,"fire_nrt_M-C61_803220.csv",3059,"NRT"
"-2.7022","110.50822","320.01","1.39","1.17","2026-07-09","0824","Aqua","MODIS","75","6.1NRT","298.4","19.04","D",,"fire_nrt_M-C61_803220.csv",3113,"NRT"
"-2.692","110.5067","316.38","1.39","1.17","2026-07-09","0824","Aqua","MODIS","55","6.1NRT","297.49","13.05","D",,"fire_nrt_M-C61_803220.csv",3114,"NRT"
"-1.59874","110.06679","317.29","1.35","1.15","2026-07-09","0824","Aqua","MODIS","73","6.1NRT","297.47","15.63","D",,"fire_nrt_M-C61_803220.csv",3121,"NRT"
"-0.61406","110.06455","314.42","1.39","1.17","2026-07-09","0824","Aqua","MODIS","45","6.1NRT","295.35","11.14","D",,"fire_nrt_M-C61_803220.csv",3124,"NRT"
"-0.61589","110.0525","347.9","1.39","1.17","2026-07-09","0824","Aqua","MODIS","94","6.1NRT","295.83","84.43","D",,"fire_nrt_M-C61_803220.csv",3125,"NRT"
"-1.77871","110.58044","314.35","1.22","1.1","2026-07-10","0111","Terra","MODIS","71","6.1NRT","294.46","12.97","D",,"fire_nrt_M-C61_803220.csv",3178,"NRT"
"-1.77714","110.56961","308.98","1.22","1.1","2026-07-10","0111","Terra","MODIS","61","6.1NRT","294.04","7.52","D",,"fire_nrt_M-C61_803220.csv",3179,"NRT"
"-1.59244","110.07134","309.49","1.32","1.14","2026-07-10","0111","Terra","MODIS","64","6.1NRT","295.2","8.96","D",,"fire_nrt_M-C61_803220.csv",3180,"NRT"
"-1.98281","110.59588","309.92","1.1","1.04","2026-07-11","0801","Aqua","MODIS","59","6.1NRT","296.41","6.66","D",,"fire_nrt_M-C61_803220.csv",3385,"NRT"
"-1.70689","110.15402","308.42","1.14","1.06","2026-07-11","0801","Aqua","MODIS","55","6.1NRT","284.1","7.53","D",,"fire_nrt_M-C61_803220.csv",3388,"NRT"
"-1.70836","110.14412","304.77","1.14","1.06","2026-07-11","0801","Aqua","MODIS","39","6.1NRT","283.68","4.83","D",,"fire_nrt_M-C61_803220.csv",3389,"NRT"
"-1.56248","110.81669","302.98","1.07","1.03","2026-07-11","0801","Aqua","MODIS","53","6.1NRT","281.4","4.56","D",,"fire_nrt_M-C61_803220.csv",3390,"NRT"
"-1.54895","110.71974","305.25","1.07","1.03","2026-07-11","0801","Aqua","MODIS","39","6.1NRT","283.74","5.56","D",,"fire_nrt_M-C61_803220.csv",3391,"NRT"
"-2.72525","111.14233","308.05","1.06","1.03","2026-07-11","0801","Aqua","MODIS","50","6.1NRT","293.37","4.26","D",,"fire_nrt_M-C61_803220.csv",3392,"NRT"
"-2.69562","111.15678","310.64","1.06","1.03","2026-07-11","0801","Aqua","MODIS","62","6.1NRT","292.11","6.15","D",,"fire_nrt_M-C61_803220.csv",3416,"NRT"
"-2.45133","110.74386","311.34","1.09","1.04","2026-07-11","0801","Aqua","MODIS","64","6.1NRT","296.53","7.12","D",,"fire_nrt_M-C61_803220.csv",3420,"NRT"
"-2.45273","110.73438","312.63","1.09","1.04","2026-07-11","0801","Aqua","MODIS","67","6.1NRT","296.75","8.24","D",,"fire_nrt_M-C61_803220.csv",3421,"NRT"
"-2.03799","111.03976","345.71","1.05","1.03","2026-07-11","0801","Aqua","MODIS","88","6.1NRT","296.45","52.54","D",,"fire_nrt_M-C61_803220.csv",3429,"NRT"
"-2.08336","110.7332","316.17","1.08","1.04","2026-07-11","0801","Aqua","MODIS","72","6.1NRT","289.73","12.19","D",,"fire_nrt_M-C61_803220.csv",3430,"NRT"
"-2.08475","110.72376","314.74","1.08","1.04","2026-07-11","0801","Aqua","MODIS","70","6.1NRT","290.88","10.95","D",,"fire_nrt_M-C61_803220.csv",3431,"NRT"
"-0.85683","110.15527","316.57","1.12","1.05","2026-07-11","0803","Aqua","MODIS","73","6.1NRT","294.7","11.32","D",,"fire_nrt_M-C61_803220.csv",3438,"NRT"
"-0.56446","110.06361","306.83","1.12","1.06","2026-07-11","0803","Aqua","MODIS","45","6.1NRT","287.56","4.27","D",,"fire_nrt_M-C61_803220.csv",3440,"NRT"
"-0.56589","110.05386","316.76","1.12","1.06","2026-07-11","0803","Aqua","MODIS","73","6.1NRT","289.46","13.21","D",,"fire_nrt_M-C61_803220.csv",3441,"NRT"
"-1.59491","110.07689","311.19","1.07","1.03","2026-07-13","0132","Terra","MODIS","66","6.1NRT","294.28","7.88","D",,"fire_nrt_M-C61_803220.csv",3685,"NRT"
"-1.70709","110.15416","305.76","1.08","1.04","2026-07-13","0132","Terra","MODIS","48","6.1NRT","289.34","4.73","D",,"fire_nrt_M-C61_803220.csv",3686,"NRT"
"-2.1084","110.98093","320.27","2.61","1.55","2026-07-13","0739","Aqua","MODIS","76","6.1NRT","293.04","56.19","D",,"fire_nrt_M-C61_803220.csv",3804,"NRT"
"-2.11157","110.95831","312.18","2.62","1.55","2026-07-13","0739","Aqua","MODIS","63","6.1NRT","294.28","27.31","D",,"fire_nrt_M-C61_803220.csv",3805,"NRT"
"-2.101","110.97493","325.01","2.61","1.55","2026-07-13","0739","Aqua","MODIS","80","6.1NRT","292.69","75.56","D",,"fire_nrt_M-C61_803220.csv",3807,"NRT"
"-1.56669","110.77063","309.03","2.65","1.56","2026-07-13","0739","Aqua","MODIS","58","6.1NRT","295.85","17.61","D",,"fire_nrt_M-C61_803220.csv",3813,"NRT"
"-2.26864","110.61402","304.1","2.19","1.43","2026-07-13","1348","Terra","MODIS","58","6.1NRT","293.98","11.86","N",,"fire_nrt_M-C61_803220.csv",3918,"NRT"
"-2.79985","110.3044","323.51","1.07","1.03","2026-07-14","0820","Aqua","MODIS","79","6.1NRT","296.77","17.11","D",,"fire_nrt_M-C61_803220.csv",4028,"NRT"
"-2.79845","110.31372","317.53","1.07","1.03","2026-07-14","0820","Aqua","MODIS","72","6.1NRT","294.92","10.26","D",,"fire_nrt_M-C61_803220.csv",4033,"NRT"
"-2.78972","110.3059","327.05","1.07","1.03","2026-07-14","0820","Aqua","MODIS","82","6.1NRT","296.13","21.79","D",,"fire_nrt_M-C61_803220.csv",4034,"NRT"
"-2.79109","110.29657","312.08","1.07","1.03","2026-07-14","0820","Aqua","MODIS","62","6.1NRT","296.28","6.05","D",,"fire_nrt_M-C61_803220.csv",4035,"NRT"
"-2.71701","110.67381","327.27","1.11","1.05","2026-07-14","0820","Aqua","MODIS","82","6.1NRT","296.4","24.36","D",,"fire_nrt_M-C61_803220.csv",4036,"NRT"
"-2.2903","110.61511","311.51","1.12","1.05","2026-07-14","0820","Aqua","MODIS","58","6.1NRT","295.47","6.66","D",,"fire_nrt_M-C61_803220.csv",4042,"NRT"
"-2.17886","110.31214","319.5","1.09","1.04","2026-07-14","0820","Aqua","MODIS","73","6.1NRT","296.77","13.86","D",,"fire_nrt_M-C61_803220.csv",4046,"NRT"
"-2.09554","110.74377","311.55","1.14","1.06","2026-07-14","0820","Aqua","MODIS","58","6.1NRT","297","5.9","D",,"fire_nrt_M-C61_803220.csv",4047,"NRT"
"-2.09703","110.73386","312.41","1.14","1.06","2026-07-14","0820","Aqua","MODIS","57","6.1NRT","296.5","7.13","D",,"fire_nrt_M-C61_803220.csv",4048,"NRT"
"-1.92566","110.47086","317.47","1.11","1.05","2026-07-14","0820","Aqua","MODIS","71","6.1NRT","295.83","12.07","D",,"fire_nrt_M-C61_803220.csv",4053,"NRT"
"-1.71658","110.19372","312.14","1.08","1.04","2026-07-14","0820","Aqua","MODIS","58","6.1NRT","299.33","6.16","D",,"fire_nrt_M-C61_803220.csv",4056,"NRT"
"-1.71313","110.15472","310.86","1.08","1.04","2026-07-14","0820","Aqua","MODIS","47","6.1NRT","296.63","4.94","D",,"fire_nrt_M-C61_803220.csv",4057,"NRT"
"-1.98891","110.4128","310.52","1.03","1.02","2026-07-15","1329","Terra","MODIS","79","6.1NRT","294.62","7.97","N",,"fire_nrt_M-C61_803220.csv",4300,"NRT"
"-2.0122","110.5974","309.8","1.39","1.17","2026-07-16","0756","Aqua","MODIS","53","6.1NRT","296.37","7.59","D",,"fire_nrt_M-C61_803220.csv",4449,"NRT"
"-1.82498","110.54536","314.38","1.39","1.17","2026-07-16","0756","Aqua","MODIS","68","6.1NRT","296.76","13.56","D",,"fire_nrt_M-C61_803220.csv",4457,"NRT"
"-1.78786","110.52116","314.29","1.39","1.17","2026-07-16","0756","Aqua","MODIS","69","6.1NRT","296.86","12.31","D",,"fire_nrt_M-C61_803220.csv",4459,"NRT"
"-2.41987","110.81993","314.77","1.36","1.15","2026-07-16","0756","Aqua","MODIS","64","6.1NRT","293.67","13.21","D",,"fire_nrt_M-C61_803220.csv",4489,"NRT"
"-2.19821","111.00623","313.39","1.31","1.13","2026-07-16","0756","Aqua","MODIS","52","6.1NRT","298.32","10.34","D",,"fire_nrt_M-C61_803220.csv",4491,"NRT"
"-2.10908","110.77462","317.76","1.35","1.15","2026-07-16","0756","Aqua","MODIS","72","6.1NRT","297.87","15.12","D",,"fire_nrt_M-C61_803220.csv",4495,"NRT"
"-2.11778","110.35437","313.77","1.45","1.19","2026-07-16","0756","Aqua","MODIS","64","6.1NRT","298.23","10.81","D",,"fire_nrt_M-C61_803220.csv",4499,"NRT"
"-1.71974","110.17699","313.54","1.07","1.03","2026-07-16","2017","Aqua","MODIS","87","6.1NRT","283.98","13.95","N",,"fire_nrt_M-C61_803220.csv",4527,"NRT"
"-1.36337","110.40524","317.17","2.07","1.4","2026-07-17","0835","Aqua","MODIS","72","6.1NRT","296.29","27.66","D",,"fire_nrt_M-C61_803220.csv",4584,"NRT"
"-0.52596","110.05067","310.19","1.04","1.02","2026-07-18","0128","Terra","MODIS","63","6.1NRT","295.69","6.38","D",,"fire_nrt_M-C61_803220.csv",4707,"NRT"
"-1.64813","110.48","313.16","1.09","1.04","2026-07-18","0130","Terra","MODIS","68","6.1NRT","296.39","8.93","D",,"fire_nrt_M-C61_803220.csv",4711,"NRT"
"-1.64677","110.4705","314.09","1.09","1.04","2026-07-18","0130","Terra","MODIS","69","6.1NRT","296.45","9.77","D",,"fire_nrt_M-C61_803220.csv",4712,"NRT"
"-1.89121","110.78092","328.6","3.73","1.81","2026-07-18","0733","Aqua","MODIS","83","6.1NRT","292.88","156.12","D",,"fire_nrt_M-C61_803220.csv",4749,"NRT"
"-1.8817","110.77514","328.21","3.73","1.81","2026-07-18","0733","Aqua","MODIS","83","6.1NRT","293.15","151.17","D",,"fire_nrt_M-C61_803220.csv",4752,"NRT"
"-0.46526","110.209","310.31","3.92","1.84","2026-07-18","0735","Aqua","MODIS","63","6.1NRT","293.29","38.97","D",,"fire_nrt_M-C61_803220.csv",4802,"NRT"
"-2.55336","110.37128","305.28","2","1.38","2026-07-18","1348","Terra","MODIS","64","6.1NRT","294.23","13.63","N",,"fire_nrt_M-C61_803220.csv",4841,"NRT"
"-2.54667","110.38248","304.46","2","1.38","2026-07-18","1348","Terra","MODIS","60","6.1NRT","294.19","12.09","N",,"fire_nrt_M-C61_803220.csv",4842,"NRT"
"-2.76555","110.50999","322.79","1","1","2026-07-19","0811","Aqua","MODIS","77","6.1NRT","301.45","13.62","D",,"fire_nrt_M-C61_803220.csv",4900,"NRT"
"-2.7568","110.50869","325.9","1","1","2026-07-19","0811","Aqua","MODIS","80","6.1NRT","302.39","16.32","D",,"fire_nrt_M-C61_803220.csv",4901,"NRT"
"-2.74805","110.50739","357.12","1","1","2026-07-19","0811","Aqua","MODIS","98","6.1NRT","302.44","71.51","D",,"fire_nrt_M-C61_803220.csv",4902,"NRT"
"-2.03828","110.93027","311.91","1.01","1.01","2026-07-19","0811","Aqua","MODIS","42","6.1NRT","298.8","5.11","D",,"fire_nrt_M-C61_803220.csv",4924,"NRT"
"-2.05068","110.22177","326.28","1","1","2026-07-19","0811","Aqua","MODIS","80","6.1NRT","299.62","18.73","D",,"fire_nrt_M-C61_803220.csv",4926,"NRT"
"-2.00229","110.49024","317.37","1","1","2026-07-19","0811","Aqua","MODIS","70","6.1NRT","300.72","9.03","D",,"fire_nrt_M-C61_803220.csv",4927,"NRT"
"-2.00378","110.4193","315","1","1","2026-07-19","0811","Aqua","MODIS","66","6.1NRT","300.66","6.78","D",,"fire_nrt_M-C61_803220.csv",4933,"NRT"
"-1.89895","110.68233","314.78","1","1","2026-07-19","0811","Aqua","MODIS","66","6.1NRT","299.59","6.72","D",,"fire_nrt_M-C61_803220.csv",4935,"NRT"
"-1.90023","110.67358","324.22","1","1","2026-07-19","0811","Aqua","MODIS","79","6.1NRT","300.45","16.12","D",,"fire_nrt_M-C61_803220.csv",4936,"NRT"
"-1.69527","110.50617","313.46","1","1","2026-07-19","0811","Aqua","MODIS","64","6.1NRT","299.77","5.8","D",,"fire_nrt_M-C61_803220.csv",4946,"NRT"
"-1.72356","110.17564","315.6","1","1","2026-07-19","0811","Aqua","MODIS","68","6.1NRT","301.28","7.46","D",,"fire_nrt_M-C61_803220.csv",4947,"NRT"
"-1.72484","110.16694","317.81","1","1","2026-07-19","0811","Aqua","MODIS","72","6.1NRT","300.88","9.39","D",,"fire_nrt_M-C61_803220.csv",4948,"NRT"
"-1.27382","110.53852","312.73","1","1","2026-07-19","0811","Aqua","MODIS","63","6.1NRT","297.9","5.98","D",,"fire_nrt_M-C61_803220.csv",4961,"NRT"
"-0.64377","110.4198","312.66","1.01","1","2026-07-19","0811","Aqua","MODIS","62","6.1NRT","298.19","5.13","D",,"fire_nrt_M-C61_803220.csv",4981,"NRT"
"-0.54202","110.03664","335.56","1","1","2026-07-19","0811","Aqua","MODIS","88","6.1NRT","299.49","30.05","D",,"fire_nrt_M-C61_803220.csv",4987,"NRT"
"-0.5433","110.02795","350.84","1","1","2026-07-19","0811","Aqua","MODIS","96","6.1NRT","301.23","57.6","D",,"fire_nrt_M-C61_803220.csv",4988,"NRT"
"-0.41573","110.33252","326.58","1","1","2026-07-19","0811","Aqua","MODIS","81","6.1NRT","299.08","18.68","D",,"fire_nrt_M-C61_803220.csv",4991,"NRT"
"-0.417","110.3238","324.69","1","1","2026-07-19","0811","Aqua","MODIS","79","6.1NRT","299.24","16.43","D",,"fire_nrt_M-C61_803220.csv",4992,"NRT"
"-1.72058","110.14989","312.83","1.37","1.16","2026-07-20","0109","Terra","MODIS","67","6.1NRT","296.46","12.41","D",,"fire_nrt_M-C61_803220.csv",5099,"NRT"
"-1.71882","110.13793","312.02","1.37","1.16","2026-07-20","0109","Terra","MODIS","65","6.1NRT","295.73","11.65","D",,"fire_nrt_M-C61_803220.csv",5100,"NRT"
"-0.80061","110.23439","305.23","1.03","1.01","2026-07-20","1329","Terra","MODIS","60","6.1NRT","294.96","4.36","N",,"fire_nrt_M-C61_803220.csv",5205,"NRT"
"-1.71675","110.14142","306.54","1.01","1.01","2026-07-20","1329","Terra","MODIS","65","6.1NRT","295.75","5.41","N",,"fire_nrt_M-C61_803220.csv",5211,"NRT"
"-1.75703","110.18929","322.27","1.01","1.01","2026-07-20","1329","Terra","MODIS","100","6.1NRT","295.72","18.76","N",,"fire_nrt_M-C61_803220.csv",5212,"NRT"
"-1.973","110.55128","310.23","1.03","1.01","2026-07-20","1329","Terra","MODIS","78","6.1NRT","295.39","8.01","N",,"fire_nrt_M-C61_803220.csv",5213,"NRT"
"-2.04847","110.21234","309.82","1.01","1.01","2026-07-20","1329","Terra","MODIS","76","6.1NRT","295.75","7.66","N",,"fire_nrt_M-C61_803220.csv",5214,"NRT"
"-1.71697","110.18703","315.14","2.25","1.45","2026-07-21","0149","Terra","MODIS","72","6.1NRT","295.23","31.87","D",,"fire_nrt_M-C61_803220.csv",5239,"NRT"
"-2.30379","110.28714","306.94","1","1","2026-07-21","2010","Aqua","MODIS","70","6.1NRT","293.05","6.31","N",,"fire_nrt_M-C61_803220.csv",5297,"NRT"
"-2.53493","110.24779","311.72","1.41","1.18","2026-07-22","0826","Aqua","MODIS","0","6.1NRT","295.87","8.77","D",,"fire_nrt_M-C61_803220.csv",5354,"NRT"
"-2.05763","110.2072","310.95","1.43","1.18","2026-07-22","0828","Aqua","MODIS","56","6.1NRT","294.75","10.02","D",,"fire_nrt_M-C61_803220.csv",5374,"NRT"
"-2.00588","110.29601","318.87","1.45","1.19","2026-07-22","0828","Aqua","MODIS","69","6.1NRT","292.3","21.23","D",,"fire_nrt_M-C61_803220.csv",5375,"NRT"
"-1.85202","110.70714","325.94","1.57","1.23","2026-07-22","0828","Aqua","MODIS","81","6.1NRT","295.8","34.95","D",,"fire_nrt_M-C61_803220.csv",5378,"NRT"
"-1.73386","110.04569","313.17","1.41","1.17","2026-07-22","0828","Aqua","MODIS","65","6.1NRT","295.12","10.44","D",,"fire_nrt_M-C61_803220.csv",5379,"NRT"
"-1.50094","110.08642","314.29","1.43","1.18","2026-07-22","0828","Aqua","MODIS","62","6.1NRT","295.5","11.32","D",,"fire_nrt_M-C61_803220.csv",5380,"NRT"
"-1.09352","110.40665","333.56","1.53","1.22","2026-07-22","0828","Aqua","MODIS","87","6.1NRT","295.39","53.05","D",,"fire_nrt_M-C61_803220.csv",5381,"NRT"
"-1.09554","110.39336","316.49","1.53","1.22","2026-07-22","0828","Aqua","MODIS","71","6.1NRT","293.88","17.17","D",,"fire_nrt_M-C61_803220.csv",5382,"NRT"
"-1.09023","110.40042","327.76","1.53","1.22","2026-07-22","0828","Aqua","MODIS","83","6.1NRT","293.98","37.77","D",,"fire_nrt_M-C61_803220.csv",5383,"NRT"
"-2.91619","110.26784","303.07","1.6","1.24","2026-07-22","1308","Terra","MODIS","51","6.1NRT","292.42","6.65","N",,"fire_nrt_M-C61_803220.csv",5437,"NRT"
"-2.72308","110.99422","306.16","1.4","1.17","2026-07-22","1308","Terra","MODIS","67","6.1NRT","292.12","8.91","N",,"fire_nrt_M-C61_803220.csv",5442,"NRT"
"-2.09328","110.50568","304.09","1.49","1.21","2026-07-22","1308","Terra","MODIS","58","6.1NRT","291.67","7.27","N",,"fire_nrt_M-C61_803220.csv",5445,"NRT"
"-2.08796","110.38431","304.22","1.52","1.22","2026-07-22","1308","Terra","MODIS","59","6.1NRT","291.93","7.69","N",,"fire_nrt_M-C61_803220.csv",5446,"NRT"
"-2.05278","110.2083","305.45","1.57","1.23","2026-07-22","1308","Terra","MODIS","64","6.1NRT","292.3","9.38","N",,"fire_nrt_M-C61_803220.csv",5447,"NRT"
"-1.6581","110.6372","307.12","1.44","1.19","2026-07-22","1308","Terra","MODIS","70","6.1NRT","292.67","9.04","N",,"fire_nrt_M-C61_803220.csv",5448,"NRT"
"-1.4965","110.08204","304.12","1.57","1.23","2026-07-22","1308","Terra","MODIS","59","6.1NRT","292.23","8.12","N",,"fire_nrt_M-C61_803220.csv",5449,"NRT"
"-0.84514","110.14259","303.61","1.52","1.22","2026-07-22","1308","Terra","MODIS","56","6.1NRT","293.11","6.02","N",,"fire_nrt_M-C61_803220.csv",5455,"NRT"
"-0.85156","110.14406","308.08","1.04","1.02","2026-07-23","0128","Terra","MODIS","58","6.1NRT","295.53","4.54","D",,"fire_nrt_M-C61_803220.csv",5467,"NRT"
"-2.38817","110.43948","313.18","1.09","1.04","2026-07-23","0128","Terra","MODIS","70","6.1NRT","294.26","9.3","D",,"fire_nrt_M-C61_803220.csv",5479,"NRT"
"-2.11264","110.38059","310.03","1.07","1.03","2026-07-23","0128","Terra","MODIS","63","6.1NRT","294.86","5.48","D",,"fire_nrt_M-C61_803220.csv",5480,"NRT"
"-2.11133","110.37122","310.54","1.07","1.03","2026-07-23","0128","Terra","MODIS","64","6.1NRT","294.98","5.85","D",,"fire_nrt_M-C61_803220.csv",5481,"NRT"
"-2.09142","111.06752","307.52","1.15","1.07","2026-07-23","0128","Terra","MODIS","57","6.1NRT","294.04","5.16","D",,"fire_nrt_M-C61_803220.csv",5482,"NRT"
"-2.08998","111.05752","321.29","1.15","1.07","2026-07-23","0128","Terra","MODIS","79","6.1NRT","294.17","19.1","D",,"fire_nrt_M-C61_803220.csv",5483,"NRT"
"-1.84669","110.7126","304.43","1.1","1.05","2026-07-23","0128","Terra","MODIS","30","6.1NRT","286.38","3.63","D",,"fire_nrt_M-C61_803220.csv",5484,"NRT"
"-1.74157","110.55817","310.01","1.08","1.04","2026-07-23","0128","Terra","MODIS","64","6.1NRT","294.65","6.02","D",,"fire_nrt_M-C61_803220.csv",5485,"NRT"
"-1.74022","110.54874","315.67","1.08","1.04","2026-07-23","0128","Terra","MODIS","73","6.1NRT","294.84","11","D",,"fire_nrt_M-C61_803220.csv",5486,"NRT"
"-1.49828","110.08533","307.82","1.04","1.02","2026-07-23","0128","Terra","MODIS","60","6.1NRT","295.24","4.33","D",,"fire_nrt_M-C61_803220.csv",5487,"NRT"
"-2.39032","110.44489","307.75","1.97","1.37","2026-07-23","1346","Terra","MODIS","72","6.1NRT","291.53","18.74","N",,"fire_nrt_M-C61_803220.csv",5630,"NRT"
"-2.38554","110.43852","310.96","1.97","1.37","2026-07-23","1346","Terra","MODIS","81","6.1NRT","291.68","24.95","N",,"fire_nrt_M-C61_803220.csv",5631,"NRT"
"-2.38453","110.44745","304.66","1.9","1.35","2026-07-23","1949","Aqua","MODIS","61","6.1NRT","290.22","14.95","N",,"fire_nrt_M-C61_803220.csv",5648,"NRT"
"-1.88972","110.51228","316.23","1.07","1.03","2026-07-24","0807","Aqua","MODIS","71","6.1NRT","294.66","10.24","D",,"fire_nrt_M-C61_803220.csv",5934,"NRT"
"-1.94205","110.15407","310.32","1.1","1.05","2026-07-24","0807","Aqua","MODIS","49","6.1NRT","295.13","5.67","D",,"fire_nrt_M-C61_803220.csv",5935,"NRT"
"-1.7606","110.57172","319.41","1.06","1.03","2026-07-24","0807","Aqua","MODIS","75","6.1NRT","294.93","12.76","D",,"fire_nrt_M-C61_803220.csv",5936,"NRT"
"-1.76869","110.20419","323.88","1.09","1.04","2026-07-24","0807","Aqua","MODIS","0","6.1NRT","296.86","17.34","D",,"fire_nrt_M-C61_803220.csv",5937,"NRT"
"-1.70746","110.5582","314.06","1.06","1.03","2026-07-24","0807","Aqua","MODIS","68","6.1NRT","296.03","7.25","D",,"fire_nrt_M-C61_803220.csv",5938,"NRT"
"-1.70881","110.54899","318.75","1.06","1.03","2026-07-24","0807","Aqua","MODIS","74","6.1NRT","296.91","11.62","D",,"fire_nrt_M-C61_803220.csv",5939,"NRT"
"-1.72307","110.1975","316.83","1.09","1.04","2026-07-24","0807","Aqua","MODIS","67","6.1NRT","296.81","10.78","D",,"fire_nrt_M-C61_803220.csv",5940,"NRT"
"-1.72444","110.18799","314.84","1.09","1.04","2026-07-24","0807","Aqua","MODIS","69","6.1NRT","297.47","8.79","D",,"fire_nrt_M-C61_803220.csv",5941,"NRT"
"-1.70299","110.27198","321.72","1.09","1.04","2026-07-24","0807","Aqua","MODIS","77","6.1NRT","297.05","15.25","D",,"fire_nrt_M-C61_803220.csv",5942,"NRT"
"-1.71944","110.15806","311.16","1.1","1.04","2026-07-24","0807","Aqua","MODIS","36","6.1NRT","296.09","5.58","D",,"fire_nrt_M-C61_803220.csv",5943,"NRT"
"-0.93491","110.78508","313.74","1.03","1.01","2026-07-24","0807","Aqua","MODIS","69","6.1NRT","290.29","8.58","D",,"fire_nrt_M-C61_803220.csv",5948,"NRT"
"-0.436","110.40728","311.17","1.05","1.02","2026-07-24","0807","Aqua","MODIS","54","6.1NRT","293.82","6.8","D",,"fire_nrt_M-C61_803220.csv",5962,"NRT"
"-2.75071","111.12847","329.83","1.03","1.02","2026-07-24","0807","Aqua","MODIS","84","6.1NRT","296.43","24.92","D",,"fire_nrt_M-C61_803220.csv",6001,"NRT"
"-2.74183","111.12717","328.9","1.03","1.02","2026-07-24","0807","Aqua","MODIS","83","6.1NRT","296.18","23.12","D",,"fire_nrt_M-C61_803220.csv",6002,"NRT"
"-2.5627","110.64377","342.02","1.07","1.03","2026-07-24","0807","Aqua","MODIS","92","6.1NRT","295.72","46.52","D",,"fire_nrt_M-C61_803220.csv",6005,"NRT"
"-2.56407","110.63448","314.69","1.07","1.03","2026-07-24","0807","Aqua","MODIS","68","6.1NRT","295.78","9.14","D",,"fire_nrt_M-C61_803220.csv",6006,"NRT"
"-2.62081","110.18723","311.74","1.12","1.05","2026-07-24","0807","Aqua","MODIS","41","6.1NRT","296.33","6.12","D",,"fire_nrt_M-C61_803220.csv",6007,"NRT"
"-2.51113","110.24447","314.43","1.11","1.05","2026-07-24","0807","Aqua","MODIS","67","6.1NRT","296.43","7.61","D",,"fire_nrt_M-C61_803220.csv",6011,"NRT"
"-2.49841","110.20322","317.52","1.11","1.05","2026-07-24","0807","Aqua","MODIS","54","6.1NRT","295.56","12.2","D",,"fire_nrt_M-C61_803220.csv",6013,"NRT"
"-2.38891","110.4437","313.66","1.08","1.04","2026-07-24","0807","Aqua","MODIS","62","6.1NRT","295.68","8.23","D",,"fire_nrt_M-C61_803220.csv",6014,"NRT"
"-2.38363","110.16016","313.15","1.11","1.05","2026-07-24","0807","Aqua","MODIS","37","6.1NRT","296.96","6.58","D",,"fire_nrt_M-C61_803220.csv",6015,"NRT"
"-2.34673","110.35056","318.03","1.09","1.04","2026-07-24","0807","Aqua","MODIS","69","6.1NRT","297.03","12.15","D",,"fire_nrt_M-C61_803220.csv",6016,"NRT"
"-2.30775","110.55618","317.78","1.07","1.03","2026-07-24","0807","Aqua","MODIS","73","6.1NRT","296.5","11.6","D",,"fire_nrt_M-C61_803220.csv",6017,"NRT"
"-2.3091","110.54687","314.96","1.07","1.03","2026-07-24","0807","Aqua","MODIS","69","6.1NRT","296.78","8.9","D",,"fire_nrt_M-C61_803220.csv",6018,"NRT"
"-2.33761","110.34924","335.83","1.09","1.04","2026-07-24","0807","Aqua","MODIS","88","6.1NRT","296.64","35.75","D",,"fire_nrt_M-C61_803220.csv",6019,"NRT"
"-2.28835","110.2487","307.49","1.1","1.05","2026-07-24","0807","Aqua","MODIS","25","6.1NRT","289.83","3.8","D",,"fire_nrt_M-C61_803220.csv",6020,"NRT"
"-1.97518","110.86703","312.6","1.04","1.02","2026-07-24","0807","Aqua","MODIS","66","6.1NRT","295.59","6.8","D",,"fire_nrt_M-C61_803220.csv",6024,"NRT"
"-2.08267","110.14088","312.02","1.11","1.05","2026-07-24","0807","Aqua","MODIS","62","6.1NRT","294.74","7.61","D",,"fire_nrt_M-C61_803220.csv",6025,"NRT"
"-2.05441","110.20538","310.92","1.1","1.05","2026-07-24","0807","Aqua","MODIS","62","6.1NRT","289.91","7.06","D",,"fire_nrt_M-C61_803220.csv",6026,"NRT"
"-1.99277","110.56136","316.99","1.06","1.03","2026-07-24","0807","Aqua","MODIS","32","6.1NRT","295.06","9.34","D",,"fire_nrt_M-C61_803220.csv",6027,"NRT"
"-1.99413","110.5521","323.54","1.06","1.03","2026-07-24","0807","Aqua","MODIS","77","6.1NRT","294.9","16.24","D",,"fire_nrt_M-C61_803220.csv",6028,"NRT"
"-1.98377","110.56002","320.85","1.06","1.03","2026-07-24","0807","Aqua","MODIS","67","6.1NRT","295.47","13.27","D",,"fire_nrt_M-C61_803220.csv",6029,"NRT"
"-1.8798","110.64278","323.82","1.05","1.03","2026-07-24","0807","Aqua","MODIS","80","6.1NRT","294.02","18.21","D",,"fire_nrt_M-C61_803220.csv",6030,"NRT"
"-1.72082","110.14851","322.42","1.1","1.05","2026-07-24","0807","Aqua","MODIS","78","6.1NRT","294.89","17.09","D",,"fire_nrt_M-C61_803220.csv",6032,"NRT"
"-1.62318","110.62371","310.88","1.05","1.02","2026-07-24","0807","Aqua","MODIS","62","6.1NRT","296.41","5.53","D",,"fire_nrt_M-C61_803220.csv",6033,"NRT"
"-1.69836","110.05035","313.68","1.11","1.05","2026-07-24","0807","Aqua","MODIS","67","6.1NRT","294.83","8.58","D",,"fire_nrt_M-C61_803220.csv",6034,"NRT"
"-1.68918","110.04897","326.99","1.11","1.05","2026-07-24","0807","Aqua","MODIS","82","6.1NRT","296.2","23.31","D",,"fire_nrt_M-C61_803220.csv",6035,"NRT"
"-1.5697","110.80149","334.26","1.04","1.02","2026-07-24","0807","Aqua","MODIS","87","6.1NRT","297.66","30.19","D",,"fire_nrt_M-C61_803220.csv",6036,"NRT"
"-1.5608","110.80019","323.41","1.04","1.02","2026-07-24","0807","Aqua","MODIS","79","6.1NRT","297.06","17.18","D",,"fire_nrt_M-C61_803220.csv",6037,"NRT"
"-1.40358","110.29962","324.97","1.08","1.04","2026-07-24","0807","Aqua","MODIS","81","6.1NRT","295.04","20.55","D",,"fire_nrt_M-C61_803220.csv",6038,"NRT"
"-1.30923","110.50343","308.9","1.06","1.03","2026-07-24","0807","Aqua","MODIS","41","6.1NRT","289.98","4.85","D",,"fire_nrt_M-C61_803220.csv",6039,"NRT"
"-1.85292","110.09555","308.36","1.42","1.18","2026-07-25","0109","Terra","MODIS","42","6.1NRT","294.96","7.27","D",,"fire_nrt_M-C61_803220.csv",6134,"NRT"
"-1.8547","110.10792","315.91","1.42","1.18","2026-07-25","0109","Terra","MODIS","62","6.1NRT","294.97","16.77","D",,"fire_nrt_M-C61_803220.csv",6139,"NRT"
"-2.04996","110.21547","303.14","1.01","1","2026-07-25","1327","Terra","MODIS","53","6.1NRT","292.54","3.74","N",,"fire_nrt_M-C61_803220.csv",6281,"NRT"
"-2.05118","110.20665","317.18","1.01","1","2026-07-25","1327","Terra","MODIS","95","6.1NRT","293.2","13.89","N",,"fire_nrt_M-C61_803220.csv",6282,"NRT"
"-1.86892","110.06135","308.18","1","1","2026-07-25","1327","Terra","MODIS","74","6.1NRT","287.31","7.4","N",,"fire_nrt_M-C61_803220.csv",6284,"NRT"
"-1.76495","110.2112","306.78","1.01","1","2026-07-25","1327","Terra","MODIS","69","6.1NRT","293.7","5.88","N",,"fire_nrt_M-C61_803220.csv",6287,"NRT"
"-1.75268","110.02397","302.37","1","1","2026-07-25","1327","Terra","MODIS","49","6.1NRT","290.9","3.77","N",,"fire_nrt_M-C61_803220.csv",6288,"NRT"
"-1.50871","110.13021","304.2","1.01","1","2026-07-25","1327","Terra","MODIS","59","6.1NRT","293.85","4.06","N",,"fire_nrt_M-C61_803220.csv",6289,"NRT"
"-1.49713","110.08366","304.78","1.01","1","2026-07-25","1327","Terra","MODIS","62","6.1NRT","294.07","4.46","N",,"fire_nrt_M-C61_803220.csv",6290,"NRT"
"-1.99971","110.82437","306.24","2.48","1.52","2026-07-26","0147","Terra","MODIS","46","6.1NRT","292.12","19.91","D",,"fire_nrt_M-C61_803220.csv",6389,"NRT"
"-2.67653","111.1674","321.6","2.39","1.49","2026-07-26","0744","Aqua","MODIS","77","6.1NRT","294.46","50.87","D",,"fire_nrt_M-C61_803220.csv",6580,"NRT"
"-2.12632","111.05883","313.53","2.39","1.49","2026-07-26","0744","Aqua","MODIS","48","6.1NRT","294.48","24.13","D",,"fire_nrt_M-C61_803220.csv",6582,"NRT"
"-1.86437","110.07339","314.99","2.84","1.61","2026-07-26","0744","Aqua","MODIS","60","6.1NRT","294.15","36.81","D",,"fire_nrt_M-C61_803220.csv",6597,"NRT"
"-1.76051","110.02127","311.92","2.86","1.61","2026-07-26","0744","Aqua","MODIS","60","6.1NRT","294.7","26.27","D",,"fire_nrt_M-C61_803220.csv",6601,"NRT"
"-1.41523","110.29365","312.32","2.68","1.57","2026-07-26","0744","Aqua","MODIS","66","6.1NRT","292.45","26.79","D",,"fire_nrt_M-C61_803220.csv",6607,"NRT"
"-1.03249","110.65177","310","2.47","1.51","2026-07-26","0744","Aqua","MODIS","63","6.1NRT","288.85","19.55","D",,"fire_nrt_M-C61_803220.csv",6614,"NRT"
"-1.03564","110.63015","312.99","2.48","1.52","2026-07-26","0744","Aqua","MODIS","68","6.1NRT","290.5","26.99","D",,"fire_nrt_M-C61_803220.csv",6615,"NRT"
"-0.84288","110.41198","320.6","2.56","1.54","2026-07-26","0744","Aqua","MODIS","76","6.1NRT","292.02","49.23","D",,"fire_nrt_M-C61_803220.csv",6624,"NRT"
"-0.84417","110.4277","320.07","2.55","1.54","2026-07-26","0744","Aqua","MODIS","77","6.1NRT","291.6","50.52","D",,"fire_nrt_M-C61_803220.csv",6625,"NRT"
"-0.84749","110.40576","314.06","2.56","1.54","2026-07-26","0744","Aqua","MODIS","69","6.1NRT","292.42","30.43","D",,"fire_nrt_M-C61_803220.csv",6626,"NRT"
"-0.75667","110.36985","330.4","2.57","1.54","2026-07-26","0744","Aqua","MODIS","85","6.1NRT","293.3","91.64","D",,"fire_nrt_M-C61_803220.csv",6629,"NRT"
"-0.74547","110.38584","316.68","2.56","1.54","2026-07-26","0744","Aqua","MODIS","73","6.1NRT","292.16","38.12","D",,"fire_nrt_M-C61_803220.csv",6630,"NRT"
"-0.74881","110.36364","324.82","2.57","1.54","2026-07-26","0744","Aqua","MODIS","81","6.1NRT","293.35","69.56","D",,"fire_nrt_M-C61_803220.csv",6631,"NRT"
"-0.64919","110.22703","311.84","2.63","1.56","2026-07-26","0744","Aqua","MODIS","65","6.1NRT","295.15","23.16","D",,"fire_nrt_M-C61_803220.csv",6636,"NRT"
"-0.51709","110.3175","312.53","2.57","1.54","2026-07-26","0744","Aqua","MODIS","67","6.1NRT","294.54","25.5","D",,"fire_nrt_M-C61_803220.csv",6638,"NRT"
"-0.51848","110.33329","310.95","2.56","1.54","2026-07-26","0744","Aqua","MODIS","56","6.1NRT","294.46","18.51","D",,"fire_nrt_M-C61_803220.csv",6639,"NRT"
"-2.31696","110.27541","319.93","1.12","1.06","2026-07-27","0822","Aqua","MODIS","74","6.1NRT","291.81","15.58","D",,"fire_nrt_M-C61_803220.csv",6837,"NRT"
"-2.31843","110.26553","308.72","1.12","1.06","2026-07-27","0822","Aqua","MODIS","34","6.1NRT","290.55","4.97","D",,"fire_nrt_M-C61_803220.csv",6838,"NRT"
"-2.28231","110.26381","311.06","1.12","1.06","2026-07-27","0822","Aqua","MODIS","55","6.1NRT","292.86","7.41","D",,"fire_nrt_M-C61_803220.csv",6839,"NRT"
"-2.11187","110.4756","326.52","1.16","1.07","2026-07-27","0822","Aqua","MODIS","82","6.1NRT","289.03","26.3","D",,"fire_nrt_M-C61_803220.csv",6843,"NRT"
"-1.65078","110.2734","318.84","1.14","1.06","2026-07-27","0822","Aqua","MODIS","54","6.1NRT","291.42","15.22","D",,"fire_nrt_M-C61_803220.csv",6848,"NRT"
"-1.55039","110.72178","311.83","1.21","1.09","2026-07-27","0822","Aqua","MODIS","67","6.1NRT","293.4","7.94","D",,"fire_nrt_M-C61_803220.csv",6849,"NRT"
"-1.4839","110.41031","320.87","1.17","1.07","2026-07-27","0822","Aqua","MODIS","0","6.1NRT","296.59","16.33","D",,"fire_nrt_M-C61_803220.csv",6850,"NRT"
"-1.83033","110.02323","301.82","1.66","1.27","2026-07-27","1306","Terra","MODIS","45","6.1NRT","286","8.36","N",,"fire_nrt_M-C61_803220.csv",6908,"NRT"
"-2.00895","110.45892","314.83","1.06","1.03","2026-07-28","0126","Terra","MODIS","71","6.1NRT","291.85","11.03","D",,"fire_nrt_M-C61_803220.csv",6930,"NRT"
"-1.71364","110.20019","303.21","1.04","1.02","2026-07-28","0126","Terra","MODIS","20","6.1NRT","283.56","2.63","D",,"fire_nrt_M-C61_803220.csv",6933,"NRT"
"-1.76652","110.04551","317.36","1.41","1.17","2026-07-29","0758","Aqua","MODIS","72","6.1NRT","297.38","14.1","D",,"fire_nrt_M-C61_803220.csv",7201,"NRT"
"-1.72347","110.19951","319.99","1.37","1.16","2026-07-29","0758","Aqua","MODIS","71","6.1NRT","295.14","18.59","D",,"fire_nrt_M-C61_803220.csv",7202,"NRT"
"-1.69664","110.25059","311.49","1.36","1.15","2026-07-29","0758","Aqua","MODIS","30","6.1NRT","288.74","8.89","D",,"fire_nrt_M-C61_803220.csv",7204,"NRT"
"-2.26526","110.35124","312.65","1.36","1.16","2026-07-29","0758","Aqua","MODIS","63","6.1NRT","293.72","9.42","D",,"fire_nrt_M-C61_803220.csv",7263,"NRT"
"-2.18956","110.38297","312.07","1.35","1.15","2026-07-29","0758","Aqua","MODIS","63","6.1NRT","294.93","9.67","D",,"fire_nrt_M-C61_803220.csv",7267,"NRT"
"-2.01704","110.44127","325.49","1.33","1.14","2026-07-29","0758","Aqua","MODIS","81","6.1NRT","298.19","25.64","D",,"fire_nrt_M-C61_803220.csv",7268,"NRT"
"-2.01875","110.42967","314.14","1.34","1.15","2026-07-29","0758","Aqua","MODIS","68","6.1NRT","297.12","8.77","D",,"fire_nrt_M-C61_803220.csv",7269,"NRT"
"-2.86222","110.38043","323.96","2.08","1.4","2026-07-30","0837","Aqua","MODIS","79","6.1NRT","294.68","44.91","D",,"fire_nrt_M-C61_803220.csv",7358,"NRT"
"-2.87447","110.38232","316.85","2.08","1.4","2026-07-30","0837","Aqua","MODIS","42","6.1NRT","294.57","23.32","D",,"fire_nrt_M-C61_803220.csv",7374,"NRT"
"-2.86463","110.38616","322.32","2.08","1.4","2026-07-30","0837","Aqua","MODIS","62","6.1NRT","294.5","37.35","D",,"fire_nrt_M-C61_803220.csv",7375,"NRT"
"-2.86074","110.38581","312.9","1","1","2026-07-30","1325","Terra","MODIS","84","6.1NRT","294.13","9.3","N",,"fire_nrt_M-C61_803220.csv",7446,"NRT"
"-2.85193","110.38457","306.04","1","1","2026-07-30","1325","Terra","MODIS","59","6.1NRT","293.44","4.88","N",,"fire_nrt_M-C61_803220.csv",7448,"NRT"
"-2.85307","110.38434","311.49","2.27","1.46","2026-07-31","0147","Terra","MODIS","50","6.1NRT","294.64","15.45","D",,"fire_nrt_M-C61_803220.csv",7478,"NRT"
"-2.76008","110.34026","311.63","3.9","1.84","2026-07-31","0737","Aqua","MODIS","62","6.1NRT","293.04","34.21","D",,"fire_nrt_M-C61_803220.csv",7625,"NRT"
"-2.7514","110.33118","311.48","3.9","1.84","2026-07-31","0737","Aqua","MODIS","61","6.1NRT","292.96","31.27","D",,"fire_nrt_M-C61_803220.csv",7626,"NRT"
"-2.04951","110.83991","312.16","3.45","1.75","2026-07-31","0737","Aqua","MODIS","63","6.1NRT","291.64","38.52","D",,"fire_nrt_M-C61_803220.csv",7628,"NRT"
"-2.05265","110.83572","311.46","3.45","1.75","2026-07-31","0737","Aqua","MODIS","59","6.1NRT","292.03","33.9","D",,"fire_nrt_M-C61_803220.csv",7629,"NRT"
"-1.75364","110.12989","323.16","3.9","1.84","2026-07-31","0737","Aqua","MODIS","75","6.1NRT","292.34","102.02","D",,"fire_nrt_M-C61_803220.csv",7634,"NRT"
"-1.73763","110.12743","318.32","3.9","1.84","2026-07-31","0737","Aqua","MODIS","42","6.1NRT","291.46","66.55","D",,"fire_nrt_M-C61_803220.csv",7635,"NRT"
"-1.74068","110.15765","314.26","3.87","1.83","2026-07-31","0737","Aqua","MODIS","60","6.1NRT","292.25","52.38","D",,"fire_nrt_M-C61_803220.csv",7636,"NRT"
"-1.74562","110.12427","327.77","3.9","1.84","2026-07-31","0737","Aqua","MODIS","78","6.1NRT","291.92","150.17","D",,"fire_nrt_M-C61_803220.csv",7637,"NRT"
"-0.73537","110.34444","336.18","3.6","1.78","2026-07-31","0739","Aqua","MODIS","84","6.1NRT","290.82","219.57","D",,"fire_nrt_M-C61_803220.csv",7654,"NRT"
"-0.73941","110.33762","342.29","3.6","1.78","2026-07-31","0739","Aqua","MODIS","80","6.1NRT","290.78","280.85","D",,"fire_nrt_M-C61_803220.csv",7656,"NRT"
"-1.72526","110.14614","302.69","1.42","1.18","2026-07-31","1957","Aqua","MODIS","51","6.1NRT","292.47","5.61","N",,"fire_nrt_M-C61_803220.csv",7765,"NRT"
"-1.73554","110.14463","320.82","1.42","1.18","2026-07-31","1957","Aqua","MODIS","100","6.1NRT","293.55","28.61","N",,"fire_nrt_M-C61_803220.csv",7766,"NRT"
"-1.73742","110.1569","304.42","1.41","1.18","2026-07-31","1957","Aqua","MODIS","60","6.1NRT","292.46","7.3","N",,"fire_nrt_M-C61_803220.csv",7767,"NRT"
"-2.01633","110.68643","317.03","1.02","1.01","2026-08-01","0816","Aqua","MODIS","68","6.1NRT","298.11","9.93","D",,"fire_nrt_M-C61_803220.csv",7849,"NRT"
"-2.01763","110.67758","321.61","1.02","1.01","2026-08-01","0816","Aqua","MODIS","75","6.1NRT","298.3","14.43","D",,"fire_nrt_M-C61_803220.csv",7850,"NRT"
"-1.96041","110.75973","312.64","1.02","1.01","2026-08-01","0816","Aqua","MODIS","58","6.1NRT","298.22","5.24","D",,"fire_nrt_M-C61_803220.csv",7852,"NRT"
"-1.95289","110.74953","334.85","1.02","1.01","2026-08-01","0816","Aqua","MODIS","87","6.1NRT","298.88","29.76","D",,"fire_nrt_M-C61_803220.csv",7853,"NRT"
"-1.91988","110.90287","333.23","1.03","1.01","2026-08-01","0816","Aqua","MODIS","86","6.1NRT","299.11","27.66","D",,"fire_nrt_M-C61_803220.csv",7854,"NRT"
"-1.91102","110.90154","341.87","1.03","1.01","2026-08-01","0816","Aqua","MODIS","91","6.1NRT","298.91","42.26","D",,"fire_nrt_M-C61_803220.csv",7856,"NRT"
"-1.94825","110.1598","319.37","1","1","2026-08-01","0816","Aqua","MODIS","71","6.1NRT","300.85","9.33","D",,"fire_nrt_M-C61_803220.csv",7862,"NRT"
"-1.91073","110.14762","322.79","1","1","2026-08-01","0816","Aqua","MODIS","76","6.1NRT","296.36","12.46","D",,"fire_nrt_M-C61_803220.csv",7865,"NRT"
"-1.91201","110.13891","315.88","1","1","2026-08-01","0816","Aqua","MODIS","33","6.1NRT","297.74","5.48","D",,"fire_nrt_M-C61_803220.csv",7866,"NRT"
"-1.90198","110.14632","393.08","1","1","2026-08-01","0816","Aqua","MODIS","100","6.1NRT","305.92","206.24","D",,"fire_nrt_M-C61_803220.csv",7867,"NRT"
"-1.89322","110.14503","326.59","1","1","2026-08-01","0816","Aqua","MODIS","49","6.1NRT","300.44","15.56","D",,"fire_nrt_M-C61_803220.csv",7869,"NRT"
"-1.8945","110.13632","337.25","1","1","2026-08-01","0816","Aqua","MODIS","88","6.1NRT","300.14","30.01","D",,"fire_nrt_M-C61_803220.csv",7870,"NRT"
"-1.74122","110.22614","315.83","1","1","2026-08-01","0816","Aqua","MODIS","57","6.1NRT","298.19","7.91","D",,"fire_nrt_M-C61_803220.csv",7873,"NRT"
"-1.74526","110.1376","317.99","1","1","2026-08-01","0816","Aqua","MODIS","19","6.1NRT","297.65","8.03","D",,"fire_nrt_M-C61_803220.csv",7874,"NRT"
"-1.72753","110.19736","331.6","1","1","2026-08-01","0816","Aqua","MODIS","73","6.1NRT","299.41","23.55","D",,"fire_nrt_M-C61_803220.csv",7875,"NRT"
"-1.73522","110.14502","325.78","1","1","2026-08-01","0816","Aqua","MODIS","79","6.1NRT","299.17","16.26","D",,"fire_nrt_M-C61_803220.csv",7876,"NRT"
"-1.62188","110.54912","344.42","1.02","1.01","2026-08-01","0816","Aqua","MODIS","93","6.1NRT","296.62","46.21","D",,"fire_nrt_M-C61_803220.csv",7877,"NRT"
"-1.58931","110.57475","317.66","1.02","1.01","2026-08-01","0816","Aqua","MODIS","19","6.1NRT","297.75","8.52","D",,"fire_nrt_M-C61_803220.csv",7878,"NRT"
"-1.58179","110.56461","313.66","1.02","1.01","2026-08-01","0816","Aqua","MODIS","39","6.1NRT","297.49","6.67","D",,"fire_nrt_M-C61_803220.csv",7879,"NRT"
"-1.56908","110.58983","324.6","1.02","1.01","2026-08-01","0816","Aqua","MODIS","79","6.1NRT","298.86","15.16","D",,"fire_nrt_M-C61_803220.csv",7880,"NRT"
"-1.57038","110.58098","327.55","1.02","1.01","2026-08-01","0816","Aqua","MODIS","81","6.1NRT","299.29","18.5","D",,"fire_nrt_M-C61_803220.csv",7881,"NRT"
"-1.52272","110.53779","316.2","1.02","1.01","2026-08-01","0816","Aqua","MODIS","54","6.1NRT","297.92","9.16","D",,"fire_nrt_M-C61_803220.csv",7885,"NRT"
"-1.40113","110.29193","337.63","1.01","1","2026-08-01","0816","Aqua","MODIS","89","6.1NRT","299.28","32.7","D",,"fire_nrt_M-C61_803220.csv",7889,"NRT"
"-1.40241","110.28318","315.82","1.01","1","2026-08-01","0816","Aqua","MODIS","62","6.1NRT","299.25","6.49","D",,"fire_nrt_M-C61_803220.csv",7890,"NRT"
"-1.37033","110.43994","324.27","1.01","1.01","2026-08-01","0816","Aqua","MODIS","78","6.1NRT","299.7","15.32","D",,"fire_nrt_M-C61_803220.csv",7891,"NRT"
"-1.29165","110.91064","322.66","1.04","1.02","2026-08-01","0816","Aqua","MODIS","77","6.1NRT","299.06","14.76","D",,"fire_nrt_M-C61_803220.csv",7892,"NRT"
"-1.29298","110.90162","314.7","1.04","1.02","2026-08-01","0816","Aqua","MODIS","65","6.1NRT","298.91","6.87","D",,"fire_nrt_M-C61_803220.csv",7893,"NRT"
"-1.37656","110.19222","314.36","1.01","1","2026-08-01","0816","Aqua","MODIS","64","6.1NRT","298.7","6.16","D",,"fire_nrt_M-C61_803220.csv",7894,"NRT"
"-2.8838","110.38639","312.85","1","1","2026-08-01","0816","Aqua","MODIS","58","6.1NRT","298.62","5.4","D",,"fire_nrt_M-C61_803220.csv",7919,"NRT"
"-2.83871","110.38863","311.59","1","1","2026-08-01","0816","Aqua","MODIS","51","6.1NRT","298.36","4.24","D",,"fire_nrt_M-C61_803220.csv",7920,"NRT"
"-2.67019","110.5211","320.29","1.01","1","2026-08-01","0816","Aqua","MODIS","73","6.1NRT","298.3","10.93","D",,"fire_nrt_M-C61_803220.csv",7925,"NRT"
"-2.67148","110.51235","313.36","1.01","1","2026-08-01","0816","Aqua","MODIS","32","6.1NRT","298.58","4.93","D",,"fire_nrt_M-C61_803220.csv",7926,"NRT"
"-2.66141","110.51981","345.64","1.01","1","2026-08-01","0816","Aqua","MODIS","93","6.1NRT","298","46.26","D",,"fire_nrt_M-C61_803220.csv",7927,"NRT"
"-2.6627","110.51105","329.11","1.01","1","2026-08-01","0816","Aqua","MODIS","82","6.1NRT","299.1","20.24","D",,"fire_nrt_M-C61_803220.csv",7928,"NRT"
"-2.35823","110.75271","343.5","1.02","1.01","2026-08-01","0816","Aqua","MODIS","92","6.1NRT","298.76","44.7","D",,"fire_nrt_M-C61_803220.csv",7939,"NRT"
"-2.27221","110.38625","322.36","1.01","1","2026-08-01","0816","Aqua","MODIS","72","6.1NRT","295.14","14.79","D",,"fire_nrt_M-C61_803220.csv",7945,"NRT"
"-2.21309","110.72794","321.22","1.02","1.01","2026-08-01","0816","Aqua","MODIS","75","6.1NRT","299.51","11.38","D",,"fire_nrt_M-C61_803220.csv",7946,"NRT"
"-2.1251","110.76347","324.21","1.02","1.01","2026-08-01","0816","Aqua","MODIS","74","6.1NRT","298.59","16.63","D",,"fire_nrt_M-C61_803220.csv",7951,"NRT"
"-2.17931","110.39362","342.06","1.01","1","2026-08-01","0816","Aqua","MODIS","86","6.1NRT","297.53","46.17","D",,"fire_nrt_M-C61_803220.csv",7952,"NRT"
"-2.08388","110.92126","316.46","1.03","1.01","2026-08-01","0816","Aqua","MODIS","65","6.1NRT","297.39","9.59","D",,"fire_nrt_M-C61_803220.csv",7955,"NRT"
"-2.0852","110.91231","315.42","1.03","1.01","2026-08-01","0816","Aqua","MODIS","66","6.1NRT","297.45","8.46","D",,"fire_nrt_M-C61_803220.csv",7956,"NRT"
"-2.11145","110.42831","317.56","1.01","1","2026-08-01","0816","Aqua","MODIS","69","6.1NRT","299.52","8.57","D",,"fire_nrt_M-C61_803220.csv",7961,"NRT"
"-1.01874","110.56214","323.24","1.02","1.01","2026-08-01","0818","Aqua","MODIS","77","6.1NRT","299.65","14.16","D",,"fire_nrt_M-C61_803220.csv",7969,"NRT"
"-1.02004","110.55327","350.84","1.02","1.01","2026-08-01","0818","Aqua","MODIS","96","6.1NRT","300.58","58.82","D",,"fire_nrt_M-C61_803220.csv",7970,"NRT"
"-1.02135","110.54439","382.7","1.02","1.01","2026-08-01","0818","Aqua","MODIS","100","6.1NRT","303.12","162.04","D",,"fire_nrt_M-C61_803220.csv",7971,"NRT"
"-0.862","110.30985","315.25","1.01","1.01","2026-08-01","0818","Aqua","MODIS","65","6.1NRT","298.86","7.89","D",,"fire_nrt_M-C61_803220.csv",7985,"NRT"
"-0.8633","110.30104","319.49","1.01","1.01","2026-08-01","0818","Aqua","MODIS","72","6.1NRT","299.14","11.79","D",,"fire_nrt_M-C61_803220.csv",7986,"NRT"
"-0.82131","110.40296","317.23","1.02","1.01","2026-08-01","0818","Aqua","MODIS","69","6.1NRT","299.23","8.91","D",,"fire_nrt_M-C61_803220.csv",7987,"NRT"
"-0.77529","110.38956","313.58","1.02","1.01","2026-08-01","0818","Aqua","MODIS","61","6.1NRT","299.17","5.53","D",,"fire_nrt_M-C61_803220.csv",7988,"NRT"
"-0.76803","110.31644","358.88","1.01","1.01","2026-08-01","0818","Aqua","MODIS","99","6.1NRT","300.28","77.32","D",,"fire_nrt_M-C61_803220.csv",7989,"NRT"
"-0.75923","110.31513","323.77","1.01","1.01","2026-08-01","0818","Aqua","MODIS","78","6.1NRT","298.87","14.85","D",,"fire_nrt_M-C61_803220.csv",7990,"NRT"
"-0.72502","110.36411","342.69","1.02","1.01","2026-08-01","0818","Aqua","MODIS","92","6.1NRT","297.96","41.03","D",,"fire_nrt_M-C61_803220.csv",7991,"NRT"
"-0.72633","110.35529","321.65","1.02","1.01","2026-08-01","0818","Aqua","MODIS","75","6.1NRT","299.65","11.44","D",,"fire_nrt_M-C61_803220.csv",7992,"NRT"
"-0.71752","110.35397","315.89","1.02","1.01","2026-08-01","0818","Aqua","MODIS","25","6.1NRT","299.27","6.17","D",,"fire_nrt_M-C61_803220.csv",7993,"NRT"
"-0.64389","110.53657","313.96","1.02","1.01","2026-08-01","0818","Aqua","MODIS","62","6.1NRT","299.11","5.98","D",,"fire_nrt_M-C61_803220.csv",7994,"NRT"
"-0.66214","110.41233","315.84","1.02","1.01","2026-08-01","0818","Aqua","MODIS","66","6.1NRT","295.19","8.3","D",,"fire_nrt_M-C61_803220.csv",7995,"NRT"
"-0.66345","110.40347","318.03","1.02","1.01","2026-08-01","0818","Aqua","MODIS","70","6.1NRT","298.81","10.31","D",,"fire_nrt_M-C61_803220.csv",7996,"NRT"
"-0.62032","110.45141","312.48","1.02","1.01","2026-08-01","0818","Aqua","MODIS","55","6.1NRT","295.88","5.99","D",,"fire_nrt_M-C61_803220.csv",7999,"NRT"
"-0.58556","110.48505","310.87","1.02","1.01","2026-08-01","0818","Aqua","MODIS","43","6.1NRT","297.23","4.57","D",,"fire_nrt_M-C61_803220.csv",8002,"NRT"
"-2.46666","110.69533","308.38","1.56","1.23","2026-08-01","1304","Terra","MODIS","69","6.1NRT","294.24","11.93","N",,"fire_nrt_M-C61_803220.csv",8135,"NRT"
"-2.17401","110.39036","305.17","1.63","1.26","2026-08-01","1306","Terra","MODIS","54","6.1NRT","294.36","8.04","N",,"fire_nrt_M-C61_803220.csv",8147,"NRT"
"-2.13519","110.42828","320.02","1.62","1.25","2026-08-01","1306","Terra","MODIS","100","6.1NRT","294.65","29.68","N",,"fire_nrt_M-C61_803220.csv",8148,"NRT"
"-2.13709","110.41418","317.99","1.62","1.25","2026-08-01","1306","Terra","MODIS","96","6.1NRT","294.46","25.95","N",,"fire_nrt_M-C61_803220.csv",8149,"NRT"
"-2.12419","110.42678","316.27","1.62","1.25","2026-08-01","1306","Terra","MODIS","92","6.1NRT","294.68","22.95","N",,"fire_nrt_M-C61_803220.csv",8150,"NRT"
"-2.11319","110.42529","309.15","1.62","1.25","2026-08-01","1306","Terra","MODIS","72","6.1NRT","294.51","12.4","N",,"fire_nrt_M-C61_803220.csv",8151,"NRT"
"-1.90923","110.14469","309.49","1.68","1.28","2026-08-01","1306","Terra","MODIS","76","6.1NRT","294.38","13.53","N",,"fire_nrt_M-C61_803220.csv",8153,"NRT"
"-1.89604","110.15784","328.26","1.68","1.27","2026-08-01","1306","Terra","MODIS","100","6.1NRT","295.29","50.26","N",,"fire_nrt_M-C61_803220.csv",8154,"NRT"
"-1.89803","110.14317","385.44","1.68","1.28","2026-08-01","1306","Terra","MODIS","100","6.1NRT","300.06","373.27","N",,"fire_nrt_M-C61_803220.csv",8155,"NRT"
"-1.90001","110.12843","317.05","1.69","1.28","2026-08-01","1306","Terra","MODIS","94","6.1NRT","294.42","25.34","N",,"fire_nrt_M-C61_803220.csv",8156,"NRT"
"-1.73572","110.15363","304.89","1.67","1.27","2026-08-01","1306","Terra","MODIS","58","6.1NRT","293.31","11.09","N",,"fire_nrt_M-C61_803220.csv",8157,"NRT"
"-1.73772","110.13905","304.72","1.68","1.27","2026-08-01","1306","Terra","MODIS","57","6.1NRT","290.44","10.64","N",,"fire_nrt_M-C61_803220.csv",8158,"NRT"
"-0.65647","110.40913","322.97","1.54","1.22","2026-08-01","1306","Terra","MODIS","100","6.1NRT","293.68","35.23","N",,"fire_nrt_M-C61_803220.csv",8165,"NRT"
"-0.6583","110.39568","314.75","1.54","1.22","2026-08-01","1306","Terra","MODIS","89","6.1NRT","293.62","20.63","N",,"fire_nrt_M-C61_803220.csv",8166,"NRT"
"-1.89486","110.13782","321.67","2.04","1.39","2026-08-01","2034","Aqua","MODIS","100","6.1NRT","293.88","52.16","N",,"fire_nrt_M-C61_803220.csv",8178,"NRT"
"-1.89751","110.15548","340.65","2.05","1.39","2026-08-01","2034","Aqua","MODIS","100","6.1NRT","295.96","124.37","N",,"fire_nrt_M-C61_803220.csv",8179,"NRT"
"-1.90216","110.14973","328.84","2.05","1.39","2026-08-01","2034","Aqua","MODIS","100","6.1NRT","295.28","75.3","N",,"fire_nrt_M-C61_803220.csv",8180,"NRT"
"-0.66642","110.43516","310.87","1.03","1.01","2026-08-02","0126","Terra","MODIS","62","6.1NRT","296.16","5.9","D",,"fire_nrt_M-C61_803220.csv",8189,"NRT"
"-1.73295","110.15017","316.12","1.02","1.01","2026-08-02","0126","Terra","MODIS","59","6.1NRT","297.92","8.57","D",,"fire_nrt_M-C61_803220.csv",8195,"NRT"
"-1.74057","110.14","315.76","1.02","1.01","2026-08-02","0126","Terra","MODIS","59","6.1NRT","298.84","8.06","D",,"fire_nrt_M-C61_803220.csv",8196,"NRT"
"-1.74185","110.14894","316.41","1.02","1.01","2026-08-02","0126","Terra","MODIS","66","6.1NRT","297.9","8.53","D",,"fire_nrt_M-C61_803220.csv",8197,"NRT"
"-1.89059","110.1526","318","1.03","1.01","2026-08-02","0126","Terra","MODIS","75","6.1NRT","297.63","11.31","D",,"fire_nrt_M-C61_803220.csv",8200,"NRT"
"-1.89695","110.13346","357.27","1.02","1.01","2026-08-02","0126","Terra","MODIS","98","6.1NRT","299.52","75.43","D",,"fire_nrt_M-C61_803220.csv",8201,"NRT"
"-1.89822","110.14242","403.61","1.03","1.01","2026-08-02","0126","Terra","MODIS","100","6.1NRT","311.89","279.08","D",,"fire_nrt_M-C61_803220.csv",8202,"NRT"
"-1.90585","110.13224","340.01","1.02","1.01","2026-08-02","0126","Terra","MODIS","91","6.1NRT","297.21","38.21","D",,"fire_nrt_M-C61_803220.csv",8204,"NRT"
"-1.90713","110.1412","387.89","1.03","1.01","2026-08-02","0126","Terra","MODIS","100","6.1NRT","301.17","188.54","D",,"fire_nrt_M-C61_803220.csv",8205,"NRT"
"-1.9084","110.15015","345.12","1.03","1.01","2026-08-02","0126","Terra","MODIS","93","6.1NRT","298.29","47.85","D",,"fire_nrt_M-C61_803220.csv",8206,"NRT"
"-2.13144","110.4206","310.36","1.05","1.02","2026-08-02","0126","Terra","MODIS","62","6.1NRT","295.8","6.09","D",,"fire_nrt_M-C61_803220.csv",8207,"NRT"
"-1.8995","110.15137","366.8","1.03","1.01","2026-08-02","0126","Terra","MODIS","100","6.1NRT","304.92","103.6","D",,"fire_nrt_M-C61_803220.csv",8217,"NRT"
"-0.61425","110.45148","309.63","1.03","1.01","2026-08-02","0126","Terra","MODIS","59","6.1NRT","296.15","5.67","D",,"fire_nrt_M-C61_803220.csv",8218,"NRT"
"-0.66514","110.42622","342.21","1.03","1.01","2026-08-02","0126","Terra","MODIS","92","6.1NRT","296.94","44.53","D",,"fire_nrt_M-C61_803220.csv",8219,"NRT"
"-2.30911","110.55971","307.47","1.89","1.34","2026-08-02","1344","Terra","MODIS","69","6.1NRT","294.47","15.19","N",,"fire_nrt_M-C61_803220.csv",8402,"NRT"
"-2.30255","110.55196","305.04","1.89","1.34","2026-08-02","1344","Terra","MODIS","58","6.1NRT","294.33","10.34","N",,"fire_nrt_M-C61_803220.csv",8403,"NRT"
"-2.14969","110.39156","305.43","1.84","1.33","2026-08-02","1344","Terra","MODIS","60","6.1NRT","293.9","11.97","N",,"fire_nrt_M-C61_803220.csv",8408,"NRT"
"-2.02297","110.41017","306.89","1.86","1.33","2026-08-02","1344","Terra","MODIS","67","6.1NRT","294.23","13.8","N",,"fire_nrt_M-C61_803220.csv",8411,"NRT"
"-1.90946","110.14479","330.92","1.78","1.31","2026-08-02","1344","Terra","MODIS","100","6.1NRT","297.39","64.1","N",,"fire_nrt_M-C61_803220.csv",8415,"NRT"
"-1.9117","110.12934","315.93","1.77","1.3","2026-08-02","1344","Terra","MODIS","92","6.1NRT","295.82","26.9","N",,"fire_nrt_M-C61_803220.csv",8416,"NRT"
"-1.89572","110.15865","324.82","1.78","1.31","2026-08-02","1344","Terra","MODIS","100","6.1NRT","296.46","46.97","N",,"fire_nrt_M-C61_803220.csv",8417,"NRT"
"-1.89798","110.14314","367.52","1.78","1.31","2026-08-02","1344","Terra","MODIS","100","6.1NRT","301.2","245.21","N",,"fire_nrt_M-C61_803220.csv",8418,"NRT"
"-1.90023","110.12769","340.76","1.77","1.3","2026-08-02","1344","Terra","MODIS","100","6.1NRT","297.26","97.57","N",,"fire_nrt_M-C61_803220.csv",8419,"NRT"
"-1.88649","110.14151","306.95","1.78","1.31","2026-08-02","1344","Terra","MODIS","67","6.1NRT","295.49","11.8","N",,"fire_nrt_M-C61_803220.csv",8420,"NRT"
"-1.89845","110.15309","342.34","1.78","1.31","2026-08-02","1344","Terra","MODIS","100","6.1NRT","298.4","105.47","N",,"fire_nrt_M-C61_803220.csv",8421,"NRT"
"-1.90059","110.13756","359.25","1.78","1.31","2026-08-02","1344","Terra","MODIS","100","6.1NRT","301.98","190.39","N",,"fire_nrt_M-C61_803220.csv",8422,"NRT"
"-1.90271","110.12212","319.21","1.77","1.3","2026-08-02","1344","Terra","MODIS","98","6.1NRT","295.62","33.98","N",,"fire_nrt_M-C61_803220.csv",8423,"NRT"
"-1.88695","110.15145","321.63","1.78","1.31","2026-08-02","1344","Terra","MODIS","100","6.1NRT","295.78","40.19","N",,"fire_nrt_M-C61_803220.csv",8424,"NRT"
"-1.8891","110.13593","319.14","1.78","1.31","2026-08-02","1344","Terra","MODIS","98","6.1NRT","295.96","34.43","N",,"fire_nrt_M-C61_803220.csv",8425,"NRT"
"-1.65187","110.26653","310.71","1.83","1.33","2026-08-02","1344","Terra","MODIS","80","6.1NRT","294.57","19.61","N",,"fire_nrt_M-C61_803220.csv",8427,"NRT"
"-2.67783","110.80633","322.62","1.73","1.29","2026-08-03","0754","Aqua","MODIS","61","6.1NRT","299.12","30.17","D",,"fire_nrt_M-C61_803220.csv",8741,"NRT"
"-2.67914","110.80109","317.01","1.73","1.29","2026-08-03","0754","Aqua","MODIS","41","6.1NRT","298.33","18.84","D",,"fire_nrt_M-C61_803220.csv",8746,"NRT"
"-2.66566","110.81445","319.02","1.72","1.29","2026-08-03","0754","Aqua","MODIS","20","6.1NRT","299.46","21.75","D",,"fire_nrt_M-C61_803220.csv",8748,"NRT"
"-2.66787","110.79947","326.09","1.73","1.29","2026-08-03","0754","Aqua","MODIS","80","6.1NRT","297.43","38.5","D",,"fire_nrt_M-C61_803220.csv",8749,"NRT"
"-2.63772","110.37567","313.88","1.86","1.33","2026-08-03","0754","Aqua","MODIS","61","6.1NRT","299.4","14.23","D",,"fire_nrt_M-C61_803220.csv",8755,"NRT"
"-2.49406","110.88353","315.73","1.69","1.28","2026-08-03","0754","Aqua","MODIS","58","6.1NRT","298.1","17.86","D",,"fire_nrt_M-C61_803220.csv",8756,"NRT"
"-2.37041","110.78365","312.55","1.71","1.28","2026-08-03","0754","Aqua","MODIS","53","6.1NRT","297.27","13.16","D",,"fire_nrt_M-C61_803220.csv",8762,"NRT"
"-2.37001","110.70724","315.96","1.74","1.29","2026-08-03","0754","Aqua","MODIS","67","6.1NRT","299","18.41","D",,"fire_nrt_M-C61_803220.csv",8763,"NRT"
"-2.11742","110.3856","311.52","1.82","1.32","2026-08-03","0754","Aqua","MODIS","38","6.1NRT","294.5","11.42","D",,"fire_nrt_M-C61_803220.csv",8767,"NRT"
"-2.03825","110.84617","312.47","1.67","1.27","2026-08-03","0754","Aqua","MODIS","48","6.1NRT","296.64","10.04","D",,"fire_nrt_M-C61_803220.csv",8768,"NRT"
"-2.00323","110.92934","319.13","1.65","1.26","2026-08-03","0754","Aqua","MODIS","74","6.1NRT","297.78","23.51","D",,"fire_nrt_M-C61_803220.csv",8769,"NRT"
"-2.00535","110.91502","338.78","1.65","1.26","2026-08-03","0754","Aqua","MODIS","85","6.1NRT","295.75","74.29","D",,"fire_nrt_M-C61_803220.csv",8770,"NRT"
"-1.98499","110.43458","315.31","1.8","1.31","2026-08-03","0754","Aqua","MODIS","30","6.1NRT","299.19","18.82","D",,"fire_nrt_M-C61_803220.csv",8774,"NRT"
"-1.86248","110.80097","335.52","1.68","1.27","2026-08-03","0754","Aqua","MODIS","88","6.1NRT","297.15","68.63","D",,"fire_nrt_M-C61_803220.csv",8783,"NRT"
"-1.85951","110.80835","316.73","1.67","1.27","2026-08-03","0754","Aqua","MODIS","71","6.1NRT","297.6","21.57","D",,"fire_nrt_M-C61_803220.csv",8785,"NRT"
"-1.8617","110.79385","319.57","1.68","1.27","2026-08-03","0754","Aqua","MODIS","75","6.1NRT","296.88","27.27","D",,"fire_nrt_M-C61_803220.csv",8786,"NRT"
"-1.90245","110.28667","316.97","1.84","1.33","2026-08-03","0754","Aqua","MODIS","52","6.1NRT","299.56","18.95","D",,"fire_nrt_M-C61_803220.csv",8788,"NRT"
"-1.91215","110.1396","358.23","1.89","1.34","2026-08-03","0754","Aqua","MODIS","99","6.1NRT","299.2","187.18","D",,"fire_nrt_M-C61_803220.csv",8790,"NRT"
"-1.91456","110.12313","354.35","1.9","1.35","2026-08-03","0754","Aqua","MODIS","97","6.1NRT","299.32","164.28","D",,"fire_nrt_M-C61_803220.csv",8791,"NRT"
"-1.89802","110.15428","319.02","1.89","1.34","2026-08-03","0754","Aqua","MODIS","72","6.1NRT","297.61","26.49","D",,"fire_nrt_M-C61_803220.csv",8793,"NRT"
"-1.9004","110.13792","389.44","1.89","1.34","2026-08-03","0754","Aqua","MODIS","100","6.1NRT","301.99","480.07","D",,"fire_nrt_M-C61_803220.csv",8794,"NRT"
"-1.9028","110.12144","391.52","1.9","1.35","2026-08-03","0754","Aqua","MODIS","100","6.1NRT","303.92","509.08","D",,"fire_nrt_M-C61_803220.csv",8795,"NRT"
"-1.76449","110.05564","319.9","1.91","1.35","2026-08-03","0754","Aqua","MODIS","75","6.1NRT","298.28","29.85","D",,"fire_nrt_M-C61_803220.csv",8803,"NRT"
"-1.76695","110.03908","312.74","1.91","1.35","2026-08-03","0754","Aqua","MODIS","65","6.1NRT","298.72","13.98","D",,"fire_nrt_M-C61_803220.csv",8804,"NRT"
"-1.57958","110.84422","316.04","1.65","1.26","2026-08-03","0754","Aqua","MODIS","71","6.1NRT","296.88","18.6","D",,"fire_nrt_M-C61_803220.csv",8806,"NRT"
"-1.58157","110.8303","312.07","1.65","1.26","2026-08-03","0754","Aqua","MODIS","64","6.1NRT","296.85","12.1","D",,"fire_nrt_M-C61_803220.csv",8807,"NRT"
"-1.57874","110.83911","317.93","1.65","1.26","2026-08-03","0754","Aqua","MODIS","73","6.1NRT","297.07","20.62","D",,"fire_nrt_M-C61_803220.csv",8808,"NRT"
"-1.65341","110.26585","314.44","1.83","1.32","2026-08-03","0754","Aqua","MODIS","51","6.1NRT","297.75","22.38","D",,"fire_nrt_M-C61_803220.csv",8809,"NRT"
"-1.26637","110.77378","319.84","1.65","1.26","2026-08-03","0754","Aqua","MODIS","75","6.1NRT","299.01","24.77","D",,"fire_nrt_M-C61_803220.csv",8814,"NRT"
"-1.34816","110.2188","320.54","1.82","1.32","2026-08-03","0754","Aqua","MODIS","76","6.1NRT","296.78","30.76","D",,"fire_nrt_M-C61_803220.csv",8815,"NRT"
"-0.7624","110.36469","311.78","1.74","1.29","2026-08-03","0754","Aqua","MODIS","46","6.1NRT","296.17","13.51","D",,"fire_nrt_M-C61_803220.csv",8839,"NRT"
"-0.69388","110.5209","315.7","1.68","1.28","2026-08-03","0754","Aqua","MODIS","62","6.1NRT","296.83","17.45","D",,"fire_nrt_M-C61_803220.csv",8840,"NRT"
"-0.65418","110.55445","318.97","1.67","1.27","2026-08-03","0754","Aqua","MODIS","73","6.1NRT","298.01","21.59","D",,"fire_nrt_M-C61_803220.csv",8841,"NRT"
"-0.64736","110.52382","320.16","1.68","1.27","2026-08-03","0754","Aqua","MODIS","75","6.1NRT","297.7","23.57","D",,"fire_nrt_M-C61_803220.csv",8842,"NRT"
"-0.6177","110.48293","312.1","1.69","1.28","2026-08-03","0754","Aqua","MODIS","61","6.1NRT","297.2","10.99","D",,"fire_nrt_M-C61_803220.csv",8844,"NRT"
"-0.57967","110.43208","311.26","1.7","1.28","2026-08-03","0754","Aqua","MODIS","58","6.1NRT","297.54","9.31","D",,"fire_nrt_M-C61_803220.csv",8848,"NRT"
"-0.4486","110.46772","314.43","1.68","1.28","2026-08-03","0754","Aqua","MODIS","63","6.1NRT","295.08","17.72","D",,"fire_nrt_M-C61_803220.csv",8857,"NRT"
"-0.46111","110.30276","310.58","1.74","1.29","2026-08-03","0754","Aqua","MODIS","55","6.1NRT","296.75","9.7","D",,"fire_nrt_M-C61_803220.csv",8858,"NRT"
"-0.45951","110.31094","314.78","1.73","1.29","2026-08-03","0754","Aqua","MODIS","66","6.1NRT","296.65","15.98","D",,"fire_nrt_M-C61_803220.csv",8862,"NRT"
"-2.59107","110.97002","311.3","3.78","1.82","2026-08-03","1244","Terra","MODIS","81","6.1NRT","292.93","62.51","N",,"fire_nrt_M-C61_803220.csv",9127,"NRT"
"-2.598","110.96459","307.17","3.78","1.82","2026-08-03","1244","Terra","MODIS","68","6.1NRT","292.95","40.75","N",,"fire_nrt_M-C61_803220.csv",9128,"NRT"
"-2.58208","110.96255","305.08","3.78","1.82","2026-08-03","1244","Terra","MODIS","54","6.1NRT","292.93","31.22","N",,"fire_nrt_M-C61_803220.csv",9129,"NRT"
"-2.36342","110.75291","309.91","3.9","1.84","2026-08-03","1244","Terra","MODIS","77","6.1NRT","293.1","56.91","N",,"fire_nrt_M-C61_803220.csv",9131,"NRT"
"-1.89859","110.15284","326.94","4.28","1.91","2026-08-03","1246","Terra","MODIS","100","6.1NRT","293.76","190.7","N",,"fire_nrt_M-C61_803220.csv",9133,"NRT"
"-1.90363","110.11562","334.1","4.31","1.92","2026-08-03","1246","Terra","MODIS","100","6.1NRT","293.95","269.19","N",,"fire_nrt_M-C61_803220.csv",9134,"NRT"
"-1.89363","110.14742","329.62","4.28","1.91","2026-08-03","1246","Terra","MODIS","100","6.1NRT","293.79","218.61","N",,"fire_nrt_M-C61_803220.csv",9135,"NRT"
"-1.89891","110.11024","327.34","4.31","1.92","2026-08-03","1246","Terra","MODIS","100","6.1NRT","293.37","197.21","N",,"fire_nrt_M-C61_803220.csv",9136,"NRT"
"-1.76963","110.05476","302.95","4.34","1.92","2026-08-03","1246","Terra","MODIS","48","6.1NRT","292.43","27.17","N",,"fire_nrt_M-C61_803220.csv",9137,"NRT"
"-1.7528","110.05252","314.48","4.34","1.92","2026-08-03","1246","Terra","MODIS","89","6.1NRT","292.42","92.7","N",,"fire_nrt_M-C61_803220.csv",9138,"NRT"
"-1.76024","110.08469","305.54","4.31","1.92","2026-08-03","1246","Terra","MODIS","62","6.1NRT","292.49","41.75","N",,"fire_nrt_M-C61_803220.csv",9139,"NRT"
"-1.76543","110.04723","314.14","4.34","1.92","2026-08-03","1246","Terra","MODIS","88","6.1NRT","292.42","92.93","N",,"fire_nrt_M-C61_803220.csv",9140,"NRT"
"-1.43553","110.39435","305.31","4.03","1.86","2026-08-03","1246","Terra","MODIS","60","6.1NRT","292.76","35","N",,"fire_nrt_M-C61_803220.csv",9143,"NRT"
"-1.3429","110.22722","313.77","4.14","1.88","2026-08-03","1246","Terra","MODIS","87","6.1NRT","292.58","83.47","N",,"fire_nrt_M-C61_803220.csv",9144,"NRT"
"-1.3368","110.22128","314.87","4.14","1.88","2026-08-03","1246","Terra","MODIS","90","6.1NRT","292.47","90.59","N",,"fire_nrt_M-C61_803220.csv",9145,"NRT"
"-1.33852","110.22872","311.8","1","1","2026-08-03","2014","Aqua","MODIS","83","6.1NRT","294.74","9.52","N",,"fire_nrt_M-C61_803220.csv",9175,"NRT"
"-1.75031","110.06673","316.33","1","1","2026-08-03","2014","Aqua","MODIS","93","6.1NRT","294.16","13.76","N",,"fire_nrt_M-C61_803220.csv",9176,"NRT"
"-1.8949","110.29656","316.13","1","1","2026-08-03","2014","Aqua","MODIS","93","6.1NRT","295.74","13.19","N",,"fire_nrt_M-C61_803220.csv",9178,"NRT"
"-1.89001","110.14611","306.11","1","1","2026-08-03","2014","Aqua","MODIS","39","6.1NRT","295.35","4.88","N",,"fire_nrt_M-C61_803220.csv",9179,"NRT"
"-1.89133","110.1548","321.16","1","1","2026-08-03","2014","Aqua","MODIS","100","6.1NRT","296.3","17.5","N",,"fire_nrt_M-C61_803220.csv",9180,"NRT"
"-1.90017","110.12994","345.91","1","1","2026-08-03","2014","Aqua","MODIS","100","6.1NRT","301.7","52.6","N",,"fire_nrt_M-C61_803220.csv",9181,"NRT"
"-1.90148","110.13863","337.46","1","1","2026-08-03","2014","Aqua","MODIS","100","6.1NRT","302.48","37.47","N",,"fire_nrt_M-C61_803220.csv",9182,"NRT"
"-1.90279","110.14732","320.61","1","1","2026-08-03","2014","Aqua","MODIS","100","6.1NRT","296.83","17.15","N",,"fire_nrt_M-C61_803220.csv",9183,"NRT"
"-1.9041","110.15601","313.04","1","1","2026-08-03","2014","Aqua","MODIS","86","6.1NRT","295.46","10.64","N",,"fire_nrt_M-C61_803220.csv",9184,"NRT"
"-1.90891","110.12866","334.94","1","1","2026-08-03","2014","Aqua","MODIS","100","6.1NRT","297.9","34.22","N",,"fire_nrt_M-C61_803220.csv",9185,"NRT"
"-1.91023","110.13735","348.45","1","1","2026-08-03","2014","Aqua","MODIS","100","6.1NRT","301.25","57.53","N",,"fire_nrt_M-C61_803220.csv",9186,"NRT"
"-1.91154","110.14604","312.09","1","1","2026-08-03","2014","Aqua","MODIS","84","6.1NRT","295.77","9.88","N",,"fire_nrt_M-C61_803220.csv",9187,"NRT"
"-2.72679","110.96593","307.79","1.04","1.02","2026-08-03","2014","Aqua","MODIS","73","6.1NRT","293.88","8.37","N",,"fire_nrt_M-C61_803220.csv",9197,"NRT"
"-1.89431","110.29861","314.9","1.46","1.19","2026-08-04","0107","Terra","MODIS","69","6.1NRT","298.49","12.63","D",,"fire_nrt_M-C61_803220.csv",9217,"NRT"
"-1.90481","110.29715","311.36","1.46","1.19","2026-08-04","0107","Terra","MODIS","31","6.1NRT","297.85","7.6","D",,"fire_nrt_M-C61_803220.csv",9218,"NRT"
"-1.89304","110.14077","325.23","1.5","1.21","2026-08-04","0107","Terra","MODIS","63","6.1NRT","299.92","30.13","D",,"fire_nrt_M-C61_803220.csv",9219,"NRT"
"-1.89492","110.15385","323.69","1.49","1.21","2026-08-04","0107","Terra","MODIS","49","6.1NRT","299.05","27.1","D",,"fire_nrt_M-C61_803220.csv",9220,"NRT"
"-1.90179","110.12616","351.79","1.5","1.21","2026-08-04","0107","Terra","MODIS","96","6.1NRT","303.27","106.68","D",,"fire_nrt_M-C61_803220.csv",9221,"NRT"
"-1.90367","110.13929","356.39","1.5","1.21","2026-08-04","0107","Terra","MODIS","98","6.1NRT","305.1","127.19","D",,"fire_nrt_M-C61_803220.csv",9222,"NRT"
"-1.90554","110.15236","324.68","1.49","1.21","2026-08-04","0107","Terra","MODIS","61","6.1NRT","299.1","29.02","D",,"fire_nrt_M-C61_803220.csv",9223,"NRT"
"-1.91429","110.13777","342.58","1.5","1.21","2026-08-04","0107","Terra","MODIS","92","6.1NRT","299.69","74.14","D",,"fire_nrt_M-C61_803220.csv",9224,"NRT"
"-1.86171","110.09852","323.51","1.5","1.21","2026-08-04","0833","Aqua","MODIS","77","6.1NRT","299.02","25.83","D",,"fire_nrt_M-C61_803220.csv",9300,"NRT"
"-1.85114","110.09693","318.76","1.5","1.21","2026-08-04","0833","Aqua","MODIS","56","6.1NRT","298.18","17.11","D",,"fire_nrt_M-C61_803220.csv",9301,"NRT"
"-1.76307","110.06376","321.24","1.5","1.21","2026-08-04","0833","Aqua","MODIS","55","6.1NRT","299.72","21.01","D",,"fire_nrt_M-C61_803220.csv",9306,"NRT"
"-1.76506","110.0508","321.31","1.49","1.21","2026-08-04","0833","Aqua","MODIS","60","6.1NRT","300.08","20.78","D",,"fire_nrt_M-C61_803220.csv",9307,"NRT"
"-1.74044","110.14056","314.96","1.52","1.22","2026-08-04","0833","Aqua","MODIS","45","6.1NRT","300.67","10.52","D",,"fire_nrt_M-C61_803220.csv",9308,"NRT"
"-1.75252","110.06213","350.63","1.5","1.21","2026-08-04","0833","Aqua","MODIS","96","6.1NRT","299.52","99.76","D",,"fire_nrt_M-C61_803220.csv",9309,"NRT"
"-1.75451","110.04919","361.18","1.49","1.21","2026-08-04","0833","Aqua","MODIS","100","6.1NRT","300.61","145.8","D",,"fire_nrt_M-C61_803220.csv",9310,"NRT"
"-1.7565","110.03627","335.47","1.49","1.21","2026-08-04","0833","Aqua","MODIS","86","6.1NRT","300","49.77","D",,"fire_nrt_M-C61_803220.csv",9311,"NRT"
"-1.75899","110.0573","356.59","1.5","1.21","2026-08-04","0833","Aqua","MODIS","98","6.1NRT","301.39","124.51","D",,"fire_nrt_M-C61_803220.csv",9312,"NRT"
"-1.76089","110.04433","340.57","1.49","1.21","2026-08-04","0833","Aqua","MODIS","90","6.1NRT","300.7","63.88","D",,"fire_nrt_M-C61_803220.csv",9313,"NRT"
"-1.71846","110.18555","349.87","1.53","1.22","2026-08-04","0833","Aqua","MODIS","95","6.1NRT","300.16","102.81","D",,"fire_nrt_M-C61_803220.csv",9314,"NRT"
"-1.72042","110.17227","371.01","1.53","1.22","2026-08-04","0833","Aqua","MODIS","100","6.1NRT","301.54","208.97","D",,"fire_nrt_M-C61_803220.csv",9315,"NRT"
"-1.69564","110.04775","310.94","1.5","1.21","2026-08-04","0833","Aqua","MODIS","53","6.1NRT","299.04","8.52","D",,"fire_nrt_M-C61_803220.csv",9316,"NRT"
"-1.68704","110.03324","325.33","1.49","1.21","2026-08-04","0833","Aqua","MODIS","0","6.1NRT","299.01","30.92","D",,"fire_nrt_M-C61_803220.csv",9317,"NRT"
"-0.91038","110.43734","337.59","1.65","1.26","2026-08-04","0833","Aqua","MODIS","89","6.1NRT","300.4","68.43","D",,"fire_nrt_M-C61_803220.csv",9346,"NRT"
"-1.90877","110.14558","355.93","1.51","1.21","2026-08-04","0833","Aqua","MODIS","98","6.1NRT","303.28","125.15","D",,"fire_nrt_M-C61_803220.csv",9387,"NRT"
"-2.67709","110.79954","313","1.64","1.26","2026-08-04","0833","Aqua","MODIS","58","6.1NRT","299.66","13.21","D",,"fire_nrt_M-C61_803220.csv",9426,"NRT"
"-2.75253","110.3089","311.56","1.5","1.21","2026-08-04","0833","Aqua","MODIS","38","6.1NRT","299.91","7.22","D",,"fire_nrt_M-C61_803220.csv",9427,"NRT"
"-2.75453","110.29584","316.17","1.5","1.21","2026-08-04","0833","Aqua","MODIS","66","6.1NRT","299.49","14.49","D",,"fire_nrt_M-C61_803220.csv",9428,"NRT"
"-2.58944","111.06329","326.13","1.73","1.29","2026-08-04","0833","Aqua","MODIS","79","6.1NRT","300.55","40.54","D",,"fire_nrt_M-C61_803220.csv",9430,"NRT"
"-2.57817","111.06158","329.99","1.73","1.29","2026-08-04","0833","Aqua","MODIS","83","6.1NRT","299.64","50.95","D",,"fire_nrt_M-C61_803220.csv",9431,"NRT"
"-2.62711","110.37725","314.12","1.53","1.22","2026-08-04","0833","Aqua","MODIS","61","6.1NRT","301.11","10.73","D",,"fire_nrt_M-C61_803220.csv",9433,"NRT"
"-2.25132","110.41895","325.71","1.56","1.23","2026-08-04","0833","Aqua","MODIS","79","6.1NRT","301.5","30.44","D",,"fire_nrt_M-C61_803220.csv",9447,"NRT"
"-2.29857","110.14946","328.24","1.49","1.21","2026-08-04","0833","Aqua","MODIS","61","6.1NRT","300.85","36.1","D",,"fire_nrt_M-C61_803220.csv",9448,"NRT"
"-2.24693","110.42641","315.91","1.57","1.23","2026-08-04","0833","Aqua","MODIS","64","6.1NRT","301.31","13.9","D",,"fire_nrt_M-C61_803220.csv",9450,"NRT"
"-2.24894","110.41283","324.6","1.56","1.23","2026-08-04","0833","Aqua","MODIS","77","6.1NRT","300.61","30.24","D",,"fire_nrt_M-C61_803220.csv",9451,"NRT"
"-2.12408","110.94638","326.63","1.72","1.29","2026-08-04","0833","Aqua","MODIS","75","6.1NRT","299.91","38.92","D",,"fire_nrt_M-C61_803220.csv",9452,"NRT"
"-2.04081","110.42445","331.65","1.58","1.24","2026-08-04","0833","Aqua","MODIS","84","6.1NRT","299.52","47.62","D",,"fire_nrt_M-C61_803220.csv",9461,"NRT"
"-2.04096","110.20483","325.84","1.52","1.22","2026-08-04","0833","Aqua","MODIS","79","6.1NRT","299.46","32.41","D",,"fire_nrt_M-C61_803220.csv",9466,"NRT"
"-1.91071","110.13249","368.26","1.51","1.21","2026-08-04","0833","Aqua","MODIS","100","6.1NRT","307.46","186.41","D",,"fire_nrt_M-C61_803220.csv",9469,"NRT"
"-1.91264","110.11947","350.87","1.5","1.21","2026-08-04","0833","Aqua","MODIS","96","6.1NRT","304.8","102.32","D",,"fire_nrt_M-C61_803220.csv",9470,"NRT"
"-1.89622","110.1571","365.29","1.51","1.21","2026-08-04","0833","Aqua","MODIS","100","6.1NRT","299.85","173.69","D",,"fire_nrt_M-C61_803220.csv",9471,"NRT"
"-1.89817","110.14398","384.4","1.51","1.21","2026-08-04","0833","Aqua","MODIS","100","6.1NRT","305.07","301.87","D",,"fire_nrt_M-C61_803220.csv",9472,"NRT"
"-1.90012","110.13089","423.35","1.51","1.21","2026-08-04","0833","Aqua","MODIS","100","6.1NRT","317.5","758.63","D",,"fire_nrt_M-C61_803220.csv",9473,"NRT"
"-1.90205","110.11788","385.73","1.5","1.21","2026-08-04","0833","Aqua","MODIS","100","6.1NRT","309.68","309.66","D",,"fire_nrt_M-C61_803220.csv",9474,"NRT"
"-1.88756","110.1424","344.14","1.51","1.21","2026-08-04","0833","Aqua","MODIS","92","6.1NRT","299.1","81.03","D",,"fire_nrt_M-C61_803220.csv",9475,"NRT"
"-1.88952","110.12935","404.65","1.51","1.21","2026-08-04","0833","Aqua","MODIS","100","6.1NRT","306.76","501.3","D",,"fire_nrt_M-C61_803220.csv",9476,"NRT"
"-2.719","110.54933","309.41","1","1","2026-08-04","1323","Terra","MODIS","76","6.1NRT","294.81","7.88","N",,"fire_nrt_M-C61_803220.csv",9510,"NRT"
"-2.74918","110.33028","309.49","1","1","2026-08-04","1323","Terra","MODIS","76","6.1NRT","295.49","7.39","N",,"fire_nrt_M-C61_803220.csv",9511,"NRT"
"-2.58277","111.0647","310.58","1.02","1.01","2026-08-04","1323","Terra","MODIS","79","6.1NRT","294.84","8.92","N",,"fire_nrt_M-C61_803220.csv",9518,"NRT"
"-1.90976","110.14024","339.14","1","1","2026-08-04","1323","Terra","MODIS","100","6.1NRT","299.08","40.06","N",,"fire_nrt_M-C61_803220.csv",9535,"NRT"
"-2.33937","110.7589","310.53","1.01","1","2026-08-04","1323","Terra","MODIS","78","6.1NRT","294.94","8.39","N",,"fire_nrt_M-C61_803220.csv",9560,"NRT"
"-2.25433","110.98225","308.76","1.02","1.01","2026-08-04","1323","Terra","MODIS","73","6.1NRT","295.03","7.01","N",,"fire_nrt_M-C61_803220.csv",9562,"NRT"
"-2.25557","110.97333","312.46","1.02","1.01","2026-08-04","1323","Terra","MODIS","84","6.1NRT","295.09","9.72","N",,"fire_nrt_M-C61_803220.csv",9563,"NRT"
"-2.2955","110.14704","307.4","1","1","2026-08-04","1323","Terra","MODIS","68","6.1NRT","296.03","5.57","N",,"fire_nrt_M-C61_803220.csv",9567,"NRT"
"-2.18648","110.4651","309.98","1","1","2026-08-04","1323","Terra","MODIS","76","6.1NRT","295.1","8.3","N",,"fire_nrt_M-C61_803220.csv",9571,"NRT"
"-2.03738","110.20886","313.24","1","1","2026-08-04","1323","Terra","MODIS","85","6.1NRT","295.97","10","N",,"fire_nrt_M-C61_803220.csv",9574,"NRT"
"-1.97374","110.13134","308.65","1","1","2026-08-04","1323","Terra","MODIS","71","6.1NRT","295.45","6.34","N",,"fire_nrt_M-C61_803220.csv",9575,"NRT"
"-1.89806","110.29022","310.08","1","1","2026-08-04","1323","Terra","MODIS","76","6.1NRT","296.76","7.51","N",,"fire_nrt_M-C61_803220.csv",9581,"NRT"
"-1.91097","110.1315","340.05","1","1","2026-08-04","1323","Terra","MODIS","100","6.1NRT","299.45","40.75","N",,"fire_nrt_M-C61_803220.csv",9582,"NRT"
"-1.91217","110.12275","310.33","1","1","2026-08-04","1323","Terra","MODIS","77","6.1NRT","296.73","7.06","N",,"fire_nrt_M-C61_803220.csv",9583,"NRT"
"-1.89856","110.15651","335.34","1","1","2026-08-04","1323","Terra","MODIS","100","6.1NRT","297.64","33.67","N",,"fire_nrt_M-C61_803220.csv",9584,"NRT"
"-1.89976","110.14777","330.09","1","1","2026-08-04","1323","Terra","MODIS","100","6.1NRT","297.2","26.42","N",,"fire_nrt_M-C61_803220.csv",9585,"NRT"
"-1.90097","110.13902","318.42","1","1","2026-08-04","1323","Terra","MODIS","96","6.1NRT","297.64","13.45","N",,"fire_nrt_M-C61_803220.csv",9586,"NRT"
"-1.90217","110.13027","334.15","1","1","2026-08-04","1323","Terra","MODIS","100","6.1NRT","299.98","31.04","N",,"fire_nrt_M-C61_803220.csv",9587,"NRT"
"-1.90338","110.12153","336.49","1","1","2026-08-04","1323","Terra","MODIS","100","6.1NRT","299.06","35.17","N",,"fire_nrt_M-C61_803220.csv",9588,"NRT"
"-1.88693","110.15783","322.62","1","1","2026-08-04","1323","Terra","MODIS","100","6.1NRT","296.1","17.91","N",,"fire_nrt_M-C61_803220.csv",9589,"NRT"
"-1.88813","110.14908","324.11","1","1","2026-08-04","1323","Terra","MODIS","100","6.1NRT","296.3","19.42","N",,"fire_nrt_M-C61_803220.csv",9590,"NRT"
"-1.88934","110.14034","355.66","1","1","2026-08-04","1323","Terra","MODIS","100","6.1NRT","302.19","72.78","N",,"fire_nrt_M-C61_803220.csv",9591,"NRT"
"-1.89054","110.13158","388.83","1","1","2026-08-04","1323","Terra","MODIS","100","6.1NRT","313.06","190.26","N",,"fire_nrt_M-C61_803220.csv",9592,"NRT"
"-1.89174","110.12284","361.09","1","1","2026-08-04","1323","Terra","MODIS","100","6.1NRT","303.37","86.21","N",,"fire_nrt_M-C61_803220.csv",9593,"NRT"
"-1.89295","110.1141","314.46","1","1","2026-08-04","1323","Terra","MODIS","88","6.1NRT","296.11","10.19","N",,"fire_nrt_M-C61_803220.csv",9594,"NRT"
"-1.88054","110.13911","317.43","1","1","2026-08-04","1323","Terra","MODIS","94","6.1NRT","297.11","12.87","N",,"fire_nrt_M-C61_803220.csv",9595,"NRT"
"-1.88174","110.13036","403.42","1","1","2026-08-04","1323","Terra","MODIS","100","6.1NRT","309.98","271.52","N",,"fire_nrt_M-C61_803220.csv",9596,"NRT"
"-1.88295","110.12161","346.87","1","1","2026-08-04","1323","Terra","MODIS","100","6.1NRT","298.73","52.94","N",,"fire_nrt_M-C61_803220.csv",9597,"NRT"
"-1.87295","110.12914","382.31","1","1","2026-08-04","1323","Terra","MODIS","100","6.1NRT","299.58","160.38","N",,"fire_nrt_M-C61_803220.csv",9598,"NRT"
"-1.87415","110.12039","334.39","1","1","2026-08-04","1323","Terra","MODIS","100","6.1NRT","296.66","31.66","N",,"fire_nrt_M-C61_803220.csv",9599,"NRT"
"-1.81194","110.44196","305.99","1","1","2026-08-04","1323","Terra","MODIS","60","6.1NRT","295.62","4.64","N",,"fire_nrt_M-C61_803220.csv",9600,"NRT"
"-1.74654","110.05175","309.02","1","1","2026-08-04","1323","Terra","MODIS","73","6.1NRT","294.93","6.62","N",,"fire_nrt_M-C61_803220.csv",9601,"NRT"
"-1.69309","110.3744","354.01","1","1","2026-08-04","1323","Terra","MODIS","100","6.1NRT","298.17","68.73","N",,"fire_nrt_M-C61_803220.csv",9602,"NRT"
"-1.6943","110.36563","308.35","1","1","2026-08-04","1323","Terra","MODIS","71","6.1NRT","296.25","5.41","N",,"fire_nrt_M-C61_803220.csv",9603,"NRT"
"-1.71967","110.18171","309.01","1","1","2026-08-04","1323","Terra","MODIS","73","6.1NRT","296.2","6.43","N",,"fire_nrt_M-C61_803220.csv",9604,"NRT"
"-1.68428","110.37317","323.29","1","1","2026-08-04","1323","Terra","MODIS","100","6.1NRT","296.54","18.08","N",,"fire_nrt_M-C61_803220.csv",9605,"NRT"
"-1.71088","110.18048","367.39","1","1","2026-08-04","1323","Terra","MODIS","100","6.1NRT","299.08","105.03","N",,"fire_nrt_M-C61_803220.csv",9606,"NRT"
"-1.71208","110.17173","332.22","1","1","2026-08-04","1323","Terra","MODIS","100","6.1NRT","296.8","28.62","N",,"fire_nrt_M-C61_803220.csv",9607,"NRT"
"-1.7145","110.15424","307.74","1","1","2026-08-04","1323","Terra","MODIS","68","6.1NRT","295.61","5.31","N",,"fire_nrt_M-C61_803220.csv",9608,"NRT"
"-1.67395","110.3658","312.44","1","1","2026-08-04","1323","Terra","MODIS","83","6.1NRT","296.71","8.76","N",,"fire_nrt_M-C61_803220.csv",9609,"NRT"
"-1.38558","110.66356","313.79","1.01","1.01","2026-08-04","1325","Terra","MODIS","87","6.1NRT","295.98","10.39","N",,"fire_nrt_M-C61_803220.csv",9625,"NRT"
"-0.89906","110.44189","308.4","1.01","1","2026-08-04","1325","Terra","MODIS","71","6.1NRT","293.15","6.81","N",,"fire_nrt_M-C61_803220.csv",9626,"NRT"
"-0.63015","110.38583","308.62","1.01","1","2026-08-04","1325","Terra","MODIS","72","6.1NRT","295.31","6.22","N",,"fire_nrt_M-C61_803220.csv",9633,"NRT"
"-1.61282","110.07443","307.81","1","1","2026-08-04","1325","Terra","MODIS","68","6.1NRT","294.94","6.1","N",,"fire_nrt_M-C61_803220.csv",9645,"NRT"
"-0.51612","110.36251","303.35","1.99","1.38","2026-08-05","0143","Terra","MODIS","24","6.1NRT","285.56","8.48","D",,"fire_nrt_M-C61_803220.csv",9678,"NRT"
"-0.52315","110.3727","303.46","2","1.38","2026-08-05","0143","Terra","MODIS","56","6.1NRT","285.71","10.49","D",,"fire_nrt_M-C61_803220.csv",9679,"NRT"
"-0.62945","110.38757","310.2","2.01","1.38","2026-08-05","0143","Terra","MODIS","69","6.1NRT","290.56","20.61","D",,"fire_nrt_M-C61_803220.csv",9680,"NRT"
"-0.52074","110.35535","308.43","1.99","1.38","2026-08-05","0143","Terra","MODIS","67","6.1NRT","286.17","18.48","D",,"fire_nrt_M-C61_803220.csv",9682,"NRT"
"-2.68991","110.8018","306.99","2.35","1.48","2026-08-05","0145","Terra","MODIS","49","6.1NRT","288.49","17.91","D",,"fire_nrt_M-C61_803220.csv",9683,"NRT"
"-1.90287","110.12938","326.51","2.01","1.38","2026-08-05","0145","Terra","MODIS","80","6.1NRT","290.9","57.76","D",,"fire_nrt_M-C61_803220.csv",9688,"NRT"
"-1.89315","110.14852","325.6","2.02","1.38","2026-08-05","0145","Terra","MODIS","64","6.1NRT","289.87","55.53","D",,"fire_nrt_M-C61_803220.csv",9689,"NRT"
"-1.89074","110.13107","344.03","2.01","1.38","2026-08-05","0145","Terra","MODIS","93","6.1NRT","292.63","128.1","D",,"fire_nrt_M-C61_803220.csv",9690,"NRT"
"-1.8786","110.13271","329.1","2.01","1.38","2026-08-05","0145","Terra","MODIS","85","6.1NRT","291.77","66.6","D",,"fire_nrt_M-C61_803220.csv",9691,"NRT"
"-2.69168","110.80714","308.31","2.35","1.48","2026-08-05","0145","Terra","MODIS","47","6.1NRT","288.76","18.93","D",,"fire_nrt_M-C61_803220.csv",9699,"NRT"
"-1.90531","110.14687","317.81","2.02","1.38","2026-08-05","0145","Terra","MODIS","47","6.1NRT","288.33","34.83","D",,"fire_nrt_M-C61_803220.csv",9703,"NRT"
"-1.88522","110.1401","308.41","4.34","1.92","2026-08-05","1403","Terra","MODIS","49","6.1NRT","278.92","73.79","N",,"fire_nrt_M-C61_803220.csv",9996,"NRT"
"-1.59957","110.07621","304.37","1.96","1.37","2026-08-05","1951","Aqua","MODIS","32","6.1NRT","286.1","14.52","N",,"fire_nrt_M-C61_803220.csv",10030,"NRT"
"-1.87163","110.13579","316.17","1.92","1.35","2026-08-05","1951","Aqua","MODIS","93","6.1NRT","290.36","35.92","N",,"fire_nrt_M-C61_803220.csv",10036,"NRT"
"-1.88345","110.13401","323.88","1.92","1.35","2026-08-05","1951","Aqua","MODIS","100","6.1NRT","289.98","53.07","N",,"fire_nrt_M-C61_803220.csv",10037,"NRT"
"-1.88594","110.15067","313.21","1.91","1.35","2026-08-05","1951","Aqua","MODIS","34","6.1NRT","292.08","26.6","N",,"fire_nrt_M-C61_803220.csv",10038,"NRT"
"-1.87903","110.12894","317.2","1.92","1.35","2026-08-05","1951","Aqua","MODIS","71","6.1NRT","287.71","34.99","N",,"fire_nrt_M-C61_803220.csv",10039,"NRT"
"-1.88167","110.1456","323.13","1.91","1.35","2026-08-05","1951","Aqua","MODIS","91","6.1NRT","292.14","49.41","N",,"fire_nrt_M-C61_803220.csv",10040,"NRT"
"-1.89347","110.14382","311.67","1.91","1.35","2026-08-05","1951","Aqua","MODIS","54","6.1NRT","290.44","24.91","N",,"fire_nrt_M-C61_803220.csv",10041,"NRT"
"-2.84555","110.62279","314.02","1.04","1.02","2026-08-06","0809","Aqua","MODIS","54","6.1NRT","299.9","7.97","D",,"fire_nrt_M-C61_803220.csv",10137,"NRT"
"-2.72382","111.14417","313.57","1.01","1.01","2026-08-06","0809","Aqua","MODIS","61","6.1NRT","298.85","6.3","D",,"fire_nrt_M-C61_803220.csv",10148,"NRT"
"-2.80726","110.38285","317.23","1.06","1.03","2026-08-06","0809","Aqua","MODIS","36","6.1NRT","303.53","8.1","D",,"fire_nrt_M-C61_803220.csv",10150,"NRT"
"-2.78257","110.36411","319.27","1.06","1.03","2026-08-06","0809","Aqua","MODIS","52","6.1NRT","301.79","9.58","D",,"fire_nrt_M-C61_803220.csv",10151,"NRT"
"-2.78393","110.35487","322.44","1.07","1.03","2026-08-06","0809","Aqua","MODIS","61","6.1NRT","301.18","12.41","D",,"fire_nrt_M-C61_803220.csv",10152,"NRT"
"-2.67133","110.61281","310.76","1.04","1.02","2026-08-06","0809","Aqua","MODIS","45","6.1NRT","299.79","4.61","D",,"fire_nrt_M-C61_803220.csv",10154,"NRT"
"-2.67267","110.60374","312.11","1.04","1.02","2026-08-06","0809","Aqua","MODIS","54","6.1NRT","299.73","5.8","D",,"fire_nrt_M-C61_803220.csv",10155,"NRT"
"-2.58771","111.05767","331.25","1.02","1.01","2026-08-06","0809","Aqua","MODIS","84","6.1NRT","299.64","24.76","D",,"fire_nrt_M-C61_803220.csv",10157,"NRT"
"-2.58901","111.04884","326.28","1.02","1.01","2026-08-06","0809","Aqua","MODIS","80","6.1NRT","299.89","18.56","D",,"fire_nrt_M-C61_803220.csv",10158,"NRT"
"-2.53223","111.06757","313.31","1.02","1.01","2026-08-06","0809","Aqua","MODIS","58","6.1NRT","297.04","7.31","D",,"fire_nrt_M-C61_803220.csv",10163,"NRT"
"-2.30294","111.05189","317.76","1.01","1.01","2026-08-06","0809","Aqua","MODIS","68","6.1NRT","299.09","10.02","D",,"fire_nrt_M-C61_803220.csv",10177,"NRT"
"-2.31646","110.83662","315.87","1.02","1.01","2026-08-06","0809","Aqua","MODIS","65","6.1NRT","300.15","7.57","D",,"fire_nrt_M-C61_803220.csv",10180,"NRT"
"-2.31777","110.82769","327.99","1.02","1.01","2026-08-06","0809","Aqua","MODIS","81","6.1NRT","300.69","20.11","D",,"fire_nrt_M-C61_803220.csv",10181,"NRT"
"-2.38651","110.16752","318.14","1.07","1.03","2026-08-06","0809","Aqua","MODIS","44","6.1NRT","300.39","9.08","D",,"fire_nrt_M-C61_803220.csv",10182,"NRT"
"-2.38787","110.15815","333.47","1.08","1.04","2026-08-06","0809","Aqua","MODIS","65","6.1NRT","302.09","27.88","D",,"fire_nrt_M-C61_803220.csv",10183,"NRT"
"-2.37881","110.15681","319.11","1.08","1.04","2026-08-06","0809","Aqua","MODIS","0","6.1NRT","300.6","8.82","D",,"fire_nrt_M-C61_803220.csv",10186,"NRT"
"-2.25528","110.86664","315.19","1.02","1.01","2026-08-06","0809","Aqua","MODIS","59","6.1NRT","300.9","7.27","D",,"fire_nrt_M-C61_803220.csv",10188,"NRT"
"-2.26314","110.81326","314.4","1.02","1.01","2026-08-06","0809","Aqua","MODIS","55","6.1NRT","301.33","6.01","D",,"fire_nrt_M-C61_803220.csv",10189,"NRT"
"-2.31812","110.37812","313.48","1.05","1.03","2026-08-06","0809","Aqua","MODIS","45","6.1NRT","300.38","6.67","D",,"fire_nrt_M-C61_803220.csv",10190,"NRT"
"-2.31947","110.36894","328","1.06","1.03","2026-08-06","0809","Aqua","MODIS","81","6.1NRT","299.09","22.49","D",,"fire_nrt_M-C61_803220.csv",10191,"NRT"
"-2.29652","110.14786","326.74","1.07","1.03","2026-08-06","0809","Aqua","MODIS","0","6.1NRT","300.37","19.99","D",,"fire_nrt_M-C61_803220.csv",10194,"NRT"
"-2.12614","111.05869","314.49","1.01","1.01","2026-08-06","0809","Aqua","MODIS","61","6.1NRT","300.9","5.59","D",,"fire_nrt_M-C61_803220.csv",10196,"NRT"
"-2.15965","110.3238","322.84","1.06","1.03","2026-08-06","0809","Aqua","MODIS","71","6.1NRT","300.5","14.35","D",,"fire_nrt_M-C61_803220.csv",10197,"NRT"
"-2.16101","110.31461","325.16","1.06","1.03","2026-08-06","0809","Aqua","MODIS","78","6.1NRT","300.81","17.39","D",,"fire_nrt_M-C61_803220.csv",10198,"NRT"
"-2.18353","110.09991","323.3","1.08","1.04","2026-08-06","0809","Aqua","MODIS","57","6.1NRT","302.65","14.77","D",,"fire_nrt_M-C61_803220.csv",10199,"NRT"
"-2.17172","110.11729","347.55","1.07","1.03","2026-08-06","0809","Aqua","MODIS","89","6.1NRT","302.27","53.84","D",,"fire_nrt_M-C61_803220.csv",10200,"NRT"
"-2.1731","110.10795","330.35","1.08","1.04","2026-08-06","0809","Aqua","MODIS","71","6.1NRT","303.53","22.37","D",,"fire_nrt_M-C61_803220.csv",10201,"NRT"
"-2.01098","111.02623","318.83","1.01","1.01","2026-08-06","0809","Aqua","MODIS","70","6.1NRT","301.27","10.67","D",,"fire_nrt_M-C61_803220.csv",10205,"NRT"
"-2.02909","110.9026","316.9","1.02","1.01","2026-08-06","0809","Aqua","MODIS","67","6.1NRT","301.25","8.3","D",,"fire_nrt_M-C61_803220.csv",10206,"NRT"
"-2.01121","110.96322","311.48","1.02","1.01","2026-08-06","0809","Aqua","MODIS","49","6.1NRT","300.1","4.57","D",,"fire_nrt_M-C61_803220.csv",10207,"NRT"
"-2.01251","110.95438","347.05","1.02","1.01","2026-08-06","0809","Aqua","MODIS","94","6.1NRT","302.03","51.39","D",,"fire_nrt_M-C61_803220.csv",10208,"NRT"
"-2.03201","110.50425","315.06","1.04","1.02","2026-08-06","0809","Aqua","MODIS","52","6.1NRT","300.82","7.01","D",,"fire_nrt_M-C61_803220.csv",10209,"NRT"
"-2.04819","110.2075","328.5","1.06","1.03","2026-08-06","0809","Aqua","MODIS","81","6.1NRT","302.09","21.96","D",,"fire_nrt_M-C61_803220.csv",10212,"NRT"
"-2.04955","110.19823","328.95","1.07","1.03","2026-08-06","0809","Aqua","MODIS","82","6.1NRT","302.48","22.11","D",,"fire_nrt_M-C61_803220.csv",10213,"NRT"
"-1.9338","110.86471","351.65","1.02","1.01","2026-08-06","0809","Aqua","MODIS","96","6.1NRT","301.47","60.82","D",,"fire_nrt_M-C61_803220.csv",10215,"NRT"
"-1.9984","110.35991","311.13","1.05","1.02","2026-08-06","0809","Aqua","MODIS","37","6.1NRT","298.23","3.41","D",,"fire_nrt_M-C61_803220.csv",10216,"NRT"
"-1.99974","110.35077","312.08","1.05","1.02","2026-08-06","0809","Aqua","MODIS","51","6.1NRT","300.07","4.48","D",,"fire_nrt_M-C61_803220.csv",10217,"NRT"
"-2.02158","110.1372","330.85","1.07","1.03","2026-08-06","0809","Aqua","MODIS","63","6.1NRT","300.66","26.41","D",,"fire_nrt_M-C61_803220.csv",10218,"NRT"
"-2.0112","110.14518","325.8","1.07","1.03","2026-08-06","0809","Aqua","MODIS","79","6.1NRT","298.92","19.65","D",,"fire_nrt_M-C61_803220.csv",10220,"NRT"
"-2.01255","110.13587","341.91","1.07","1.03","2026-08-06","0809","Aqua","MODIS","86","6.1NRT","299.96","44.94","D",,"fire_nrt_M-C61_803220.csv",10221,"NRT"
"-1.8911","110.45861","317.04","1.04","1.02","2026-08-06","0809","Aqua","MODIS","68","6.1NRT","301.64","8.01","D",,"fire_nrt_M-C61_803220.csv",10227,"NRT"
"-1.89242","110.44955","327.64","1.04","1.02","2026-08-06","0809","Aqua","MODIS","81","6.1NRT","302.04","19.72","D",,"fire_nrt_M-C61_803220.csv",10228,"NRT"
"-1.91176","110.19044","312.22","1.06","1.03","2026-08-06","0809","Aqua","MODIS","49","6.1NRT","299.91","5.86","D",,"fire_nrt_M-C61_803220.csv",10229,"NRT"
"-1.90779","110.15588","338.5","1.07","1.03","2026-08-06","0809","Aqua","MODIS","89","6.1NRT","301.67","37.72","D",,"fire_nrt_M-C61_803220.csv",10231,"NRT"
"-1.89877","110.15456","362.61","1.07","1.03","2026-08-06","0809","Aqua","MODIS","100","6.1NRT","303.24","93.78","D",,"fire_nrt_M-C61_803220.csv",10233,"NRT"
"-1.89249","110.13467","359.03","1.07","1.03","2026-08-06","0809","Aqua","MODIS","99","6.1NRT","306.63","77.75","D",,"fire_nrt_M-C61_803220.csv",10234,"NRT"
"-1.89387","110.12537","355.39","1.07","1.03","2026-08-06","0809","Aqua","MODIS","98","6.1NRT","306.81","69.7","D",,"fire_nrt_M-C61_803220.csv",10235,"NRT"
"-1.88347","110.13333","352.76","1.07","1.03","2026-08-06","0809","Aqua","MODIS","96","6.1NRT","305.94","64.96","D",,"fire_nrt_M-C61_803220.csv",10236,"NRT"
"-1.89031","110.08679","331.79","1.07","1.03","2026-08-06","0809","Aqua","MODIS","84","6.1NRT","301.52","27.03","D",,"fire_nrt_M-C61_803220.csv",10237,"NRT"
"-1.89169","110.07746","351.41","1.07","1.03","2026-08-06","0809","Aqua","MODIS","96","6.1NRT","302.8","65.18","D",,"fire_nrt_M-C61_803220.csv",10238,"NRT"
"-1.86902","110.16908","316.28","1.06","1.03","2026-08-06","0809","Aqua","MODIS","66","6.1NRT","300.04","8.38","D",,"fire_nrt_M-C61_803220.csv",10240,"NRT"
"-1.87445","110.132","331.65","1.07","1.03","2026-08-06","0809","Aqua","MODIS","66","6.1NRT","302.24","24.04","D",,"fire_nrt_M-C61_803220.csv",10241,"NRT"
"-1.88128","110.08546","339.83","1.07","1.03","2026-08-06","0809","Aqua","MODIS","90","6.1NRT","300.51","40.5","D",,"fire_nrt_M-C61_803220.csv",10242,"NRT"
"-1.88264","110.07613","334.21","1.07","1.03","2026-08-06","0809","Aqua","MODIS","86","6.1NRT","301.36","30.93","D",,"fire_nrt_M-C61_803220.csv",10243,"NRT"
"-1.75434","110.88952","311.58","1.02","1.01","2026-08-06","0809","Aqua","MODIS","45","6.1NRT","298.29","5.55","D",,"fire_nrt_M-C61_803220.csv",10244,"NRT"
"-1.79868","110.58681","318.93","1.03","1.02","2026-08-06","0809","Aqua","MODIS","71","6.1NRT","300.17","10.68","D",,"fire_nrt_M-C61_803220.csv",10245,"NRT"
"-1.79999","110.5779","320.69","1.03","1.02","2026-08-06","0809","Aqua","MODIS","74","6.1NRT","301.02","12.53","D",,"fire_nrt_M-C61_803220.csv",10246,"NRT"
"-1.75922","110.22173","315.21","1.06","1.03","2026-08-06","0809","Aqua","MODIS","0","6.1NRT","301.89","6.28","D",,"fire_nrt_M-C61_803220.csv",10251,"NRT"
"-1.67655","110.6628","319.61","1.03","1.01","2026-08-06","0809","Aqua","MODIS","58","6.1NRT","298.62","9.99","D",,"fire_nrt_M-C61_803220.csv",10254,"NRT"
"-1.67785","110.65388","324.93","1.03","1.01","2026-08-06","0809","Aqua","MODIS","79","6.1NRT","301.64","16.15","D",,"fire_nrt_M-C61_803220.csv",10255,"NRT"
"-1.7193","110.24402","320.42","1.06","1.03","2026-08-06","0809","Aqua","MODIS","69","6.1NRT","301.07","11.82","D",,"fire_nrt_M-C61_803220.csv",10256,"NRT"
"-1.75151","110.02157","315.43","1.08","1.04","2026-08-06","0809","Aqua","MODIS","64","6.1NRT","301.33","7.75","D",,"fire_nrt_M-C61_803220.csv",10257,"NRT"
"-1.68534","110.41036","313.67","1.04","1.02","2026-08-06","0809","Aqua","MODIS","62","6.1NRT","301.13","5.9","D",,"fire_nrt_M-C61_803220.csv",10258,"NRT"
"-1.71015","110.18071","321.67","1.06","1.03","2026-08-06","0809","Aqua","MODIS","51","6.1NRT","299.76","13.15","D",,"fire_nrt_M-C61_803220.csv",10259,"NRT"
"-1.71151","110.17149","324.17","1.06","1.03","2026-08-06","0809","Aqua","MODIS","75","6.1NRT","300.47","16.23","D",,"fire_nrt_M-C61_803220.csv",10260,"NRT"
"-1.71288","110.16226","324.97","1.06","1.03","2026-08-06","0809","Aqua","MODIS","56","6.1NRT","299.95","16.19","D",,"fire_nrt_M-C61_803220.csv",10261,"NRT"
"-1.71424","110.15303","336.91","1.06","1.03","2026-08-06","0809","Aqua","MODIS","88","6.1NRT","300.78","33.34","D",,"fire_nrt_M-C61_803220.csv",10262,"NRT"
"-1.60689","110.81933","312.85","1.02","1.01","2026-08-06","0809","Aqua","MODIS","24","6.1NRT","295.53","4.83","D",,"fire_nrt_M-C61_803220.csv",10263,"NRT"
"-1.6082","110.81046","375.48","1.02","1.01","2026-08-06","0809","Aqua","MODIS","100","6.1NRT","299.64","131.95","D",,"fire_nrt_M-C61_803220.csv",10264,"NRT"
"-1.6095","110.80164","355.98","1.02","1.01","2026-08-06","0809","Aqua","MODIS","98","6.1NRT","300.64","71.01","D",,"fire_nrt_M-C61_803220.csv",10265,"NRT"
"-1.59678","110.82686","319.67","1.02","1.01","2026-08-06","0809","Aqua","MODIS","73","6.1NRT","299.25","11","D",,"fire_nrt_M-C61_803220.csv",10266,"NRT"
"-1.59808","110.81802","341","1.02","1.01","2026-08-06","0809","Aqua","MODIS","91","6.1NRT","300.12","39.4","D",,"fire_nrt_M-C61_803220.csv",10267,"NRT"
"-1.69181","110.05494","323.62","1.07","1.03","2026-08-06","0809","Aqua","MODIS","77","6.1NRT","300.98","16.51","D",,"fire_nrt_M-C61_803220.csv",10268,"NRT"
"-1.61074","110.54679","318.63","1.03","1.02","2026-08-06","0809","Aqua","MODIS","72","6.1NRT","300.87","10.42","D",,"fire_nrt_M-C61_803220.csv",10269,"NRT"
"-1.61205","110.53781","315.1","1.03","1.02","2026-08-06","0809","Aqua","MODIS","66","6.1NRT","301.42","7.11","D",,"fire_nrt_M-C61_803220.csv",10270,"NRT"
"-1.56151","110.82168","316.17","1.02","1.01","2026-08-06","0809","Aqua","MODIS","58","6.1NRT","302.84","8.32","D",,"fire_nrt_M-C61_803220.csv",10273,"NRT"
"-1.61531","110.39081","327.9","1.04","1.02","2026-08-06","0809","Aqua","MODIS","77","6.1NRT","301.83","20.28","D",,"fire_nrt_M-C61_803220.csv",10274,"NRT"
"-1.60639","110.3895","320.28","1.04","1.02","2026-08-06","0809","Aqua","MODIS","64","6.1NRT","301.03","11.45","D",,"fire_nrt_M-C61_803220.csv",10275,"NRT"
"-1.5713","110.5528","312.83","1.03","1.01","2026-08-06","0809","Aqua","MODIS","60","6.1NRT","299.6","4.92","D",,"fire_nrt_M-C61_803220.csv",10276,"NRT"
"-1.62342","110.07624","317.17","1.07","1.03","2026-08-06","0809","Aqua","MODIS","69","6.1NRT","299.79","9.67","D",,"fire_nrt_M-C61_803220.csv",10277,"NRT"
"-1.6144","110.07493","332.04","1.07","1.03","2026-08-06","0809","Aqua","MODIS","83","6.1NRT","300.49","26.43","D",,"fire_nrt_M-C61_803220.csv",10278,"NRT"
"-1.61577","110.06563","342.1","1.07","1.03","2026-08-06","0809","Aqua","MODIS","91","6.1NRT","302.39","43.2","D",,"fire_nrt_M-C61_803220.csv",10279,"NRT"
"-1.60538","110.07362","345.91","1.07","1.03","2026-08-06","0809","Aqua","MODIS","93","6.1NRT","300.63","51.35","D",,"fire_nrt_M-C61_803220.csv",10280,"NRT"
"-1.60674","110.0643","346.45","1.07","1.03","2026-08-06","0809","Aqua","MODIS","94","6.1NRT","299.98","52.1","D",,"fire_nrt_M-C61_803220.csv",10281,"NRT"
"-1.39141","110.72104","309.74","1.02","1.01","2026-08-06","0809","Aqua","MODIS","35","6.1NRT","297.42","3.78","D",,"fire_nrt_M-C61_803220.csv",10282,"NRT"
"-1.30173","110.5043","313.36","1.03","1.01","2026-08-06","0809","Aqua","MODIS","62","6.1NRT","300.9","5.49","D",,"fire_nrt_M-C61_803220.csv",10285,"NRT"
"-1.35952","110.11409","333.33","1.06","1.03","2026-08-06","0809","Aqua","MODIS","86","6.1NRT","300.77","27.05","D",,"fire_nrt_M-C61_803220.csv",10286,"NRT"
"-1.36088","110.10488","334.98","1.06","1.03","2026-08-06","0809","Aqua","MODIS","87","6.1NRT","302.04","28.84","D",,"fire_nrt_M-C61_803220.csv",10287,"NRT"
"-1.08285","110.55119","317.05","1.03","1.01","2026-08-06","0809","Aqua","MODIS","68","6.1NRT","300.6","8.94","D",,"fire_nrt_M-C61_803220.csv",10296,"NRT"
"-1.0924","110.42464","316.2","1.03","1.02","2026-08-06","0809","Aqua","MODIS","68","6.1NRT","301.7","8.34","D",,"fire_nrt_M-C61_803220.csv",10298,"NRT"
"-0.88893","110.42834","316.41","1.03","1.01","2026-08-06","0809","Aqua","MODIS","65","6.1NRT","302.1","7.49","D",,"fire_nrt_M-C61_803220.csv",10316,"NRT"
"-0.89021","110.41962","315.66","1.03","1.01","2026-08-06","0809","Aqua","MODIS","62","6.1NRT","301.86","7.32","D",,"fire_nrt_M-C61_803220.csv",10317,"NRT"
"-0.64998","110.41091","317.65","1.03","1.01","2026-08-06","0809","Aqua","MODIS","70","6.1NRT","301.89","8.78","D",,"fire_nrt_M-C61_803220.csv",10394,"NRT"
"-0.64028","110.10541","312.68","1.05","1.02","2026-08-06","0809","Aqua","MODIS","59","6.1NRT","299.99","5.17","D",,"fire_nrt_M-C61_803220.csv",10398,"NRT"
"-0.60391","110.22402","322.57","1.04","1.02","2026-08-06","0809","Aqua","MODIS","76","6.1NRT","301.37","14.49","D",,"fire_nrt_M-C61_803220.csv",10402,"NRT"
"-0.56449","110.42902","313.56","1.03","1.01","2026-08-06","0809","Aqua","MODIS","61","6.1NRT","301.08","5.73","D",,"fire_nrt_M-C61_803220.csv",10405,"NRT"
"-0.46752","110.51732","309.78","1.02","1.01","2026-08-06","0809","Aqua","MODIS","38","6.1NRT","297.92","3.8","D",,"fire_nrt_M-C61_803220.csv",10414,"NRT"
"-0.48635","110.32894","316.46","1.03","1.01","2026-08-06","0809","Aqua","MODIS","67","6.1NRT","299.78","9.04","D",,"fire_nrt_M-C61_803220.csv",10417,"NRT"
"-0.37714","110.50713","312.62","1.02","1.01","2026-08-06","0809","Aqua","MODIS","52","6.1NRT","299.66","5.7","D",,"fire_nrt_M-C61_803220.csv",10425,"NRT"
"-0.37845","110.49825","318.22","1.02","1.01","2026-08-06","0809","Aqua","MODIS","70","6.1NRT","299.45","10.43","D",,"fire_nrt_M-C61_803220.csv",10426,"NRT"
"-1.59938","110.80917","360.41","1.02","1.01","2026-08-06","0809","Aqua","MODIS","100","6.1NRT","300.64","81.95","D",,"fire_nrt_M-C61_803220.csv",10723,"NRT"
"-2.51098","110.98773","307.05","1.54","1.22","2026-08-06","1304","Terra","MODIS","66","6.1NRT","295.08","10.92","N",,"fire_nrt_M-C61_803220.csv",10838,"NRT"
"-2.15251","110.31934","305.7","1.71","1.28","2026-08-06","1304","Terra","MODIS","59","6.1NRT","295.14","9.75","N",,"fire_nrt_M-C61_803220.csv",10844,"NRT"
"-2.14124","110.31779","314.62","1.71","1.28","2026-08-06","1304","Terra","MODIS","88","6.1NRT","295.26","23.64","N",,"fire_nrt_M-C61_803220.csv",10845,"NRT"
"-2.04117","110.20607","311.71","1.74","1.29","2026-08-06","1304","Terra","MODIS","81","6.1NRT","295.2","19.57","N",,"fire_nrt_M-C61_803220.csv",10848,"NRT"
"-2.04263","110.20052","314.11","1.74","1.29","2026-08-06","1304","Terra","MODIS","87","6.1NRT","295.46","23.83","N",,"fire_nrt_M-C61_803220.csv",10849,"NRT"
"-1.89857","110.15921","328.86","1.74","1.29","2026-08-06","1304","Terra","MODIS","100","6.1NRT","296.26","55.87","N",,"fire_nrt_M-C61_803220.csv",10853,"NRT"
"-1.90062","110.14401","317.98","1.75","1.3","2026-08-06","1304","Terra","MODIS","96","6.1NRT","295.7","29.79","N",,"fire_nrt_M-C61_803220.csv",10854,"NRT"
"-1.88721","110.15762","326.12","1.74","1.29","2026-08-06","1304","Terra","MODIS","100","6.1NRT","296.1","47.45","N",,"fire_nrt_M-C61_803220.csv",10856,"NRT"
"-1.88924","110.14243","322.62","1.75","1.3","2026-08-06","1304","Terra","MODIS","100","6.1NRT","296.43","38.52","N",,"fire_nrt_M-C61_803220.csv",10857,"NRT"
"-1.89129","110.12714","324.47","1.75","1.3","2026-08-06","1304","Terra","MODIS","100","6.1NRT","296.63","43.81","N",,"fire_nrt_M-C61_803220.csv",10858,"NRT"
"-1.87786","110.14087","310.6","1.75","1.3","2026-08-06","1304","Terra","MODIS","41","6.1NRT","296.17","14.75","N",,"fire_nrt_M-C61_803220.csv",10859,"NRT"
"-1.8799","110.12556","313.18","1.75","1.3","2026-08-06","1304","Terra","MODIS","85","6.1NRT","295.97","19.47","N",,"fire_nrt_M-C61_803220.csv",10860,"NRT"
"-1.88601","110.07957","339.65","1.77","1.3","2026-08-06","1304","Terra","MODIS","100","6.1NRT","296.24","91.96","N",,"fire_nrt_M-C61_803220.csv",10861,"NRT"
"-1.88806","110.06415","318.84","1.77","1.3","2026-08-06","1304","Terra","MODIS","97","6.1NRT","295.79","32.04","N",,"fire_nrt_M-C61_803220.csv",10862,"NRT"
"-1.87954","110.13552","317.83","1.75","1.3","2026-08-06","1304","Terra","MODIS","95","6.1NRT","296.58","29.54","N",,"fire_nrt_M-C61_803220.csv",10863,"NRT"
"-1.88817","110.07431","332.22","1.77","1.3","2026-08-06","1304","Terra","MODIS","100","6.1NRT","296.38","66.74","N",,"fire_nrt_M-C61_803220.csv",10864,"NRT"
"-1.66731","110.67428","308.67","1.58","1.24","2026-08-06","1304","Terra","MODIS","73","6.1NRT","295.71","12.41","N",,"fire_nrt_M-C61_803220.csv",10868,"NRT"
"-1.71369","110.16816","316.39","1.73","1.29","2026-08-06","1304","Terra","MODIS","93","6.1NRT","296.04","26.8","N",,"fire_nrt_M-C61_803220.csv",10869,"NRT"
"-1.71572","110.15311","325.46","1.73","1.29","2026-08-06","1304","Terra","MODIS","100","6.1NRT","296.05","47.1","N",,"fire_nrt_M-C61_803220.csv",10870,"NRT"
"-1.70237","110.16659","322.13","1.73","1.29","2026-08-06","1304","Terra","MODIS","100","6.1NRT","296","38.67","N",,"fire_nrt_M-C61_803220.csv",10873,"NRT"
"-1.70439","110.15155","335.62","1.73","1.29","2026-08-06","1304","Terra","MODIS","100","6.1NRT","296.07","76.64","N",,"fire_nrt_M-C61_803220.csv",10874,"NRT"
"-1.68439","110.05003","306.89","1.76","1.3","2026-08-06","1304","Terra","MODIS","66","6.1NRT","295.52","12.43","N",,"fire_nrt_M-C61_803220.csv",10875,"NRT"
"-1.55917","110.79231","307.76","1.54","1.22","2026-08-06","1304","Terra","MODIS","70","6.1NRT","294.94","11.79","N",,"fire_nrt_M-C61_803220.csv",10876,"NRT"
"-1.61177","110.07125","327.82","1.75","1.3","2026-08-06","1304","Terra","MODIS","100","6.1NRT","296.8","53.43","N",,"fire_nrt_M-C61_803220.csv",10877,"NRT"
"-1.61381","110.05596","309.02","1.76","1.3","2026-08-06","1304","Terra","MODIS","54","6.1NRT","295.77","13.37","N",,"fire_nrt_M-C61_803220.csv",10878,"NRT"
"-1.60037","110.06972","336.45","1.75","1.3","2026-08-06","1304","Terra","MODIS","100","6.1NRT","297.27","79.59","N",,"fire_nrt_M-C61_803220.csv",10879,"NRT"
"-1.61146","110.08045","306.46","1.75","1.3","2026-08-06","1304","Terra","MODIS","61","6.1NRT","295.91","10.06","N",,"fire_nrt_M-C61_803220.csv",10880,"NRT"
"-1.61362","110.06517","327.3","1.75","1.3","2026-08-06","1304","Terra","MODIS","100","6.1NRT","296.44","51.6","N",,"fire_nrt_M-C61_803220.csv",10881,"NRT"
"-1.60008","110.07891","316.55","1.75","1.3","2026-08-06","1304","Terra","MODIS","93","6.1NRT","296.39","26.79","N",,"fire_nrt_M-C61_803220.csv",10882,"NRT"
"-1.60223","110.06363","330.97","1.75","1.3","2026-08-06","1304","Terra","MODIS","100","6.1NRT","297.08","61.54","N",,"fire_nrt_M-C61_803220.csv",10883,"NRT"
"-0.64369","110.41867","309.72","1.59","1.24","2026-08-06","1304","Terra","MODIS","77","6.1NRT","295.27","13.38","N",,"fire_nrt_M-C61_803220.csv",10916,"NRT"
"-0.64775","110.41145","309.8","1.59","1.24","2026-08-06","1304","Terra","MODIS","76","6.1NRT","295.28","14.47","N",,"fire_nrt_M-C61_803220.csv",10919,"NRT"
"-1.36548","110.11164","331.64","1.72","1.29","2026-08-06","1304","Terra","MODIS","100","6.1NRT","295.47","64.66","N",,"fire_nrt_M-C61_803220.csv",10927,"NRT"
"-1.60314","110.0664","318.34","1.46","1.19","2026-08-06","2029","Aqua","MODIS","97","6.1NRT","295.64","25.36","N",,"fire_nrt_M-C61_803220.csv",10945,"NRT"
"-1.605","110.07899","315.52","1.46","1.19","2026-08-06","2029","Aqua","MODIS","91","6.1NRT","295.83","21.45","N",,"fire_nrt_M-C61_803220.csv",10946,"NRT"
"-1.61357","110.06492","305.64","1.46","1.19","2026-08-06","2029","Aqua","MODIS","65","6.1NRT","294.3","10.08","N",,"fire_nrt_M-C61_803220.csv",10947,"NRT"
"-1.61544","110.07755","308.79","1.46","1.19","2026-08-06","2029","Aqua","MODIS","76","6.1NRT","294.88","13.67","N",,"fire_nrt_M-C61_803220.csv",10948,"NRT"
"-1.71004","110.16264","316.89","1.49","1.2","2026-08-06","2029","Aqua","MODIS","94","6.1NRT","295.06","25.48","N",,"fire_nrt_M-C61_803220.csv",10949,"NRT"
"-1.88208","110.15192","309.97","1.49","1.21","2026-08-06","2029","Aqua","MODIS","16","6.1NRT","294.96","12.62","N",,"fire_nrt_M-C61_803220.csv",10950,"NRT"
"-1.88398","110.1649","311.84","1.5","1.21","2026-08-06","2029","Aqua","MODIS","23","6.1NRT","295.22","15.19","N",,"fire_nrt_M-C61_803220.csv",10951,"NRT"
"-1.36671","110.11963","321.32","1.46","1.19","2026-08-06","2029","Aqua","MODIS","100","6.1NRT","295.28","31.92","N",,"fire_nrt_M-C61_803220.csv",10964,"NRT"
"-1.36482","110.10702","315.2","1.46","1.19","2026-08-06","2029","Aqua","MODIS","91","6.1NRT","294.39","22.03","N",,"fire_nrt_M-C61_803220.csv",10965,"NRT"
"-1.35629","110.12119","312.18","1.46","1.19","2026-08-06","2029","Aqua","MODIS","84","6.1NRT","295.22","17.91","N",,"fire_nrt_M-C61_803220.csv",10966,"NRT"
"-1.357","110.11427","317.59","1.01","1","2026-08-07","0124","Terra","MODIS","51","6.1NRT","300.45","9.72","D",,"fire_nrt_M-C61_803220.csv",11011,"NRT"
"-1.36458","110.10423","315.97","1.01","1","2026-08-07","0124","Terra","MODIS","41","6.1NRT","298.84","8.38","D",,"fire_nrt_M-C61_803220.csv",11012,"NRT"
"-1.36585","110.11305","371.97","1.01","1","2026-08-07","0124","Terra","MODIS","100","6.1NRT","303.87","119.7","D",,"fire_nrt_M-C61_803220.csv",11013,"NRT"
"-1.36711","110.12187","317.62","1.01","1","2026-08-07","0124","Terra","MODIS","66","6.1NRT","298.22","10.36","D",,"fire_nrt_M-C61_803220.csv",11014,"NRT"
"-1.60053","110.07091","344.77","1.01","1","2026-08-07","0124","Terra","MODIS","93","6.1NRT","304.02","46.97","D",,"fire_nrt_M-C61_803220.csv",11015,"NRT"
"-1.60938","110.06969","345.12","1.01","1","2026-08-07","0124","Terra","MODIS","93","6.1NRT","303.59","47.39","D",,"fire_nrt_M-C61_803220.csv",11016,"NRT"
"-1.61822","110.06848","360.54","1.01","1","2026-08-07","0124","Terra","MODIS","100","6.1NRT","301.72","83.62","D",,"fire_nrt_M-C61_803220.csv",11017,"NRT"
"-1.70536","110.15874","340.16","1.01","1.01","2026-08-07","0124","Terra","MODIS","91","6.1NRT","299.78","40.22","D",,"fire_nrt_M-C61_803220.csv",11019,"NRT"
"-1.71423","110.15752","331.06","1.01","1.01","2026-08-07","0124","Terra","MODIS","85","6.1NRT","298.68","25.92","D",,"fire_nrt_M-C61_803220.csv",11020,"NRT"
"-1.7383","110.19947","314.19","1.02","1.01","2026-08-07","0124","Terra","MODIS","52","6.1NRT","298.56","7.78","D",,"fire_nrt_M-C61_803220.csv",11021,"NRT"
"-1.86428","110.16977","310.74","1.02","1.01","2026-08-07","0124","Terra","MODIS","61","6.1NRT","298.73","5.94","D",,"fire_nrt_M-C61_803220.csv",11023,"NRT"
"-1.88964","110.15721","354.37","1.02","1.01","2026-08-07","0124","Terra","MODIS","97","6.1NRT","302.22","65.94","D",,"fire_nrt_M-C61_803220.csv",11024,"NRT"
"-1.89471","110.12936","334.68","1.02","1.01","2026-08-07","0124","Terra","MODIS","46","6.1NRT","302.88","25.53","D",,"fire_nrt_M-C61_803220.csv",11025,"NRT"
"-1.89851","110.15599","337.92","1.02","1.01","2026-08-07","0124","Terra","MODIS","73","6.1NRT","302.3","32.61","D",,"fire_nrt_M-C61_803220.csv",11026,"NRT"
"-1.99054","110.34628","310.02","1.03","1.01","2026-08-07","0124","Terra","MODIS","58","6.1NRT","298.18","5.55","D",,"fire_nrt_M-C61_803220.csv",11030,"NRT"
"-1.99181","110.35527","309.87","1.03","1.01","2026-08-07","0124","Terra","MODIS","58","6.1NRT","298.48","5.36","D",,"fire_nrt_M-C61_803220.csv",11031,"NRT"
"-2.38837","110.16635","311.53","1.02","1.01","2026-08-07","0124","Terra","MODIS","58","6.1NRT","298.63","6.17","D",,"fire_nrt_M-C61_803220.csv",11042,"NRT"
"-1.96027","110.19224","338.66","3.09","1.67","2026-08-07","0848","Aqua","MODIS","89","6.1NRT","297.19","181.61","D",,"fire_nrt_M-C61_803220.csv",11252,"NRT"
"-1.95998","110.18732","328.31","3.09","1.67","2026-08-07","0848","Aqua","MODIS","82","6.1NRT","297.01","106.5","D",,"fire_nrt_M-C61_803220.csv",11254,"NRT"
"-1.8913","110.14943","364.1","3.08","1.67","2026-08-07","0848","Aqua","MODIS","100","6.1NRT","299.08","465.99","D",,"fire_nrt_M-C61_803220.csv",11256,"NRT"
"-2.32146","110.27037","313.16","1.73","1.29","2026-08-07","1344","Terra","MODIS","86","6.1NRT","296.9","21.37","N",,"fire_nrt_M-C61_803220.csv",11411,"NRT"
"-2.32284","110.26414","313.57","1.73","1.29","2026-08-07","1344","Terra","MODIS","87","6.1NRT","296.78","22.19","N",,"fire_nrt_M-C61_803220.csv",11412,"NRT"
"-1.91341","110.15032","306.31","1.72","1.29","2026-08-07","1344","Terra","MODIS","65","6.1NRT","295.57","11.68","N",,"fire_nrt_M-C61_803220.csv",11423,"NRT"
"-1.89995","110.16368","322.2","1.72","1.29","2026-08-07","1344","Terra","MODIS","100","6.1NRT","297.97","38.29","N",,"fire_nrt_M-C61_803220.csv",11424,"NRT"
"-1.90211","110.14869","328.77","1.72","1.29","2026-08-07","1344","Terra","MODIS","100","6.1NRT","297.78","54.67","N",,"fire_nrt_M-C61_803220.csv",11425,"NRT"
"-1.88862","110.16209","344.61","1.72","1.29","2026-08-07","1344","Terra","MODIS","100","6.1NRT","299.16","107.55","N",,"fire_nrt_M-C61_803220.csv",11426,"NRT"
"-1.8908","110.14708","370.79","1.72","1.29","2026-08-07","1344","Terra","MODIS","100","6.1NRT","300.97","255.72","N",,"fire_nrt_M-C61_803220.csv",11427,"NRT"
"-1.89297","110.13216","314.22","1.71","1.28","2026-08-07","1344","Terra","MODIS","56","6.1NRT","296.83","21.2","N",,"fire_nrt_M-C61_803220.csv",11428,"NRT"
"-1.89513","110.1173","313.77","1.71","1.28","2026-08-07","1344","Terra","MODIS","77","6.1NRT","296.52","21.51","N",,"fire_nrt_M-C61_803220.csv",11429,"NRT"
"-1.8773","110.16049","323.13","1.72","1.29","2026-08-07","1344","Terra","MODIS","100","6.1NRT","297.36","39.92","N",,"fire_nrt_M-C61_803220.csv",11430,"NRT"
"-1.8795","110.14545","339.25","1.72","1.29","2026-08-07","1344","Terra","MODIS","100","6.1NRT","298.35","87.23","N",,"fire_nrt_M-C61_803220.csv",11431,"NRT"
"-1.89011","110.15665","347.83","1.72","1.29","2026-08-07","1344","Terra","MODIS","100","6.1NRT","300.94","122.42","N",,"fire_nrt_M-C61_803220.csv",11432,"NRT"
"-1.89217","110.14163","334.06","1.72","1.29","2026-08-07","1344","Terra","MODIS","100","6.1NRT","297.97","68.88","N",,"fire_nrt_M-C61_803220.csv",11433,"NRT"
"-1.89422","110.1267","314.96","1.71","1.28","2026-08-07","1344","Terra","MODIS","90","6.1NRT","296.81","23.67","N",,"fire_nrt_M-C61_803220.csv",11434,"NRT"
"-1.89627","110.11182","306.46","1.71","1.28","2026-08-07","1344","Terra","MODIS","32","6.1NRT","295.84","10.49","N",,"fire_nrt_M-C61_803220.csv",11435,"NRT"
"-1.87879","110.15501","355.22","1.72","1.29","2026-08-07","1344","Terra","MODIS","100","6.1NRT","299.33","159.57","N",,"fire_nrt_M-C61_803220.csv",11436,"NRT"
"-1.88087","110.14","333.68","1.72","1.29","2026-08-07","1344","Terra","MODIS","100","6.1NRT","297.67","69.19","N",,"fire_nrt_M-C61_803220.csv",11437,"NRT"
"-1.86537","110.16849","317.69","1.73","1.29","2026-08-07","1344","Terra","MODIS","95","6.1NRT","297.36","31.02","N",,"fire_nrt_M-C61_803220.csv",11438,"NRT"
"-1.71534","110.24892","325.81","1.76","1.3","2026-08-07","1344","Terra","MODIS","100","6.1NRT","297.05","50.62","N",,"fire_nrt_M-C61_803220.csv",11439,"NRT"
"-1.71709","110.15585","306.94","1.73","1.29","2026-08-07","1344","Terra","MODIS","15","6.1NRT","296.06","11.13","N",,"fire_nrt_M-C61_803220.csv",11440,"NRT"
"-1.70354","110.16937","314.32","1.74","1.29","2026-08-07","1344","Terra","MODIS","70","6.1NRT","296.68","21.76","N",,"fire_nrt_M-C61_803220.csv",11441,"NRT"
"-1.70574","110.15424","338.63","1.73","1.29","2026-08-07","1344","Terra","MODIS","100","6.1NRT","297.67","86.37","N",,"fire_nrt_M-C61_803220.csv",11442,"NRT"
"-1.70793","110.13913","309.94","1.73","1.29","2026-08-07","1344","Terra","MODIS","52","6.1NRT","296.13","15.5","N",,"fire_nrt_M-C61_803220.csv",11443,"NRT"
"-1.70523","110.16389","328.48","1.74","1.29","2026-08-07","1344","Terra","MODIS","100","6.1NRT","297.29","53.86","N",,"fire_nrt_M-C61_803220.csv",11444,"NRT"
"-1.70731","110.14873","327.53","1.73","1.29","2026-08-07","1344","Terra","MODIS","100","6.1NRT","297.03","50.97","N",,"fire_nrt_M-C61_803220.csv",11445,"NRT"
"-1.69597","110.14711","313.97","1.73","1.29","2026-08-07","1344","Terra","MODIS","88","6.1NRT","296.71","22.15","N",,"fire_nrt_M-C61_803220.csv",11446,"NRT"
"-1.61395","110.0741","319.39","1.71","1.28","2026-08-07","1344","Terra","MODIS","98","6.1NRT","297.15","32.74","N",,"fire_nrt_M-C61_803220.csv",11449,"NRT"
"-1.61612","110.0592","328.95","1.71","1.28","2026-08-07","1344","Terra","MODIS","100","6.1NRT","297.21","55.12","N",,"fire_nrt_M-C61_803220.csv",11450,"NRT"
"-1.61493","110.06767","333.22","1.71","1.28","2026-08-07","1344","Terra","MODIS","100","6.1NRT","298.28","68.75","N",,"fire_nrt_M-C61_803220.csv",11451,"NRT"
"-1.61699","110.05273","308.79","1.71","1.28","2026-08-07","1344","Terra","MODIS","76","6.1NRT","295.95","14.48","N",,"fire_nrt_M-C61_803220.csv",11452,"NRT"
"-1.60365","110.06602","314.98","1.71","1.28","2026-08-07","1344","Terra","MODIS","90","6.1NRT","297.04","24.35","N",,"fire_nrt_M-C61_803220.csv",11453,"NRT"
"-1.36712","110.11215","318.4","1.74","1.29","2026-08-07","1344","Terra","MODIS","97","6.1NRT","296.89","32.98","N",,"fire_nrt_M-C61_803220.csv",11457,"NRT"
"-2.35943","110.17456","316.04","2.66","1.57","2026-08-08","0746","Aqua","MODIS","51","6.1NRT","300.84","34.84","D",,"fire_nrt_M-C61_803220.csv",11694,"NRT"
"-2.2508","110.65287","310.49","2.43","1.5","2026-08-08","0746","Aqua","MODIS","43","6.1NRT","296.94","12.17","D",,"fire_nrt_M-C61_803220.csv",11696,"NRT"
"-2.25009","110.66708","315.05","2.42","1.5","2026-08-08","0746","Aqua","MODIS","66","6.1NRT","298.54","27.1","D",,"fire_nrt_M-C61_803220.csv",11698,"NRT"
"-2.29744","110.15842","314.02","2.66","1.57","2026-08-08","0746","Aqua","MODIS","40","6.1NRT","300.34","26.81","D",,"fire_nrt_M-C61_803220.csv",11700,"NRT"
"-2.24491","110.42557","326.64","2.53","1.53","2026-08-08","0746","Aqua","MODIS","81","6.1NRT","298.83","72.98","D",,"fire_nrt_M-C61_803220.csv",11702,"NRT"
"-2.28378","110.15646","330.7","2.66","1.57","2026-08-08","0746","Aqua","MODIS","63","6.1NRT","299.74","97.9","D",,"fire_nrt_M-C61_803220.csv",11703,"NRT"
"-2.23619","110.14493","321.62","2.66","1.57","2026-08-08","0746","Aqua","MODIS","71","6.1NRT","299.78","54.32","D",,"fire_nrt_M-C61_803220.csv",11705,"NRT"
"-2.06968","110.82433","316","2.33","1.48","2026-08-08","0746","Aqua","MODIS","67","6.1NRT","299.57","31.31","D",,"fire_nrt_M-C61_803220.csv",11707,"NRT"
"-2.07046","110.81748","319.3","2.33","1.48","2026-08-08","0746","Aqua","MODIS","73","6.1NRT","299.55","38.19","D",,"fire_nrt_M-C61_803220.csv",11711,"NRT"
"-2.03093","110.99372","315.55","2.25","1.45","2026-08-08","0746","Aqua","MODIS","60","6.1NRT","297.23","28.56","D",,"fire_nrt_M-C61_803220.csv",11712,"NRT"
"-2.06761","110.47673","315.75","2.49","1.52","2026-08-08","0746","Aqua","MODIS","67","6.1NRT","298.47","30.2","D",,"fire_nrt_M-C61_803220.csv",11714,"NRT"
"-2.052","110.20438","315.13","2.62","1.55","2026-08-08","0746","Aqua","MODIS","41","6.1NRT","296.05","28.82","D",,"fire_nrt_M-C61_803220.csv",11716,"NRT"
"-1.97029","110.60977","316.2","2.42","1.5","2026-08-08","0746","Aqua","MODIS","53","6.1NRT","301.08","31.37","D",,"fire_nrt_M-C61_803220.csv",11724,"NRT"
"-1.97696","110.18882","319.99","2.62","1.55","2026-08-08","0746","Aqua","MODIS","58","6.1NRT","299.78","43.24","D",,"fire_nrt_M-C61_803220.csv",11726,"NRT"
"-1.86394","110.52262","314.15","2.45","1.51","2026-08-08","0746","Aqua","MODIS","58","6.1NRT","298.65","22.23","D",,"fire_nrt_M-C61_803220.csv",11733,"NRT"
"-1.90446","110.1482","346.05","2.63","1.56","2026-08-08","0746","Aqua","MODIS","93","6.1NRT","301.85","185.79","D",,"fire_nrt_M-C61_803220.csv",11735,"NRT"
"-1.88765","110.16886","334.44","2.62","1.55","2026-08-08","0746","Aqua","MODIS","70","6.1NRT","299.19","105.61","D",,"fire_nrt_M-C61_803220.csv",11737,"NRT"
"-1.89088","110.14619","363.9","2.63","1.56","2026-08-08","0746","Aqua","MODIS","100","6.1NRT","301.57","358.73","D",,"fire_nrt_M-C61_803220.csv",11738,"NRT"
"-1.88042","110.16299","348.39","2.62","1.55","2026-08-08","0746","Aqua","MODIS","95","6.1NRT","299.53","209.64","D",,"fire_nrt_M-C61_803220.csv",11742,"NRT"
"-1.84618","110.01765","311.44","2.69","1.57","2026-08-08","0746","Aqua","MODIS","44","6.1NRT","297.72","20.14","D",,"fire_nrt_M-C61_803220.csv",11743,"NRT"
"-1.70393","110.26713","323.77","2.55","1.54","2026-08-08","0746","Aqua","MODIS","68","6.1NRT","299.07","59.21","D",,"fire_nrt_M-C61_803220.csv",11755,"NRT"
"-1.72002","110.15575","347.09","2.61","1.55","2026-08-08","0746","Aqua","MODIS","94","6.1NRT","297.57","198.81","D",,"fire_nrt_M-C61_803220.csv",11756,"NRT"
"-1.71262","110.14984","342.73","2.61","1.55","2026-08-08","0746","Aqua","MODIS","92","6.1NRT","298.28","167.38","D",,"fire_nrt_M-C61_803220.csv",11759,"NRT"
"-1.5592","110.81723","325.9","2.29","1.46","2026-08-08","0746","Aqua","MODIS","81","6.1NRT","300.23","61.03","D",,"fire_nrt_M-C61_803220.csv",11764,"NRT"
"-1.56213","110.79733","330.9","2.29","1.47","2026-08-08","0746","Aqua","MODIS","85","6.1NRT","300.7","82.14","D",,"fire_nrt_M-C61_803220.csv",11765,"NRT"
"-1.56504","110.77754","311.23","2.3","1.47","2026-08-08","0746","Aqua","MODIS","28","6.1NRT","299.02","15.45","D",,"fire_nrt_M-C61_803220.csv",11766,"NRT"
"-1.45724","110.16916","315.18","2.57","1.54","2026-08-08","0746","Aqua","MODIS","54","6.1NRT","296.25","29.14","D",,"fire_nrt_M-C61_803220.csv",11773,"NRT"
"-0.95528","110.73324","346.12","2.27","1.46","2026-08-08","0746","Aqua","MODIS","94","6.1NRT","302.43","159.04","D",,"fire_nrt_M-C61_803220.csv",11788,"NRT"
"-0.95812","110.71328","315.35","2.28","1.46","2026-08-08","0746","Aqua","MODIS","68","6.1NRT","301.58","24.07","D",,"fire_nrt_M-C61_803220.csv",11789,"NRT"
"-0.95188","110.74616","316.62","2.26","1.46","2026-08-08","0746","Aqua","MODIS","70","6.1NRT","301.46","28.24","D",,"fire_nrt_M-C61_803220.csv",11795,"NRT"
"-0.95487","110.72632","343.02","2.27","1.46","2026-08-08","0746","Aqua","MODIS","92","6.1NRT","302.59","141.58","D",,"fire_nrt_M-C61_803220.csv",11796,"NRT"
"-0.62699","110.1946","311.58","2.48","1.52","2026-08-08","0746","Aqua","MODIS","55","6.1NRT","300.47","18.27","D",,"fire_nrt_M-C61_803220.csv",11849,"NRT"
"-0.56819","110.50304","311.21","2.33","1.48","2026-08-08","0746","Aqua","MODIS","54","6.1NRT","299.94","15.29","D",,"fire_nrt_M-C61_803220.csv",11851,"NRT"
"-0.61389","110.19183","326.12","2.48","1.52","2026-08-08","0746","Aqua","MODIS","80","6.1NRT","300.24","68.72","D",,"fire_nrt_M-C61_803220.csv",11852,"NRT"
"-0.49638","110.54845","312.82","2.3","1.47","2026-08-08","0746","Aqua","MODIS","60","6.1NRT","300.45","19.41","D",,"fire_nrt_M-C61_803220.csv",11853,"NRT"
"-0.50147","110.42571","322.88","2.36","1.48","2026-08-08","0746","Aqua","MODIS","74","6.1NRT","300.06","51.02","D",,"fire_nrt_M-C61_803220.csv",11856,"NRT"
"-1.90092","110.17136","305.87","4.44","1.94","2026-08-08","1244","Terra","MODIS","49","6.1NRT","293.25","42.54","N",,"fire_nrt_M-C61_803220.csv",12303,"NRT"
"-1.90591","110.13296","305.46","4.47","1.94","2026-08-08","1244","Terra","MODIS","22","6.1NRT","293.25","39.85","N",,"fire_nrt_M-C61_803220.csv",12304,"NRT"
"-1.89709","110.16416","306.91","4.44","1.94","2026-08-08","1244","Terra","MODIS","70","6.1NRT","293.29","49.21","N",,"fire_nrt_M-C61_803220.csv",12307,"NRT"
"-1.88015","110.16176","327.06","4.44","1.94","2026-08-08","1244","Terra","MODIS","100","6.1NRT","293.85","199.31","N",,"fire_nrt_M-C61_803220.csv",12308,"NRT"
"-1.88534","110.12334","313.26","4.47","1.94","2026-08-08","1244","Terra","MODIS","87","6.1NRT","293.36","83.55","N",,"fire_nrt_M-C61_803220.csv",12309,"NRT"
"-1.87648","110.15582","325.54","4.44","1.94","2026-08-08","1244","Terra","MODIS","100","6.1NRT","293.85","186.89","N",,"fire_nrt_M-C61_803220.csv",12310,"NRT"
"-1.88194","110.11741","304.48","4.47","1.94","2026-08-08","1244","Terra","MODIS","13","6.1NRT","293.08","33.88","N",,"fire_nrt_M-C61_803220.csv",12311,"NRT"
"-1.72591","110.25082","308.11","4.34","1.92","2026-08-08","1244","Terra","MODIS","62","6.1NRT","292.93","50.72","N",,"fire_nrt_M-C61_803220.csv",12312,"NRT"
"-1.72166","110.24373","312.61","4.34","1.92","2026-08-08","1244","Terra","MODIS","85","6.1NRT","293.08","79.12","N",,"fire_nrt_M-C61_803220.csv",12316,"NRT"
"-1.71517","110.16628","306.87","4.41","1.93","2026-08-08","1244","Terra","MODIS","70","6.1NRT","293.36","50.12","N",,"fire_nrt_M-C61_803220.csv",12317,"NRT"
"-1.69826","110.16398","303.65","4.41","1.93","2026-08-08","1244","Terra","MODIS","36","6.1NRT","293.44","31.33","N",,"fire_nrt_M-C61_803220.csv",12318,"NRT"
"-1.62008","110.0705","308.04","4.47","1.94","2026-08-08","1244","Terra","MODIS","73","6.1NRT","293.36","57.5","N",,"fire_nrt_M-C61_803220.csv",12319,"NRT"
"-1.61687","110.06339","309.09","4.47","1.94","2026-08-08","1244","Terra","MODIS","74","6.1NRT","293.41","59.3","N",,"fire_nrt_M-C61_803220.csv",12320,"NRT"
"-1.3591","110.1132","305.89","1.09","1.04","2026-08-08","2006","Aqua","MODIS","66","6.1NRT","293.6","7.35","N",,"fire_nrt_M-C61_803220.csv",12434,"NRT"
"-1.45176","110.17944","337.08","1.08","1.04","2026-08-08","2006","Aqua","MODIS","100","6.1NRT","295.84","43","N",,"fire_nrt_M-C61_803220.csv",12436,"NRT"
"-1.45319","110.18879","316.43","1.08","1.04","2026-08-08","2006","Aqua","MODIS","93","6.1NRT","293.26","15.75","N",,"fire_nrt_M-C61_803220.csv",12437,"NRT"
"-1.46083","110.17808","328.41","1.08","1.04","2026-08-08","2006","Aqua","MODIS","100","6.1NRT","294.77","29.99","N",,"fire_nrt_M-C61_803220.csv",12438,"NRT"
"-1.46225","110.18745","307.19","1.08","1.04","2026-08-08","2006","Aqua","MODIS","71","6.1NRT","292.14","8.38","N",,"fire_nrt_M-C61_803220.csv",12439,"NRT"
"-1.6102","110.06662","305.52","1.09","1.04","2026-08-08","2006","Aqua","MODIS","51","6.1NRT","292.17","6.93","N",,"fire_nrt_M-C61_803220.csv",12441,"NRT"
"-1.6193","110.06527","317.12","1.09","1.04","2026-08-08","2006","Aqua","MODIS","94","6.1NRT","292.01","16.46","N",,"fire_nrt_M-C61_803220.csv",12442,"NRT"
"-1.62074","110.07471","316.35","1.09","1.04","2026-08-08","2006","Aqua","MODIS","93","6.1NRT","292.66","15.79","N",,"fire_nrt_M-C61_803220.csv",12443,"NRT"
"-1.70204","110.24449","309.9","1.07","1.03","2026-08-08","2006","Aqua","MODIS","79","6.1NRT","291.78","10.47","N",,"fire_nrt_M-C61_803220.csv",12447,"NRT"
"-1.71391","110.25584","331.89","1.07","1.03","2026-08-08","2006","Aqua","MODIS","100","6.1NRT","295.26","34.57","N",,"fire_nrt_M-C61_803220.csv",12448,"NRT"
"-1.71534","110.26511","324.57","1.07","1.03","2026-08-08","2006","Aqua","MODIS","100","6.1NRT","294.03","24.7","N",,"fire_nrt_M-C61_803220.csv",12449,"NRT"
"-1.70865","110.16147","304.73","1.08","1.04","2026-08-08","2006","Aqua","MODIS","61","6.1NRT","292.8","6.31","N",,"fire_nrt_M-C61_803220.csv",12450,"NRT"
"-1.72293","110.25451","312.62","1.07","1.03","2026-08-08","2006","Aqua","MODIS","85","6.1NRT","291.11","12.99","N",,"fire_nrt_M-C61_803220.csv",12451,"NRT"
"-1.87412","110.15901","334.98","1.07","1.03","2026-08-08","2006","Aqua","MODIS","100","6.1NRT","292.97","38.27","N",,"fire_nrt_M-C61_803220.csv",12458,"NRT"
"-1.87552","110.16832","307.08","1.07","1.03","2026-08-08","2006","Aqua","MODIS","21","6.1NRT","290.22","7.43","N",,"fire_nrt_M-C61_803220.csv",12459,"NRT"
"-1.88299","110.15192","316.58","1.07","1.03","2026-08-08","2006","Aqua","MODIS","73","6.1NRT","291.88","13.93","N",,"fire_nrt_M-C61_803220.csv",12460,"NRT"
"-1.88442","110.16122","315.74","1.07","1.03","2026-08-08","2006","Aqua","MODIS","73","6.1NRT","291.84","13.9","N",,"fire_nrt_M-C61_803220.csv",12461,"NRT"
"-1.89346","110.1599","313.73","1.07","1.03","2026-08-08","2006","Aqua","MODIS","47","6.1NRT","290.78","12.09","N",,"fire_nrt_M-C61_803220.csv",12462,"NRT"
"-1.9025","110.15857","312.55","1.07","1.03","2026-08-08","2006","Aqua","MODIS","26","6.1NRT","291.5","11.22","N",,"fire_nrt_M-C61_803220.csv",12463,"NRT"
"-1.91153","110.15723","316.62","1.07","1.03","2026-08-08","2006","Aqua","MODIS","87","6.1NRT","289.57","15.57","N",,"fire_nrt_M-C61_803220.csv",12464,"NRT"
"-1.91296","110.16653","306.75","1.07","1.03","2026-08-08","2006","Aqua","MODIS","36","6.1NRT","289.03","7.74","N",,"fire_nrt_M-C61_803220.csv",12465,"NRT"
"-1.97694","110.2235","307.42","1.07","1.03","2026-08-08","2006","Aqua","MODIS","71","6.1NRT","288.68","8.83","N",,"fire_nrt_M-C61_803220.csv",12471,"NRT"
"-2.04777","110.20642","301.04","1.07","1.03","2026-08-08","2006","Aqua","MODIS","37","6.1NRT","287.14","5.35","N",,"fire_nrt_M-C61_803220.csv",12480,"NRT"
"-1.36164","110.10218","309.78","1.59","1.24","2026-08-09","0105","Terra","MODIS","62","6.1NRT","298.88","9.95","D",,"fire_nrt_M-C61_803220.csv",12503,"NRT"
"-1.36362","110.11606","315.5","1.58","1.24","2026-08-09","0105","Terra","MODIS","73","6.1NRT","298.69","18.92","D",,"fire_nrt_M-C61_803220.csv",12504,"NRT"
"-1.45359","110.18088","336.14","1.56","1.23","2026-08-09","0105","Terra","MODIS","89","6.1NRT","298.99","63.48","D",,"fire_nrt_M-C61_803220.csv",12506,"NRT"
"-1.62237","110.07433","325.17","1.58","1.24","2026-08-09","0105","Terra","MODIS","82","6.1NRT","299.3","36.06","D",,"fire_nrt_M-C61_803220.csv",12512,"NRT"
"-1.71773","110.24905","315.15","1.53","1.22","2026-08-09","0105","Terra","MODIS","68","6.1NRT","297.91","17.21","D",,"fire_nrt_M-C61_803220.csv",12519,"NRT"
"-1.91014","110.15468","323.63","1.54","1.22","2026-08-09","0105","Terra","MODIS","43","6.1NRT","296.43","27.81","D",,"fire_nrt_M-C61_803220.csv",12529,"NRT"
"-1.97878","110.2202","311.72","1.52","1.22","2026-08-09","0105","Terra","MODIS","68","6.1NRT","294.69","14.17","D",,"fire_nrt_M-C61_803220.csv",12532,"NRT"
"-2.80085","110.39528","306.92","1.17","1.08","2026-08-09","0824","Aqua","MODIS","64","6.1NRT","276.53","8.41","D",,"fire_nrt_M-C61_803220.csv",12629,"NRT"
"-2.80236","110.38509","303.64","1.17","1.08","2026-08-09","0824","Aqua","MODIS","43","6.1NRT","275.34","5.66","D",,"fire_nrt_M-C61_803220.csv",12630,"NRT"
"-2.78807","110.35175","307.16","1.17","1.07","2026-08-09","0824","Aqua","MODIS","65","6.1NRT","274.95","8.55","D",,"fire_nrt_M-C61_803220.csv",12632,"NRT"
"-2.7601","110.41003","315.17","1.17","1.08","2026-08-09","0824","Aqua","MODIS","75","6.1NRT","277.77","14.68","D",,"fire_nrt_M-C61_803220.csv",12633,"NRT"
"-2.73335","110.39555","313.66","1.17","1.08","2026-08-09","0824","Aqua","MODIS","54","6.1NRT","279.1","11.95","D",,"fire_nrt_M-C61_803220.csv",12634,"NRT"
"-2.72516","110.40851","308.87","1.18","1.08","2026-08-09","0824","Aqua","MODIS","55","6.1NRT","281.42","8.29","D",,"fire_nrt_M-C61_803220.csv",12635,"NRT"
"-2.40957","110.21865","330.9","1.16","1.07","2026-08-09","0824","Aqua","MODIS","85","6.1NRT","281.03","35.04","D",,"fire_nrt_M-C61_803220.csv",12654,"NRT"
"-2.41108","110.2086","313.54","1.16","1.07","2026-08-09","0824","Aqua","MODIS","68","6.1NRT","280.82","12.56","D",,"fire_nrt_M-C61_803220.csv",12655,"NRT"
"-2.35513","110.15254","313.77","1.15","1.07","2026-08-09","0824","Aqua","MODIS","0","6.1NRT","282.46","11.68","D",,"fire_nrt_M-C61_803220.csv",12658,"NRT"
"-2.32742","110.21002","354.46","1.16","1.07","2026-08-09","0824","Aqua","MODIS","97","6.1NRT","283.05","86.29","D",,"fire_nrt_M-C61_803220.csv",12659,"NRT"
"-2.32893","110.19995","365.89","1.16","1.07","2026-08-09","0824","Aqua","MODIS","100","6.1NRT","285.69","124.39","D",,"fire_nrt_M-C61_803220.csv",12660,"NRT"
"-2.29644","110.28821","313.78","1.17","1.08","2026-08-09","0824","Aqua","MODIS","68","6.1NRT","287.4","11.63","D",,"fire_nrt_M-C61_803220.csv",12663,"NRT"
"-2.30689","110.15559","334.16","1.15","1.07","2026-08-09","0824","Aqua","MODIS","37","6.1NRT","283.18","34.52","D",,"fire_nrt_M-C61_803220.csv",12667,"NRT"
"-2.30069","110.15923","322.28","1.15","1.07","2026-08-09","0824","Aqua","MODIS","68","6.1NRT","282.63","21.8","D",,"fire_nrt_M-C61_803220.csv",12668,"NRT"
"-2.15238","110.69992","311.82","1.24","1.11","2026-08-09","0824","Aqua","MODIS","61","6.1NRT","289.73","10.7","D",,"fire_nrt_M-C61_803220.csv",12675,"NRT"
"-2.17289","110.33051","320.35","1.18","1.08","2026-08-09","0824","Aqua","MODIS","77","6.1NRT","294.93","17.48","D",,"fire_nrt_M-C61_803220.csv",12682,"NRT"
"-2.14755","110.30572","316.81","1.18","1.08","2026-08-09","0824","Aqua","MODIS","62","6.1NRT","294.51","12.75","D",,"fire_nrt_M-C61_803220.csv",12686,"NRT"
"-2.03114","110.81969","312","1.27","1.12","2026-08-09","0824","Aqua","MODIS","65","6.1NRT","290.88","9.78","D",,"fire_nrt_M-C61_803220.csv",12692,"NRT"
"-2.03281","110.8087","316.46","1.26","1.12","2026-08-09","0824","Aqua","MODIS","72","6.1NRT","290.55","15","D",,"fire_nrt_M-C61_803220.csv",12693,"NRT"
"-2.07076","110.46875","320.21","1.21","1.09","2026-08-09","0824","Aqua","MODIS","58","6.1NRT","297.25","15.54","D",,"fire_nrt_M-C61_803220.csv",12694,"NRT"
"-2.03159","110.66915","309.31","1.24","1.11","2026-08-09","0824","Aqua","MODIS","56","6.1NRT","276.23","11.23","D",,"fire_nrt_M-C61_803220.csv",12695,"NRT"
"-1.99613","110.84262","336.35","1.27","1.12","2026-08-09","0824","Aqua","MODIS","89","6.1NRT","294.65","46.84","D",,"fire_nrt_M-C61_803220.csv",12697,"NRT"
"-1.98633","110.84117","312.04","1.27","1.12","2026-08-09","0824","Aqua","MODIS","44","6.1NRT","294.1","8.37","D",,"fire_nrt_M-C61_803220.csv",12698,"NRT"
"-2.03743","110.49598","334.57","1.21","1.09","2026-08-09","0824","Aqua","MODIS","87","6.1NRT","294.27","36.77","D",,"fire_nrt_M-C61_803220.csv",12699,"NRT"
"-2.03899","110.48544","336.26","1.21","1.09","2026-08-09","0824","Aqua","MODIS","84","6.1NRT","293.11","40.67","D",,"fire_nrt_M-C61_803220.csv",12700,"NRT"
"-2.05352","110.19227","337.12","1.17","1.07","2026-08-09","0824","Aqua","MODIS","87","6.1NRT","299.4","39.35","D",,"fire_nrt_M-C61_803220.csv",12701,"NRT"
"-2.04108","110.21114","323.48","1.17","1.08","2026-08-09","0824","Aqua","MODIS","44","6.1NRT","293.02","17.9","D",,"fire_nrt_M-C61_803220.csv",12703,"NRT"
"-1.97838","110.56286","312.86","1.22","1.1","2026-08-09","0824","Aqua","MODIS","67","6.1NRT","275.85","13.65","D",,"fire_nrt_M-C61_803220.csv",12704,"NRT"
"-1.97999","110.55225","314.48","1.22","1.1","2026-08-09","0824","Aqua","MODIS","70","6.1NRT","275.62","15.41","D",,"fire_nrt_M-C61_803220.csv",12705,"NRT"
"-1.88673","110.55325","305.78","1.23","1.1","2026-08-09","0824","Aqua","MODIS","19","6.1NRT","284.97","5.15","D",,"fire_nrt_M-C61_803220.csv",12708,"NRT"
"-1.84778","110.59641","331.75","1.24","1.1","2026-08-09","0824","Aqua","MODIS","86","6.1NRT","293.9","36.17","D",,"fire_nrt_M-C61_803220.csv",12710,"NRT"
"-1.89788","110.12559","327.86","1.16","1.07","2026-08-09","0824","Aqua","MODIS","34","6.1NRT","303.94","19.09","D",,"fire_nrt_M-C61_803220.csv",12711,"NRT"
"-1.88399","110.1545","348.83","1.17","1.07","2026-08-09","0824","Aqua","MODIS","95","6.1NRT","304.07","60.98","D",,"fire_nrt_M-C61_803220.csv",12714,"NRT"
"-1.87308","110.16325","326.48","1.17","1.08","2026-08-09","0824","Aqua","MODIS","68","6.1NRT","300.67","20.45","D",,"fire_nrt_M-C61_803220.csv",12715,"NRT"
"-1.87459","110.15309","345.61","1.17","1.07","2026-08-09","0824","Aqua","MODIS","94","6.1NRT","301.63","54.93","D",,"fire_nrt_M-C61_803220.csv",12716,"NRT"
"-1.86671","110.14161","325.45","1.16","1.07","2026-08-09","0824","Aqua","MODIS","69","6.1NRT","299.06","18.48","D",,"fire_nrt_M-C61_803220.csv",12718,"NRT"
"-1.81537","110.35406","311.73","1.2","1.09","2026-08-09","0824","Aqua","MODIS","57","6.1NRT","287.35","8.8","D",,"fire_nrt_M-C61_803220.csv",12720,"NRT"
"-1.8453","110.11121","318.2","1.16","1.07","2026-08-09","0824","Aqua","MODIS","61","6.1NRT","298.57","12.51","D",,"fire_nrt_M-C61_803220.csv",12721,"NRT"
"-1.72885","110.70452","307.76","1.26","1.11","2026-08-09","0824","Aqua","MODIS","52","6.1NRT","280.93","9.02","D",,"fire_nrt_M-C61_803220.csv",12723,"NRT"
"-1.79838","110.10421","343.6","1.16","1.07","2026-08-09","0824","Aqua","MODIS","87","6.1NRT","297.32","54.07","D",,"fire_nrt_M-C61_803220.csv",12724,"NRT"
"-1.79988","110.09414","375.43","1.16","1.07","2026-08-09","0824","Aqua","MODIS","100","6.1NRT","300.36","160.71","D",,"fire_nrt_M-C61_803220.csv",12725,"NRT"
"-1.76233","110.0518","321.54","1.16","1.07","2026-08-09","0824","Aqua","MODIS","59","6.1NRT","298.43","16.24","D",,"fire_nrt_M-C61_803220.csv",12727,"NRT"
"-1.76379","110.04177","331.3","1.15","1.07","2026-08-09","0824","Aqua","MODIS","74","6.1NRT","300.82","29.05","D",,"fire_nrt_M-C61_803220.csv",12728,"NRT"
"-1.72168","110.26408","352.18","1.19","1.08","2026-08-09","0824","Aqua","MODIS","96","6.1NRT","301.5","75.89","D",,"fire_nrt_M-C61_803220.csv",12729,"NRT"
"-1.7247","110.24348","328.15","1.18","1.08","2026-08-09","0824","Aqua","MODIS","56","6.1NRT","296.78","24.85","D",,"fire_nrt_M-C61_803220.csv",12730,"NRT"
"-1.72427","110.18059","344.28","1.17","1.08","2026-08-09","0824","Aqua","MODIS","93","6.1NRT","294.29","56.07","D",,"fire_nrt_M-C61_803220.csv",12731,"NRT"
"-1.6572","110.37135","311.93","1.21","1.09","2026-08-09","0824","Aqua","MODIS","58","6.1NRT","293.32","7.34","D",,"fire_nrt_M-C61_803220.csv",12732,"NRT"
"-1.65877","110.36086","313.04","1.2","1.09","2026-08-09","0824","Aqua","MODIS","48","6.1NRT","294.96","8.35","D",,"fire_nrt_M-C61_803220.csv",12733,"NRT"
"-1.68442","110.06075","327.97","1.16","1.07","2026-08-09","0824","Aqua","MODIS","81","6.1NRT","288.52","26.27","D",,"fire_nrt_M-C61_803220.csv",12734,"NRT"
"-1.68593","110.0507","354.73","1.16","1.07","2026-08-09","0824","Aqua","MODIS","97","6.1NRT","291.64","83.82","D",,"fire_nrt_M-C61_803220.csv",12735,"NRT"
"-1.56322","110.79794","315.26","1.28","1.12","2026-08-09","0824","Aqua","MODIS","47","6.1NRT","298.03","10.11","D",,"fire_nrt_M-C61_803220.csv",12736,"NRT"
"-1.5649","110.78683","319.16","1.28","1.12","2026-08-09","0824","Aqua","MODIS","70","6.1NRT","299.83","14.93","D",,"fire_nrt_M-C61_803220.csv",12737,"NRT"
"-1.56154","110.79099","321.82","1.28","1.12","2026-08-09","0824","Aqua","MODIS","67","6.1NRT","299.57","19.24","D",,"fire_nrt_M-C61_803220.csv",12738,"NRT"
"-1.62732","110.07661","324.71","1.16","1.07","2026-08-09","0824","Aqua","MODIS","67","6.1NRT","294.52","20.14","D",,"fire_nrt_M-C61_803220.csv",12739,"NRT"
"-1.62882","110.06651","388.01","1.16","1.07","2026-08-09","0824","Aqua","MODIS","100","6.1NRT","302.43","226.61","D",,"fire_nrt_M-C61_803220.csv",12740,"NRT"
"-1.63031","110.05642","348.68","1.16","1.07","2026-08-09","0824","Aqua","MODIS","95","6.1NRT","297.34","63.15","D",,"fire_nrt_M-C61_803220.csv",12741,"NRT"
"-1.61944","110.06511","333.04","1.16","1.07","2026-08-09","0824","Aqua","MODIS","74","6.1NRT","297.26","30.9","D",,"fire_nrt_M-C61_803220.csv",12742,"NRT"
"-1.62094","110.05502","335.78","1.16","1.07","2026-08-09","0824","Aqua","MODIS","75","6.1NRT","296.95","34.07","D",,"fire_nrt_M-C61_803220.csv",12743,"NRT"
"-1.4879","110.33331","318.34","1.21","1.09","2026-08-09","0824","Aqua","MODIS","75","6.1NRT","291.07","14.57","D",,"fire_nrt_M-C61_803220.csv",12748,"NRT"
"-1.4894","110.3232","321.32","1.2","1.09","2026-08-09","0824","Aqua","MODIS","78","6.1NRT","291.1","18.23","D",,"fire_nrt_M-C61_803220.csv",12749,"NRT"
"-1.46232","110.30868","309.9","1.2","1.09","2026-08-09","0824","Aqua","MODIS","33","6.1NRT","288.85","6.31","D",,"fire_nrt_M-C61_803220.csv",12753,"NRT"
"-1.46664","110.1756","325.45","1.18","1.08","2026-08-09","0824","Aqua","MODIS","82","6.1NRT","287.76","23.76","D",,"fire_nrt_M-C61_803220.csv",12754,"NRT"
"-1.38579","110.6623","311.91","1.26","1.12","2026-08-09","0824","Aqua","MODIS","59","6.1NRT","279.92","12.6","D",,"fire_nrt_M-C61_803220.csv",12755,"NRT"
"-1.44661","110.24644","310.01","1.19","1.09","2026-08-09","0824","Aqua","MODIS","60","6.1NRT","290.09","7.39","D",,"fire_nrt_M-C61_803220.csv",12756,"NRT"
"-1.45567","110.1845","325.86","1.18","1.08","2026-08-09","0824","Aqua","MODIS","82","6.1NRT","284.92","24.04","D",,"fire_nrt_M-C61_803220.csv",12757,"NRT"
"-1.45718","110.1742","349.87","1.18","1.08","2026-08-09","0824","Aqua","MODIS","96","6.1NRT","289.04","72.8","D",,"fire_nrt_M-C61_803220.csv",12758,"NRT"
"-1.44772","110.17276","312.62","1.18","1.08","2026-08-09","0824","Aqua","MODIS","23","6.1NRT","284.84","7.62","D",,"fire_nrt_M-C61_803220.csv",12759,"NRT"
"-1.44923","110.16251","331.25","1.18","1.08","2026-08-09","0824","Aqua","MODIS","86","6.1NRT","287.12","32.29","D",,"fire_nrt_M-C61_803220.csv",12760,"NRT"
"-1.35842","110.09118","325.3","1.17","1.08","2026-08-09","0824","Aqua","MODIS","67","6.1NRT","293.83","19.05","D",,"fire_nrt_M-C61_803220.csv",12763,"NRT"
"-1.2612","110.549","319.4","1.25","1.11","2026-08-09","0824","Aqua","MODIS","77","6.1NRT","289.23","19.09","D",,"fire_nrt_M-C61_803220.csv",12765,"NRT"
"-1.26283","110.53815","323.1","1.25","1.11","2026-08-09","0824","Aqua","MODIS","81","6.1NRT","287.8","24.48","D",,"fire_nrt_M-C61_803220.csv",12766,"NRT"
"-0.90667","110.44915","307.23","1.24","1.11","2026-08-09","0824","Aqua","MODIS","60","6.1NRT","285.23","6.31","D",,"fire_nrt_M-C61_803220.csv",12846,"NRT"
"-0.64889","110.31489","328.09","1.23","1.1","2026-08-09","0824","Aqua","MODIS","84","6.1NRT","297.18","30.65","D",,"fire_nrt_M-C61_803220.csv",12856,"NRT"
"-0.4199","110.32891","317.15","1.24","1.11","2026-08-09","0824","Aqua","MODIS","56","6.1NRT","290.66","15.89","D",,"fire_nrt_M-C61_803220.csv",12864,"NRT"
"-2.59664","110.64931","302.4","1","1","2026-08-09","1325","Terra","MODIS","49","6.1NRT","287.15","5.17","N",,"fire_nrt_M-C61_803220.csv",13065,"NRT"
"-2.46305","110.62479","326.31","1","1","2026-08-09","1325","Terra","MODIS","100","6.1NRT","287.71","24.15","N",,"fire_nrt_M-C61_803220.csv",13078,"NRT"
"-2.45546","110.61481","302.09","1","1","2026-08-09","1325","Terra","MODIS","47","6.1NRT","286.68","4.36","N",,"fire_nrt_M-C61_803220.csv",13080,"NRT"
"-2.34716","110.25758","302.69","1","1","2026-08-09","1325","Terra","MODIS","45","6.1NRT","287.09","3.78","N",,"fire_nrt_M-C61_803220.csv",13081,"NRT"
"-2.3516","110.16009","309.98","1","1","2026-08-09","1325","Terra","MODIS","79","6.1NRT","292.03","8.36","N",,"fire_nrt_M-C61_803220.csv",13084,"NRT"
"-2.3528","110.15134","311.89","1","1","2026-08-09","1325","Terra","MODIS","84","6.1NRT","291.71","9.72","N",,"fire_nrt_M-C61_803220.csv",13085,"NRT"
"-2.31514","110.36006","300.22","1","1","2026-08-09","1325","Terra","MODIS","22","6.1NRT","283.29","4.25","N",,"fire_nrt_M-C61_803220.csv",13086,"NRT"
"-2.3268","110.21016","305.44","1","1","2026-08-09","1325","Terra","MODIS","64","6.1NRT","290.56","5.1","N",,"fire_nrt_M-C61_803220.csv",13087,"NRT"
"-2.328","110.2014","306.54","1","1","2026-08-09","1325","Terra","MODIS","68","6.1NRT","290.63","5.62","N",,"fire_nrt_M-C61_803220.csv",13088,"NRT"
"-2.31506","110.21119","324.34","1","1","2026-08-09","1325","Terra","MODIS","100","6.1NRT","289.43","20.8","N",,"fire_nrt_M-C61_803220.csv",13089,"NRT"
"-2.31626","110.20244","376.66","1","1","2026-08-09","1325","Terra","MODIS","100","6.1NRT","293.86","139.12","N",,"fire_nrt_M-C61_803220.csv",13090,"NRT"
"-2.28543","110.29621","303.65","1","1","2026-08-09","1325","Terra","MODIS","56","6.1NRT","287.66","4.44","N",,"fire_nrt_M-C61_803220.csv",13091,"NRT"
"-2.3035","110.16499","310.92","1","1","2026-08-09","1325","Terra","MODIS","81","6.1NRT","288.99","9.07","N",,"fire_nrt_M-C61_803220.csv",13092,"NRT"
"-2.29591","110.15501","301.87","1","1","2026-08-09","1325","Terra","MODIS","4","6.1NRT","286.83","3.56","N",,"fire_nrt_M-C61_803220.csv",13093,"NRT"
"-2.25147","110.28256","311.23","1","1","2026-08-09","1325","Terra","MODIS","82","6.1NRT","290.67","9.56","N",,"fire_nrt_M-C61_803220.csv",13095,"NRT"
"-2.25268","110.27381","310.65","1","1","2026-08-09","1325","Terra","MODIS","81","6.1NRT","291.17","8.98","N",,"fire_nrt_M-C61_803220.csv",13096,"NRT"
"-2.24193","110.1564","300.89","1","1","2026-08-09","1325","Terra","MODIS","35","6.1NRT","278.04","4.77","N",,"fire_nrt_M-C61_803220.csv",13097,"NRT"
"-2.06607","110.48511","351.17","1","1","2026-08-09","1325","Terra","MODIS","100","6.1NRT","286.96","64.52","N",,"fire_nrt_M-C61_803220.csv",13104,"NRT"
"-2.06728","110.47636","320.03","1","1","2026-08-09","1325","Terra","MODIS","100","6.1NRT","285.84","17.11","N",,"fire_nrt_M-C61_803220.csv",13105,"NRT"
"-2.06848","110.46761","303.45","1","1","2026-08-09","1325","Terra","MODIS","35","6.1NRT","287.41","4.69","N",,"fire_nrt_M-C61_803220.csv",13106,"NRT"
"-2.06969","110.45885","304.41","1","1","2026-08-09","1325","Terra","MODIS","60","6.1NRT","288.91","5.41","N",,"fire_nrt_M-C61_803220.csv",13107,"NRT"
"-2.05728","110.48388","303.71","1","1","2026-08-09","1325","Terra","MODIS","57","6.1NRT","285.56","5.08","N",,"fire_nrt_M-C61_803220.csv",13108,"NRT"
"-2.05064","110.20668","306.34","1","1","2026-08-09","1325","Terra","MODIS","38","6.1NRT","287.78","6.05","N",,"fire_nrt_M-C61_803220.csv",13109,"NRT"
"-2.05184","110.19793","318.29","1","1","2026-08-09","1325","Terra","MODIS","97","6.1NRT","290.31","15.5","N",,"fire_nrt_M-C61_803220.csv",13110,"NRT"
"-2.04135","110.19061","305.15","1","1","2026-08-09","1325","Terra","MODIS","46","6.1NRT","289.32","6.42","N",,"fire_nrt_M-C61_803220.csv",13111,"NRT"
"-2.02895","110.21561","305.57","1","1","2026-08-09","1325","Terra","MODIS","65","6.1NRT","286.1","7.02","N",,"fire_nrt_M-C61_803220.csv",13112,"NRT"
"-1.97322","110.55545","304.17","1","1","2026-08-09","1325","Terra","MODIS","59","6.1NRT","285.12","5.39","N",,"fire_nrt_M-C61_803220.csv",13114,"NRT"
"-1.96442","110.55421","300.87","1","1","2026-08-09","1325","Terra","MODIS","30","6.1NRT","284.25","3.52","N",,"fire_nrt_M-C61_803220.csv",13115,"NRT"
"-1.9738","110.22575","302.27","1","1","2026-08-09","1325","Terra","MODIS","48","6.1NRT","286.23","4.67","N",,"fire_nrt_M-C61_803220.csv",13116,"NRT"
"-1.975","110.21701","300.94","1","1","2026-08-09","1325","Terra","MODIS","35","6.1NRT","285.95","3.67","N",,"fire_nrt_M-C61_803220.csv",13117,"NRT"
"-1.97741","110.19952","303.46","1","1","2026-08-09","1325","Terra","MODIS","43","6.1NRT","288.14","4.61","N",,"fire_nrt_M-C61_803220.csv",13118,"NRT"
"-1.91412","110.18434","304.82","1","1","2026-08-09","1325","Terra","MODIS","62","6.1NRT","287.35","6.02","N",,"fire_nrt_M-C61_803220.csv",13120,"NRT"
"-1.90894","110.15688","317.38","1","1","2026-08-09","1325","Terra","MODIS","46","6.1NRT","290.34","13.18","N",,"fire_nrt_M-C61_803220.csv",13121,"NRT"
"-1.88136","110.16195","318.87","1","1","2026-08-09","1325","Terra","MODIS","65","6.1NRT","289.13","14.24","N",,"fire_nrt_M-C61_803220.csv",13122,"NRT"
"-1.88257","110.15321","322.98","1","1","2026-08-09","1325","Terra","MODIS","100","6.1NRT","289.93","18.2","N",,"fire_nrt_M-C61_803220.csv",13123,"NRT"
"-1.87257","110.16073","330.74","1","1","2026-08-09","1325","Terra","MODIS","100","6.1NRT","289.32","28.15","N",,"fire_nrt_M-C61_803220.csv",13124,"NRT"
"-1.87378","110.15199","320.01","1","1","2026-08-09","1325","Terra","MODIS","89","6.1NRT","289.32","15.58","N",,"fire_nrt_M-C61_803220.csv",13125,"NRT"
"-1.79776","110.09985","318.38","1","1","2026-08-09","1325","Terra","MODIS","97","6.1NRT","291.21","15.52","N",,"fire_nrt_M-C61_803220.csv",13126,"NRT"
"-1.79896","110.09111","308.1","1","1","2026-08-09","1325","Terra","MODIS","73","6.1NRT","290.09","7.28","N",,"fire_nrt_M-C61_803220.csv",13127,"NRT"
"-1.78897","110.09863","322.18","1","1","2026-08-09","1325","Terra","MODIS","100","6.1NRT","291.68","18.78","N",,"fire_nrt_M-C61_803220.csv",13128,"NRT"
"-1.79017","110.08988","328.62","1","1","2026-08-09","1325","Terra","MODIS","100","6.1NRT","291.03","25.97","N",,"fire_nrt_M-C61_803220.csv",13129,"NRT"
"-1.7292","110.25327","302.38","1","1","2026-08-09","1325","Terra","MODIS","5","6.1NRT","285.04","4.21","N",,"fire_nrt_M-C61_803220.csv",13130,"NRT"
"-1.71921","110.26077","357.6","1","1","2026-08-09","1325","Terra","MODIS","100","6.1NRT","291.88","78.81","N",,"fire_nrt_M-C61_803220.csv",13131,"NRT"
"-1.72041","110.25204","340.65","1","1","2026-08-09","1325","Terra","MODIS","100","6.1NRT","289.56","43.68","N",,"fire_nrt_M-C61_803220.csv",13132,"NRT"
"-1.71042","110.25955","315.48","1","1","2026-08-09","1325","Terra","MODIS","91","6.1NRT","287.75","12.34","N",,"fire_nrt_M-C61_803220.csv",13133,"NRT"
"-1.71162","110.25081","306.48","1","1","2026-08-09","1325","Terra","MODIS","18","6.1NRT","286.69","5.9","N",,"fire_nrt_M-C61_803220.csv",13134,"NRT"
"-1.71486","110.1622","305.12","1","1","2026-08-09","1325","Terra","MODIS","16","6.1NRT","288.71","5.01","N",,"fire_nrt_M-C61_803220.csv",13135,"NRT"
"-1.70487","110.16972","305.53","1","1","2026-08-09","1325","Terra","MODIS","26","6.1NRT","289.45","5.16","N",,"fire_nrt_M-C61_803220.csv",13136,"NRT"
"-1.7105","110.06358","312.39","1","1","2026-08-09","1325","Terra","MODIS","85","6.1NRT","292.42","9.98","N",,"fire_nrt_M-C61_803220.csv",13137,"NRT"
"-1.62487","110.0814","306.54","1","1","2026-08-09","1325","Terra","MODIS","63","6.1NRT","291.61","5.64","N",,"fire_nrt_M-C61_803220.csv",13138,"NRT"
"-1.62608","110.07265","332.74","1","1","2026-08-09","1325","Terra","MODIS","100","6.1NRT","294.93","30.45","N",,"fire_nrt_M-C61_803220.csv",13139,"NRT"
"-1.62728","110.06391","338.4","1","1","2026-08-09","1325","Terra","MODIS","100","6.1NRT","295.88","38.51","N",,"fire_nrt_M-C61_803220.csv",13140,"NRT"
"-1.61849","110.06269","342.44","1","1","2026-08-09","1325","Terra","MODIS","100","6.1NRT","295.83","44.69","N",,"fire_nrt_M-C61_803220.csv",13141,"NRT"
"-1.61969","110.05394","314.54","1","1","2026-08-09","1325","Terra","MODIS","22","6.1NRT","293.35","9.76","N",,"fire_nrt_M-C61_803220.csv",13142,"NRT"
"-1.6097","110.06146","309.33","1","1","2026-08-09","1325","Terra","MODIS","19","6.1NRT","293.32","6.41","N",,"fire_nrt_M-C61_803220.csv",13143,"NRT"
"-1.45392","110.17902","333.13","1","1","2026-08-09","1325","Terra","MODIS","100","6.1NRT","291.06","31.88","N",,"fire_nrt_M-C61_803220.csv",13144,"NRT"
"-1.45512","110.17028","335.78","1","1","2026-08-09","1325","Terra","MODIS","100","6.1NRT","293.11","34.94","N",,"fire_nrt_M-C61_803220.csv",13145,"NRT"
"-1.371","110.24129","324.23","1","1","2026-08-09","1325","Terra","MODIS","100","6.1NRT","286.44","22.51","N",,"fire_nrt_M-C61_803220.csv",13147,"NRT"
"-0.43246","110.36151","302.17","1","1","2026-08-09","1325","Terra","MODIS","45","6.1NRT","282.11","4.75","N",,"fire_nrt_M-C61_803220.csv",13172,"NRT"
"-0.43366","110.35274","301.48","1","1","2026-08-09","1325","Terra","MODIS","27","6.1NRT","279.88","4.32","N",,"fire_nrt_M-C61_803220.csv",13173,"NRT"
"-0.41847","110.33277","303.72","1","1","2026-08-09","1325","Terra","MODIS","57","6.1NRT","280.01","6.32","N",,"fire_nrt_M-C61_803220.csv",13174,"NRT"
"-1.61437","110.08114","302.94","2.97","1.64","2026-08-09","2044","Aqua","MODIS","52","6.1NRT","290.32","25.27","N",,"fire_nrt_M-C61_803220.csv",13245,"NRT"
"-1.72003","110.27392","303.72","3.09","1.67","2026-08-09","2044","Aqua","MODIS","57","6.1NRT","292.15","31.24","N",,"fire_nrt_M-C61_803220.csv",13246,"NRT"
"-2.31923","110.20704","305.78","3.13","1.68","2026-08-09","2044","Aqua","MODIS","66","6.1NRT","293.58","33.38","N",,"fire_nrt_M-C61_803220.csv",13247,"NRT"
"-1.44702","110.15843","321.94","1.91","1.35","2026-08-10","0143","Terra","MODIS","79","6.1NRT","298.74","37.77","D",,"fire_nrt_M-C61_803220.csv",13293,"NRT"
"-1.46123","110.17355","322.91","1.92","1.35","2026-08-10","0143","Terra","MODIS","80","6.1NRT","299.7","41.12","D",,"fire_nrt_M-C61_803220.csv",13294,"NRT"
"-1.46358","110.19037","311.99","1.93","1.36","2026-08-10","0143","Terra","MODIS","28","6.1NRT","298.2","15.81","D",,"fire_nrt_M-C61_803220.csv",13295,"NRT"
"-1.71883","110.26462","338.55","1.97","1.37","2026-08-10","0143","Terra","MODIS","85","6.1NRT","301.61","98.27","D",,"fire_nrt_M-C61_803220.csv",13296,"NRT"
"-1.71189","110.2598","322.47","1.97","1.37","2026-08-10","0143","Terra","MODIS","69","6.1NRT","299.62","41.72","D",,"fire_nrt_M-C61_803220.csv",13297,"NRT"
"-1.72393","110.25816","331.1","1.97","1.37","2026-08-10","0143","Terra","MODIS","81","6.1NRT","301.48","67.37","D",,"fire_nrt_M-C61_803220.csv",13298,"NRT"
"-1.87561","110.1618","320.36","1.95","1.36","2026-08-10","0143","Terra","MODIS","59","6.1NRT","299.83","32.24","D",,"fire_nrt_M-C61_803220.csv",13299,"NRT"
"-1.99776","110.55154","309.83","2.1","1.41","2026-08-10","0143","Terra","MODIS","61","6.1NRT","297.58","15.71","D",,"fire_nrt_M-C61_803220.csv",13300,"NRT"
"-2.00031","110.56973","311.31","2.11","1.41","2026-08-10","0143","Terra","MODIS","64","6.1NRT","298.01","19.43","D",,"fire_nrt_M-C61_803220.csv",13301,"NRT"
"-2.06444","110.46232","320.85","2.07","1.4","2026-08-10","0143","Terra","MODIS","77","6.1NRT","297.83","41.63","D",,"fire_nrt_M-C61_803220.csv",13302,"NRT"
"-2.05179","110.19532","307.12","1.97","1.37","2026-08-10","0143","Terra","MODIS","45","6.1NRT","295.43","9.96","D",,"fire_nrt_M-C61_803220.csv",13303,"NRT"
"-2.24235","110.15757","314.86","1.97","1.37","2026-08-10","0143","Terra","MODIS","56","6.1NRT","297.81","24.11","D",,"fire_nrt_M-C61_803220.csv",13306,"NRT"
"-2.31482","110.19473","309.13","1.99","1.38","2026-08-10","0143","Terra","MODIS","55","6.1NRT","298.05","12.34","D",,"fire_nrt_M-C61_803220.csv",13307,"NRT"
"-2.31724","110.21204","318.15","2","1.38","2026-08-10","0143","Terra","MODIS","74","6.1NRT","297.99","32.93","D",,"fire_nrt_M-C61_803220.csv",13308,"NRT"
"-2.30657","110.20312","321.59","4.17","1.89","2026-08-10","1401","Terra","MODIS","100","6.1NRT","294.71","141.08","N",,"fire_nrt_M-C61_803220.csv",13505,"NRT"
"-2.30109","110.19521","320.23","4.17","1.89","2026-08-10","1401","Terra","MODIS","100","6.1NRT","294.66","130.42","N",,"fire_nrt_M-C61_803220.csv",13508,"NRT"
"-1.87655","110.14357","305.74","4.19","1.9","2026-08-10","1401","Terra","MODIS","36","6.1NRT","294.09","45.84","N",,"fire_nrt_M-C61_803220.csv",13511,"NRT"
"-1.7163","110.26479","312.49","4.31","1.92","2026-08-10","1401","Terra","MODIS","79","6.1NRT","294.27","84.91","N",,"fire_nrt_M-C61_803220.csv",13512,"NRT"
"-1.71187","110.25702","309.7","4.31","1.92","2026-08-10","1401","Terra","MODIS","67","6.1NRT","294.2","67.33","N",,"fire_nrt_M-C61_803220.csv",13513,"NRT"
"-1.45261","110.1741","306.34","2.7","1.57","2026-08-10","1945","Aqua","MODIS","68","6.1NRT","293.76","29.18","N",,"fire_nrt_M-C61_803220.csv",13532,"NRT"
"-1.61449","110.07203","304.52","2.74","1.58","2026-08-10","1945","Aqua","MODIS","21","6.1NRT","293.78","20.87","N",,"fire_nrt_M-C61_803220.csv",13536,"NRT"
"-1.61916","110.0641","306.95","2.74","1.58","2026-08-10","1945","Aqua","MODIS","70","6.1NRT","293.73","30.51","N",,"fire_nrt_M-C61_803220.csv",13537,"NRT"
"-1.71973","110.26215","312.1","2.63","1.56","2026-08-10","1945","Aqua","MODIS","84","6.1NRT","292.97","44.34","N",,"fire_nrt_M-C61_803220.csv",13541,"NRT"
"-1.7161","110.1453","305.03","2.69","1.57","2026-08-10","1945","Aqua","MODIS","63","6.1NRT","292.47","24.07","N",,"fire_nrt_M-C61_803220.csv",13542,"NRT"
"-1.71475","110.25747","308.63","2.63","1.56","2026-08-10","1945","Aqua","MODIS","75","6.1NRT","293.1","34.44","N",,"fire_nrt_M-C61_803220.csv",13543,"NRT"
"-1.71837","110.28014","307.04","2.62","1.55","2026-08-10","1945","Aqua","MODIS","70","6.1NRT","292.33","30.33","N",,"fire_nrt_M-C61_803220.csv",13544,"NRT"
"-1.8733","110.15567","303.98","2.66","1.57","2026-08-10","1945","Aqua","MODIS","58","6.1NRT","293.87","20.46","N",,"fire_nrt_M-C61_803220.csv",13547,"NRT"
"-1.87146","110.17421","304.74","2.65","1.56","2026-08-10","1945","Aqua","MODIS","30","6.1NRT","293.85","20.3","N",,"fire_nrt_M-C61_803220.csv",13548,"NRT"
"-2.29891","110.19922","311.64","2.6","1.55","2026-08-10","1945","Aqua","MODIS","83","6.1NRT","293.81","41.07","N",,"fire_nrt_M-C61_803220.csv",13557,"NRT"
"-2.30243","110.22164","308.76","2.58","1.54","2026-08-10","1945","Aqua","MODIS","75","6.1NRT","293.56","32.39","N",,"fire_nrt_M-C61_803220.csv",13558,"NRT"
"-1.90681","110.1511","306.82","3.87","1.83","2026-08-11","0045","Terra","MODIS","33","6.1NRT","295.11","28.32","D",,"fire_nrt_M-C61_803220.csv",13609,"NRT"
"-2.95942","110.72481","321.9","1.25","1.11","2026-08-11","0803","Aqua","MODIS","71","6.1NRT","298.76","20.01","D",,"fire_nrt_M-C61_803220.csv",13925,"NRT"
"-2.96101","110.71388","331.15","1.26","1.11","2026-08-11","0803","Aqua","MODIS","84","6.1NRT","299.19","35.28","D",,"fire_nrt_M-C61_803220.csv",13926,"NRT"
"-2.92432","110.26529","322.14","1.34","1.15","2026-08-11","0803","Aqua","MODIS","57","6.1NRT","301.82","20.23","D",,"fire_nrt_M-C61_803220.csv",13936,"NRT"
"-2.86129","110.42073","318.38","1.31","1.13","2026-08-11","0803","Aqua","MODIS","52","6.1NRT","300.25","12.92","D",,"fire_nrt_M-C61_803220.csv",13940,"NRT"
"-2.85751","110.36705","315.1","1.32","1.14","2026-08-11","0803","Aqua","MODIS","65","6.1NRT","301.62","10.03","D",,"fire_nrt_M-C61_803220.csv",13945,"NRT"
"-2.72363","111.14253","314.68","1.18","1.08","2026-08-11","0803","Aqua","MODIS","63","6.1NRT","298.65","9.04","D",,"fire_nrt_M-C61_803220.csv",13953,"NRT"
"-2.72513","111.13227","316.65","1.18","1.08","2026-08-11","0803","Aqua","MODIS","68","6.1NRT","298.15","11.69","D",,"fire_nrt_M-C61_803220.csv",13954,"NRT"
"-2.5047","111.04594","318.4","1.19","1.08","2026-08-11","0803","Aqua","MODIS","59","6.1NRT","298.4","12.68","D",,"fire_nrt_M-C61_803220.csv",13981,"NRT"
"-2.51064","111.00459","315.66","1.19","1.09","2026-08-11","0803","Aqua","MODIS","65","6.1NRT","298.96","10.33","D",,"fire_nrt_M-C61_803220.csv",13982,"NRT"
"-2.54701","110.75114","317.02","1.24","1.1","2026-08-11","0803","Aqua","MODIS","66","6.1NRT","299.04","12.95","D",,"fire_nrt_M-C61_803220.csv",13983,"NRT"
"-2.4804","110.71391","366.49","1.24","1.11","2026-08-11","0803","Aqua","MODIS","100","6.1NRT","300.96","135.93","D",,"fire_nrt_M-C61_803220.csv",13989,"NRT"
"-2.48196","110.70314","336.48","1.24","1.11","2026-08-11","0803","Aqua","MODIS","88","6.1NRT","299.55","44.02","D",,"fire_nrt_M-C61_803220.csv",13990,"NRT"
"-2.50155","110.20885","325.67","1.33","1.14","2026-08-11","0803","Aqua","MODIS","60","6.1NRT","300.05","25.75","D",,"fire_nrt_M-C61_803220.csv",13993,"NRT"
"-2.34964","111.04272","314.98","1.18","1.08","2026-08-11","0803","Aqua","MODIS","64","6.1NRT","300.3","9.35","D",,"fire_nrt_M-C61_803220.csv",13994,"NRT"
"-2.35113","111.03247","316.38","1.18","1.08","2026-08-11","0803","Aqua","MODIS","67","6.1NRT","299.41","11.43","D",,"fire_nrt_M-C61_803220.csv",13995,"NRT"
"-2.3558","110.15824","314.68","1.34","1.15","2026-08-11","0803","Aqua","MODIS","28","6.1NRT","301.2","9.36","D",,"fire_nrt_M-C61_803220.csv",13996,"NRT"
"-2.22816","110.81106","313.85","1.21","1.1","2026-08-11","0803","Aqua","MODIS","58","6.1NRT","301.35","7.54","D",,"fire_nrt_M-C61_803220.csv",14000,"NRT"
"-2.29411","110.29543","320.48","1.31","1.13","2026-08-11","0803","Aqua","MODIS","73","6.1NRT","300.42","16.42","D",,"fire_nrt_M-C61_803220.csv",14001,"NRT"
"-2.29578","110.28404","331.1","1.31","1.14","2026-08-11","0803","Aqua","MODIS","84","6.1NRT","301.22","34.04","D",,"fire_nrt_M-C61_803220.csv",14002,"NRT"
"-2.30434","110.15608","317.45","1.34","1.15","2026-08-11","0803","Aqua","MODIS","35","6.1NRT","300.38","12.04","D",,"fire_nrt_M-C61_803220.csv",14004,"NRT"
"-2.26115","110.38277","313.25","1.29","1.13","2026-08-11","0803","Aqua","MODIS","49","6.1NRT","300.34","7.7","D",,"fire_nrt_M-C61_803220.csv",14005,"NRT"
"-2.26278","110.37154","338.87","1.29","1.13","2026-08-11","0803","Aqua","MODIS","89","6.1NRT","300.89","51.33","D",,"fire_nrt_M-C61_803220.csv",14006,"NRT"
"-2.25607","110.27826","318.74","1.31","1.14","2026-08-11","0803","Aqua","MODIS","70","6.1NRT","301.98","15.21","D",,"fire_nrt_M-C61_803220.csv",14013,"NRT"
"-2.16878","110.31776","325.71","1.3","1.13","2026-08-11","0803","Aqua","MODIS","79","6.1NRT","300.95","23.43","D",,"fire_nrt_M-C61_803220.csv",14025,"NRT"
"-2.17041","110.30645","319.73","1.3","1.13","2026-08-11","0803","Aqua","MODIS","65","6.1NRT","300.74","14.71","D",,"fire_nrt_M-C61_803220.csv",14026,"NRT"
"-2.18527","110.20387","313.37","1.32","1.14","2026-08-11","0803","Aqua","MODIS","41","6.1NRT","300.44","7.65","D",,"fire_nrt_M-C61_803220.csv",14027,"NRT"
"-2.1589","110.31627","320.34","1.3","1.13","2026-08-11","0803","Aqua","MODIS","72","6.1NRT","302.54","15.3","D",,"fire_nrt_M-C61_803220.csv",14029,"NRT"
"-2.16052","110.30496","314.35","1.3","1.13","2026-08-11","0803","Aqua","MODIS","34","6.1NRT","299.96","8.05","D",,"fire_nrt_M-C61_803220.csv",14030,"NRT"
"-2.05614","110.96107","316.71","1.19","1.08","2026-08-11","0803","Aqua","MODIS","67","6.1NRT","300.06","11.41","D",,"fire_nrt_M-C61_803220.csv",14031,"NRT"
"-2.05763","110.95078","314.53","1.19","1.08","2026-08-11","0803","Aqua","MODIS","62","6.1NRT","299.53","8.97","D",,"fire_nrt_M-C61_803220.csv",14032,"NRT"
"-2.01354","110.94835","312.14","1.19","1.08","2026-08-11","0803","Aqua","MODIS","44","6.1NRT","300.03","7.09","D",,"fire_nrt_M-C61_803220.csv",14036,"NRT"
"-2.08714","110.37954","317.25","1.28","1.12","2026-08-11","0803","Aqua","MODIS","66","6.1NRT","301.8","10.8","D",,"fire_nrt_M-C61_803220.csv",14037,"NRT"
"-2.08877","110.36841","333.09","1.29","1.13","2026-08-11","0803","Aqua","MODIS","85","6.1NRT","303.62","36.35","D",,"fire_nrt_M-C61_803220.csv",14038,"NRT"
"-2.06381","110.19135","322.78","1.32","1.14","2026-08-11","0805","Aqua","MODIS","30","6.1NRT","301.42","18.59","D",,"fire_nrt_M-C61_803220.csv",14043,"NRT"
"-2.02784","110.22718","319.61","1.31","1.14","2026-08-11","0805","Aqua","MODIS","54","6.1NRT","300","15.34","D",,"fire_nrt_M-C61_803220.csv",14050,"NRT"
"-2.00631","110.30492","318.69","1.29","1.13","2026-08-11","0805","Aqua","MODIS","71","6.1NRT","302.93","14.79","D",,"fire_nrt_M-C61_803220.csv",14051,"NRT"
"-2.00796","110.29366","312.78","1.3","1.13","2026-08-11","0805","Aqua","MODIS","55","6.1NRT","301.2","7.37","D",,"fire_nrt_M-C61_803220.csv",14052,"NRT"
"-2.01791","110.22573","332.09","1.31","1.14","2026-08-11","0805","Aqua","MODIS","84","6.1NRT","299.45","35.57","D",,"fire_nrt_M-C61_803220.csv",14053,"NRT"
"-2.01958","110.21434","352.56","1.31","1.14","2026-08-11","0805","Aqua","MODIS","96","6.1NRT","302.33","88.31","D",,"fire_nrt_M-C61_803220.csv",14054,"NRT"
"-2.02125","110.20293","328.52","1.31","1.14","2026-08-11","0805","Aqua","MODIS","67","6.1NRT","300.62","26.96","D",,"fire_nrt_M-C61_803220.csv",14055,"NRT"
"-2.02292","110.1915","323.78","1.32","1.14","2026-08-11","0805","Aqua","MODIS","70","6.1NRT","300.01","20.65","D",,"fire_nrt_M-C61_803220.csv",14056,"NRT"
"-2.0246","110.18005","316.34","1.32","1.14","2026-08-11","0805","Aqua","MODIS","60","6.1NRT","300.13","11.64","D",,"fire_nrt_M-C61_803220.csv",14057,"NRT"
"-2.01297","110.19005","328.42","1.32","1.14","2026-08-11","0805","Aqua","MODIS","66","6.1NRT","299.46","28.26","D",,"fire_nrt_M-C61_803220.csv",14058,"NRT"
"-1.98976","110.21003","333.04","1.31","1.14","2026-08-11","0805","Aqua","MODIS","85","6.1NRT","301.11","38.28","D",,"fire_nrt_M-C61_803220.csv",14059,"NRT"
"-1.99141","110.19858","332.28","1.31","1.14","2026-08-11","0805","Aqua","MODIS","85","6.1NRT","300.19","36.66","D",,"fire_nrt_M-C61_803220.csv",14060,"NRT"
"-1.97983","110.20859","324.84","1.31","1.14","2026-08-11","0805","Aqua","MODIS","78","6.1NRT","301.12","24.72","D",,"fire_nrt_M-C61_803220.csv",14062,"NRT"
"-1.98147","110.19714","315.09","1.31","1.14","2026-08-11","0805","Aqua","MODIS","64","6.1NRT","300.91","10.53","D",,"fire_nrt_M-C61_803220.csv",14063,"NRT"
"-1.94295","110.17329","315.99","1.32","1.14","2026-08-11","0805","Aqua","MODIS","67","6.1NRT","299.9","11.56","D",,"fire_nrt_M-C61_803220.csv",14066,"NRT"
"-1.88688","110.34958","332.04","1.28","1.12","2026-08-11","0805","Aqua","MODIS","85","6.1NRT","301.88","34.3","D",,"fire_nrt_M-C61_803220.csv",14073,"NRT"
"-1.87212","110.16905","328.49","1.31","1.14","2026-08-11","0805","Aqua","MODIS","59","6.1NRT","298.68","28.34","D",,"fire_nrt_M-C61_803220.csv",14077,"NRT"
"-1.87381","110.15767","355.12","1.32","1.14","2026-08-11","0805","Aqua","MODIS","98","6.1NRT","302","97.92","D",,"fire_nrt_M-C61_803220.csv",14078,"NRT"
"-1.8758","110.07558","314.4","1.33","1.14","2026-08-11","0805","Aqua","MODIS","33","6.1NRT","300.15","9.45","D",,"fire_nrt_M-C61_803220.csv",14080,"NRT"
"-1.86579","110.07411","316.5","1.33","1.14","2026-08-11","0805","Aqua","MODIS","49","6.1NRT","299.35","12.45","D",,"fire_nrt_M-C61_803220.csv",14081,"NRT"
"-1.83744","110.05814","312.26","1.34","1.15","2026-08-11","0805","Aqua","MODIS","44","6.1NRT","298.97","10.04","D",,"fire_nrt_M-C61_803220.csv",14084,"NRT"
"-1.83912","110.04654","310.42","1.34","1.15","2026-08-11","0805","Aqua","MODIS","0","6.1NRT","298.23","8.22","D",,"fire_nrt_M-C61_803220.csv",14085,"NRT"
"-1.79749","110.12301","333.84","1.32","1.14","2026-08-11","0805","Aqua","MODIS","55","6.1NRT","300.26","36.99","D",,"fire_nrt_M-C61_803220.csv",14088,"NRT"
"-1.79913","110.11151","368.66","1.32","1.14","2026-08-11","0805","Aqua","MODIS","94","6.1NRT","302.18","157.09","D",,"fire_nrt_M-C61_803220.csv",14089,"NRT"
"-1.80078","110.09999","321.76","1.33","1.14","2026-08-11","0805","Aqua","MODIS","57","6.1NRT","299.37","19.99","D",,"fire_nrt_M-C61_803220.csv",14090,"NRT"
"-1.79733","110.11639","355.58","1.32","1.14","2026-08-11","0805","Aqua","MODIS","98","6.1NRT","301.44","101.06","D",,"fire_nrt_M-C61_803220.csv",14091,"NRT"
"-1.79905","110.1049","339.19","1.32","1.14","2026-08-11","0805","Aqua","MODIS","90","6.1NRT","301.08","51.27","D",,"fire_nrt_M-C61_803220.csv",14092,"NRT"
"-1.78565","110.12643","360.17","1.32","1.14","2026-08-11","0805","Aqua","MODIS","100","6.1NRT","300.32","120.81","D",,"fire_nrt_M-C61_803220.csv",14094,"NRT"
"-1.78736","110.11496","355.36","1.32","1.14","2026-08-11","0805","Aqua","MODIS","98","6.1NRT","300.75","102.28","D",,"fire_nrt_M-C61_803220.csv",14095,"NRT"
"-1.75565","110.19192","313.54","1.31","1.13","2026-08-11","0805","Aqua","MODIS","0","6.1NRT","300.46","7.64","D",,"fire_nrt_M-C61_803220.csv",14096,"NRT"
"-1.76421","110.06449","334.07","1.33","1.14","2026-08-11","0805","Aqua","MODIS","87","6.1NRT","299.01","43.56","D",,"fire_nrt_M-C61_803220.csv",14097,"NRT"
"-1.76591","110.05291","314.89","1.33","1.14","2026-08-11","0805","Aqua","MODIS","41","6.1NRT","298.77","10.85","D",,"fire_nrt_M-C61_803220.csv",14098,"NRT"
"-1.7243","110.26797","339.15","1.29","1.13","2026-08-11","0805","Aqua","MODIS","90","6.1NRT","301.62","49.36","D",,"fire_nrt_M-C61_803220.csv",14099,"NRT"
"-1.72594","110.25674","335.29","1.29","1.13","2026-08-11","0805","Aqua","MODIS","87","6.1NRT","302.95","41.24","D",,"fire_nrt_M-C61_803220.csv",14100,"NRT"
"-1.71445","110.26653","317.27","1.29","1.13","2026-08-11","0805","Aqua","MODIS","39","6.1NRT","296.68","10.58","D",,"fire_nrt_M-C61_803220.csv",14102,"NRT"
"-1.70297","110.27629","320.03","1.29","1.13","2026-08-11","0805","Aqua","MODIS","66","6.1NRT","299.88","16.24","D",,"fire_nrt_M-C61_803220.csv",14104,"NRT"
"-1.72093","110.15202","314.63","1.31","1.14","2026-08-11","0805","Aqua","MODIS","47","6.1NRT","297.76","9.45","D",,"fire_nrt_M-C61_803220.csv",14105,"NRT"
"-1.72258","110.1406","332.18","1.31","1.14","2026-08-11","0805","Aqua","MODIS","85","6.1NRT","299.46","38.3","D",,"fire_nrt_M-C61_803220.csv",14106,"NRT"
"-1.70772","110.17334","330.19","1.31","1.13","2026-08-11","0805","Aqua","MODIS","84","6.1NRT","298.74","34.02","D",,"fire_nrt_M-C61_803220.csv",14107,"NRT"
"-1.72587","110.04707","325.67","1.33","1.14","2026-08-11","0805","Aqua","MODIS","80","6.1NRT","298.37","26.59","D",,"fire_nrt_M-C61_803220.csv",14108,"NRT"
"-1.72754","110.03545","315.93","1.34","1.15","2026-08-11","0805","Aqua","MODIS","62","6.1NRT","297.87","11.83","D",,"fire_nrt_M-C61_803220.csv",14109,"NRT"
"-1.70172","110.07361","319.81","1.33","1.14","2026-08-11","0805","Aqua","MODIS","74","6.1NRT","297.74","18.92","D",,"fire_nrt_M-C61_803220.csv",14114,"NRT"
"-1.70344","110.0621","329.42","1.33","1.14","2026-08-11","0805","Aqua","MODIS","83","6.1NRT","299.02","34.49","D",,"fire_nrt_M-C61_803220.csv",14115,"NRT"
"-1.62186","110.06188","324.18","1.33","1.14","2026-08-11","0805","Aqua","MODIS","30","6.1NRT","301.36","20.46","D",,"fire_nrt_M-C61_803220.csv",14118,"NRT"
"-1.46934","110.32678","315.87","1.27","1.12","2026-08-11","0805","Aqua","MODIS","57","6.1NRT","301.39","10.49","D",,"fire_nrt_M-C61_803220.csv",14124,"NRT"
"-1.38239","110.78261","321.76","1.19","1.09","2026-08-11","0805","Aqua","MODIS","77","6.1NRT","302.38","18.15","D",,"fire_nrt_M-C61_803220.csv",14125,"NRT"
"-1.46122","110.17741","321.47","1.3","1.13","2026-08-11","0805","Aqua","MODIS","61","6.1NRT","302.87","17.58","D",,"fire_nrt_M-C61_803220.csv",14126,"NRT"
"-1.46286","110.16621","332.62","1.3","1.13","2026-08-11","0805","Aqua","MODIS","86","6.1NRT","302.18","36.45","D",,"fire_nrt_M-C61_803220.csv",14127,"NRT"
"-1.37791","110.1125","335.65","1.31","1.13","2026-08-11","0805","Aqua","MODIS","88","6.1NRT","300.23","45.47","D",,"fire_nrt_M-C61_803220.csv",14129,"NRT"
"-1.37957","110.10111","330.25","1.31","1.13","2026-08-11","0805","Aqua","MODIS","84","6.1NRT","300.05","34.36","D",,"fire_nrt_M-C61_803220.csv",14130,"NRT"
"-1.368","110.11103","333.98","1.31","1.13","2026-08-11","0805","Aqua","MODIS","87","6.1NRT","301.19","41.04","D",,"fire_nrt_M-C61_803220.csv",14132,"NRT"
"-1.36965","110.09967","333.98","1.31","1.13","2026-08-11","0805","Aqua","MODIS","87","6.1NRT","301.95","40.79","D",,"fire_nrt_M-C61_803220.csv",14133,"NRT"
"-1.37132","110.08823","325.97","1.31","1.14","2026-08-11","0805","Aqua","MODIS","61","6.1NRT","300.92","24.89","D",,"fire_nrt_M-C61_803220.csv",14134,"NRT"
"-1.17596","110.6655","314.69","1.2","1.09","2026-08-11","0805","Aqua","MODIS","67","6.1NRT","300.51","8.98","D",,"fire_nrt_M-C61_803220.csv",14147,"NRT"
"-0.95655","110.26528","322.8","1.26","1.12","2026-08-11","0805","Aqua","MODIS","77","6.1NRT","299.99","20.08","D",,"fire_nrt_M-C61_803220.csv",14172,"NRT"
"-0.95813","110.25433","315.16","1.26","1.12","2026-08-11","0805","Aqua","MODIS","67","6.1NRT","300.24","10.02","D",,"fire_nrt_M-C61_803220.csv",14173,"NRT"
"-0.9468","110.26385","334.44","1.26","1.12","2026-08-11","0805","Aqua","MODIS","87","6.1NRT","299.39","38.94","D",,"fire_nrt_M-C61_803220.csv",14174,"NRT"
"-0.94837","110.25291","326.6","1.26","1.12","2026-08-11","0805","Aqua","MODIS","81","6.1NRT","296.65","24.67","D",,"fire_nrt_M-C61_803220.csv",14175,"NRT"
"-0.87312","110.47877","312.2","1.22","1.1","2026-08-11","0805","Aqua","MODIS","61","6.1NRT","297.9","6.73","D",,"fire_nrt_M-C61_803220.csv",14179,"NRT"
"-0.87387","110.20265","321.24","1.27","1.12","2026-08-11","0805","Aqua","MODIS","76","6.1NRT","300.1","18.37","D",,"fire_nrt_M-C61_803220.csv",14181,"NRT"
"-0.54301","110.57218","310.27","1.2","1.09","2026-08-11","0805","Aqua","MODIS","54","6.1NRT","293.72","6.65","D",,"fire_nrt_M-C61_803220.csv",14208,"NRT"
"-0.42358","110.32717","313.12","1.23","1.1","2026-08-11","0805","Aqua","MODIS","62","6.1NRT","300.12","7.36","D",,"fire_nrt_M-C61_803220.csv",14222,"NRT"
"-2.95377","110.71693","311.49","1.7","1.28","2026-08-11","1304","Terra","MODIS","83","6.1NRT","294.69","18.68","N",,"fire_nrt_M-C61_803220.csv",14491,"NRT"
"-2.95425","110.71066","308.87","1.7","1.28","2026-08-11","1304","Terra","MODIS","75","6.1NRT","294.48","14.66","N",,"fire_nrt_M-C61_803220.csv",14492,"NRT"
"-2.34998","111.03369","302.76","1.57","1.24","2026-08-11","1304","Terra","MODIS","49","6.1NRT","292.22","6.83","N",,"fire_nrt_M-C61_803220.csv",14525,"NRT"
"-2.26052","111.01526","307.47","1.57","1.24","2026-08-11","1304","Terra","MODIS","71","6.1NRT","291.87","12.11","N",,"fire_nrt_M-C61_803220.csv",14526,"NRT"
"-2.25779","111.0092","303.51","1.57","1.24","2026-08-11","1304","Terra","MODIS","54","6.1NRT","291.87","8.04","N",,"fire_nrt_M-C61_803220.csv",14528,"NRT"
"-2.29977","110.28638","303.32","1.79","1.31","2026-08-11","1304","Terra","MODIS","54","6.1NRT","292.82","8.05","N",,"fire_nrt_M-C61_803220.csv",14529,"NRT"
"-2.30508","110.15852","302.28","1.83","1.33","2026-08-11","1304","Terra","MODIS","46","6.1NRT","291.11","8.36","N",,"fire_nrt_M-C61_803220.csv",14530,"NRT"
"-2.25306","110.3744","313.77","1.76","1.3","2026-08-11","1304","Terra","MODIS","88","6.1NRT","291.69","24.04","N",,"fire_nrt_M-C61_803220.csv",14531,"NRT"
"-2.25302","110.38361","303.71","1.76","1.3","2026-08-11","1304","Terra","MODIS","57","6.1NRT","291.51","9.64","N",,"fire_nrt_M-C61_803220.csv",14532,"NRT"
"-2.25515","110.36829","305.6","1.76","1.3","2026-08-11","1304","Terra","MODIS","65","6.1NRT","291.19","12.04","N",,"fire_nrt_M-C61_803220.csv",14533,"NRT"
"-2.24373","110.36676","302.62","1.76","1.3","2026-08-11","1304","Terra","MODIS","29","6.1NRT","290.63","7.72","N",,"fire_nrt_M-C61_803220.csv",14534,"NRT"
"-2.15851","110.31837","306.83","1.77","1.3","2026-08-11","1304","Terra","MODIS","69","6.1NRT","290.04","14.49","N",,"fire_nrt_M-C61_803220.csv",14536,"NRT"
"-2.16064","110.30294","308.44","1.78","1.31","2026-08-11","1304","Terra","MODIS","75","6.1NRT","290.11","16.98","N",,"fire_nrt_M-C61_803220.csv",14537,"NRT"
"-2.01129","110.55268","305.36","1.69","1.28","2026-08-11","1304","Terra","MODIS","64","6.1NRT","293.12","10.25","N",,"fire_nrt_M-C61_803220.csv",14544,"NRT"
"-2.05906","110.2033","302.38","1.8","1.32","2026-08-11","1304","Terra","MODIS","44","6.1NRT","291.17","8.45","N",,"fire_nrt_M-C61_803220.csv",14545,"NRT"
"-2.0612","110.18758","303.02","1.81","1.32","2026-08-11","1304","Terra","MODIS","53","6.1NRT","291.23","9.42","N",,"fire_nrt_M-C61_803220.csv",14546,"NRT"
"-2.02235","110.21419","310.34","1.8","1.31","2026-08-11","1304","Terra","MODIS","45","6.1NRT","290.7","17.72","N",,"fire_nrt_M-C61_803220.csv",14550,"NRT"
"-2.01083","110.21263","305.76","1.8","1.31","2026-08-11","1304","Terra","MODIS","26","6.1NRT","290.11","11.11","N",,"fire_nrt_M-C61_803220.csv",14551,"NRT"
"-2.01291","110.19695","307.21","1.8","1.32","2026-08-11","1304","Terra","MODIS","61","6.1NRT","290.11","13.59","N",,"fire_nrt_M-C61_803220.csv",14552,"NRT"
"-2.00137","110.19536","310.92","1.8","1.32","2026-08-11","1304","Terra","MODIS","19","6.1NRT","290.25","17.84","N",,"fire_nrt_M-C61_803220.csv",14553,"NRT"
"-2.00432","110.19014","319.24","1.8","1.32","2026-08-11","1304","Terra","MODIS","67","6.1NRT","290.39","33.71","N",,"fire_nrt_M-C61_803220.csv",14554,"NRT"
"-1.97908","110.20274","312.91","1.8","1.31","2026-08-11","1304","Terra","MODIS","86","6.1NRT","289.72","24.26","N",,"fire_nrt_M-C61_803220.csv",14555,"NRT"
"-1.88033","110.16702","302.56","1.8","1.32","2026-08-11","1304","Terra","MODIS","35","6.1NRT","290.22","7.89","N",,"fire_nrt_M-C61_803220.csv",14560,"NRT"
"-1.88248","110.15137","304.58","1.81","1.32","2026-08-11","1304","Terra","MODIS","61","6.1NRT","290.02","10.38","N",,"fire_nrt_M-C61_803220.csv",14561,"NRT"
"-1.8688","110.16545","330","1.8","1.32","2026-08-11","1304","Terra","MODIS","100","6.1NRT","290.99","64.57","N",,"fire_nrt_M-C61_803220.csv",14562,"NRT"
"-1.87092","110.14979","316.59","1.81","1.32","2026-08-11","1304","Terra","MODIS","93","6.1NRT","290.25","30.58","N",,"fire_nrt_M-C61_803220.csv",14563,"NRT"
"-1.79539","110.11756","305.24","1.81","1.32","2026-08-11","1304","Terra","MODIS","33","6.1NRT","290.97","10.49","N",,"fire_nrt_M-C61_803220.csv",14566,"NRT"
"-1.77012","110.13018","340.69","1.81","1.32","2026-08-11","1304","Terra","MODIS","100","6.1NRT","293.37","100.33","N",,"fire_nrt_M-C61_803220.csv",14570,"NRT"
"-1.77224","110.11445","311.71","1.81","1.32","2026-08-11","1304","Terra","MODIS","76","6.1NRT","291.08","19.86","N",,"fire_nrt_M-C61_803220.csv",14571,"NRT"
"-1.75856","110.12868","354.69","1.81","1.32","2026-08-11","1304","Terra","MODIS","100","6.1NRT","292.95","169.08","N",,"fire_nrt_M-C61_803220.csv",14575,"NRT"
"-1.76067","110.11294","330.14","1.81","1.32","2026-08-11","1304","Terra","MODIS","100","6.1NRT","291.27","65.25","N",,"fire_nrt_M-C61_803220.csv",14576,"NRT"
"-1.71698","110.26525","322.51","1.76","1.3","2026-08-11","1304","Terra","MODIS","100","6.1NRT","292.54","40.91","N",,"fire_nrt_M-C61_803220.csv",14578,"NRT"
"-1.71673","110.27457","308.91","1.76","1.3","2026-08-11","1304","Terra","MODIS","46","6.1NRT","292","15.24","N",,"fire_nrt_M-C61_803220.csv",14579,"NRT"
"-1.71888","110.25925","321.67","1.76","1.3","2026-08-11","1304","Terra","MODIS","100","6.1NRT","292.32","39.58","N",,"fire_nrt_M-C61_803220.csv",14580,"NRT"
"-1.73571","110.05476","303.32","1.83","1.32","2026-08-11","1304","Terra","MODIS","27","6.1NRT","289.58","8.94","N",,"fire_nrt_M-C61_803220.csv",14581,"NRT"
"-1.7263","110.03725","302.86","1.83","1.33","2026-08-11","1304","Terra","MODIS","22","6.1NRT","290.52","8.13","N",,"fire_nrt_M-C61_803220.csv",14582,"NRT"
"-1.69521","110.17743","315.21","1.79","1.31","2026-08-11","1304","Terra","MODIS","91","6.1NRT","291.59","27.35","N",,"fire_nrt_M-C61_803220.csv",14583,"NRT"
"-1.69735","110.16188","306.55","1.79","1.31","2026-08-11","1304","Terra","MODIS","58","6.1NRT","291.84","12.09","N",,"fire_nrt_M-C61_803220.csv",14584,"NRT"
"-1.61882","110.06541","306.05","1.82","1.32","2026-08-11","1304","Terra","MODIS","67","6.1NRT","291.06","13.16","N",,"fire_nrt_M-C61_803220.csv",14587,"NRT"
"-1.45513","110.17403","308.37","1.77","1.3","2026-08-11","1304","Terra","MODIS","51","6.1NRT","289.37","15.69","N",,"fire_nrt_M-C61_803220.csv",14588,"NRT"
"-1.28935","110.80274","301.35","1.58","1.24","2026-08-11","1304","Terra","MODIS","40","6.1NRT","290.44","6.32","N",,"fire_nrt_M-C61_803220.csv",14589,"NRT"
"-1.36973","110.11507","308.26","1.79","1.31","2026-08-11","1304","Terra","MODIS","74","6.1NRT","292.02","16.15","N",,"fire_nrt_M-C61_803220.csv",14590,"NRT"
"-1.3718","110.09946","308.93","1.79","1.31","2026-08-11","1304","Terra","MODIS","76","6.1NRT","291.48","17.24","N",,"fire_nrt_M-C61_803220.csv",14591,"NRT"
"-1.28674","110.79604","305.87","1.58","1.24","2026-08-11","1304","Terra","MODIS","66","6.1NRT","290.53","10.96","N",,"fire_nrt_M-C61_803220.csv",14592,"NRT"
"-1.3723","110.10909","314.39","1.79","1.31","2026-08-11","1304","Terra","MODIS","89","6.1NRT","291.98","27.2","N",,"fire_nrt_M-C61_803220.csv",14593,"NRT"
"-0.87239","110.48663","306.12","1.64","1.26","2026-08-11","1304","Terra","MODIS","67","6.1NRT","291.72","11.87","N",,"fire_nrt_M-C61_803220.csv",14603,"NRT"
"-0.87427","110.47264","312.06","1.65","1.26","2026-08-11","1304","Terra","MODIS","84","6.1NRT","292.12","20.4","N",,"fire_nrt_M-C61_803220.csv",14604,"NRT"
"-0.87143","110.48083","315.26","1.64","1.26","2026-08-11","1304","Terra","MODIS","91","6.1NRT","292.42","25.1","N",,"fire_nrt_M-C61_803220.csv",14605,"NRT"
"-0.69421","110.36201","305.89","1.67","1.27","2026-08-11","1304","Terra","MODIS","66","6.1NRT","292.72","9.75","N",,"fire_nrt_M-C61_803220.csv",14609,"NRT"
"-0.69373","110.35626","308.86","1.67","1.27","2026-08-11","1304","Terra","MODIS","75","6.1NRT","292.92","14.57","N",,"fire_nrt_M-C61_803220.csv",14612,"NRT"
"-0.65523","110.30635","303.38","1.68","1.27","2026-08-11","1304","Terra","MODIS","53","6.1NRT","291.03","7.47","N",,"fire_nrt_M-C61_803220.csv",14616,"NRT"
"-0.8668","110.47883","309.9","1.17","1.08","2026-08-11","2021","Aqua","MODIS","79","6.1NRT","289.67","11.24","N",,"fire_nrt_M-C61_803220.csv",14721,"NRT"
"-0.87619","110.47739","308.62","1.17","1.08","2026-08-11","2021","Aqua","MODIS","75","6.1NRT","288.11","10.08","N",,"fire_nrt_M-C61_803220.csv",14722,"NRT"
"-0.87292","110.2032","304.54","1.13","1.06","2026-08-11","2021","Aqua","MODIS","61","6.1NRT","289.52","6.85","N",,"fire_nrt_M-C61_803220.csv",14723,"NRT"
"-0.87441","110.21302","308.07","1.13","1.06","2026-08-11","2021","Aqua","MODIS","73","6.1NRT","289.19","9.6","N",,"fire_nrt_M-C61_803220.csv",14724,"NRT"
"-1.36676","110.1141","303.03","1.13","1.06","2026-08-11","2021","Aqua","MODIS","21","6.1NRT","279.96","7.23","N",,"fire_nrt_M-C61_803220.csv",14728,"NRT"
"-1.45671","110.16488","300.3","1.14","1.07","2026-08-11","2021","Aqua","MODIS","10","6.1NRT","282.5","4.89","N",,"fire_nrt_M-C61_803220.csv",14731,"NRT"
"-1.45819","110.17484","308.7","1.14","1.07","2026-08-11","2021","Aqua","MODIS","75","6.1NRT","282.36","11.27","N",,"fire_nrt_M-C61_803220.csv",14732,"NRT"
"-1.70068","110.1781","304.44","1.15","1.07","2026-08-11","2021","Aqua","MODIS","60","6.1NRT","269.37","9.59","N",,"fire_nrt_M-C61_803220.csv",14734,"NRT"
"-1.75679","110.12354","312.3","1.15","1.07","2026-08-11","2021","Aqua","MODIS","85","6.1NRT","273.41","15.09","N",,"fire_nrt_M-C61_803220.csv",14736,"NRT"
"-1.75828","110.13348","343.21","1.15","1.07","2026-08-11","2021","Aqua","MODIS","100","6.1NRT","276.95","61.22","N",,"fire_nrt_M-C61_803220.csv",14737,"NRT"
"-1.75978","110.14345","310.79","1.15","1.07","2026-08-11","2021","Aqua","MODIS","74","6.1NRT","271.97","13.31","N",,"fire_nrt_M-C61_803220.csv",14738,"NRT"
"-1.76612","110.1222","307.6","1.15","1.07","2026-08-11","2021","Aqua","MODIS","72","6.1NRT","274.62","11.53","N",,"fire_nrt_M-C61_803220.csv",14739,"NRT"
"-1.76762","110.13216","335.65","1.15","1.07","2026-08-11","2021","Aqua","MODIS","100","6.1NRT","276.17","46.75","N",,"fire_nrt_M-C61_803220.csv",14740,"NRT"
"-1.86404","110.16241","301.13","1.15","1.07","2026-08-11","2021","Aqua","MODIS","29","6.1NRT","273","6.18","N",,"fire_nrt_M-C61_803220.csv",14741,"NRT"
"-1.87339","110.16104","311.9","1.15","1.07","2026-08-11","2021","Aqua","MODIS","84","6.1NRT","275.18","14.41","N",,"fire_nrt_M-C61_803220.csv",14742,"NRT"
"-1.87491","110.17108","304.27","1.16","1.07","2026-08-11","2021","Aqua","MODIS","34","6.1NRT","277.2","8.33","N",,"fire_nrt_M-C61_803220.csv",14743,"NRT"
"-1.9835","110.21136","303.19","1.16","1.07","2026-08-11","2021","Aqua","MODIS","54","6.1NRT","273.16","8.83","N",,"fire_nrt_M-C61_803220.csv",14744,"NRT"
"-2.2969","110.28693","302.27","1.19","1.08","2026-08-11","2021","Aqua","MODIS","38","6.1NRT","282.13","7.36","N",,"fire_nrt_M-C61_803220.csv",14747,"NRT"
"-0.87351","110.47715","334.64","1.01","1.01","2026-08-12","0124","Terra","MODIS","88","6.1NRT","298.35","31.71","D",,"fire_nrt_M-C61_803220.csv",14807,"NRT"
"-0.87478","110.48605","346.96","1.01","1.01","2026-08-12","0124","Terra","MODIS","94","6.1NRT","297.58","53.04","D",,"fire_nrt_M-C61_803220.csv",14808,"NRT"
"-1.33026","110.63699","309.85","1.02","1.01","2026-08-12","0124","Terra","MODIS","62","6.1NRT","295.93","5.63","D",,"fire_nrt_M-C61_803220.csv",14816,"NRT"
"-1.33917","110.63581","311.26","1.02","1.01","2026-08-12","0124","Terra","MODIS","65","6.1NRT","295.91","6.48","D",,"fire_nrt_M-C61_803220.csv",14817,"NRT"
"-1.36334","110.09393","311.81","1","1","2026-08-12","0124","Terra","MODIS","24","6.1NRT","298.79","5.19","D",,"fire_nrt_M-C61_803220.csv",14818,"NRT"
"-1.36585","110.11149","312.55","1","1","2026-08-12","0124","Terra","MODIS","15","6.1NRT","299.09","6.13","D",,"fire_nrt_M-C61_803220.csv",14819,"NRT"
"-1.37468","110.11028","335.09","1","1","2026-08-12","0124","Terra","MODIS","88","6.1NRT","298.35","30.98","D",,"fire_nrt_M-C61_803220.csv",14820,"NRT"
"-1.47156","110.33295","310.68","1.01","1.01","2026-08-12","0124","Terra","MODIS","60","6.1NRT","297.27","6.13","D",,"fire_nrt_M-C61_803220.csv",14821,"NRT"
"-1.45781","110.17303","315.88","1.01","1","2026-08-12","0124","Terra","MODIS","28","6.1NRT","298.84","8.88","D",,"fire_nrt_M-C61_803220.csv",14822,"NRT"
"-1.46664","110.17181","328.96","1.01","1","2026-08-12","0124","Terra","MODIS","84","6.1NRT","296.64","22.51","D",,"fire_nrt_M-C61_803220.csv",14823,"NRT"
"-1.627","110.06553","323.73","1","1","2026-08-12","0124","Terra","MODIS","80","6.1NRT","299.48","16.28","D",,"fire_nrt_M-C61_803220.csv",14829,"NRT"
"-1.69634","110.17262","307.87","1.01","1","2026-08-12","0124","Terra","MODIS","24","6.1NRT","295.94","3.93","D",,"fire_nrt_M-C61_803220.csv",14830,"NRT"
"-1.6976","110.18144","309.25","1.01","1","2026-08-12","0124","Terra","MODIS","41","6.1NRT","295.75","4.87","D",,"fire_nrt_M-C61_803220.csv",14831,"NRT"
"-1.7191","110.2685","333.89","1.01","1.01","2026-08-12","0124","Terra","MODIS","87","6.1NRT","300.47","28.78","D",,"fire_nrt_M-C61_803220.csv",14832,"NRT"
"-1.72785","110.25237","311.21","1.01","1.01","2026-08-12","0124","Terra","MODIS","63","6.1NRT","298.65","6.44","D",,"fire_nrt_M-C61_803220.csv",14834,"NRT"
"-1.72911","110.26121","313.96","1.01","1.01","2026-08-12","0124","Terra","MODIS","68","6.1NRT","298.01","8.23","D",,"fire_nrt_M-C61_803220.csv",14835,"NRT"
"-1.72165","110.14526","309.17","1.01","1","2026-08-12","0124","Terra","MODIS","43","6.1NRT","297.66","4.61","D",,"fire_nrt_M-C61_803220.csv",14836,"NRT"
"-1.76332","110.12157","343.34","1.01","1","2026-08-12","0124","Terra","MODIS","92","6.1NRT","299.78","43.59","D",,"fire_nrt_M-C61_803220.csv",14838,"NRT"
"-1.76458","110.13038","391.84","1.01","1","2026-08-12","0124","Terra","MODIS","100","6.1NRT","309.06","203.64","D",,"fire_nrt_M-C61_803220.csv",14839,"NRT"
"-1.76584","110.13919","375.59","1.01","1","2026-08-12","0124","Terra","MODIS","87","6.1NRT","303.37","130.61","D",,"fire_nrt_M-C61_803220.csv",14840,"NRT"
"-1.77468","110.13797","324.62","1.01","1","2026-08-12","0124","Terra","MODIS","70","6.1NRT","297.34","16.98","D",,"fire_nrt_M-C61_803220.csv",14841,"NRT"
"-1.79982","110.11007","312.94","1.01","1","2026-08-12","0124","Terra","MODIS","57","6.1NRT","297.59","7.93","D",,"fire_nrt_M-C61_803220.csv",14843,"NRT"
"-1.80108","110.11888","351.71","1.01","1","2026-08-12","0124","Terra","MODIS","84","6.1NRT","299.08","62.71","D",,"fire_nrt_M-C61_803220.csv",14844,"NRT"
"-1.80233","110.12769","341.8","1.01","1","2026-08-12","0124","Terra","MODIS","86","6.1NRT","299.21","42.09","D",,"fire_nrt_M-C61_803220.csv",14845,"NRT"
"-1.82617","110.29555","328.1","1.01","1.01","2026-08-12","0124","Terra","MODIS","83","6.1NRT","298.32","21.65","D",,"fire_nrt_M-C61_803220.csv",14846,"NRT"
"-1.82742","110.30441","323.72","1.01","1.01","2026-08-12","0124","Terra","MODIS","79","6.1NRT","298.12","16.38","D",,"fire_nrt_M-C61_803220.csv",14847,"NRT"
"-1.83643","110.11401","332.79","1.01","1","2026-08-12","0124","Terra","MODIS","0","6.1NRT","298.64","27.67","D",,"fire_nrt_M-C61_803220.csv",14849,"NRT"
"-1.84526","110.1128","309.93","1.01","1","2026-08-12","0124","Terra","MODIS","51","6.1NRT","297.97","4.63","D",,"fire_nrt_M-C61_803220.csv",14850,"NRT"
"-1.8705","110.16325","344.99","1.01","1","2026-08-12","0124","Terra","MODIS","93","6.1NRT","300.71","47.1","D",,"fire_nrt_M-C61_803220.csv",14852,"NRT"
"-1.87177","110.17207","316.42","1.01","1","2026-08-12","0124","Terra","MODIS","15","6.1NRT","296.72","8.8","D",,"fire_nrt_M-C61_803220.csv",14853,"NRT"
"-1.98674","110.20431","331.46","1.01","1.01","2026-08-12","0124","Terra","MODIS","85","6.1NRT","298.64","26.12","D",,"fire_nrt_M-C61_803220.csv",14854,"NRT"
"-1.98801","110.21314","314.32","1.01","1.01","2026-08-12","0124","Terra","MODIS","68","6.1NRT","297.58","7.9","D",,"fire_nrt_M-C61_803220.csv",14855,"NRT"
"-2.0168","110.21174","317.15","1.01","1.01","2026-08-12","0124","Terra","MODIS","72","6.1NRT","298.26","10.46","D",,"fire_nrt_M-C61_803220.csv",14856,"NRT"
"-2.01806","110.22059","317.36","1.01","1.01","2026-08-12","0124","Terra","MODIS","73","6.1NRT","298.38","11.14","D",,"fire_nrt_M-C61_803220.csv",14857,"NRT"
"-2.05981","110.1968","316.37","1.01","1.01","2026-08-12","0124","Terra","MODIS","70","6.1NRT","297.36","9.84","D",,"fire_nrt_M-C61_803220.csv",14860,"NRT"
"-2.30335","110.28055","324.8","1.02","1.01","2026-08-12","0124","Terra","MODIS","81","6.1NRT","298.03","18.01","D",,"fire_nrt_M-C61_803220.csv",14868,"NRT"
"-2.30461","110.28944","316.87","1.02","1.01","2026-08-12","0124","Terra","MODIS","72","6.1NRT","297.27","10.14","D",,"fire_nrt_M-C61_803220.csv",14869,"NRT"
"-2.87427","110.42271","316.14","2.23","1.45","2026-08-12","0839","Aqua","MODIS","58","6.1NRT","296.87","26.22","D",,"fire_nrt_M-C61_803220.csv",14997,"NRT"
"-2.86997","110.4346","310.86","2.23","1.45","2026-08-12","0839","Aqua","MODIS","45","6.1NRT","297.03","14.97","D",,"fire_nrt_M-C61_803220.csv",14999,"NRT"
"-2.87289","110.41528","310.83","2.23","1.45","2026-08-12","0839","Aqua","MODIS","57","6.1NRT","296.66","14.52","D",,"fire_nrt_M-C61_803220.csv",15000,"NRT"
"-2.13903","110.93073","321.62","2.53","1.53","2026-08-12","0839","Aqua","MODIS","73","6.1NRT","294.52","53.7","D",,"fire_nrt_M-C61_803220.csv",15029,"NRT"
"-1.72726","110.26361","318.23","2.27","1.46","2026-08-12","0839","Aqua","MODIS","74","6.1NRT","293.86","36.99","D",,"fire_nrt_M-C61_803220.csv",15069,"NRT"
"-1.73029","110.24405","324.28","2.26","1.46","2026-08-12","0839","Aqua","MODIS","70","6.1NRT","294.84","55.63","D",,"fire_nrt_M-C61_803220.csv",15070,"NRT"
"-1.75997","110.05247","309.03","2.18","1.43","2026-08-12","0839","Aqua","MODIS","46","6.1NRT","286.78","16.9","D",,"fire_nrt_M-C61_803220.csv",15071,"NRT"
"-1.73115","110.2389","322.39","2.26","1.46","2026-08-12","0839","Aqua","MODIS","34","6.1NRT","294.6","42.73","D",,"fire_nrt_M-C61_803220.csv",15073,"NRT"
"-1.32169","110.59373","325.49","2.46","1.51","2026-08-12","0841","Aqua","MODIS","61","6.1NRT","291.49","68.79","D",,"fire_nrt_M-C61_803220.csv",15082,"NRT"
"-2.57068","110.21846","304.2","1.64","1.26","2026-08-12","1342","Terra","MODIS","57","6.1NRT","294.08","8.21","N",,"fire_nrt_M-C61_803220.csv",15198,"NRT"
"-2.56986","110.21255","304.68","1.64","1.26","2026-08-12","1342","Terra","MODIS","49","6.1NRT","294.06","7.65","N",,"fire_nrt_M-C61_803220.csv",15200,"NRT"
"-2.3664","110.67962","315.1","1.79","1.31","2026-08-12","1342","Terra","MODIS","90","6.1NRT","293.77","28.39","N",,"fire_nrt_M-C61_803220.csv",15202,"NRT"
"-2.36862","110.66401","304.54","1.79","1.31","2026-08-12","1342","Terra","MODIS","60","6.1NRT","293.47","10.8","N",,"fire_nrt_M-C61_803220.csv",15203,"NRT"
"-2.38177","110.25204","316.68","1.66","1.27","2026-08-12","1342","Terra","MODIS","94","6.1NRT","294.42","26.08","N",,"fire_nrt_M-C61_803220.csv",15205,"NRT"
"-2.37939","110.26064","307.3","1.66","1.27","2026-08-12","1342","Terra","MODIS","71","6.1NRT","293.94","11.82","N",,"fire_nrt_M-C61_803220.csv",15206,"NRT"
"-2.38138","110.24626","312.35","1.66","1.27","2026-08-12","1342","Terra","MODIS","85","6.1NRT","294.54","19.04","N",,"fire_nrt_M-C61_803220.csv",15207,"NRT"
"-2.37027","110.24459","306.39","1.66","1.27","2026-08-12","1342","Terra","MODIS","68","6.1NRT","294.35","10.19","N",,"fire_nrt_M-C61_803220.csv",15208,"NRT"
"-2.04115","110.6141","304.35","1.79","1.31","2026-08-12","1342","Terra","MODIS","60","6.1NRT","293.79","8.75","N",,"fire_nrt_M-C61_803220.csv",15225,"NRT"
"-2.04403","110.608","306.84","1.79","1.31","2026-08-12","1342","Terra","MODIS","69","6.1NRT","293.89","13.16","N",,"fire_nrt_M-C61_803220.csv",15227,"NRT"
"-2.00916","110.20365","306.73","1.67","1.27","2026-08-12","1342","Terra","MODIS","32","6.1NRT","294","10.01","N",,"fire_nrt_M-C61_803220.csv",15230,"NRT"
"-2.00898","110.19798","305.72","1.67","1.27","2026-08-12","1342","Terra","MODIS","19","6.1NRT","293.74","8.78","N",,"fire_nrt_M-C61_803220.csv",15231,"NRT"
"-1.98465","110.20924","312.14","1.67","1.27","2026-08-12","1342","Terra","MODIS","84","6.1NRT","294.64","18.82","N",,"fire_nrt_M-C61_803220.csv",15232,"NRT"
"-1.98669","110.19475","304.52","1.67","1.27","2026-08-12","1342","Terra","MODIS","51","6.1NRT","294.15","7.97","N",,"fire_nrt_M-C61_803220.csv",15233,"NRT"
"-1.87514","110.1721","307.21","1.67","1.27","2026-08-12","1342","Terra","MODIS","71","6.1NRT","294.71","10.97","N",,"fire_nrt_M-C61_803220.csv",15236,"NRT"
"-1.87721","110.15752","316.56","1.66","1.27","2026-08-12","1342","Terra","MODIS","93","6.1NRT","295.23","25.87","N",,"fire_nrt_M-C61_803220.csv",15237,"NRT"
"-1.86399","110.1705","318.04","1.67","1.27","2026-08-12","1342","Terra","MODIS","96","6.1NRT","294.76","28.37","N",,"fire_nrt_M-C61_803220.csv",15238,"NRT"
"-1.86608","110.15592","326.42","1.66","1.27","2026-08-12","1342","Terra","MODIS","100","6.1NRT","295.24","46.39","N",,"fire_nrt_M-C61_803220.csv",15239,"NRT"
"-1.79908","110.14057","322.59","1.66","1.27","2026-08-12","1342","Terra","MODIS","100","6.1NRT","294.61","35.83","N",,"fire_nrt_M-C61_803220.csv",15241,"NRT"
"-1.80112","110.12611","310.42","1.66","1.27","2026-08-12","1342","Terra","MODIS","39","6.1NRT","294.19","14.25","N",,"fire_nrt_M-C61_803220.csv",15242,"NRT"
"-1.78795","110.13898","309.39","1.66","1.27","2026-08-12","1342","Terra","MODIS","33","6.1NRT","294.06","12.47","N",,"fire_nrt_M-C61_803220.csv",15243,"NRT"
"-1.77682","110.13734","312.54","1.66","1.27","2026-08-12","1342","Terra","MODIS","25","6.1NRT","294.35","15.86","N",,"fire_nrt_M-C61_803220.csv",15245,"NRT"
"-1.76568","110.13578","352.77","1.66","1.27","2026-08-12","1342","Terra","MODIS","100","6.1NRT","297.68","137.51","N",,"fire_nrt_M-C61_803220.csv",15246,"NRT"
"-1.76777","110.12128","326.59","1.66","1.27","2026-08-12","1342","Terra","MODIS","100","6.1NRT","295.42","45.69","N",,"fire_nrt_M-C61_803220.csv",15247,"NRT"
"-1.75666","110.11964","304.87","1.66","1.27","2026-08-12","1342","Terra","MODIS","61","6.1NRT","294.35","7.91","N",,"fire_nrt_M-C61_803220.csv",15248,"NRT"
"-1.76497","110.06222","304.7","1.64","1.26","2026-08-12","1342","Terra","MODIS","61","6.1NRT","293.53","8.38","N",,"fire_nrt_M-C61_803220.csv",15249,"NRT"
"-1.76219","110.06994","307.58","1.65","1.26","2026-08-12","1342","Terra","MODIS","71","6.1NRT","293.59","11.21","N",,"fire_nrt_M-C61_803220.csv",15252,"NRT"
"-1.72491","110.25816","307.09","1.7","1.28","2026-08-12","1342","Terra","MODIS","70","6.1NRT","294.28","10.98","N",,"fire_nrt_M-C61_803220.csv",15253,"NRT"
"-1.72696","110.24333","309.45","1.7","1.28","2026-08-12","1342","Terra","MODIS","77","6.1NRT","294.16","13.81","N",,"fire_nrt_M-C61_803220.csv",15254,"NRT"
"-1.68464","110.05885","313.08","1.65","1.26","2026-08-12","1342","Terra","MODIS","86","6.1NRT","293.99","19.48","N",,"fire_nrt_M-C61_803220.csv",15255,"NRT"
"-1.6867","110.04453","312.32","1.64","1.26","2026-08-12","1342","Terra","MODIS","84","6.1NRT","293.86","18.68","N",,"fire_nrt_M-C61_803220.csv",15256,"NRT"
"-1.67148","110.07164","318.55","1.65","1.26","2026-08-12","1342","Terra","MODIS","97","6.1NRT","294.06","29.33","N",,"fire_nrt_M-C61_803220.csv",15257,"NRT"
"-1.66891","110.08028","312.01","1.65","1.26","2026-08-12","1342","Terra","MODIS","84","6.1NRT","294.14","18.01","N",,"fire_nrt_M-C61_803220.csv",15258,"NRT"
"-1.67088","110.06588","309.83","1.65","1.26","2026-08-12","1342","Terra","MODIS","78","6.1NRT","293.81","14.51","N",,"fire_nrt_M-C61_803220.csv",15259,"NRT"
"-1.46061","110.17803","306.83","1.69","1.28","2026-08-12","1342","Terra","MODIS","69","6.1NRT","294.11","11.15","N",,"fire_nrt_M-C61_803220.csv",15263,"NRT"
"-1.46276","110.16319","310.38","1.69","1.28","2026-08-12","1342","Terra","MODIS","80","6.1NRT","293.92","16.32","N",,"fire_nrt_M-C61_803220.csv",15264,"NRT"
"-1.46115","110.17216","311.35","1.69","1.28","2026-08-12","1342","Terra","MODIS","82","6.1NRT","294.14","18.32","N",,"fire_nrt_M-C61_803220.csv",15266,"NRT"
"-1.37775","110.11517","315.06","1.68","1.27","2026-08-12","1342","Terra","MODIS","90","6.1NRT","293.72","23.85","N",,"fire_nrt_M-C61_803220.csv",15269,"NRT"
"-1.37987","110.1006","304.4","1.68","1.27","2026-08-12","1342","Terra","MODIS","13","6.1NRT","293.15","7.33","N",,"fire_nrt_M-C61_803220.csv",15270,"NRT"
"-1.37791","110.10863","317.62","1.68","1.27","2026-08-12","1342","Terra","MODIS","95","6.1NRT","293.66","29","N",,"fire_nrt_M-C61_803220.csv",15271,"NRT"
"-1.31198","110.50208","305.74","1.81","1.32","2026-08-12","1342","Terra","MODIS","65","6.1NRT","292.86","11.65","N",,"fire_nrt_M-C61_803220.csv",15272,"NRT"
"-1.36673","110.10703","310.01","1.68","1.27","2026-08-12","1342","Terra","MODIS","79","6.1NRT","293.41","16.23","N",,"fire_nrt_M-C61_803220.csv",15273,"NRT"
"-2.37661","110.66335","310.09","4.28","1.91","2026-08-13","1244","Terra","MODIS","79","6.1NRT","285.35","74.91","N",,"fire_nrt_M-C61_803220.csv",15709,"NRT"
"-2.36641","110.69298","304.02","4.25","1.91","2026-08-13","1244","Terra","MODIS","58","6.1NRT","285.64","42.79","N",,"fire_nrt_M-C61_803220.csv",15710,"NRT"
"-2.37154","110.65614","306.85","4.28","1.91","2026-08-13","1244","Terra","MODIS","69","6.1NRT","285.92","57.47","N",,"fire_nrt_M-C61_803220.csv",15711,"NRT"
"-1.65412","110.08363","302.71","4.64","1.97","2026-08-13","1244","Terra","MODIS","51","6.1NRT","286.41","36.02","N",,"fire_nrt_M-C61_803220.csv",15717,"NRT"
"-1.65196","110.07829","303.41","4.64","1.97","2026-08-13","1244","Terra","MODIS","43","6.1NRT","285.51","37.64","N",,"fire_nrt_M-C61_803220.csv",15718,"NRT"
"-1.37809","110.1098","300.63","4.57","1.96","2026-08-13","1244","Terra","MODIS","31","6.1NRT","286.69","30.69","N",,"fire_nrt_M-C61_803220.csv",15719,"NRT"
"-1.3757","110.10254","300.88","4.57","1.96","2026-08-13","1244","Terra","MODIS","32","6.1NRT","286.71","30.39","N",,"fire_nrt_M-C61_803220.csv",15721,"NRT"
"-0.88006","110.46838","306.68","1.32","1.14","2026-08-13","2000","Aqua","MODIS","69","6.1NRT","291.15","9.43","N",,"fire_nrt_M-C61_803220.csv",15756,"NRT"
"-0.88182","110.4798","307.88","1.31","1.14","2026-08-13","2000","Aqua","MODIS","73","6.1NRT","291.34","10.64","N",,"fire_nrt_M-C61_803220.csv",15757,"NRT"
"-0.87071","110.20712","302.86","1.37","1.16","2026-08-13","2000","Aqua","MODIS","46","6.1NRT","289.39","7.32","N",,"fire_nrt_M-C61_803220.csv",15765,"NRT"
"-1.3693","110.1134","311.78","1.37","1.16","2026-08-13","2000","Aqua","MODIS","83","6.1NRT","288.01","15.69","N",,"fire_nrt_M-C61_803220.csv",15774,"NRT"
"-1.37026","110.1198","314.01","1.37","1.16","2026-08-13","2000","Aqua","MODIS","85","6.1NRT","288.31","18.3","N",,"fire_nrt_M-C61_803220.csv",15775,"NRT"
"-1.65957","110.06927","322.1","1.36","1.16","2026-08-13","2000","Aqua","MODIS","100","6.1NRT","278.71","33.56","N",,"fire_nrt_M-C61_803220.csv",15781,"NRT"
"-2.73364","110.58995","300.52","1.22","1.1","2026-08-13","2002","Aqua","MODIS","29","6.1NRT","274.48","7.03","N",,"fire_nrt_M-C61_803220.csv",15808,"NRT"
"-2.73525","110.60058","306.01","1.22","1.1","2026-08-13","2002","Aqua","MODIS","66","6.1NRT","274.37","11.28","N",,"fire_nrt_M-C61_803220.csv",15809,"NRT"
"-2.73906","110.59427","312.93","1.22","1.1","2026-08-13","2002","Aqua","MODIS","86","6.1NRT","277","17.11","N",,"fire_nrt_M-C61_803220.csv",15810,"NRT"
"-1.86927","110.16408","315.24","1.6","1.24","2026-08-14","0105","Terra","MODIS","73","6.1NRT","290.45","19.5","D",,"fire_nrt_M-C61_803220.csv",15848,"NRT"
"-1.65919","110.06197","322.83","1.64","1.26","2026-08-14","0105","Terra","MODIS","80","6.1NRT","291.93","34.01","D",,"fire_nrt_M-C61_803220.csv",15888,"NRT"
"-1.66126","110.07628","320.26","1.63","1.26","2026-08-14","0105","Terra","MODIS","78","6.1NRT","290.98","29.15","D",,"fire_nrt_M-C61_803220.csv",15889,"NRT"
"-1.76101","110.12858","311.23","1.61","1.25","2026-08-14","0105","Terra","MODIS","63","6.1NRT","284.57","13.79","D",,"fire_nrt_M-C61_803220.csv",15894,"NRT"
"-1.37845","110.10646","310.34","1.64","1.26","2026-08-14","0105","Terra","MODIS","34","6.1NRT","293.12","10.64","D",,"fire_nrt_M-C61_803220.csv",15908,"NRT"
"-0.95286","110.49957","314.49","1.04","1.02","2026-08-14","0820","Aqua","MODIS","63","6.1NRT","299.51","5.74","D",,"fire_nrt_M-C61_803220.csv",16039,"NRT"
"-0.89188","110.47546","330.85","1.04","1.02","2026-08-14","0820","Aqua","MODIS","84","6.1NRT","300.16","23.21","D",,"fire_nrt_M-C61_803220.csv",16041,"NRT"
"-0.8932","110.46645","327.49","1.04","1.02","2026-08-14","0820","Aqua","MODIS","81","6.1NRT","300.22","18.71","D",,"fire_nrt_M-C61_803220.csv",16042,"NRT"
"-0.84645","110.41374","317.08","1.03","1.02","2026-08-14","0820","Aqua","MODIS","69","6.1NRT","300.34","8.14","D",,"fire_nrt_M-C61_803220.csv",16046,"NRT"
"-0.87675","110.2084","317.56","1.02","1.01","2026-08-14","0820","Aqua","MODIS","69","6.1NRT","298.77","9.2","D",,"fire_nrt_M-C61_803220.csv",16047,"NRT"
"-0.76711","110.50595","312.93","1.04","1.02","2026-08-14","0820","Aqua","MODIS","61","6.1NRT","299.14","5.05","D",,"fire_nrt_M-C61_803220.csv",16050,"NRT"
"-0.65902","110.67965","336.52","1.06","1.03","2026-08-14","0820","Aqua","MODIS","88","6.1NRT","298.23","35.2","D",,"fire_nrt_M-C61_803220.csv",16059,"NRT"
"-0.59199","110.44","313.31","1.04","1.02","2026-08-14","0820","Aqua","MODIS","62","6.1NRT","297.63","5.95","D",,"fire_nrt_M-C61_803220.csv",16072,"NRT"
"-0.56619","110.49158","308.75","1.04","1.02","2026-08-14","0820","Aqua","MODIS","13","6.1NRT","294.52","4.09","D",,"fire_nrt_M-C61_803220.csv",16073,"NRT"
"-0.50335","109.96835","314.07","1.01","1.01","2026-08-14","0820","Aqua","MODIS","63","6.1NRT","299.53","6.56","D",,"fire_nrt_M-C61_803220.csv",16078,"NRT"
"-2.76663","110.67191","327.38","1.02","1.01","2026-08-14","0820","Aqua","MODIS","81","6.1NRT","296.76","21.66","D",,"fire_nrt_M-C61_803220.csv",16320,"NRT"
"-2.75778","110.6706","309.78","1.02","1.01","2026-08-14","0820","Aqua","MODIS","48","6.1NRT","296.17","4.87","D",,"fire_nrt_M-C61_803220.csv",16321,"NRT"
"-2.74181","110.59544","325.26","1.02","1.01","2026-08-14","0820","Aqua","MODIS","79","6.1NRT","297.7","18.63","D",,"fire_nrt_M-C61_803220.csv",16323,"NRT"
"-2.74313","110.58656","322.99","1.02","1.01","2026-08-14","0820","Aqua","MODIS","77","6.1NRT","297.3","15.75","D",,"fire_nrt_M-C61_803220.csv",16324,"NRT"
"-2.66459","110.9266","317.86","1.04","1.02","2026-08-14","0820","Aqua","MODIS","70","6.1NRT","296.35","10.92","D",,"fire_nrt_M-C61_803220.csv",16325,"NRT"
"-2.65568","110.92528","312.49","1.04","1.02","2026-08-14","0820","Aqua","MODIS","47","6.1NRT","296.18","5.89","D",,"fire_nrt_M-C61_803220.csv",16328,"NRT"
"-2.57471","110.21912","313.24","1.01","1","2026-08-14","0820","Aqua","MODIS","61","6.1NRT","298.73","5.7","D",,"fire_nrt_M-C61_803220.csv",16333,"NRT"
"-2.57599","110.21036","330.09","1.01","1","2026-08-14","0820","Aqua","MODIS","83","6.1NRT","299.12","22.95","D",,"fire_nrt_M-C61_803220.csv",16334,"NRT"
"-2.4654","110.65473","314.25","1.03","1.01","2026-08-14","0820","Aqua","MODIS","64","6.1NRT","297.63","6.26","D",,"fire_nrt_M-C61_803220.csv",16336,"NRT"
"-2.28408","110.56986","324.12","1.02","1.01","2026-08-14","0820","Aqua","MODIS","78","6.1NRT","298.83","16.19","D",,"fire_nrt_M-C61_803220.csv",16339,"NRT"
"-2.23885","110.67525","360.24","1.03","1.01","2026-08-14","0820","Aqua","MODIS","94","6.1NRT","299.59","84.7","D",,"fire_nrt_M-C61_803220.csv",16344,"NRT"
"-2.24017","110.66629","316.93","1.03","1.01","2026-08-14","0820","Aqua","MODIS","46","6.1NRT","298.76","9.02","D",,"fire_nrt_M-C61_803220.csv",16345,"NRT"
"-2.29492","110.29336","313.56","1.01","1.01","2026-08-14","0820","Aqua","MODIS","45","6.1NRT","299.15","5.13","D",,"fire_nrt_M-C61_803220.csv",16346,"NRT"
"-2.27473","110.30836","365.7","1.01","1.01","2026-08-14","0820","Aqua","MODIS","100","6.1NRT","301.25","97.2","D",,"fire_nrt_M-C61_803220.csv",16348,"NRT"
"-2.27603","110.29955","340.92","1.01","1.01","2026-08-14","0820","Aqua","MODIS","91","6.1NRT","299.72","37.88","D",,"fire_nrt_M-C61_803220.csv",16349,"NRT"
"-2.26593","110.30706","349.43","1.01","1.01","2026-08-14","0820","Aqua","MODIS","95","6.1NRT","298.7","55.01","D",,"fire_nrt_M-C61_803220.csv",16350,"NRT"
"-2.26723","110.29825","325.35","1.01","1.01","2026-08-14","0820","Aqua","MODIS","79","6.1NRT","298.18","15.91","D",,"fire_nrt_M-C61_803220.csv",16351,"NRT"
"-2.22813","110.31947","314.21","1.01","1.01","2026-08-14","0820","Aqua","MODIS","62","6.1NRT","298.45","6.37","D",,"fire_nrt_M-C61_803220.csv",16352,"NRT"
"-2.22943","110.31063","312.64","1.01","1.01","2026-08-14","0820","Aqua","MODIS","58","6.1NRT","298.51","5.15","D",,"fire_nrt_M-C61_803220.csv",16353,"NRT"
"-2.18488","110.47916","326.49","1.02","1.01","2026-08-14","0820","Aqua","MODIS","80","6.1NRT","298.77","19.97","D",,"fire_nrt_M-C61_803220.csv",16356,"NRT"
"-2.06744","110.96844","322.36","1.05","1.03","2026-08-14","0820","Aqua","MODIS","76","6.1NRT","297.02","15.84","D",,"fire_nrt_M-C61_803220.csv",16359,"NRT"
"-2.16422","110.31329","312.18","1.01","1.01","2026-08-14","0820","Aqua","MODIS","33","6.1NRT","296.98","3.87","D",,"fire_nrt_M-C61_803220.csv",16360,"NRT"
"-2.16552","110.30448","314.87","1.01","1.01","2026-08-14","0820","Aqua","MODIS","42","6.1NRT","299.19","6.25","D",,"fire_nrt_M-C61_803220.csv",16361,"NRT"
"-2.08816","110.76682","314.67","1.04","1.02","2026-08-14","0820","Aqua","MODIS","63","6.1NRT","298.97","6.16","D",,"fire_nrt_M-C61_803220.csv",16362,"NRT"
"-2.13843","110.42695","313.63","1.02","1.01","2026-08-14","0820","Aqua","MODIS","54","6.1NRT","297.23","7.09","D",,"fire_nrt_M-C61_803220.csv",16363,"NRT"
"-1.98869","110.81024","317.33","1.04","1.02","2026-08-14","0820","Aqua","MODIS","68","6.1NRT","295.07","10.9","D",,"fire_nrt_M-C61_803220.csv",16364,"NRT"
"-1.97301","110.85436","335.12","1.05","1.02","2026-08-14","0820","Aqua","MODIS","87","6.1NRT","298.15","31.45","D",,"fire_nrt_M-C61_803220.csv",16365,"NRT"
"-1.97436","110.84526","353.51","1.05","1.02","2026-08-14","0820","Aqua","MODIS","97","6.1NRT","298.55","68.45","D",,"fire_nrt_M-C61_803220.csv",16366,"NRT"
"-2.02546","110.43982","323.39","1.02","1.01","2026-08-14","0820","Aqua","MODIS","76","6.1NRT","300.53","14.64","D",,"fire_nrt_M-C61_803220.csv",16367,"NRT"
"-2.02678","110.43094","316.82","1.02","1.01","2026-08-14","0820","Aqua","MODIS","57","6.1NRT","299.8","8.52","D",,"fire_nrt_M-C61_803220.csv",16368,"NRT"
"-2.06206","110.19262","315.88","1.01","1","2026-08-14","0820","Aqua","MODIS","38","6.1NRT","298.65","6.64","D",,"fire_nrt_M-C61_803220.csv",16369,"NRT"
"-1.93323","110.93601","322.36","1.05","1.03","2026-08-14","0820","Aqua","MODIS","76","6.1NRT","298.07","15.55","D",,"fire_nrt_M-C61_803220.csv",16371,"NRT"
"-2.02444","110.19033","325.62","1.01","1","2026-08-14","0820","Aqua","MODIS","79","6.1NRT","299.19","15.23","D",,"fire_nrt_M-C61_803220.csv",16373,"NRT"
"-2.02573","110.18154","319.52","1.01","1","2026-08-14","0820","Aqua","MODIS","68","6.1NRT","299.71","9.76","D",,"fire_nrt_M-C61_803220.csv",16374,"NRT"
"-1.91416","110.1854","311.9","1.01","1.01","2026-08-14","0820","Aqua","MODIS","46","6.1NRT","299.05","4.91","D",,"fire_nrt_M-C61_803220.csv",16377,"NRT"
"-1.91546","110.17661","319.67","1.01","1.01","2026-08-14","0820","Aqua","MODIS","65","6.1NRT","298.9","10.49","D",,"fire_nrt_M-C61_803220.csv",16378,"NRT"
"-1.89686","110.12002","321.72","1.01","1","2026-08-14","0820","Aqua","MODIS","46","6.1NRT","301.2","10.41","D",,"fire_nrt_M-C61_803220.csv",16379,"NRT"
"-1.88289","110.15383","332.04","1.01","1","2026-08-14","0820","Aqua","MODIS","43","6.1NRT","300.89","21.13","D",,"fire_nrt_M-C61_803220.csv",16382,"NRT"
"-1.87281","110.16132","351.56","1.01","1","2026-08-14","0820","Aqua","MODIS","96","6.1NRT","302.43","57.87","D",,"fire_nrt_M-C61_803220.csv",16385,"NRT"
"-1.83749","110.20422","314.01","1.01","1.01","2026-08-14","0820","Aqua","MODIS","58","6.1NRT","299.28","5.9","D",,"fire_nrt_M-C61_803220.csv",16390,"NRT"
"-1.84161","110.11504","324.75","1.01","1","2026-08-14","0820","Aqua","MODIS","59","6.1NRT","299.44","16.26","D",,"fire_nrt_M-C61_803220.csv",16391,"NRT"
"-1.71919","110.76135","313.53","1.04","1.02","2026-08-14","0820","Aqua","MODIS","62","6.1NRT","299.02","5.97","D",,"fire_nrt_M-C61_803220.csv",16392,"NRT"
"-1.75982","110.22219","313.31","1.01","1.01","2026-08-14","0820","Aqua","MODIS","35","6.1NRT","298.85","5.15","D",,"fire_nrt_M-C61_803220.csv",16393,"NRT"
"-1.76264","110.14166","379","1.01","1.01","2026-08-14","0820","Aqua","MODIS","75","6.1NRT","302.87","143.11","D",,"fire_nrt_M-C61_803220.csv",16394,"NRT"
"-1.76393","110.13287","337.12","1.01","1","2026-08-14","0820","Aqua","MODIS","83","6.1NRT","301.09","30.86","D",,"fire_nrt_M-C61_803220.csv",16395,"NRT"
"-1.76522","110.12408","326.78","1.01","1","2026-08-14","0820","Aqua","MODIS","80","6.1NRT","301","17.1","D",,"fire_nrt_M-C61_803220.csv",16396,"NRT"
"-1.7005","110.50361","314.71","1.03","1.01","2026-08-14","0820","Aqua","MODIS","45","6.1NRT","297.74","5.91","D",,"fire_nrt_M-C61_803220.csv",16397,"NRT"
"-1.7461","110.19315","323.03","1.01","1.01","2026-08-14","0820","Aqua","MODIS","67","6.1NRT","299.26","12.57","D",,"fire_nrt_M-C61_803220.csv",16398,"NRT"
"-1.76288","110.07889","372.93","1.01","1","2026-08-14","0820","Aqua","MODIS","100","6.1NRT","299.72","120.19","D",,"fire_nrt_M-C61_803220.csv",16399,"NRT"
"-1.76417","110.07013","362.54","1.01","1","2026-08-14","0820","Aqua","MODIS","100","6.1NRT","301.24","86.39","D",,"fire_nrt_M-C61_803220.csv",16400,"NRT"
"-1.76932","110.03508","313.91","1.01","1","2026-08-14","0820","Aqua","MODIS","52","6.1NRT","298.93","5.03","D",,"fire_nrt_M-C61_803220.csv",16401,"NRT"
"-1.67845","110.59193","315.04","1.03","1.02","2026-08-14","0820","Aqua","MODIS","65","6.1NRT","296.69","6.8","D",,"fire_nrt_M-C61_803220.csv",16402,"NRT"
"-1.67977","110.58294","321.58","1.03","1.02","2026-08-14","0820","Aqua","MODIS","75","6.1NRT","298.32","13.26","D",,"fire_nrt_M-C61_803220.csv",16403,"NRT"
"-1.69821","110.45765","313.5","1.03","1.01","2026-08-14","0820","Aqua","MODIS","58","6.1NRT","297.6","6.52","D",,"fire_nrt_M-C61_803220.csv",16404,"NRT"
"-1.72822","110.25356","320.23","1.02","1.01","2026-08-14","0820","Aqua","MODIS","48","6.1NRT","299.32","9.99","D",,"fire_nrt_M-C61_803220.csv",16405,"NRT"
"-1.72952","110.24474","323.09","1.02","1.01","2026-08-14","0820","Aqua","MODIS","48","6.1NRT","300.61","12.91","D",,"fire_nrt_M-C61_803220.csv",16406,"NRT"
"-1.7541","110.07759","359.5","1.01","1","2026-08-14","0820","Aqua","MODIS","99","6.1NRT","298.16","78.34","D",,"fire_nrt_M-C61_803220.csv",16407,"NRT"
"-1.75539","110.06882","355.36","1.01","1","2026-08-14","0820","Aqua","MODIS","98","6.1NRT","299.12","67.54","D",,"fire_nrt_M-C61_803220.csv",16408,"NRT"
"-1.75668","110.06006","321.06","1.01","1","2026-08-14","0820","Aqua","MODIS","67","6.1NRT","299.05","10.62","D",,"fire_nrt_M-C61_803220.csv",16409,"NRT"
"-1.73007","110.11888","314.53","1.01","1","2026-08-14","0820","Aqua","MODIS","35","6.1NRT","298.11","6.06","D",,"fire_nrt_M-C61_803220.csv",16410,"NRT"
"-1.70601","110.16022","311.06","1.01","1.01","2026-08-14","0820","Aqua","MODIS","24","6.1NRT","295.1","4.01","D",,"fire_nrt_M-C61_803220.csv",16411,"NRT"
"-1.60854","110.75692","315.35","1.05","1.02","2026-08-14","0820","Aqua","MODIS","66","6.1NRT","298.9","7.83","D",,"fire_nrt_M-C61_803220.csv",16412,"NRT"
"-1.71019","110.0711","323.29","1.01","1","2026-08-14","0820","Aqua","MODIS","77","6.1NRT","297.48","14.9","D",,"fire_nrt_M-C61_803220.csv",16413,"NRT"
"-1.64378","110.4587","314.98","1.03","1.01","2026-08-14","0820","Aqua","MODIS","65","6.1NRT","298.17","7.33","D",,"fire_nrt_M-C61_803220.csv",16414,"NRT"
"-1.56251","110.81876","319.4","1.05","1.02","2026-08-14","0820","Aqua","MODIS","73","6.1NRT","300.62","11.45","D",,"fire_nrt_M-C61_803220.csv",16415,"NRT"
"-1.60104","110.55627","313.63","1.03","1.02","2026-08-14","0820","Aqua","MODIS","62","6.1NRT","296.56","6.14","D",,"fire_nrt_M-C61_803220.csv",16416,"NRT"
"-1.66254","110.07622","375.33","1.01","1","2026-08-14","0820","Aqua","MODIS","100","6.1NRT","299.19","130.39","D",,"fire_nrt_M-C61_803220.csv",16417,"NRT"
"-1.66383","110.06744","410.27","1.01","1","2026-08-14","0820","Aqua","MODIS","100","6.1NRT","305.82","316.5","D",,"fire_nrt_M-C61_803220.csv",16418,"NRT"
"-1.66511","110.05868","347.97","1.01","1","2026-08-14","0820","Aqua","MODIS","94","6.1NRT","302.13","51.38","D",,"fire_nrt_M-C61_803220.csv",16419,"NRT"
"-1.6664","110.0499","322.97","1.01","1","2026-08-14","0820","Aqua","MODIS","77","6.1NRT","298.67","13.47","D",,"fire_nrt_M-C61_803220.csv",16420,"NRT"
"-1.65375","110.07492","343.93","1.01","1","2026-08-14","0820","Aqua","MODIS","92","6.1NRT","298.07","44.04","D",,"fire_nrt_M-C61_803220.csv",16421,"NRT"
"-1.65504","110.06615","374.13","1.01","1","2026-08-14","0820","Aqua","MODIS","100","6.1NRT","301.64","124.25","D",,"fire_nrt_M-C61_803220.csv",16422,"NRT"
"-1.65633","110.05737","359.21","1.01","1","2026-08-14","0820","Aqua","MODIS","99","6.1NRT","301.13","76.7","D",,"fire_nrt_M-C61_803220.csv",16423,"NRT"
"-1.65762","110.04861","326.2","1.01","1","2026-08-14","0820","Aqua","MODIS","69","6.1NRT","298.44","15.73","D",,"fire_nrt_M-C61_803220.csv",16424,"NRT"
"-1.45229","110.24888","318.03","1.02","1.01","2026-08-14","0820","Aqua","MODIS","70","6.1NRT","298.72","9.48","D",,"fire_nrt_M-C61_803220.csv",16427,"NRT"
"-1.46398","110.16938","318.07","1.01","1.01","2026-08-14","0820","Aqua","MODIS","54","6.1NRT","299.99","8.62","D",,"fire_nrt_M-C61_803220.csv",16428,"NRT"
"-1.37754","110.69539","313.03","1.05","1.02","2026-08-14","0820","Aqua","MODIS","60","6.1NRT","298.9","5.73","D",,"fire_nrt_M-C61_803220.csv",16429,"NRT"
"-1.38786","110.11554","355.12","1.01","1.01","2026-08-14","0820","Aqua","MODIS","97","6.1NRT","299.91","65.86","D",,"fire_nrt_M-C61_803220.csv",16431,"NRT"
"-1.38915","110.10674","345.4","1.01","1.01","2026-08-14","0820","Aqua","MODIS","84","6.1NRT","299.25","43.66","D",,"fire_nrt_M-C61_803220.csv",16432,"NRT"
"-1.3163","110.54123","316.27","1.04","1.02","2026-08-14","0820","Aqua","MODIS","67","6.1NRT","300.22","6.68","D",,"fire_nrt_M-C61_803220.csv",16433,"NRT"
"-1.31762","110.53223","315.63","1.04","1.02","2026-08-14","0820","Aqua","MODIS","66","6.1NRT","300.28","5.89","D",,"fire_nrt_M-C61_803220.csv",16434,"NRT"
"-1.37906","110.11423","352.56","1.01","1.01","2026-08-14","0820","Aqua","MODIS","96","6.1NRT","301.43","59.24","D",,"fire_nrt_M-C61_803220.csv",16435,"NRT"
"-1.38036","110.10544","333.75","1.01","1.01","2026-08-14","0820","Aqua","MODIS","58","6.1NRT","300","23.99","D",,"fire_nrt_M-C61_803220.csv",16436,"NRT"
"-1.25791","110.49925","316.62","1.03","1.02","2026-08-14","0820","Aqua","MODIS","68","6.1NRT","299.47","7.36","D",,"fire_nrt_M-C61_803220.csv",16439,"NRT"
"-1.14183","110.59528","317.83","1.04","1.02","2026-08-14","0820","Aqua","MODIS","70","6.1NRT","299.61","9.01","D",,"fire_nrt_M-C61_803220.csv",16445,"NRT"
"-1.12611","110.45478","324.52","1.03","1.02","2026-08-14","0820","Aqua","MODIS","78","6.1NRT","300.14","15.19","D",,"fire_nrt_M-C61_803220.csv",16446,"NRT"
"-1.11723","110.45347","316.17","1.03","1.02","2026-08-14","0820","Aqua","MODIS","17","6.1NRT","299.9","6.64","D",,"fire_nrt_M-C61_803220.csv",16447,"NRT"
"-1.11856","110.44447","321.66","1.03","1.02","2026-08-14","0820","Aqua","MODIS","73","6.1NRT","300.56","12.07","D",,"fire_nrt_M-C61_803220.csv",16448,"NRT"
"-2.74356","110.59261","311.78","1","1","2026-08-14","1321","Terra","MODIS","81","6.1NRT","295.57","8.68","N",,"fire_nrt_M-C61_803220.csv",16557,"NRT"
"-2.73477","110.59138","308.63","1","1","2026-08-14","1321","Terra","MODIS","72","6.1NRT","294.81","6.61","N",,"fire_nrt_M-C61_803220.csv",16558,"NRT"
"-2.46624","110.5982","304.71","1","1","2026-08-14","1321","Terra","MODIS","55","6.1NRT","294.6","4.24","N",,"fire_nrt_M-C61_803220.csv",16569,"NRT"
"-2.37211","110.67679","318.47","1","1","2026-08-14","1321","Terra","MODIS","97","6.1NRT","294.71","14.5","N",,"fire_nrt_M-C61_803220.csv",16571,"NRT"
"-2.26668","110.31761","312.99","1","1","2026-08-14","1321","Terra","MODIS","85","6.1NRT","295.37","8.83","N",,"fire_nrt_M-C61_803220.csv",16579,"NRT"
"-2.26788","110.30885","325.85","1","1","2026-08-14","1321","Terra","MODIS","100","6.1NRT","295.69","21.1","N",,"fire_nrt_M-C61_803220.csv",16580,"NRT"
"-2.26909","110.3001","306","1","1","2026-08-14","1321","Terra","MODIS","35","6.1NRT","294.93","3.79","N",,"fire_nrt_M-C61_803220.csv",16581,"NRT"
"-2.12967","110.42889","309.09","1","1","2026-08-14","1321","Terra","MODIS","76","6.1NRT","294.56","6.85","N",,"fire_nrt_M-C61_803220.csv",16587,"NRT"
"-2.08046","110.59125","306.12","1","1","2026-08-14","1321","Terra","MODIS","67","6.1NRT","294.7","4.62","N",,"fire_nrt_M-C61_803220.csv",16589,"NRT"
"-1.9992","110.5113","312.21","1","1","2026-08-14","1321","Terra","MODIS","84","6.1NRT","295.09","8.63","N",,"fire_nrt_M-C61_803220.csv",16595,"NRT"
"-1.9165","110.18203","305.09","1","1","2026-08-14","1321","Terra","MODIS","63","6.1NRT","294.53","3.92","N",,"fire_nrt_M-C61_803220.csv",16599,"NRT"
"-1.89082","110.1542","309.16","1","1","2026-08-14","1321","Terra","MODIS","37","6.1NRT","295.04","5.78","N",,"fire_nrt_M-C61_803220.csv",16600,"NRT"
"-1.88082","110.16173","308.01","1","1","2026-08-14","1321","Terra","MODIS","33","6.1NRT","294.97","4.99","N",,"fire_nrt_M-C61_803220.csv",16601,"NRT"
"-1.87082","110.16927","315.76","1","1","2026-08-14","1321","Terra","MODIS","92","6.1NRT","295.61","10.61","N",,"fire_nrt_M-C61_803220.csv",16602,"NRT"
"-1.87202","110.16051","322.91","1","1","2026-08-14","1321","Terra","MODIS","100","6.1NRT","296.03","17.33","N",,"fire_nrt_M-C61_803220.csv",16603,"NRT"
"-1.7648","110.13972","327.79","1","1","2026-08-14","1321","Terra","MODIS","100","6.1NRT","296.33","23.25","N",,"fire_nrt_M-C61_803220.csv",16605,"NRT"
"-1.76601","110.13096","312.95","1","1","2026-08-14","1321","Terra","MODIS","85","6.1NRT","295.43","8.98","N",,"fire_nrt_M-C61_803220.csv",16606,"NRT"
"-1.74758","110.19978","305.24","1","1","2026-08-14","1321","Terra","MODIS","61","6.1NRT","294.53","3.92","N",,"fire_nrt_M-C61_803220.csv",16607,"NRT"
"-1.74879","110.19103","311.34","1","1","2026-08-14","1321","Terra","MODIS","81","6.1NRT","294.64","8.12","N",,"fire_nrt_M-C61_803220.csv",16608,"NRT"
"-1.7548","110.14725","336.02","1","1","2026-08-14","1321","Terra","MODIS","100","6.1NRT","295.86","34.62","N",,"fire_nrt_M-C61_803220.csv",16609,"NRT"
"-1.75601","110.1385","313.48","1","1","2026-08-14","1321","Terra","MODIS","86","6.1NRT","294.99","9.24","N",,"fire_nrt_M-C61_803220.csv",16610,"NRT"
"-1.76444","110.07714","310.21","1","1","2026-08-14","1321","Terra","MODIS","73","6.1NRT","294.36","6.72","N",,"fire_nrt_M-C61_803220.csv",16611,"NRT"
"-1.73158","110.25105","335.21","1","1","2026-08-14","1321","Terra","MODIS","100","6.1NRT","295.97","32.98","N",,"fire_nrt_M-C61_803220.csv",16612,"NRT"
"-1.73278","110.2423","311.21","1","1","2026-08-14","1321","Terra","MODIS","81","6.1NRT","294.64","7.35","N",,"fire_nrt_M-C61_803220.csv",16613,"NRT"
"-1.75563","110.07592","320.9","1","1","2026-08-14","1321","Terra","MODIS","100","6.1NRT","294.66","15.95","N",,"fire_nrt_M-C61_803220.csv",16614,"NRT"
"-1.67591","110.59057","305.49","1","1","2026-08-14","1321","Terra","MODIS","64","6.1NRT","294.89","3.68","N",,"fire_nrt_M-C61_803220.csv",16615,"NRT"
"-1.67711","110.58183","305.71","1","1","2026-08-14","1321","Terra","MODIS","65","6.1NRT","294.83","3.83","N",,"fire_nrt_M-C61_803220.csv",16616,"NRT"
"-1.72279","110.24982","314.65","1","1","2026-08-14","1321","Terra","MODIS","89","6.1NRT","294.72","9.85","N",,"fire_nrt_M-C61_803220.csv",16617,"NRT"
"-1.74563","110.08346","310.81","1","1","2026-08-14","1321","Terra","MODIS","80","6.1NRT","294.34","7.19","N",,"fire_nrt_M-C61_803220.csv",16618,"NRT"
"-1.74683","110.07469","328.96","1","1","2026-08-14","1321","Terra","MODIS","100","6.1NRT","295.05","25.05","N",,"fire_nrt_M-C61_803220.csv",16619,"NRT"
"-1.74804","110.06592","307.31","1","1","2026-08-14","1321","Terra","MODIS","69","6.1NRT","294.28","5.07","N",,"fire_nrt_M-C61_803220.csv",16620,"NRT"
"-1.73683","110.08223","312.11","1","1","2026-08-14","1321","Terra","MODIS","83","6.1NRT","294.48","8.32","N",,"fire_nrt_M-C61_803220.csv",16622,"NRT"
"-1.73803","110.07346","323.06","1","1","2026-08-14","1321","Terra","MODIS","100","6.1NRT","294.73","18.11","N",,"fire_nrt_M-C61_803220.csv",16623,"NRT"
"-1.70161","110.27361","313.65","1","1","2026-08-14","1321","Terra","MODIS","87","6.1NRT","294.73","9.19","N",,"fire_nrt_M-C61_803220.csv",16624,"NRT"
"-1.70428","110.16956","311.83","1","1","2026-08-14","1321","Terra","MODIS","82","6.1NRT","294.8","8.25","N",,"fire_nrt_M-C61_803220.csv",16625,"NRT"
"-1.69996","110.07076","307.78","1","1","2026-08-14","1321","Terra","MODIS","70","6.1NRT","294.48","5.55","N",,"fire_nrt_M-C61_803220.csv",16626,"NRT"
"-1.66476","110.06586","313.3","1","1","2026-08-14","1321","Terra","MODIS","86","6.1NRT","295.55","9.23","N",,"fire_nrt_M-C61_803220.csv",16627,"NRT"
"-1.66597","110.05709","305.97","1","1","2026-08-14","1321","Terra","MODIS","45","6.1NRT","295.07","3.85","N",,"fire_nrt_M-C61_803220.csv",16628,"NRT"
"-1.65476","110.0734","360.01","1","1","2026-08-14","1321","Terra","MODIS","100","6.1NRT","296.93","83.79","N",,"fire_nrt_M-C61_803220.csv",16629,"NRT"
"-1.65596","110.06464","357.53","1","1","2026-08-14","1321","Terra","MODIS","100","6.1NRT","297.69","77.26","N",,"fire_nrt_M-C61_803220.csv",16630,"NRT"
"-1.65716","110.05586","338.07","1","1","2026-08-14","1321","Terra","MODIS","100","6.1NRT","297.12","37.36","N",,"fire_nrt_M-C61_803220.csv",16631,"NRT"
"-1.65837","110.0471","310.3","1","1","2026-08-14","1321","Terra","MODIS","78","6.1NRT","294.83","6.57","N",,"fire_nrt_M-C61_803220.csv",16632,"NRT"
"-1.64836","110.05464","311.05","1","1","2026-08-14","1321","Terra","MODIS","80","6.1NRT","295.2","6.67","N",,"fire_nrt_M-C61_803220.csv",16634,"NRT"
"-1.46619","110.16893","306.13","1","1","2026-08-14","1321","Terra","MODIS","62","6.1NRT","294.28","3.89","N",,"fire_nrt_M-C61_803220.csv",16635,"NRT"
"-1.43863","110.17401","305.85","1","1","2026-08-14","1321","Terra","MODIS","61","6.1NRT","294.01","3.78","N",,"fire_nrt_M-C61_803220.csv",16636,"NRT"
"-1.38019","110.12423","316.23","1","1","2026-08-14","1321","Terra","MODIS","92","6.1NRT","295.01","11.71","N",,"fire_nrt_M-C61_803220.csv",16637,"NRT"
"-1.3814","110.11548","343.28","1","1","2026-08-14","1321","Terra","MODIS","100","6.1NRT","297.11","46.5","N",,"fire_nrt_M-C61_803220.csv",16638,"NRT"
"-1.3826","110.10673","346.54","1","1","2026-08-14","1321","Terra","MODIS","100","6.1NRT","296.15","52.33","N",,"fire_nrt_M-C61_803220.csv",16639,"NRT"
"-1.3838","110.09798","321.79","1","1","2026-08-14","1321","Terra","MODIS","100","6.1NRT","294.22","16.68","N",,"fire_nrt_M-C61_803220.csv",16640,"NRT"
"-1.3714","110.12301","306.05","1","1","2026-08-14","1321","Terra","MODIS","63","6.1NRT","294.4","4.3","N",,"fire_nrt_M-C61_803220.csv",16641,"NRT"
"-1.37261","110.11426","328.67","1","1","2026-08-14","1321","Terra","MODIS","100","6.1NRT","295.94","24.59","N",,"fire_nrt_M-C61_803220.csv",16642,"NRT"
"-1.37381","110.10551","310.9","1","1","2026-08-14","1321","Terra","MODIS","80","6.1NRT","294.66","6.84","N",,"fire_nrt_M-C61_803220.csv",16643,"NRT"
"-1.37501","110.09675","311.92","1","1","2026-08-14","1321","Terra","MODIS","82","6.1NRT","294.85","8.1","N",,"fire_nrt_M-C61_803220.csv",16644,"NRT"
"-1.37621","110.08799","306.8","1","1","2026-08-14","1321","Terra","MODIS","66","6.1NRT","294.59","4.58","N",,"fire_nrt_M-C61_803220.csv",16645,"NRT"
"-0.89817","110.47153","304.94","1","1","2026-08-14","1321","Terra","MODIS","62","6.1NRT","289.47","4.1","N",,"fire_nrt_M-C61_803220.csv",16661,"NRT"
"-0.88938","110.4703","310.37","1","1","2026-08-14","1321","Terra","MODIS","80","6.1NRT","289.81","7.48","N",,"fire_nrt_M-C61_803220.csv",16663,"NRT"
"-0.88032","110.21095","305.13","1","1","2026-08-14","1321","Terra","MODIS","51","6.1NRT","292.04","4.13","N",,"fire_nrt_M-C61_803220.csv",16665,"NRT"
"-0.86974","110.20358","305.5","1","1","2026-08-14","1321","Terra","MODIS","65","6.1NRT","291.62","5.06","N",,"fire_nrt_M-C61_803220.csv",16666,"NRT"
"-0.43477","110.35883","316.06","1","1","2026-08-14","1321","Terra","MODIS","92","6.1NRT","288.98","12.64","N",,"fire_nrt_M-C61_803220.csv",16678,"NRT"
"-0.43597","110.35009","303.63","1","1","2026-08-14","1321","Terra","MODIS","56","6.1NRT","288.3","3.92","N",,"fire_nrt_M-C61_803220.csv",16679,"NRT"
"-1.37304","110.09577","308.35","2.11","1.41","2026-08-14","2038","Aqua","MODIS","24","6.1NRT","289.86","18.52","N",,"fire_nrt_M-C61_803220.csv",16707,"NRT"
"-1.37581","110.1139","323.86","2.12","1.41","2026-08-14","2038","Aqua","MODIS","100","6.1NRT","289.83","61.43","N",,"fire_nrt_M-C61_803220.csv",16708,"NRT"
"-1.3786","110.13217","307.67","2.12","1.42","2026-08-14","2038","Aqua","MODIS","35","6.1NRT","288.79","20.41","N",,"fire_nrt_M-C61_803220.csv",16709,"NRT"
"-1.36685","110.10986","304.21","2.12","1.41","2026-08-14","2038","Aqua","MODIS","59","6.1NRT","289.64","14.39","N",,"fire_nrt_M-C61_803220.csv",16710,"NRT"
"-1.36948","110.12815","305.06","2.12","1.42","2026-08-14","2038","Aqua","MODIS","53","6.1NRT","288.9","17.18","N",,"fire_nrt_M-C61_803220.csv",16711,"NRT"
"-1.37919","110.10808","322.93","2.12","1.41","2026-08-14","2038","Aqua","MODIS","100","6.1NRT","289.81","57.92","N",,"fire_nrt_M-C61_803220.csv",16712,"NRT"
"-1.38184","110.12634","311.89","2.12","1.42","2026-08-14","2038","Aqua","MODIS","81","6.1NRT","289.04","29.57","N",,"fire_nrt_M-C61_803220.csv",16713,"NRT"
"-1.64867","110.06892","307.09","2.12","1.42","2026-08-14","2038","Aqua","MODIS","70","6.1NRT","290.62","21.34","N",,"fire_nrt_M-C61_803220.csv",16714,"NRT"
"-1.75182","110.1432","302.98","2.16","1.43","2026-08-14","2038","Aqua","MODIS","53","6.1NRT","290.72","14.9","N",,"fire_nrt_M-C61_803220.csv",16715,"NRT"
"-1.75453","110.16197","300.78","2.17","1.43","2026-08-14","2038","Aqua","MODIS","33","6.1NRT","290.49","11.29","N",,"fire_nrt_M-C61_803220.csv",16716,"NRT"
"-1.37419","110.11406","321.71","1.82","1.32","2026-08-15","0141","Terra","MODIS","48","6.1NRT","296.17","30.58","D",,"fire_nrt_M-C61_803220.csv",16746,"NRT"
"-1.38355","110.09673","353.81","1.82","1.32","2026-08-15","0141","Terra","MODIS","73","6.1NRT","295.83","146.82","D",,"fire_nrt_M-C61_803220.csv",16747,"NRT"
"-1.38582","110.11248","359.66","1.82","1.32","2026-08-15","0141","Terra","MODIS","99","6.1NRT","296.86","187.05","D",,"fire_nrt_M-C61_803220.csv",16748,"NRT"
"-1.38221","110.10728","367.93","1.82","1.32","2026-08-15","0141","Terra","MODIS","100","6.1NRT","298.03","246.83","D",,"fire_nrt_M-C61_803220.csv",16749,"NRT"
"-1.38438","110.12315","326.79","1.83","1.32","2026-08-15","0141","Terra","MODIS","46","6.1NRT","294.78","42.84","D",,"fire_nrt_M-C61_803220.csv",16750,"NRT"
"-1.65385","110.05825","319.52","1.82","1.32","2026-08-15","0141","Terra","MODIS","37","6.1NRT","294.66","24.74","D",,"fire_nrt_M-C61_803220.csv",16751,"NRT"
"-1.66379","110.06657","313.79","1.83","1.32","2026-08-15","0141","Terra","MODIS","27","6.1NRT","292.75","17.6","D",,"fire_nrt_M-C61_803220.csv",16752,"NRT"
"-1.7258","110.08787","305.61","4.03","1.86","2026-08-15","1401","Terra","MODIS","34","6.1NRT","287.66","38.73","N",,"fire_nrt_M-C61_803220.csv",17122,"NRT"
"-1.65385","110.07011","313.81","4.03","1.86","2026-08-15","1401","Terra","MODIS","83","6.1NRT","288.01","83.86","N",,"fire_nrt_M-C61_803220.csv",17123,"NRT"
"-1.63752","110.06773","311.78","4.03","1.86","2026-08-15","1401","Terra","MODIS","76","6.1NRT","287.44","71.46","N",,"fire_nrt_M-C61_803220.csv",17124,"NRT"
"-1.37956","110.12486","317.78","4.11","1.88","2026-08-15","1401","Terra","MODIS","94","6.1NRT","287.73","111.45","N",,"fire_nrt_M-C61_803220.csv",17125,"NRT"
"-1.39011","110.12114","317.02","4.11","1.88","2026-08-15","1401","Terra","MODIS","92","6.1NRT","287.69","107.51","N",,"fire_nrt_M-C61_803220.csv",17126,"NRT"
"-1.37365","110.11872","310.67","4.11","1.88","2026-08-15","1401","Terra","MODIS","72","6.1NRT","287.73","67.83","N",,"fire_nrt_M-C61_803220.csv",17127,"NRT"
"-1.37744","110.11811","315.39","3.82","1.83","2026-08-15","1938","Aqua","MODIS","91","6.1NRT","276.96","105.34","N",,"fire_nrt_M-C61_803220.csv",17176,"NRT"
"-1.39333","110.11562","310.64","3.82","1.83","2026-08-15","1938","Aqua","MODIS","81","6.1NRT","280.72","78.04","N",,"fire_nrt_M-C61_803220.csv",17177,"NRT"
"-1.37197","110.11409","300.52","3.82","1.83","2026-08-15","1938","Aqua","MODIS","18","6.1NRT","274.27","31.07","N",,"fire_nrt_M-C61_803220.csv",17178,"NRT"
"-1.38786","110.11165","324.56","3.82","1.83","2026-08-15","1938","Aqua","MODIS","100","6.1NRT","278.55","160.3","N",,"fire_nrt_M-C61_803220.csv",17179,"NRT"
"-0.93291","110.48682","305.46","3.64","1.79","2026-08-15","1938","Aqua","MODIS","64","6.1NRT","287.61","39.35","N",,"fire_nrt_M-C61_803220.csv",17207,"NRT"
"-0.92942","110.48254","307.5","3.64","1.79","2026-08-15","1938","Aqua","MODIS","72","6.1NRT","287.53","50.55","N",,"fire_nrt_M-C61_803220.csv",17212,"NRT"
"-1.39073","110.1077","327.53","4.14","1.88","2026-08-16","0043","Terra","MODIS","60","6.1NRT","291.03","175.26","D",,"fire_nrt_M-C61_803220.csv",17245,"NRT"
"-1.3957","110.09927","319.19","4.14","1.88","2026-08-16","0043","Terra","MODIS","57","6.1NRT","291.18","104.91","D",,"fire_nrt_M-C61_803220.csv",17254,"NRT"
"-2.7209","111.15025","311.45","1.54","1.22","2026-08-16","0756","Aqua","MODIS","54","6.1NRT","296.43","8.15","D",,"fire_nrt_M-C61_803220.csv",17876,"NRT"
"-2.7325","110.27738","340.07","1.8","1.31","2026-08-16","0756","Aqua","MODIS","90","6.1NRT","299.55","88.24","D",,"fire_nrt_M-C61_803220.csv",17888,"NRT"
"-2.60726","110.66774","324.97","1.67","1.27","2026-08-16","0756","Aqua","MODIS","78","6.1NRT","300.41","33.45","D",,"fire_nrt_M-C61_803220.csv",17903,"NRT"
"-2.29615","110.97549","318.06","1.56","1.23","2026-08-16","0756","Aqua","MODIS","69","6.1NRT","295.7","16.97","D",,"fire_nrt_M-C61_803220.csv",17925,"NRT"
"-2.37552","110.2809","321.7","1.77","1.3","2026-08-16","0756","Aqua","MODIS","69","6.1NRT","298.72","25.55","D",,"fire_nrt_M-C61_803220.csv",17926,"NRT"
"-2.29351","110.295","316.72","1.76","1.3","2026-08-16","0756","Aqua","MODIS","61","6.1NRT","298.28","14.39","D",,"fire_nrt_M-C61_803220.csv",17932,"NRT"
"-2.31396","110.15574","323.04","1.81","1.32","2026-08-16","0756","Aqua","MODIS","57","6.1NRT","301.69","30.36","D",,"fire_nrt_M-C61_803220.csv",17933,"NRT"
"-2.16801","110.92389","315.38","1.57","1.23","2026-08-16","0756","Aqua","MODIS","25","6.1NRT","298.31","13.12","D",,"fire_nrt_M-C61_803220.csv",17935,"NRT"
"-2.14451","110.93429","320.09","1.57","1.23","2026-08-16","0756","Aqua","MODIS","72","6.1NRT","299.26","19.76","D",,"fire_nrt_M-C61_803220.csv",17937,"NRT"
"-2.14092","110.92711","314.51","1.57","1.23","2026-08-16","0756","Aqua","MODIS","41","6.1NRT","299.02","9.88","D",,"fire_nrt_M-C61_803220.csv",17938,"NRT"
"-2.10739","111.00488","315.01","1.54","1.22","2026-08-16","0756","Aqua","MODIS","63","6.1NRT","298.47","12.62","D",,"fire_nrt_M-C61_803220.csv",17939,"NRT"
"-2.10937","110.9915","330.8","1.55","1.23","2026-08-16","0756","Aqua","MODIS","83","6.1NRT","298.66","43.8","D",,"fire_nrt_M-C61_803220.csv",17940,"NRT"
"-2.18416","110.48639","318.25","1.69","1.28","2026-08-16","0756","Aqua","MODIS","66","6.1NRT","296.89","16.1","D",,"fire_nrt_M-C61_803220.csv",17941,"NRT"
"-2.12468","110.8131","340.14","1.6","1.24","2026-08-16","0756","Aqua","MODIS","90","6.1NRT","297.67","74.13","D",,"fire_nrt_M-C61_803220.csv",17945,"NRT"
"-2.12672","110.79918","341.91","1.6","1.25","2026-08-16","0756","Aqua","MODIS","91","6.1NRT","299.5","80.53","D",,"fire_nrt_M-C61_803220.csv",17946,"NRT"
"-2.16531","110.30066","320.16","1.75","1.3","2026-08-16","0756","Aqua","MODIS","58","6.1NRT","299.13","20.57","D",,"fire_nrt_M-C61_803220.csv",17947,"NRT"
"-2.13678","110.41908","322.29","1.71","1.28","2026-08-16","0756","Aqua","MODIS","75","6.1NRT","300.16","26.06","D",,"fire_nrt_M-C61_803220.csv",17949,"NRT"
"-2.15526","110.12589","315.42","1.81","1.32","2026-08-16","0756","Aqua","MODIS","35","6.1NRT","299.13","11.48","D",,"fire_nrt_M-C61_803220.csv",17951,"NRT"
"-2.15838","110.12128","315.84","1.81","1.32","2026-08-16","0756","Aqua","MODIS","42","6.1NRT","299.38","12.61","D",,"fire_nrt_M-C61_803220.csv",17952,"NRT"
"-2.0216","110.89062","321.33","1.57","1.23","2026-08-16","0756","Aqua","MODIS","74","6.1NRT","298.62","24.37","D",,"fire_nrt_M-C61_803220.csv",17954,"NRT"
"-2.0236","110.87701","319.85","1.57","1.24","2026-08-16","0756","Aqua","MODIS","71","6.1NRT","297.9","20.93","D",,"fire_nrt_M-C61_803220.csv",17955,"NRT"
"-2.08368","110.39108","326.06","1.72","1.29","2026-08-16","0756","Aqua","MODIS","73","6.1NRT","299.64","30.94","D",,"fire_nrt_M-C61_803220.csv",17956,"NRT"
"-2.07244","110.38946","320.36","1.72","1.29","2026-08-16","0756","Aqua","MODIS","63","6.1NRT","300.04","18.95","D",,"fire_nrt_M-C61_803220.csv",17958,"NRT"
"-2.07461","110.37456","320.61","1.72","1.29","2026-08-16","0756","Aqua","MODIS","55","6.1NRT","298.66","19.04","D",,"fire_nrt_M-C61_803220.csv",17959,"NRT"
"-2.10332","110.17689","313.43","1.79","1.31","2026-08-16","0756","Aqua","MODIS","47","6.1NRT","298.17","11.18","D",,"fire_nrt_M-C61_803220.csv",17960,"NRT"
"-2.10557","110.16138","324.03","1.79","1.31","2026-08-16","0756","Aqua","MODIS","77","6.1NRT","299.47","33.71","D",,"fire_nrt_M-C61_803220.csv",17961,"NRT"
"-2.0157","110.54612","320.24","1.67","1.27","2026-08-16","0756","Aqua","MODIS","72","6.1NRT","300.52","21.64","D",,"fire_nrt_M-C61_803220.csv",17964,"NRT"
"-2.06679","110.18735","327.86","1.78","1.31","2026-08-16","0756","Aqua","MODIS","67","6.1NRT","299.98","39.98","D",,"fire_nrt_M-C61_803220.csv",17965,"NRT"
"-2.05537","110.18567","323.92","1.78","1.31","2026-08-16","0756","Aqua","MODIS","39","6.1NRT","300.18","28.77","D",,"fire_nrt_M-C61_803220.csv",17967,"NRT"
"-2.01465","110.53921","321.29","1.67","1.27","2026-08-16","0756","Aqua","MODIS","72","6.1NRT","299.91","21.96","D",,"fire_nrt_M-C61_803220.csv",17969,"NRT"
"-2.06618","110.1962","327.71","1.78","1.31","2026-08-16","0756","Aqua","MODIS","53","6.1NRT","299.9","38.71","D",,"fire_nrt_M-C61_803220.csv",17970,"NRT"
"-2.05477","110.19455","328.27","1.78","1.31","2026-08-16","0756","Aqua","MODIS","51","6.1NRT","301.55","39.19","D",,"fire_nrt_M-C61_803220.csv",17971,"NRT"
"-1.93249","110.94041","350.75","1.55","1.23","2026-08-16","0756","Aqua","MODIS","96","6.1NRT","298.25","110.44","D",,"fire_nrt_M-C61_803220.csv",17972,"NRT"
"-1.9345","110.92686","321.82","1.55","1.23","2026-08-16","0756","Aqua","MODIS","75","6.1NRT","298.69","25.88","D",,"fire_nrt_M-C61_803220.csv",17973,"NRT"
"-1.99893","110.49245","338.83","1.68","1.27","2026-08-16","0756","Aqua","MODIS","89","6.1NRT","297.78","73.82","D",,"fire_nrt_M-C61_803220.csv",17974,"NRT"
"-2.00762","110.43382","330.4","1.7","1.28","2026-08-16","0756","Aqua","MODIS","78","6.1NRT","297.37","43.64","D",,"fire_nrt_M-C61_803220.csv",17975,"NRT"
"-2.00981","110.41906","328.43","1.7","1.28","2026-08-16","0756","Aqua","MODIS","63","6.1NRT","299.65","37.33","D",,"fire_nrt_M-C61_803220.csv",17976,"NRT"
"-2.01201","110.40427","365.7","1.71","1.28","2026-08-16","0756","Aqua","MODIS","100","6.1NRT","301.72","204.17","D",,"fire_nrt_M-C61_803220.csv",17977,"NRT"
"-2.01421","110.3894","327.04","1.71","1.28","2026-08-16","0756","Aqua","MODIS","66","6.1NRT","297.37","36.55","D",,"fire_nrt_M-C61_803220.csv",17978,"NRT"
"-2.04336","110.19288","321.71","1.78","1.31","2026-08-16","0756","Aqua","MODIS","42","6.1NRT","300.44","23.51","D",,"fire_nrt_M-C61_803220.csv",17979,"NRT"
"-2.04564","110.17747","332.33","1.78","1.31","2026-08-16","0756","Aqua","MODIS","85","6.1NRT","300.01","52.95","D",,"fire_nrt_M-C61_803220.csv",17980,"NRT"
"-1.92377","110.92519","340.22","1.55","1.23","2026-08-16","0756","Aqua","MODIS","90","6.1NRT","298.77","70.73","D",,"fire_nrt_M-C61_803220.csv",17982,"NRT"
"-2.0008","110.4026","321.47","1.71","1.28","2026-08-16","0756","Aqua","MODIS","60","6.1NRT","298.33","24.56","D",,"fire_nrt_M-C61_803220.csv",17983,"NRT"
"-1.95976","110.60464","318.09","1.65","1.26","2026-08-16","0756","Aqua","MODIS","64","6.1NRT","299.76","16.86","D",,"fire_nrt_M-C61_803220.csv",17986,"NRT"
"-1.96186","110.59032","330.85","1.65","1.26","2026-08-16","0756","Aqua","MODIS","84","6.1NRT","297.69","45.72","D",,"fire_nrt_M-C61_803220.csv",17987,"NRT"
"-1.94875","110.603","316.86","1.65","1.26","2026-08-16","0756","Aqua","MODIS","62","6.1NRT","298.98","14.32","D",,"fire_nrt_M-C61_803220.csv",17988,"NRT"
"-1.9055","110.66951","319.71","1.62","1.25","2026-08-16","0756","Aqua","MODIS","72","6.1NRT","298.46","20.92","D",,"fire_nrt_M-C61_803220.csv",17992,"NRT"
"-1.96128","110.19671","315.58","1.77","1.3","2026-08-16","0756","Aqua","MODIS","40","6.1NRT","300.03","13.34","D",,"fire_nrt_M-C61_803220.csv",17995,"NRT"
"-1.96357","110.19183","316.53","1.77","1.3","2026-08-16","0756","Aqua","MODIS","52","6.1NRT","300.22","16.14","D",,"fire_nrt_M-C61_803220.csv",17999,"NRT"
"-1.8631","110.71513","314.16","1.61","1.25","2026-08-16","0756","Aqua","MODIS","57","6.1NRT","298.51","10.55","D",,"fire_nrt_M-C61_803220.csv",18000,"NRT"
"-1.92022","110.16982","326.42","1.78","1.31","2026-08-16","0756","Aqua","MODIS","69","6.1NRT","299.63","36.93","D",,"fire_nrt_M-C61_803220.csv",18003,"NRT"
"-1.85086","110.56883","323.26","1.65","1.26","2026-08-16","0756","Aqua","MODIS","75","6.1NRT","299.93","25.79","D",,"fire_nrt_M-C61_803220.csv",18004,"NRT"
"-1.91327","110.13729","332.18","1.79","1.31","2026-08-16","0756","Aqua","MODIS","75","6.1NRT","301.88","48.7","D",,"fire_nrt_M-C61_803220.csv",18005,"NRT"
"-1.91552","110.12173","333.33","1.79","1.31","2026-08-16","0756","Aqua","MODIS","74","6.1NRT","301.33","52.25","D",,"fire_nrt_M-C61_803220.csv",18006,"NRT"
"-1.83573","110.59576","319.95","1.64","1.26","2026-08-16","0756","Aqua","MODIS","68","6.1NRT","299.97","19.37","D",,"fire_nrt_M-C61_803220.csv",18010,"NRT"
"-1.83777","110.58154","317.35","1.65","1.26","2026-08-16","0756","Aqua","MODIS","53","6.1NRT","298.35","14.13","D",,"fire_nrt_M-C61_803220.csv",18011,"NRT"
"-1.89261","110.11835","337.5","1.79","1.31","2026-08-16","0756","Aqua","MODIS","88","6.1NRT","301.47","67.17","D",,"fire_nrt_M-C61_803220.csv",18012,"NRT"
"-1.89483","110.10279","324.39","1.8","1.31","2026-08-16","0756","Aqua","MODIS","65","6.1NRT","299.21","30.24","D",,"fire_nrt_M-C61_803220.csv",18013,"NRT"
"-1.89459","110.11182","333.75","1.79","1.31","2026-08-16","0756","Aqua","MODIS","73","6.1NRT","301.36","53.69","D",,"fire_nrt_M-C61_803220.csv",18014,"NRT"
"-1.87863","110.06171","314.33","1.81","1.32","2026-08-16","0756","Aqua","MODIS","62","6.1NRT","296.67","13.71","D",,"fire_nrt_M-C61_803220.csv",18020,"NRT"
"-1.78369","110.62524","313.97","1.63","1.26","2026-08-16","0756","Aqua","MODIS","63","6.1NRT","298.95","11.33","D",,"fire_nrt_M-C61_803220.csv",18023,"NRT"
"-1.78578","110.6111","324.07","1.63","1.26","2026-08-16","0756","Aqua","MODIS","78","6.1NRT","299.67","30.38","D",,"fire_nrt_M-C61_803220.csv",18024,"NRT"
"-1.84422","110.13613","319.36","1.78","1.31","2026-08-16","0756","Aqua","MODIS","72","6.1NRT","299.38","21.76","D",,"fire_nrt_M-C61_803220.csv",18027,"NRT"
"-1.84649","110.12064","325.96","1.79","1.31","2026-08-16","0756","Aqua","MODIS","75","6.1NRT","299.88","38.36","D",,"fire_nrt_M-C61_803220.csv",18028,"NRT"
"-1.77622","110.20448","322.16","1.76","1.3","2026-08-16","0756","Aqua","MODIS","48","6.1NRT","301.35","23.27","D",,"fire_nrt_M-C61_803220.csv",18032,"NRT"
"-1.77838","110.18925","323.29","1.76","1.3","2026-08-16","0756","Aqua","MODIS","65","6.1NRT","300.43","26.7","D",,"fire_nrt_M-C61_803220.csv",18033,"NRT"
"-1.77809","110.1997","326.39","1.76","1.3","2026-08-16","0756","Aqua","MODIS","0","6.1NRT","301.36","33.94","D",,"fire_nrt_M-C61_803220.csv",18035,"NRT"
"-1.77584","110.13686","317.01","1.78","1.31","2026-08-16","0756","Aqua","MODIS","34","6.1NRT","300.57","14.68","D",,"fire_nrt_M-C61_803220.csv",18037,"NRT"
"-1.76443","110.13519","329.58","1.78","1.31","2026-08-16","0756","Aqua","MODIS","72","6.1NRT","301.48","45.71","D",,"fire_nrt_M-C61_803220.csv",18039,"NRT"
"-1.6755","110.66153","317.75","1.61","1.25","2026-08-16","0756","Aqua","MODIS","71","6.1NRT","300.99","17.26","D",,"fire_nrt_M-C61_803220.csv",18041,"NRT"
"-1.67756","110.64756","323.53","1.62","1.25","2026-08-16","0756","Aqua","MODIS","78","6.1NRT","300.93","28.63","D",,"fire_nrt_M-C61_803220.csv",18042,"NRT"
"-1.73735","110.24026","323","1.74","1.29","2026-08-16","0756","Aqua","MODIS","40","6.1NRT","300.86","24.6","D",,"fire_nrt_M-C61_803220.csv",18043,"NRT"
"-1.74627","110.1795","314.6","1.76","1.3","2026-08-16","0756","Aqua","MODIS","21","6.1NRT","297.08","8.27","D",,"fire_nrt_M-C61_803220.csv",18044,"NRT"
"-1.75291","110.05435","338.66","1.8","1.32","2026-08-16","0756","Aqua","MODIS","89","6.1NRT","298.91","76.64","D",,"fire_nrt_M-C61_803220.csv",18045,"NRT"
"-1.75519","110.03866","321.55","1.81","1.32","2026-08-16","0756","Aqua","MODIS","53","6.1NRT","298.45","25.79","D",,"fire_nrt_M-C61_803220.csv",18046,"NRT"
"-1.69531","110.37103","322.79","1.7","1.28","2026-08-16","0756","Aqua","MODIS","77","6.1NRT","299.77","27.31","D",,"fire_nrt_M-C61_803220.csv",18051,"NRT"
"-1.70821","110.28206","322.31","1.73","1.29","2026-08-16","0756","Aqua","MODIS","67","6.1NRT","298.6","24.44","D",,"fire_nrt_M-C61_803220.csv",18052,"NRT"
"-1.73917","110.06824","331.75","1.8","1.31","2026-08-16","0756","Aqua","MODIS","85","6.1NRT","299.32","51.26","D",,"fire_nrt_M-C61_803220.csv",18053,"NRT"
"-1.74143","110.05265","339.39","1.8","1.32","2026-08-16","0756","Aqua","MODIS","90","6.1NRT","298.36","77.72","D",,"fire_nrt_M-C61_803220.csv",18054,"NRT"
"-1.72101","110.11311","324.68","1.78","1.31","2026-08-16","0756","Aqua","MODIS","79","6.1NRT","297.84","33.47","D",,"fire_nrt_M-C61_803220.csv",18059,"NRT"
"-1.57419","110.79513","329.94","1.57","1.23","2026-08-16","0756","Aqua","MODIS","84","6.1NRT","300.9","40.89","D",,"fire_nrt_M-C61_803220.csv",18065,"NRT"
"-1.5594","110.82083","320.28","1.56","1.23","2026-08-16","0756","Aqua","MODIS","74","6.1NRT","300.15","22.14","D",,"fire_nrt_M-C61_803220.csv",18066,"NRT"
"-1.65869","110.06548","331.4","1.79","1.31","2026-08-16","0756","Aqua","MODIS","84","6.1NRT","301.37","52.66","D",,"fire_nrt_M-C61_803220.csv",18067,"NRT"
"-1.64498","110.07933","321.9","1.79","1.31","2026-08-16","0756","Aqua","MODIS","23","6.1NRT","299.18","24.66","D",,"fire_nrt_M-C61_803220.csv",18068,"NRT"
"-1.64723","110.0638","325.82","1.79","1.31","2026-08-16","0756","Aqua","MODIS","48","6.1NRT","299.37","33.05","D",,"fire_nrt_M-C61_803220.csv",18069,"NRT"
"-1.64948","110.04826","326.87","1.8","1.31","2026-08-16","0756","Aqua","MODIS","18","6.1NRT","298.28","30.28","D",,"fire_nrt_M-C61_803220.csv",18070,"NRT"
"-1.54619","110.44142","323.21","1.67","1.27","2026-08-16","0756","Aqua","MODIS","77","6.1NRT","298.82","28.32","D",,"fire_nrt_M-C61_803220.csv",18077,"NRT"
"-1.60184","110.0679","321.6","1.79","1.31","2026-08-16","0756","Aqua","MODIS","43","6.1NRT","299.27","24.87","D",,"fire_nrt_M-C61_803220.csv",18078,"NRT"
"-1.49272","110.65094","321.9","1.6","1.25","2026-08-16","0756","Aqua","MODIS","76","6.1NRT","298.59","26.09","D",,"fire_nrt_M-C61_803220.csv",18079,"NRT"
"-1.49476","110.63709","349.84","1.61","1.25","2026-08-16","0756","Aqua","MODIS","95","6.1NRT","300.61","110.71","D",,"fire_nrt_M-C61_803220.csv",18080,"NRT"
"-1.45819","110.33324","314.39","1.69","1.28","2026-08-16","0756","Aqua","MODIS","62","6.1NRT","297.84","12.91","D",,"fire_nrt_M-C61_803220.csv",18086,"NRT"
"-1.46045","110.31797","320.9","1.7","1.28","2026-08-16","0756","Aqua","MODIS","75","6.1NRT","298.44","25.3","D",,"fire_nrt_M-C61_803220.csv",18087,"NRT"
"-1.38295","110.38126","319.26","1.68","1.27","2026-08-16","0756","Aqua","MODIS","71","6.1NRT","299.39","21","D",,"fire_nrt_M-C61_803220.csv",18091,"NRT"
"-1.38292","110.37612","319.36","1.68","1.27","2026-08-16","0756","Aqua","MODIS","73","6.1NRT","299.38","22.9","D",,"fire_nrt_M-C61_803220.csv",18095,"NRT"
"-1.38711","110.27194","317.11","1.71","1.28","2026-08-16","0756","Aqua","MODIS","70","6.1NRT","297.35","19.49","D",,"fire_nrt_M-C61_803220.csv",18096,"NRT"
"-1.40041","110.105","370.93","1.76","1.3","2026-08-16","0756","Aqua","MODIS","100","6.1NRT","299.69","254.36","D",,"fire_nrt_M-C61_803220.csv",18097,"NRT"
"-1.38905","110.10336","390.56","1.76","1.3","2026-08-16","0756","Aqua","MODIS","100","6.1NRT","302.82","438.9","D",,"fire_nrt_M-C61_803220.csv",18098,"NRT"
"-1.39131","110.08797","341","1.77","1.3","2026-08-16","0756","Aqua","MODIS","52","6.1NRT","299.12","76.6","D",,"fire_nrt_M-C61_803220.csv",18099,"NRT"
"-1.30104","110.62523","315.83","1.6","1.25","2026-08-16","0756","Aqua","MODIS","68","6.1NRT","300.4","13.11","D",,"fire_nrt_M-C61_803220.csv",18102,"NRT"
"-1.26043","110.82792","312.78","1.54","1.22","2026-08-16","0756","Aqua","MODIS","61","6.1NRT","299.89","9.28","D",,"fire_nrt_M-C61_803220.csv",18106,"NRT"
"-1.13122","110.60233","320.02","1.6","1.24","2026-08-16","0756","Aqua","MODIS","74","6.1NRT","297.86","20.29","D",,"fire_nrt_M-C61_803220.csv",18120,"NRT"
"-1.13328","110.58834","336","1.6","1.25","2026-08-16","0756","Aqua","MODIS","88","6.1NRT","297.55","59.36","D",,"fire_nrt_M-C61_803220.csv",18121,"NRT"
"-0.97012","110.2915","333.33","1.68","1.27","2026-08-16","0756","Aqua","MODIS","86","6.1NRT","298.31","55.79","D",,"fire_nrt_M-C61_803220.csv",18136,"NRT"
"-0.84643","110.42746","312.53","1.63","1.26","2026-08-16","0756","Aqua","MODIS","57","6.1NRT","297.74","10.42","D",,"fire_nrt_M-C61_803220.csv",18146,"NRT"
"-0.84848","110.41335","319.21","1.63","1.26","2026-08-16","0756","Aqua","MODIS","72","6.1NRT","298.33","22.16","D",,"fire_nrt_M-C61_803220.csv",18147,"NRT"
"-0.71164","110.57266","320.38","1.58","1.24","2026-08-16","0756","Aqua","MODIS","74","6.1NRT","299.2","23.05","D",,"fire_nrt_M-C61_803220.csv",18163,"NRT"
"-0.7063","110.57935","328.43","1.58","1.24","2026-08-16","0756","Aqua","MODIS","82","6.1NRT","298.26","39.74","D",,"fire_nrt_M-C61_803220.csv",18165,"NRT"
"-0.70836","110.56572","340.61","1.58","1.24","2026-08-16","0756","Aqua","MODIS","90","6.1NRT","299.29","74.38","D",,"fire_nrt_M-C61_803220.csv",18166,"NRT"
"-0.68734","110.63218","312.18","1.56","1.23","2026-08-16","0756","Aqua","MODIS","58","6.1NRT","298.81","9.18","D",,"fire_nrt_M-C61_803220.csv",18168,"NRT"
"-0.63339","110.77464","369.16","1.52","1.22","2026-08-16","0756","Aqua","MODIS","100","6.1NRT","297.47","200.21","D",,"fire_nrt_M-C61_803220.csv",18176,"NRT"
"-0.62277","110.77299","324.04","1.52","1.22","2026-08-16","0756","Aqua","MODIS","71","6.1NRT","292.79","32.67","D",,"fire_nrt_M-C61_803220.csv",18180,"NRT"
"-0.65225","110.57163","325.03","1.58","1.24","2026-08-16","0756","Aqua","MODIS","79","6.1NRT","298.31","30.98","D",,"fire_nrt_M-C61_803220.csv",18181,"NRT"
"-0.63726","110.20368","316.12","1.68","1.27","2026-08-16","0756","Aqua","MODIS","68","6.1NRT","297.49","18.34","D",,"fire_nrt_M-C61_803220.csv",18200,"NRT"
"-0.6394","110.18922","325.77","1.68","1.28","2026-08-16","0756","Aqua","MODIS","80","6.1NRT","297.65","38.68","D",,"fire_nrt_M-C61_803220.csv",18201,"NRT"
"-0.58157","110.42869","319.02","1.61","1.25","2026-08-16","0756","Aqua","MODIS","72","6.1NRT","298.48","21.77","D",,"fire_nrt_M-C61_803220.csv",18210,"NRT"
"-0.54962","110.49546","327.29","1.59","1.24","2026-08-16","0756","Aqua","MODIS","81","6.1NRT","296.68","38.62","D",,"fire_nrt_M-C61_803220.csv",18212,"NRT"
"-0.55168","110.4812","319.97","1.6","1.24","2026-08-16","0756","Aqua","MODIS","68","6.1NRT","294.7","22.89","D",,"fire_nrt_M-C61_803220.csv",18213,"NRT"
"-2.37054","110.9688","312.67","1.65","1.26","2026-08-16","1301","Terra","MODIS","84","6.1NRT","293.77","19.01","N",,"fire_nrt_M-C61_803220.csv",18677,"NRT"
"-2.37242","110.95452","320.34","1.65","1.26","2026-08-16","1301","Terra","MODIS","100","6.1NRT","293.97","33","N",,"fire_nrt_M-C61_803220.csv",18678,"NRT"
"-2.36978","110.96292","322.83","1.65","1.26","2026-08-16","1301","Terra","MODIS","100","6.1NRT","293.87","38.71","N",,"fire_nrt_M-C61_803220.csv",18679,"NRT"
"-2.37177","110.94863","306.32","1.65","1.26","2026-08-16","1301","Terra","MODIS","61","6.1NRT","293.94","10.36","N",,"fire_nrt_M-C61_803220.csv",18680,"NRT"
"-2.36932","110.27921","306.14","1.87","1.34","2026-08-16","1301","Terra","MODIS","12","6.1NRT","294.51","9.5","N",,"fire_nrt_M-C61_803220.csv",18681,"NRT"
"-2.37148","110.28954","310.96","1.86","1.33","2026-08-16","1301","Terra","MODIS","56","6.1NRT","294.47","17.58","N",,"fire_nrt_M-C61_803220.csv",18682,"NRT"
"-2.37373","110.27333","310.31","1.87","1.34","2026-08-16","1301","Terra","MODIS","48","6.1NRT","294.66","16.29","N",,"fire_nrt_M-C61_803220.csv",18683,"NRT"
"-2.26325","110.23602","321.9","1.87","1.34","2026-08-16","1301","Terra","MODIS","100","6.1NRT","294.86","43.11","N",,"fire_nrt_M-C61_803220.csv",18684,"NRT"
"-2.16881","110.49818","319.17","1.78","1.31","2026-08-16","1301","Terra","MODIS","98","6.1NRT","294.87","33.13","N",,"fire_nrt_M-C61_803220.csv",18685,"NRT"
"-2.17121","110.49231","318.6","1.78","1.31","2026-08-16","1301","Terra","MODIS","97","6.1NRT","294.93","31.82","N",,"fire_nrt_M-C61_803220.csv",18690,"NRT"
"-2.16125","110.39545","305.69","1.81","1.32","2026-08-16","1301","Terra","MODIS","56","6.1NRT","294.62","10.11","N",,"fire_nrt_M-C61_803220.csv",18693,"NRT"
"-2.16344","110.37967","328.91","1.82","1.32","2026-08-16","1301","Terra","MODIS","100","6.1NRT","294.86","60.53","N",,"fire_nrt_M-C61_803220.csv",18694,"NRT"
"-2.15185","110.37812","312.68","1.82","1.32","2026-08-16","1301","Terra","MODIS","83","6.1NRT","294.65","21.36","N",,"fire_nrt_M-C61_803220.csv",18696,"NRT"
"-2.10545","110.54642","305.9","1.76","1.3","2026-08-16","1301","Terra","MODIS","57","6.1NRT","295.02","9.53","N",,"fire_nrt_M-C61_803220.csv",18697,"NRT"
"-2.12229","110.4222","321.12","1.8","1.32","2026-08-16","1301","Terra","MODIS","100","6.1NRT","294.85","38.8","N",,"fire_nrt_M-C61_803220.csv",18698,"NRT"
"-2.14973","110.13081","310.6","1.9","1.35","2026-08-16","1301","Terra","MODIS","77","6.1NRT","294.71","19.83","N",,"fire_nrt_M-C61_803220.csv",18700,"NRT"
"-2.08029","110.38448","307.35","1.81","1.32","2026-08-16","1301","Terra","MODIS","49","6.1NRT","294.75","11.43","N",,"fire_nrt_M-C61_803220.csv",18702,"NRT"
"-2.10082","110.16869","304.71","1.89","1.34","2026-08-16","1301","Terra","MODIS","50","6.1NRT","294.61","9.78","N",,"fire_nrt_M-C61_803220.csv",18704,"NRT"
"-2.05596","110.40748","311.21","1.8","1.32","2026-08-16","1301","Terra","MODIS","79","6.1NRT","294.69","17.2","N",,"fire_nrt_M-C61_803220.csv",18706,"NRT"
"-2.05812","110.39178","310.4","1.81","1.32","2026-08-16","1301","Terra","MODIS","76","6.1NRT","294.69","16","N",,"fire_nrt_M-C61_803220.csv",18707,"NRT"
"-2.06107","110.19657","316.19","1.87","1.34","2026-08-16","1301","Terra","MODIS","92","6.1NRT","295.45","28.26","N",,"fire_nrt_M-C61_803220.csv",18712,"NRT"
"-2.04934","110.19495","310.02","1.87","1.34","2026-08-16","1301","Terra","MODIS","75","6.1NRT","295.14","16.05","N",,"fire_nrt_M-C61_803220.csv",18713,"NRT"
"-2.05153","110.17864","305.62","1.88","1.34","2026-08-16","1301","Terra","MODIS","25","6.1NRT","294.89","8.83","N",,"fire_nrt_M-C61_803220.csv",18714,"NRT"
"-1.99735","110.49454","306.07","1.77","1.3","2026-08-16","1301","Terra","MODIS","59","6.1NRT","295.19","9.41","N",,"fire_nrt_M-C61_803220.csv",18715,"NRT"
"-2.00774","110.41685","309.72","1.8","1.31","2026-08-16","1301","Terra","MODIS","74","6.1NRT","295.32","14.02","N",,"fire_nrt_M-C61_803220.csv",18716,"NRT"
"-2.00983","110.40121","307.16","1.8","1.32","2026-08-16","1301","Terra","MODIS","46","6.1NRT","295.26","9.99","N",,"fire_nrt_M-C61_803220.csv",18717,"NRT"
"-2.0376","110.19334","307.92","1.87","1.34","2026-08-16","1301","Terra","MODIS","67","6.1NRT","295.21","12.55","N",,"fire_nrt_M-C61_803220.csv",18718,"NRT"
"-2.03978","110.17702","316.72","1.88","1.34","2026-08-16","1301","Terra","MODIS","93","6.1NRT","295.41","29.85","N",,"fire_nrt_M-C61_803220.csv",18719,"NRT"
"-1.9983","110.39959","314.46","1.8","1.32","2026-08-16","1301","Terra","MODIS","88","6.1NRT","295.52","21.67","N",,"fire_nrt_M-C61_803220.csv",18721,"NRT"
"-1.96037","110.59831","306.69","1.74","1.29","2026-08-16","1301","Terra","MODIS","28","6.1NRT","295.11","8.7","N",,"fire_nrt_M-C61_803220.csv",18722,"NRT"
"-1.99899","110.40937","311.77","1.8","1.31","2026-08-16","1301","Terra","MODIS","38","6.1NRT","295.5","15.77","N",,"fire_nrt_M-C61_803220.csv",18724,"NRT"
"-2.03042","110.18612","306.87","1.87","1.34","2026-08-16","1301","Terra","MODIS","60","6.1NRT","294.91","11.05","N",,"fire_nrt_M-C61_803220.csv",18725,"NRT"
"-1.9617","110.59223","309.53","1.74","1.29","2026-08-16","1301","Terra","MODIS","74","6.1NRT","295.01","13.66","N",,"fire_nrt_M-C61_803220.csv",18728,"NRT"
"-1.86442","110.71596","306.51","1.69","1.28","2026-08-16","1301","Terra","MODIS","63","6.1NRT","294.03","9.46","N",,"fire_nrt_M-C61_803220.csv",18733,"NRT"
"-1.86638","110.70123","312.32","1.7","1.28","2026-08-16","1301","Terra","MODIS","83","6.1NRT","294.23","18.06","N",,"fire_nrt_M-C61_803220.csv",18734,"NRT"
"-1.85319","110.71458","306.45","1.69","1.28","2026-08-16","1301","Terra","MODIS","62","6.1NRT","294.07","9.31","N",,"fire_nrt_M-C61_803220.csv",18735,"NRT"
"-1.85514","110.69981","310.13","1.7","1.28","2026-08-16","1301","Terra","MODIS","76","6.1NRT","294.21","14.5","N",,"fire_nrt_M-C61_803220.csv",18736,"NRT"
"-1.86482","110.71016","312.59","1.69","1.28","2026-08-16","1301","Terra","MODIS","84","6.1NRT","294.19","18.63","N",,"fire_nrt_M-C61_803220.csv",18737,"NRT"
"-1.85359","110.70876","311.4","1.69","1.28","2026-08-16","1301","Terra","MODIS","81","6.1NRT","294.33","16.77","N",,"fire_nrt_M-C61_803220.csv",18738,"NRT"
"-1.91046","110.13086","317.01","1.89","1.34","2026-08-16","1301","Terra","MODIS","94","6.1NRT","295.06","29.48","N",,"fire_nrt_M-C61_803220.csv",18739,"NRT"
"-1.91273","110.11439","306.5","1.89","1.34","2026-08-16","1301","Terra","MODIS","13","6.1NRT","294.68","10.18","N",,"fire_nrt_M-C61_803220.csv",18740,"NRT"
"-1.88916","110.11115","321.88","1.89","1.34","2026-08-16","1301","Terra","MODIS","100","6.1NRT","295.05","41.56","N",,"fire_nrt_M-C61_803220.csv",18744,"NRT"
"-1.8377","110.13748","312.55","1.88","1.34","2026-08-16","1301","Terra","MODIS","83","6.1NRT","294.56","21.08","N",,"fire_nrt_M-C61_803220.csv",18746,"NRT"
"-1.84231","110.13174","307.18","1.88","1.34","2026-08-16","1301","Terra","MODIS","67","6.1NRT","294.4","12.94","N",,"fire_nrt_M-C61_803220.csv",18747,"NRT"
"-1.75786","110.13693","315.72","1.87","1.34","2026-08-16","1301","Terra","MODIS","91","6.1NRT","295.2","28.05","N",,"fire_nrt_M-C61_803220.csv",18752,"NRT"
"-1.73123","110.2482","310.85","1.83","1.33","2026-08-16","1301","Terra","MODIS","79","6.1NRT","294.81","17.73","N",,"fire_nrt_M-C61_803220.csv",18755,"NRT"
"-1.76247","110.13191","311.5","1.87","1.34","2026-08-16","1301","Terra","MODIS","81","6.1NRT","295.03","19.26","N",,"fire_nrt_M-C61_803220.csv",18758,"NRT"
"-1.73492","110.2431","311.27","1.83","1.33","2026-08-16","1301","Terra","MODIS","80","6.1NRT","294.76","18.88","N",,"fire_nrt_M-C61_803220.csv",18762,"NRT"
"-1.74354","110.09605","315.31","1.89","1.34","2026-08-16","1301","Terra","MODIS","90","6.1NRT","295.09","25.42","N",,"fire_nrt_M-C61_803220.csv",18766,"NRT"
"-1.74583","110.07965","309.44","1.89","1.34","2026-08-16","1301","Terra","MODIS","70","6.1NRT","294.84","14.46","N",,"fire_nrt_M-C61_803220.csv",18767,"NRT"
"-1.70509","110.28755","314.51","1.82","1.32","2026-08-16","1301","Terra","MODIS","88","6.1NRT","294.92","24.47","N",,"fire_nrt_M-C61_803220.csv",18768,"NRT"
"-1.70728","110.27172","319.98","1.82","1.32","2026-08-16","1301","Terra","MODIS","99","6.1NRT","295.36","36.1","N",,"fire_nrt_M-C61_803220.csv",18769,"NRT"
"-1.73405","110.078","313.74","1.89","1.34","2026-08-16","1301","Terra","MODIS","86","6.1NRT","295.31","22.02","N",,"fire_nrt_M-C61_803220.csv",18770,"NRT"
"-1.72226","110.07642","362.41","1.89","1.34","2026-08-16","1301","Terra","MODIS","100","6.1NRT","296.78","226.37","N",,"fire_nrt_M-C61_803220.csv",18771,"NRT"
"-1.72451","110.06001","325.35","1.9","1.35","2026-08-16","1301","Terra","MODIS","100","6.1NRT","295.17","49.7","N",,"fire_nrt_M-C61_803220.csv",18772,"NRT"
"-1.71048","110.0748","316.88","1.89","1.34","2026-08-16","1301","Terra","MODIS","93","6.1NRT","295.11","28.04","N",,"fire_nrt_M-C61_803220.csv",18773,"NRT"
"-1.68912","110.05508","326.87","1.9","1.35","2026-08-16","1301","Terra","MODIS","100","6.1NRT","295.24","55.66","N",,"fire_nrt_M-C61_803220.csv",18776,"NRT"
"-1.68004","110.06429","315.51","1.89","1.34","2026-08-16","1301","Terra","MODIS","91","6.1NRT","295.14","26.07","N",,"fire_nrt_M-C61_803220.csv",18777,"NRT"
"-1.68236","110.04783","315.14","1.9","1.35","2026-08-16","1301","Terra","MODIS","90","6.1NRT","295","24.88","N",,"fire_nrt_M-C61_803220.csv",18778,"NRT"
"-1.56288","110.81361","304.46","1.65","1.26","2026-08-16","1301","Terra","MODIS","54","6.1NRT","294.02","7.63","N",,"fire_nrt_M-C61_803220.csv",18779,"NRT"
"-1.65418","110.07748","317.6","1.89","1.34","2026-08-16","1301","Terra","MODIS","95","6.1NRT","295.67","31.61","N",,"fire_nrt_M-C61_803220.csv",18780,"NRT"
"-1.65647","110.06107","315.45","1.89","1.34","2026-08-16","1301","Terra","MODIS","90","6.1NRT","295.55","26.64","N",,"fire_nrt_M-C61_803220.csv",18781,"NRT"
"-1.64241","110.07586","320.07","1.89","1.34","2026-08-16","1301","Terra","MODIS","100","6.1NRT","295.62","37.48","N",,"fire_nrt_M-C61_803220.csv",18782,"NRT"
"-1.64468","110.05946","319.75","1.89","1.34","2026-08-16","1301","Terra","MODIS","99","6.1NRT","295.81","35.79","N",,"fire_nrt_M-C61_803220.csv",18783,"NRT"
"-1.48271","110.64861","308.39","1.69","1.28","2026-08-16","1301","Terra","MODIS","72","6.1NRT","294.44","13.2","N",,"fire_nrt_M-C61_803220.csv",18791,"NRT"
"-1.48475","110.63396","321.5","1.69","1.28","2026-08-16","1301","Terra","MODIS","100","6.1NRT","294.63","36.96","N",,"fire_nrt_M-C61_803220.csv",18792,"NRT"
"-1.45799","110.32175","310.94","1.79","1.31","2026-08-16","1301","Terra","MODIS","79","6.1NRT","294.19","17.77","N",,"fire_nrt_M-C61_803220.csv",18794,"NRT"
"-1.45835","110.3316","305.53","1.79","1.31","2026-08-16","1301","Terra","MODIS","60","6.1NRT","294.14","9.07","N",,"fire_nrt_M-C61_803220.csv",18795,"NRT"
"-1.46064","110.3155","304.6","1.79","1.31","2026-08-16","1301","Terra","MODIS","55","6.1NRT","294.01","7.92","N",,"fire_nrt_M-C61_803220.csv",18796,"NRT"
"-1.39408","110.11258","335.58","1.86","1.33","2026-08-16","1301","Terra","MODIS","100","6.1NRT","295.36","83.95","N",,"fire_nrt_M-C61_803220.csv",18797,"NRT"
"-1.39625","110.09629","318.33","1.86","1.33","2026-08-16","1301","Terra","MODIS","96","6.1NRT","294.64","32.53","N",,"fire_nrt_M-C61_803220.csv",18798,"NRT"
"-1.38239","110.11097","318.5","1.86","1.33","2026-08-16","1301","Terra","MODIS","87","6.1NRT","294.99","31.33","N",,"fire_nrt_M-C61_803220.csv",18799,"NRT"
"-1.38455","110.09468","317.86","1.86","1.33","2026-08-16","1301","Terra","MODIS","58","6.1NRT","294.93","26.9","N",,"fire_nrt_M-C61_803220.csv",18800,"NRT"
"-1.39827","110.10753","317.78","1.86","1.33","2026-08-16","1301","Terra","MODIS","82","6.1NRT","294.53","29.72","N",,"fire_nrt_M-C61_803220.csv",18801,"NRT"
"-1.38431","110.1221","314.69","1.85","1.33","2026-08-16","1301","Terra","MODIS","60","6.1NRT","294.81","23.35","N",,"fire_nrt_M-C61_803220.csv",18802,"NRT"
"-1.38658","110.10595","333.94","1.86","1.33","2026-08-16","1301","Terra","MODIS","100","6.1NRT","295.76","74.85","N",,"fire_nrt_M-C61_803220.csv",18803,"NRT"
"-1.38887","110.08968","313.32","1.86","1.33","2026-08-16","1301","Terra","MODIS","16","6.1NRT","294.75","17.5","N",,"fire_nrt_M-C61_803220.csv",18804,"NRT"
"-1.30188","110.62676","304.42","1.68","1.28","2026-08-16","1301","Terra","MODIS","55","6.1NRT","293.91","7.76","N",,"fire_nrt_M-C61_803220.csv",18807,"NRT"
"-1.37264","110.12048","307.27","1.85","1.33","2026-08-16","1301","Terra","MODIS","48","6.1NRT","294.44","11.59","N",,"fire_nrt_M-C61_803220.csv",18808,"NRT"
"-1.3749","110.10435","306.38","1.86","1.33","2026-08-16","1301","Terra","MODIS","45","6.1NRT","294.44","10.26","N",,"fire_nrt_M-C61_803220.csv",18809,"NRT"
"-1.26276","110.82658","317.43","1.62","1.25","2026-08-16","1301","Terra","MODIS","95","6.1NRT","294.18","27.32","N",,"fire_nrt_M-C61_803220.csv",18810,"NRT"
"-0.89832","110.47238","336.29","1.71","1.28","2026-08-16","1301","Terra","MODIS","100","6.1NRT","292.73","78.39","N",,"fire_nrt_M-C61_803220.csv",18828,"NRT"
"-0.90035","110.4574","317.32","1.71","1.28","2026-08-16","1301","Terra","MODIS","95","6.1NRT","290.5","30.4","N",,"fire_nrt_M-C61_803220.csv",18829,"NRT"
"-0.89751","110.47447","300.23","1.01","1.01","2026-08-16","2017","Aqua","MODIS","22","6.1NRT","289.01","4.13","N",,"fire_nrt_M-C61_803220.csv",18916,"NRT"
"-0.94905","110.4969","314.08","1.01","1.01","2026-08-16","2017","Aqua","MODIS","88","6.1NRT","289.74","12.13","N",,"fire_nrt_M-C61_803220.csv",18919,"NRT"
"-0.95784","110.49562","307.45","1.01","1.01","2026-08-16","2017","Aqua","MODIS","71","6.1NRT","288.67","7.11","N",,"fire_nrt_M-C61_803220.csv",18920,"NRT"
"-1.37232","110.37423","318.2","1.01","1.01","2026-08-16","2017","Aqua","MODIS","96","6.1NRT","292.38","15.42","N",,"fire_nrt_M-C61_803220.csv",18924,"NRT"
"-1.37365","110.383","306.2","1.01","1.01","2026-08-16","2017","Aqua","MODIS","67","6.1NRT","292.22","6.16","N",,"fire_nrt_M-C61_803220.csv",18925,"NRT"
"-1.37165","110.11763","318.66","1","1","2026-08-16","2017","Aqua","MODIS","97","6.1NRT","292.95","14.54","N",,"fire_nrt_M-C61_803220.csv",18926,"NRT"
"-1.37296","110.12634","313.01","1","1","2026-08-16","2017","Aqua","MODIS","86","6.1NRT","292.17","10.32","N",,"fire_nrt_M-C61_803220.csv",18927,"NRT"
"-1.37777","110.09893","308.44","1","1","2026-08-16","2017","Aqua","MODIS","68","6.1NRT","293.26","6.38","N",,"fire_nrt_M-C61_803220.csv",18928,"NRT"
"-1.38041","110.11635","318.99","1","1","2026-08-16","2017","Aqua","MODIS","98","6.1NRT","293.19","14.45","N",,"fire_nrt_M-C61_803220.csv",18929,"NRT"
"-1.38172","110.12506","327.41","1","1","2026-08-16","2017","Aqua","MODIS","100","6.1NRT","293.52","24","N",,"fire_nrt_M-C61_803220.csv",18930,"NRT"
"-1.38653","110.09764","319.1","1","1","2026-08-16","2017","Aqua","MODIS","96","6.1NRT","292.89","14.35","N",,"fire_nrt_M-C61_803220.csv",18931,"NRT"
"-1.38785","110.10635","347.22","1","1","2026-08-16","2017","Aqua","MODIS","100","6.1NRT","295.93","54.32","N",,"fire_nrt_M-C61_803220.csv",18932,"NRT"
"-1.38916","110.11506","342.17","1","1","2026-08-16","2017","Aqua","MODIS","100","6.1NRT","295.21","45.06","N",,"fire_nrt_M-C61_803220.csv",18933,"NRT"
"-1.39048","110.12377","342.43","1","1","2026-08-16","2017","Aqua","MODIS","100","6.1NRT","294.96","46.3","N",,"fire_nrt_M-C61_803220.csv",18934,"NRT"
"-1.39792","110.11378","311.84","1","1","2026-08-16","2017","Aqua","MODIS","79","6.1NRT","291.07","9.31","N",,"fire_nrt_M-C61_803220.csv",18935,"NRT"
"-1.48648","110.63965","305.22","1.02","1.01","2026-08-16","2017","Aqua","MODIS","63","6.1NRT","292.85","5.81","N",,"fire_nrt_M-C61_803220.csv",18936,"NRT"
"-1.45745","110.18842","302.59","1.01","1","2026-08-16","2017","Aqua","MODIS","50","6.1NRT","291.87","3.92","N",,"fire_nrt_M-C61_803220.csv",18938,"NRT"
"-1.64093","110.05986","306.63","1","1","2026-08-16","2017","Aqua","MODIS","20","6.1NRT","290.74","5.44","N",,"fire_nrt_M-C61_803220.csv",18940,"NRT"
"-1.64357","110.07729","316.38","1","1","2026-08-16","2017","Aqua","MODIS","63","6.1NRT","290.97","12.16","N",,"fire_nrt_M-C61_803220.csv",18941,"NRT"
"-1.64488","110.08601","321.56","1","1","2026-08-16","2017","Aqua","MODIS","100","6.1NRT","291.7","17.5","N",,"fire_nrt_M-C61_803220.csv",18942,"NRT"
"-1.64969","110.05858","313.24","1","1","2026-08-16","2017","Aqua","MODIS","72","6.1NRT","291.88","10.04","N",,"fire_nrt_M-C61_803220.csv",18943,"NRT"
"-1.65233","110.076","313.12","1","1","2026-08-16","2017","Aqua","MODIS","49","6.1NRT","291.06","9.79","N",,"fire_nrt_M-C61_803220.csv",18944,"NRT"
"-1.70024","110.27446","303.3","1.01","1","2026-08-16","2017","Aqua","MODIS","30","6.1NRT","289.99","4.47","N",,"fire_nrt_M-C61_803220.csv",18946,"NRT"
"-1.70156","110.28323","312.03","1.01","1","2026-08-16","2017","Aqua","MODIS","84","6.1NRT","291.43","10.41","N",,"fire_nrt_M-C61_803220.csv",18947,"NRT"
"-1.67729","110.06344","307.88","1","1","2026-08-16","2017","Aqua","MODIS","72","6.1NRT","291.03","6.63","N",,"fire_nrt_M-C61_803220.csv",18948,"NRT"
"-1.71035","110.28194","320.31","1.01","1","2026-08-16","2017","Aqua","MODIS","100","6.1NRT","291.1","17.81","N",,"fire_nrt_M-C61_803220.csv",18949,"NRT"
"-1.71167","110.29072","304.53","1.01","1","2026-08-16","2017","Aqua","MODIS","45","6.1NRT","290.52","5.32","N",,"fire_nrt_M-C61_803220.csv",18950,"NRT"
"-1.68605","110.06216","312.56","1","1","2026-08-16","2017","Aqua","MODIS","85","6.1NRT","291.45","10.25","N",,"fire_nrt_M-C61_803220.csv",18951,"NRT"
"-1.68737","110.07087","303.45","1","1","2026-08-16","2017","Aqua","MODIS","35","6.1NRT","291.06","4.03","N",,"fire_nrt_M-C61_803220.csv",18952,"NRT"
"-1.73385","110.24509","300.32","1.01","1","2026-08-16","2017","Aqua","MODIS","25","6.1NRT","286.72","3.55","N",,"fire_nrt_M-C61_803220.csv",18953,"NRT"
"-1.75445","110.14368","307.32","1.01","1","2026-08-16","2017","Aqua","MODIS","63","6.1NRT","290.62","7.12","N",,"fire_nrt_M-C61_803220.csv",18955,"NRT"
"-1.76322","110.1424","305.87","1.01","1","2026-08-16","2017","Aqua","MODIS","55","6.1NRT","290.4","6.06","N",,"fire_nrt_M-C61_803220.csv",18956,"NRT"
"-1.85741","110.70649","301.66","1.03","1.02","2026-08-16","2017","Aqua","MODIS","43","6.1NRT","290.43","3.86","N",,"fire_nrt_M-C61_803220.csv",18957,"NRT"
"-1.84462","110.12474","306.91","1.01","1","2026-08-16","2017","Aqua","MODIS","50","6.1NRT","291.12","6.27","N",,"fire_nrt_M-C61_803220.csv",18958,"NRT"
"-1.84594","110.13348","303.55","1.01","1","2026-08-16","2017","Aqua","MODIS","31","6.1NRT","290.62","4.3","N",,"fire_nrt_M-C61_803220.csv",18959,"NRT"
"-1.92735","110.5537","306.3","1.02","1.01","2026-08-16","2017","Aqua","MODIS","68","6.1NRT","282.86","7.67","N",,"fire_nrt_M-C61_803220.csv",18960,"NRT"
"-1.88847","110.11832","325.39","1.01","1","2026-08-16","2017","Aqua","MODIS","100","6.1NRT","292.63","22.77","N",,"fire_nrt_M-C61_803220.csv",18961,"NRT"
"-1.8898","110.12705","303.46","1.01","1","2026-08-16","2017","Aqua","MODIS","46","6.1NRT","290.45","4.14","N",,"fire_nrt_M-C61_803220.csv",18962,"NRT"
"-1.90114","110.12768","301.17","1.01","1","2026-08-16","2017","Aqua","MODIS","38","6.1NRT","290.52","3.55","N",,"fire_nrt_M-C61_803220.csv",18963,"NRT"
"-1.90991","110.12639","325.32","1.01","1","2026-08-16","2017","Aqua","MODIS","100","6.1NRT","290.76","22.98","N",,"fire_nrt_M-C61_803220.csv",18964,"NRT"
"-1.91122","110.13514","313.25","1.01","1","2026-08-16","2017","Aqua","MODIS","87","6.1NRT","290.4","11.51","N",,"fire_nrt_M-C61_803220.csv",18965,"NRT"
"-1.91649","110.17014","301.93","1.01","1","2026-08-16","2017","Aqua","MODIS","45","6.1NRT","288.21","4.32","N",,"fire_nrt_M-C61_803220.csv",18966,"NRT"
"-2.0383","110.18233","310.04","1.01","1","2026-08-16","2017","Aqua","MODIS","36","6.1NRT","289.59","8.3","N",,"fire_nrt_M-C61_803220.csv",18968,"NRT"
"-2.14966","110.13255","306.8","1.01","1","2026-08-16","2017","Aqua","MODIS","69","6.1NRT","292.1","6.9","N",,"fire_nrt_M-C61_803220.csv",18973,"NRT"
"-1.65313","110.07593","326.77","1","1","2026-08-17","0122","Terra","MODIS","43","6.1NRT","298.96","17.42","D",,"fire_nrt_M-C61_803220.csv",19017,"NRT"
"-1.64556","110.0859","328.69","1","1","2026-08-17","0122","Terra","MODIS","81","6.1NRT","298.44","21.28","D",,"fire_nrt_M-C61_803220.csv",19019,"NRT"
"-1.64791","110.29142","307.82","1.01","1","2026-08-17","0122","Terra","MODIS","0","6.1NRT","295.74","4.31","D",,"fire_nrt_M-C61_803220.csv",19020,"NRT"
"-1.64666","110.28262","309.5","1.01","1","2026-08-17","0122","Terra","MODIS","44","6.1NRT","295.49","5.54","D",,"fire_nrt_M-C61_803220.csv",19021,"NRT"
"-1.45749","110.18681","311.23","1","1","2026-08-17","0122","Terra","MODIS","63","6.1NRT","296.43","5.74","D",,"fire_nrt_M-C61_803220.csv",19024,"NRT"
"-1.39936","110.11149","332.17","1","1","2026-08-17","0122","Terra","MODIS","86","6.1NRT","296.21","25.29","D",,"fire_nrt_M-C61_803220.csv",19026,"NRT"
"-1.39811","110.10274","347.8","1","1","2026-08-17","0122","Terra","MODIS","95","6.1NRT","296.84","51.21","D",,"fire_nrt_M-C61_803220.csv",19027,"NRT"
"-1.3918","110.12146","345.65","1","1","2026-08-17","0122","Terra","MODIS","94","6.1NRT","298.72","46.44","D",,"fire_nrt_M-C61_803220.csv",19028,"NRT"
"-1.39055","110.1127","336.45","1","1","2026-08-17","0122","Terra","MODIS","77","6.1NRT","300.19","29.58","D",,"fire_nrt_M-C61_803220.csv",19029,"NRT"
"-1.3893","110.10395","343.87","1","1","2026-08-17","0122","Terra","MODIS","93","6.1NRT","300.5","41.83","D",,"fire_nrt_M-C61_803220.csv",19030,"NRT"
"-1.38299","110.12267","326.96","1","1","2026-08-17","0122","Terra","MODIS","62","6.1NRT","297.44","18.19","D",,"fire_nrt_M-C61_803220.csv",19031,"NRT"
"-1.22301","110.81158","309.91","1.02","1.01","2026-08-17","0122","Terra","MODIS","63","6.1NRT","295.5","5.82","D",,"fire_nrt_M-C61_803220.csv",19033,"NRT"
"-0.95759","110.49905","315.17","1.01","1","2026-08-17","0122","Terra","MODIS","72","6.1NRT","294.49","9.35","D",,"fire_nrt_M-C61_803220.csv",19040,"NRT"
"-0.97013","110.77699","307.51","1.02","1.01","2026-08-17","0122","Terra","MODIS","57","6.1NRT","293.74","4.63","D",,"fire_nrt_M-C61_803220.csv",19042,"NRT"
"-0.96886","110.76808","307.08","1.02","1.01","2026-08-17","0122","Terra","MODIS","55","6.1NRT","293.62","4.31","D",,"fire_nrt_M-C61_803220.csv",19043,"NRT"
"-0.8982","110.47728","321.85","1.01","1","2026-08-17","0122","Terra","MODIS","79","6.1NRT","296","15.18","D",,"fire_nrt_M-C61_803220.csv",19044,"NRT"
"-0.89693","110.46844","312.36","1.01","1","2026-08-17","0122","Terra","MODIS","68","6.1NRT","294.99","6.48","D",,"fire_nrt_M-C61_803220.csv",19045,"NRT"
"-0.75702","110.3867","309.35","1","1","2026-08-17","0122","Terra","MODIS","52","6.1NRT","292.28","4.81","D",,"fire_nrt_M-C61_803220.csv",19052,"NRT"
"-0.75577","110.37794","318.55","1","1","2026-08-17","0122","Terra","MODIS","76","6.1NRT","291.62","12.18","D",,"fire_nrt_M-C61_803220.csv",19053,"NRT"
"-0.74695","110.37915","313.4","1","1","2026-08-17","0122","Terra","MODIS","62","6.1NRT","291.78","7.53","D",,"fire_nrt_M-C61_803220.csv",19054,"NRT"
"-1.85393","110.70839","311.67","1.02","1.01","2026-08-17","0122","Terra","MODIS","58","6.1NRT","299.03","5.81","D",,"fire_nrt_M-C61_803220.csv",19083,"NRT"
"-1.76274","110.13483","313.62","1","1","2026-08-17","0122","Terra","MODIS","42","6.1NRT","298.19","6.29","D",,"fire_nrt_M-C61_803220.csv",19084,"NRT"
"-1.77527","110.28536","309.38","1.01","1","2026-08-17","0122","Terra","MODIS","56","6.1NRT","296.23","5.06","D",,"fire_nrt_M-C61_803220.csv",19085,"NRT"
"-1.73366","110.24625","313.31","1","1","2026-08-17","0122","Terra","MODIS","51","6.1NRT","297.61","6.8","D",,"fire_nrt_M-C61_803220.csv",19086,"NRT"
"-1.68973","110.06444","314.89","1","1","2026-08-17","0122","Terra","MODIS","65","6.1NRT","295.77","8.19","D",,"fire_nrt_M-C61_803220.csv",19089,"NRT"
"-1.71217","110.28507","328.98","1.01","1","2026-08-17","0122","Terra","MODIS","84","6.1NRT","297.94","23.39","D",,"fire_nrt_M-C61_803220.csv",19090,"NRT"
"-1.71092","110.27628","323.15","1.01","1","2026-08-17","0122","Terra","MODIS","79","6.1NRT","297.67","16.24","D",,"fire_nrt_M-C61_803220.csv",19091,"NRT"
"-1.65062","110.0584","323.39","1","1","2026-08-17","0122","Terra","MODIS","46","6.1NRT","299.08","13.79","D",,"fire_nrt_M-C61_803220.csv",19094,"NRT"
"-2.37594","110.28531","309.97","1.01","1","2026-08-17","0122","Terra","MODIS","41","6.1NRT","294.75","4.31","D",,"fire_nrt_M-C61_803220.csv",19102,"NRT"
"-2.37468","110.27648","311.07","1.01","1","2026-08-17","0122","Terra","MODIS","55","6.1NRT","295.53","5.2","D",,"fire_nrt_M-C61_803220.csv",19103,"NRT"
"-2.25978","110.24427","324.08","1.01","1","2026-08-17","0122","Terra","MODIS","79","6.1NRT","297.14","18.1","D",,"fire_nrt_M-C61_803220.csv",19105,"NRT"
"-2.25853","110.23545","309.27","1.01","1","2026-08-17","0122","Terra","MODIS","52","6.1NRT","296.69","5.05","D",,"fire_nrt_M-C61_803220.csv",19106,"NRT"
"-2.15149","110.13097","314.11","1","1","2026-08-17","0122","Terra","MODIS","66","6.1NRT","297.99","7.32","D",,"fire_nrt_M-C61_803220.csv",19110,"NRT"
"-2.08583","110.39517","314.78","1.01","1.01","2026-08-17","0122","Terra","MODIS","68","6.1NRT","297.16","7.63","D",,"fire_nrt_M-C61_803220.csv",19113,"NRT"
"-2.08456","110.38632","314.29","1.01","1.01","2026-08-17","0122","Terra","MODIS","63","6.1NRT","297.41","7.03","D",,"fire_nrt_M-C61_803220.csv",19114,"NRT"
"-2.05803","110.20111","322.98","1.01","1","2026-08-17","0122","Terra","MODIS","74","6.1NRT","298.63","14.95","D",,"fire_nrt_M-C61_803220.csv",19115,"NRT"
"-2.07697","110.39639","312.47","1.01","1.01","2026-08-17","0122","Terra","MODIS","27","6.1NRT","297.09","5.19","D",,"fire_nrt_M-C61_803220.csv",19117,"NRT"
"-2.04668","110.18474","316.97","1","1","2026-08-17","0122","Terra","MODIS","30","6.1NRT","298.2","8.66","D",,"fire_nrt_M-C61_803220.csv",19118,"NRT"
"-2.03785","110.18595","325.92","1","1","2026-08-17","0122","Terra","MODIS","70","6.1NRT","299.25","17.31","D",,"fire_nrt_M-C61_803220.csv",19120,"NRT"
"-2.0911","110.94266","318.29","1.04","1.02","2026-08-17","0122","Terra","MODIS","73","6.1NRT","296.52","12.61","D",,"fire_nrt_M-C61_803220.csv",19123,"NRT"
"-2.08981","110.93356","325.42","1.04","1.02","2026-08-17","0122","Terra","MODIS","81","6.1NRT","296.52","20.26","D",,"fire_nrt_M-C61_803220.csv",19124,"NRT"
"-2.0589","110.85127","318.77","1.03","1.02","2026-08-17","0122","Terra","MODIS","74","6.1NRT","296.01","12.79","D",,"fire_nrt_M-C61_803220.csv",19125,"NRT"
"-1.99109","110.50456","310.82","1.01","1.01","2026-08-17","0122","Terra","MODIS","59","6.1NRT","297.86","4.87","D",,"fire_nrt_M-C61_803220.csv",19126,"NRT"
"-1.91665","110.17281","310.38","1","1","2026-08-17","0122","Terra","MODIS","35","6.1NRT","296.92","4.56","D",,"fire_nrt_M-C61_803220.csv",19127,"NRT"
"-1.91038","110.12891","350.43","1","1","2026-08-17","0122","Terra","MODIS","96","6.1NRT","301.6","55.68","D",,"fire_nrt_M-C61_803220.csv",19128,"NRT"
"-1.89148","110.12257","324.1","1","1","2026-08-17","0122","Terra","MODIS","74","6.1NRT","300.01","15.02","D",,"fire_nrt_M-C61_803220.csv",19130,"NRT"
"-1.89023","110.11378","327.49","1","1","2026-08-17","0122","Terra","MODIS","82","6.1NRT","299.09","19.38","D",,"fire_nrt_M-C61_803220.csv",19131,"NRT"
"-1.85367","110.12525","317.57","1","1","2026-08-17","0122","Terra","MODIS","65","6.1NRT","296.97","9.35","D",,"fire_nrt_M-C61_803220.csv",19132,"NRT"
"-1.86472","110.71007","310.87","1.02","1.01","2026-08-17","0122","Terra","MODIS","59","6.1NRT","298.39","5.98","D",,"fire_nrt_M-C61_803220.csv",19134,"NRT"
"-2.19581","110.49133","328.17","1.68","1.27","2026-08-17","0835","Aqua","MODIS","81","6.1NRT","299.82","39.51","D",,"fire_nrt_M-C61_803220.csv",19244,"NRT"
"-2.16022","110.42688","345.71","1.66","1.27","2026-08-17","0835","Aqua","MODIS","93","6.1NRT","297.9","95.64","D",,"fire_nrt_M-C61_803220.csv",19249,"NRT"
"-2.16242","110.41253","324.27","1.65","1.26","2026-08-17","0835","Aqua","MODIS","35","6.1NRT","297.57","27.6","D",,"fire_nrt_M-C61_803220.csv",19250,"NRT"
"-2.17336","110.34126","328.87","1.63","1.26","2026-08-17","0835","Aqua","MODIS","82","6.1NRT","297.97","42.52","D",,"fire_nrt_M-C61_803220.csv",19251,"NRT"
"-2.17554","110.32706","321.94","1.63","1.26","2026-08-17","0835","Aqua","MODIS","74","6.1NRT","298.06","25.35","D",,"fire_nrt_M-C61_803220.csv",19252,"NRT"
"-2.16892","110.29725","320.13","1.62","1.25","2026-08-17","0835","Aqua","MODIS","66","6.1NRT","297.84","21.28","D",,"fire_nrt_M-C61_803220.csv",19254,"NRT"
"-2.14192","110.31631","330.95","1.63","1.26","2026-08-17","0835","Aqua","MODIS","83","6.1NRT","298.82","45.14","D",,"fire_nrt_M-C61_803220.csv",19258,"NRT"
"-2.15796","110.13393","324.5","1.58","1.24","2026-08-17","0835","Aqua","MODIS","73","6.1NRT","299.05","30.76","D",,"fire_nrt_M-C61_803220.csv",19261,"NRT"
"-2.16","110.1203","322.85","1.57","1.24","2026-08-17","0835","Aqua","MODIS","57","6.1NRT","299.08","26.37","D",,"fire_nrt_M-C61_803220.csv",19262,"NRT"
"-2.14509","110.146","326.26","1.58","1.24","2026-08-17","0835","Aqua","MODIS","64","6.1NRT","298.56","31.73","D",,"fire_nrt_M-C61_803220.csv",19264,"NRT"
"-2.14715","110.13232","350.99","1.58","1.24","2026-08-17","0835","Aqua","MODIS","83","6.1NRT","299.66","108.7","D",,"fire_nrt_M-C61_803220.csv",19265,"NRT"
"-2.13427","110.14439","348.74","1.58","1.24","2026-08-17","0835","Aqua","MODIS","94","6.1NRT","298.85","100.83","D",,"fire_nrt_M-C61_803220.csv",19268,"NRT"
"-2.13634","110.1307","326.61","1.58","1.24","2026-08-17","0835","Aqua","MODIS","28","6.1NRT","298.24","30.9","D",,"fire_nrt_M-C61_803220.csv",19269,"NRT"
"-2.0665","110.19787","327.33","1.6","1.25","2026-08-17","0835","Aqua","MODIS","80","6.1NRT","298.98","37.9","D",,"fire_nrt_M-C61_803220.csv",19272,"NRT"
"-2.06856","110.18401","313.27","1.6","1.24","2026-08-17","0835","Aqua","MODIS","25","6.1NRT","298.31","10.2","D",,"fire_nrt_M-C61_803220.csv",19273,"NRT"
"-2.00428","110.53959","355.98","1.7","1.28","2026-08-17","0835","Aqua","MODIS","98","6.1NRT","295.74","148.84","D",,"fire_nrt_M-C61_803220.csv",19279,"NRT"
"-2.00648","110.52488","367.91","1.7","1.28","2026-08-17","0835","Aqua","MODIS","100","6.1NRT","299.41","214.47","D",,"fire_nrt_M-C61_803220.csv",19280,"NRT"
"-2.00871","110.50999","334.16","1.69","1.28","2026-08-17","0835","Aqua","MODIS","64","6.1NRT","298.62","51.1","D",,"fire_nrt_M-C61_803220.csv",19281,"NRT"
"-2.05562","110.19622","325.28","1.6","1.25","2026-08-17","0835","Aqua","MODIS","78","6.1NRT","299.45","32.62","D",,"fire_nrt_M-C61_803220.csv",19282,"NRT"
"-1.99308","110.53791","333.89","1.7","1.28","2026-08-17","0835","Aqua","MODIS","73","6.1NRT","291.45","55.92","D",,"fire_nrt_M-C61_803220.csv",19283,"NRT"
"-1.9953","110.52318","346.49","1.7","1.28","2026-08-17","0835","Aqua","MODIS","86","6.1NRT","296.2","93.21","D",,"fire_nrt_M-C61_803220.csv",19284,"NRT"
"-1.99751","110.50847","332.09","1.69","1.28","2026-08-17","0835","Aqua","MODIS","62","6.1NRT","297.51","44.02","D",,"fire_nrt_M-C61_803220.csv",19285,"NRT"
"-2.00631","110.45002","328.72","1.68","1.27","2026-08-17","0835","Aqua","MODIS","82","6.1NRT","298.12","40.93","D",,"fire_nrt_M-C61_803220.csv",19286,"NRT"
"-2.0085","110.43551","337.29","1.67","1.27","2026-08-17","0835","Aqua","MODIS","88","6.1NRT","299.01","66.91","D",,"fire_nrt_M-C61_803220.csv",19287,"NRT"
"-2.04474","110.19459","348.74","1.6","1.25","2026-08-17","0835","Aqua","MODIS","95","6.1NRT","300.14","103.06","D",,"fire_nrt_M-C61_803220.csv",19288,"NRT"
"-2.04682","110.18073","345.47","1.6","1.24","2026-08-17","0835","Aqua","MODIS","93","6.1NRT","301.17","90.04","D",,"fire_nrt_M-C61_803220.csv",19289,"NRT"
"-1.97066","110.61028","331.84","1.73","1.29","2026-08-17","0835","Aqua","MODIS","84","6.1NRT","298.51","55.85","D",,"fire_nrt_M-C61_803220.csv",19290,"NRT"
"-1.97293","110.59528","321.73","1.72","1.29","2026-08-17","0835","Aqua","MODIS","74","6.1NRT","297.35","29.55","D",,"fire_nrt_M-C61_803220.csv",19291,"NRT"
"-1.98635","110.50672","344.85","1.69","1.28","2026-08-17","0835","Aqua","MODIS","87","6.1NRT","297.75","90.89","D",,"fire_nrt_M-C61_803220.csv",19292,"NRT"
"-1.99519","110.44842","332.18","1.68","1.27","2026-08-17","0835","Aqua","MODIS","85","6.1NRT","297.44","50.27","D",,"fire_nrt_M-C61_803220.csv",19293,"NRT"
"-1.99739","110.4339","331.84","1.67","1.27","2026-08-17","0835","Aqua","MODIS","80","6.1NRT","298.27","49.73","D",,"fire_nrt_M-C61_803220.csv",19294,"NRT"
"-2.03385","110.19296","365.85","1.6","1.25","2026-08-17","0835","Aqua","MODIS","100","6.1NRT","301.23","190.89","D",,"fire_nrt_M-C61_803220.csv",19295,"NRT"
"-2.03595","110.17909","350.51","1.6","1.24","2026-08-17","0835","Aqua","MODIS","95","6.1NRT","300.87","111.73","D",,"fire_nrt_M-C61_803220.csv",19296,"NRT"
"-1.97518","110.50507","347.51","1.69","1.28","2026-08-17","0835","Aqua","MODIS","82","6.1NRT","294.18","102.94","D",,"fire_nrt_M-C61_803220.csv",19297,"NRT"
"-1.97742","110.49042","329.68","1.69","1.28","2026-08-17","0835","Aqua","MODIS","46","6.1NRT","297.36","41.79","D",,"fire_nrt_M-C61_803220.csv",19298,"NRT"
"-2.02297","110.19131","333.93","1.6","1.25","2026-08-17","0835","Aqua","MODIS","86","6.1NRT","297.51","56.22","D",,"fire_nrt_M-C61_803220.csv",19299,"NRT"
"-2.02508","110.17746","315.96","1.6","1.24","2026-08-17","0835","Aqua","MODIS","65","6.1NRT","297.58","16.41","D",,"fire_nrt_M-C61_803220.csv",19300,"NRT"
"-1.99492","110.30178","313.22","1.63","1.26","2026-08-17","0835","Aqua","MODIS","53","6.1NRT","298.01","12.4","D",,"fire_nrt_M-C61_803220.csv",19301,"NRT"
"-1.86393","110.7123","315.58","1.77","1.3","2026-08-17","0835","Aqua","MODIS","65","6.1NRT","299.41","15.02","D",,"fire_nrt_M-C61_803220.csv",19305,"NRT"
"-1.86626","110.69695","320.31","1.76","1.3","2026-08-17","0835","Aqua","MODIS","73","6.1NRT","299.29","24.71","D",,"fire_nrt_M-C61_803220.csv",19306,"NRT"
"-1.89415","110.11696","336.22","1.59","1.24","2026-08-17","0835","Aqua","MODIS","88","6.1NRT","298.98","57.48","D",,"fire_nrt_M-C61_803220.csv",19308,"NRT"
"-1.84659","110.13801","314","1.6","1.24","2026-08-17","0835","Aqua","MODIS","59","6.1NRT","297.66","12.91","D",,"fire_nrt_M-C61_803220.csv",19310,"NRT"
"-1.79122","110.19535","315.65","1.62","1.25","2026-08-17","0835","Aqua","MODIS","65","6.1NRT","296.7","15.74","D",,"fire_nrt_M-C61_803220.csv",19314,"NRT"
"-1.73895","110.24503","315.89","1.63","1.26","2026-08-17","0835","Aqua","MODIS","30","6.1NRT","298.92","14.69","D",,"fire_nrt_M-C61_803220.csv",19317,"NRT"
"-1.70824","110.29861","325.34","1.65","1.26","2026-08-17","0835","Aqua","MODIS","79","6.1NRT","297.88","34.16","D",,"fire_nrt_M-C61_803220.csv",19319,"NRT"
"-1.71043","110.28433","372.37","1.65","1.26","2026-08-17","0835","Aqua","MODIS","100","6.1NRT","301.62","242.84","D",,"fire_nrt_M-C61_803220.csv",19320,"NRT"
"-1.71262","110.2701","335.43","1.64","1.26","2026-08-17","0835","Aqua","MODIS","87","6.1NRT","299.51","57.49","D",,"fire_nrt_M-C61_803220.csv",19321,"NRT"
"-1.73419","110.12971","344.67","1.6","1.25","2026-08-17","0835","Aqua","MODIS","93","6.1NRT","299.14","87.88","D",,"fire_nrt_M-C61_803220.csv",19322,"NRT"
"-1.73631","110.11588","323.3","1.6","1.24","2026-08-17","0835","Aqua","MODIS","53","6.1NRT","298.19","24.06","D",,"fire_nrt_M-C61_803220.csv",19323,"NRT"
"-1.73182","110.0729","341","1.58","1.24","2026-08-17","0835","Aqua","MODIS","91","6.1NRT","298.46","67.39","D",,"fire_nrt_M-C61_803220.csv",19324,"NRT"
"-1.70654","110.29142","348.83","1.65","1.26","2026-08-17","0835","Aqua","MODIS","95","6.1NRT","299.02","110.05","D",,"fire_nrt_M-C61_803220.csv",19325,"NRT"
"-1.70863","110.27714","345.54","1.65","1.26","2026-08-17","0835","Aqua","MODIS","93","6.1NRT","300.98","95.68","D",,"fire_nrt_M-C61_803220.csv",19326,"NRT"
"-1.71071","110.2629","316.45","1.64","1.26","2026-08-17","0835","Aqua","MODIS","21","6.1NRT","298.23","13.43","D",,"fire_nrt_M-C61_803220.csv",19327,"NRT"
"-1.72923","110.13628","322.22","1.6","1.25","2026-08-17","0835","Aqua","MODIS","73","6.1NRT","297.89","24.86","D",,"fire_nrt_M-C61_803220.csv",19328,"NRT"
"-1.73126","110.1224","334.67","1.6","1.25","2026-08-17","0835","Aqua","MODIS","87","6.1NRT","299.24","54.54","D",,"fire_nrt_M-C61_803220.csv",19329,"NRT"
"-1.73732","110.08092","339.91","1.59","1.24","2026-08-17","0835","Aqua","MODIS","86","6.1NRT","298.84","63.25","D",,"fire_nrt_M-C61_803220.csv",19330,"NRT"
"-1.72648","110.07927","339.11","1.59","1.24","2026-08-17","0835","Aqua","MODIS","88","6.1NRT","298.65","62.73","D",,"fire_nrt_M-C61_803220.csv",19332,"NRT"
"-1.71563","110.07763","324.49","1.59","1.24","2026-08-17","0835","Aqua","MODIS","56","6.1NRT","297.65","26.89","D",,"fire_nrt_M-C61_803220.csv",19333,"NRT"
"-1.66239","110.28487","311.37","1.65","1.26","2026-08-17","0835","Aqua","MODIS","0","6.1NRT","298.11","9.79","D",,"fire_nrt_M-C61_803220.csv",19337,"NRT"
"-1.68517","110.05899","333.56","1.58","1.24","2026-08-17","0835","Aqua","MODIS","81","6.1NRT","299.31","48.46","D",,"fire_nrt_M-C61_803220.csv",19339,"NRT"
"-1.64845","110.08163","347.48","1.59","1.24","2026-08-17","0835","Aqua","MODIS","94","6.1NRT","300.06","97.37","D",,"fire_nrt_M-C61_803220.csv",19340,"NRT"
"-1.65056","110.06788","322.44","1.59","1.24","2026-08-17","0835","Aqua","MODIS","25","6.1NRT","299.46","23.65","D",,"fire_nrt_M-C61_803220.csv",19341,"NRT"
"-1.64478","110.08945","325.44","1.6","1.24","2026-08-17","0835","Aqua","MODIS","23","6.1NRT","298.07","30.23","D",,"fire_nrt_M-C61_803220.csv",19342,"NRT"
"-1.59044","110.08125","314.2","1.6","1.24","2026-08-17","0835","Aqua","MODIS","62","6.1NRT","297.84","14.05","D",,"fire_nrt_M-C61_803220.csv",19343,"NRT"
"-1.59251","110.06748","312.94","1.59","1.24","2026-08-17","0835","Aqua","MODIS","48","6.1NRT","298.85","11.61","D",,"fire_nrt_M-C61_803220.csv",19344,"NRT"
"-1.49578","110.632","312.87","1.77","1.3","2026-08-17","0835","Aqua","MODIS","49","6.1NRT","297.98","10.71","D",,"fire_nrt_M-C61_803220.csv",19345,"NRT"
"-1.4597","110.25651","319.4","1.65","1.26","2026-08-17","0835","Aqua","MODIS","72","6.1NRT","298.36","22.23","D",,"fire_nrt_M-C61_803220.csv",19347,"NRT"
"-1.46186","110.24221","312.16","1.65","1.26","2026-08-17","0835","Aqua","MODIS","57","6.1NRT","298","9.79","D",,"fire_nrt_M-C61_803220.csv",19348,"NRT"
"-1.45949","110.18374","313.23","1.63","1.26","2026-08-17","0835","Aqua","MODIS","60","6.1NRT","298.38","12.53","D",,"fire_nrt_M-C61_803220.csv",19350,"NRT"
"-2.37784","110.28411","334.62","1.6","1.25","2026-08-17","0835","Aqua","MODIS","86","6.1NRT","299.04","53.63","D",,"fire_nrt_M-C61_803220.csv",19352,"NRT"
"-1.39936","110.12576","322.12","1.62","1.25","2026-08-17","0835","Aqua","MODIS","53","6.1NRT","296.36","26.39","D",,"fire_nrt_M-C61_803220.csv",19354,"NRT"
"-1.40147","110.11176","362.26","1.62","1.25","2026-08-17","0835","Aqua","MODIS","100","6.1NRT","299.06","173.14","D",,"fire_nrt_M-C61_803220.csv",19355,"NRT"
"-1.39054","110.11012","332.9","1.62","1.25","2026-08-17","0835","Aqua","MODIS","79","6.1NRT","297.93","50.4","D",,"fire_nrt_M-C61_803220.csv",19356,"NRT"
"-1.22533","110.5101","310.81","1.75","1.3","2026-08-17","0835","Aqua","MODIS","34","6.1NRT","295.45","5.68","D",,"fire_nrt_M-C61_803220.csv",19363,"NRT"
"-0.90935","110.46803","322.17","1.76","1.3","2026-08-17","0835","Aqua","MODIS","77","6.1NRT","298.81","27.52","D",,"fire_nrt_M-C61_803220.csv",19394,"NRT"
"-0.84339","110.37527","322.2","1.73","1.29","2026-08-17","0835","Aqua","MODIS","77","6.1NRT","294.48","34.33","D",,"fire_nrt_M-C61_803220.csv",19397,"NRT"
"-0.84558","110.36033","331.94","1.73","1.29","2026-08-17","0835","Aqua","MODIS","64","6.1NRT","293.85","59.55","D",,"fire_nrt_M-C61_803220.csv",19398,"NRT"
"-0.6208","110.84854","326.51","1.9","1.35","2026-08-17","0835","Aqua","MODIS","81","6.1NRT","295.73","48.31","D",,"fire_nrt_M-C61_803220.csv",19401,"NRT"
"-0.6645","110.56088","313.09","1.8","1.32","2026-08-17","0835","Aqua","MODIS","61","6.1NRT","296.97","12.36","D",,"fire_nrt_M-C61_803220.csv",19402,"NRT"
"-0.61494","110.84126","310.9","1.9","1.35","2026-08-17","0835","Aqua","MODIS","35","6.1NRT","294.8","14.13","D",,"fire_nrt_M-C61_803220.csv",19405,"NRT"
"-2.36694","110.28251","338.42","1.6","1.25","2026-08-17","0835","Aqua","MODIS","86","6.1NRT","298.4","64.79","D",,"fire_nrt_M-C61_803220.csv",19422,"NRT"
"-2.36909","110.26852","344.6","1.6","1.25","2026-08-17","0835","Aqua","MODIS","92","6.1NRT","299.27","87.15","D",,"fire_nrt_M-C61_803220.csv",19423,"NRT"
"-2.37127","110.25434","323.29","1.6","1.24","2026-08-17","0835","Aqua","MODIS","76","6.1NRT","298.88","27.06","D",,"fire_nrt_M-C61_803220.csv",19424,"NRT"
"-2.34304","110.36505","327.34","1.63","1.26","2026-08-17","0835","Aqua","MODIS","61","6.1NRT","297.8","39.61","D",,"fire_nrt_M-C61_803220.csv",19427,"NRT"
"-2.34021","110.37347","315.12","1.63","1.26","2026-08-17","0835","Aqua","MODIS","44","6.1NRT","296.74","13.38","D",,"fire_nrt_M-C61_803220.csv",19428,"NRT"
"-2.34229","110.35931","326.94","1.63","1.26","2026-08-17","0835","Aqua","MODIS","80","6.1NRT","297.98","35.55","D",,"fire_nrt_M-C61_803220.csv",19429,"NRT"
"-2.37089","110.16473","314.51","1.57","1.24","2026-08-17","0835","Aqua","MODIS","43","6.1NRT","299.87","11.5","D",,"fire_nrt_M-C61_803220.csv",19430,"NRT"
"-2.32459","110.32749","323.18","1.62","1.25","2026-08-17","0835","Aqua","MODIS","76","6.1NRT","296.79","28.07","D",,"fire_nrt_M-C61_803220.csv",19434,"NRT"
"-2.32674","110.31306","334.89","1.62","1.25","2026-08-17","0835","Aqua","MODIS","86","6.1NRT","297.17","58.19","D",,"fire_nrt_M-C61_803220.csv",19435,"NRT"
"-2.31363","110.32593","328.44","1.62","1.25","2026-08-17","0835","Aqua","MODIS","81","6.1NRT","297.15","39.32","D",,"fire_nrt_M-C61_803220.csv",19436,"NRT"
"-2.31574","110.31189","320.1","1.62","1.25","2026-08-17","0835","Aqua","MODIS","45","6.1NRT","296.87","20.7","D",,"fire_nrt_M-C61_803220.csv",19437,"NRT"
"-2.26356","110.50844","313.94","1.68","1.27","2026-08-17","0835","Aqua","MODIS","59","6.1NRT","298.23","12.4","D",,"fire_nrt_M-C61_803220.csv",19440,"NRT"
"-2.29598","110.29468","314.63","1.61","1.25","2026-08-17","0835","Aqua","MODIS","38","6.1NRT","297.25","12.02","D",,"fire_nrt_M-C61_803220.csv",19441,"NRT"
"-2.3169","110.1566","318.01","1.57","1.24","2026-08-17","0835","Aqua","MODIS","51","6.1NRT","300.53","17.38","D",,"fire_nrt_M-C61_803220.csv",19442,"NRT"
"-2.27179","110.23415","312.46","1.6","1.24","2026-08-17","0835","Aqua","MODIS","52","6.1NRT","296.4","11.33","D",,"fire_nrt_M-C61_803220.csv",19445,"NRT"
"-2.26673","110.24065","312.11","1.6","1.25","2026-08-17","0835","Aqua","MODIS","36","6.1NRT","296.44","9.42","D",,"fire_nrt_M-C61_803220.csv",19447,"NRT"
"-2.20908","110.47851","319.47","1.67","1.27","2026-08-17","0835","Aqua","MODIS","71","6.1NRT","298.97","19.79","D",,"fire_nrt_M-C61_803220.csv",19449,"NRT"
"-2.37571","110.2981","320.65","1.61","1.25","2026-08-17","0835","Aqua","MODIS","48","6.1NRT","298.37","21.92","D",,"fire_nrt_M-C61_803220.csv",19451,"NRT"
"-2.38873","110.28579","323.42","1.6","1.25","2026-08-17","0835","Aqua","MODIS","40","6.1NRT","298.9","25.12","D",,"fire_nrt_M-C61_803220.csv",19452,"NRT"
"-2.38662","110.29973","326.49","1.61","1.25","2026-08-17","0835","Aqua","MODIS","80","6.1NRT","299.02","34.24","D",,"fire_nrt_M-C61_803220.csv",19453,"NRT"
"-2.35861","110.48418","348.13","1.66","1.27","2026-08-17","0835","Aqua","MODIS","94","6.1NRT","299.83","108.7","D",,"fire_nrt_M-C61_803220.csv",19454,"NRT"
"-2.02582","110.19492","310.24","1.61","1.25","2026-08-17","1340","Terra","MODIS","59","6.1NRT","286.4","16.45","N",,"fire_nrt_M-C61_803220.csv",19588,"NRT"
"-1.97094","110.51073","303.17","1.7","1.28","2026-08-17","1340","Terra","MODIS","20","6.1NRT","285.72","8.74","N",,"fire_nrt_M-C61_803220.csv",19589,"NRT"
"-1.91459","110.1731","303.47","1.61","1.25","2026-08-17","1340","Terra","MODIS","55","6.1NRT","282.82","10.27","N",,"fire_nrt_M-C61_803220.csv",19590,"NRT"
"-1.91654","110.15907","302.63","1.6","1.25","2026-08-17","1340","Terra","MODIS","47","6.1NRT","281.43","9.29","N",,"fire_nrt_M-C61_803220.csv",19591,"NRT"
"-2.76542","110.98296","307.83","1.8","1.31","2026-08-17","1340","Terra","MODIS","73","6.1NRT","289.15","17.85","N",,"fire_nrt_M-C61_803220.csv",19603,"NRT"
"-2.71928","110.25845","303.23","1.58","1.24","2026-08-17","1340","Terra","MODIS","54","6.1NRT","292.86","7.65","N",,"fire_nrt_M-C61_803220.csv",19611,"NRT"
"-2.41435","110.62675","307.32","1.71","1.28","2026-08-17","1340","Terra","MODIS","71","6.1NRT","290.24","14.51","N",,"fire_nrt_M-C61_803220.csv",19615,"NRT"
"-2.36685","110.47899","311.88","1.67","1.27","2026-08-17","1340","Terra","MODIS","84","6.1NRT","290.06","20.51","N",,"fire_nrt_M-C61_803220.csv",19617,"NRT"
"-2.3536","110.49191","322.55","1.67","1.27","2026-08-17","1340","Terra","MODIS","100","6.1NRT","290.37","40.01","N",,"fire_nrt_M-C61_803220.csv",19618,"NRT"
"-2.35572","110.47736","348.9","1.67","1.27","2026-08-17","1340","Terra","MODIS","100","6.1NRT","292.76","124.03","N",,"fire_nrt_M-C61_803220.csv",19619,"NRT"
"-2.34458","110.47576","305.53","1.67","1.27","2026-08-17","1340","Terra","MODIS","65","6.1NRT","289.22","11.18","N",,"fire_nrt_M-C61_803220.csv",19620,"NRT"
"-2.35354","110.48535","343.24","1.67","1.27","2026-08-17","1340","Terra","MODIS","100","6.1NRT","292.48","101.98","N",,"fire_nrt_M-C61_803220.csv",19621,"NRT"
"-2.35555","110.47076","327.71","1.67","1.27","2026-08-17","1340","Terra","MODIS","100","6.1NRT","290.25","52.51","N",,"fire_nrt_M-C61_803220.csv",19622,"NRT"
"-2.36124","110.26746","304.84","1.61","1.25","2026-08-17","1340","Terra","MODIS","58","6.1NRT","289.72","8.5","N",,"fire_nrt_M-C61_803220.csv",19623,"NRT"
"-2.30932","110.31755","313.39","1.62","1.25","2026-08-17","1340","Terra","MODIS","87","6.1NRT","292.02","20.64","N",,"fire_nrt_M-C61_803220.csv",19629,"NRT"
"-2.31135","110.3034","309.26","1.62","1.25","2026-08-17","1340","Terra","MODIS","77","6.1NRT","291.9","14.28","N",,"fire_nrt_M-C61_803220.csv",19630,"NRT"
"-2.29831","110.31596","306.14","1.62","1.25","2026-08-17","1340","Terra","MODIS","66","6.1NRT","292.34","9.72","N",,"fire_nrt_M-C61_803220.csv",19632,"NRT"
"-2.27193","110.24887","305.21","1.61","1.25","2026-08-17","1340","Terra","MODIS","63","6.1NRT","290.81","10.07","N",,"fire_nrt_M-C61_803220.csv",19633,"NRT"
"-2.27388","110.23491","308.95","1.6","1.25","2026-08-17","1340","Terra","MODIS","76","6.1NRT","290.69","15.17","N",,"fire_nrt_M-C61_803220.csv",19634,"NRT"
"-2.17446","110.37994","306.77","1.65","1.26","2026-08-17","1340","Terra","MODIS","61","6.1NRT","285.86","13.26","N",,"fire_nrt_M-C61_803220.csv",19639,"NRT"
"-2.17179","110.38766","301.67","1.65","1.26","2026-08-17","1340","Terra","MODIS","43","6.1NRT","285.68","8.44","N",,"fire_nrt_M-C61_803220.csv",19642,"NRT"
"-2.17379","110.37328","302.73","1.65","1.26","2026-08-17","1340","Terra","MODIS","51","6.1NRT","285.54","9.33","N",,"fire_nrt_M-C61_803220.csv",19643,"NRT"
"-2.15263","110.12591","311.16","1.58","1.24","2026-08-17","1340","Terra","MODIS","38","6.1NRT","288.79","17.01","N",,"fire_nrt_M-C61_803220.csv",19648,"NRT"
"-2.13977","110.13814","306.74","1.58","1.24","2026-08-17","1340","Terra","MODIS","69","6.1NRT","288.24","12.69","N",,"fire_nrt_M-C61_803220.csv",19650,"NRT"
"-2.14175","110.12435","308.85","1.58","1.24","2026-08-17","1340","Terra","MODIS","76","6.1NRT","287.56","15.02","N",,"fire_nrt_M-C61_803220.csv",19651,"NRT"
"-2.0624","110.19234","306.24","1.6","1.25","2026-08-17","1340","Terra","MODIS","50","6.1NRT","282.54","12.46","N",,"fire_nrt_M-C61_803220.csv",19654,"NRT"
"-2.00189","110.53691","312.04","1.71","1.28","2026-08-17","1340","Terra","MODIS","84","6.1NRT","285.5","20.52","N",,"fire_nrt_M-C61_803220.csv",19657,"NRT"
"-2.00402","110.52206","320.69","1.7","1.28","2026-08-17","1340","Terra","MODIS","100","6.1NRT","284.85","37.1","N",,"fire_nrt_M-C61_803220.csv",19658,"NRT"
"-1.99063","110.53529","315.93","1.71","1.28","2026-08-17","1340","Terra","MODIS","91","6.1NRT","285.92","26.06","N",,"fire_nrt_M-C61_803220.csv",19660,"NRT"
"-1.99278","110.52043","318.99","1.7","1.28","2026-08-17","1340","Terra","MODIS","98","6.1NRT","285.23","32.58","N",,"fire_nrt_M-C61_803220.csv",19661,"NRT"
"-2.0405","110.18922","313.93","1.6","1.25","2026-08-17","1340","Terra","MODIS","49","6.1NRT","284.75","21.04","N",,"fire_nrt_M-C61_803220.csv",19662,"NRT"
"-1.97938","110.53362","322.23","1.71","1.28","2026-08-17","1340","Terra","MODIS","100","6.1NRT","285.54","38.03","N",,"fire_nrt_M-C61_803220.csv",19663,"NRT"
"-1.98153","110.51876","340.83","1.7","1.28","2026-08-17","1340","Terra","MODIS","100","6.1NRT","286.15","92.94","N",,"fire_nrt_M-C61_803220.csv",19664,"NRT"
"-2.02955","110.18765","325.07","1.6","1.25","2026-08-17","1340","Terra","MODIS","100","6.1NRT","285.96","43.5","N",,"fire_nrt_M-C61_803220.csv",19665,"NRT"
"-2.03158","110.17368","307.64","1.6","1.25","2026-08-17","1340","Terra","MODIS","49","6.1NRT","283.07","13.39","N",,"fire_nrt_M-C61_803220.csv",19666,"NRT"
"-1.98015","110.52721","333.77","1.71","1.28","2026-08-17","1340","Terra","MODIS","100","6.1NRT","286.11","70.14","N",,"fire_nrt_M-C61_803220.csv",19668,"NRT"
"-1.98219","110.51232","326.67","1.7","1.28","2026-08-17","1340","Terra","MODIS","100","6.1NRT","285.69","49.75","N",,"fire_nrt_M-C61_803220.csv",19669,"NRT"
"-2.02774","110.18091","318.81","1.6","1.25","2026-08-17","1340","Terra","MODIS","97","6.1NRT","284.55","30.89","N",,"fire_nrt_M-C61_803220.csv",19670,"NRT"
"-1.13188","110.59924","302.66","1.79","1.31","2026-08-17","1342","Terra","MODIS","51","6.1NRT","286.56","8.98","N",,"fire_nrt_M-C61_803220.csv",19689,"NRT"
"-1.13139","110.58916","302.32","1.78","1.31","2026-08-17","1342","Terra","MODIS","43","6.1NRT","286.55","7.15","N",,"fire_nrt_M-C61_803220.csv",19706,"NRT"
"-1.65241","110.07406","307.11","1.6","1.24","2026-08-17","1342","Terra","MODIS","29","6.1NRT","287.22","11.81","N",,"fire_nrt_M-C61_803220.csv",19709,"NRT"
"-1.7328","110.07784","309.49","1.59","1.24","2026-08-17","1342","Terra","MODIS","48","6.1NRT","284.17","16.16","N",,"fire_nrt_M-C61_803220.csv",19711,"NRT"
"-1.72696","110.11964","309.47","1.6","1.25","2026-08-17","1342","Terra","MODIS","72","6.1NRT","279.68","17.08","N",,"fire_nrt_M-C61_803220.csv",19712,"NRT"
"-1.72501","110.13364","306.58","1.61","1.25","2026-08-17","1342","Terra","MODIS","69","6.1NRT","278.5","14.95","N",,"fire_nrt_M-C61_803220.csv",19713,"NRT"
"-1.70516","110.27561","314.4","1.65","1.26","2026-08-17","1342","Terra","MODIS","89","6.1NRT","283.5","25.55","N",,"fire_nrt_M-C61_803220.csv",19714,"NRT"
"-1.70314","110.29002","324.87","1.65","1.26","2026-08-17","1342","Terra","MODIS","100","6.1NRT","283.5","46.52","N",,"fire_nrt_M-C61_803220.csv",19715,"NRT"
"-1.88962","110.11263","311.39","1.59","1.24","2026-08-17","1342","Terra","MODIS","82","6.1NRT","281.87","20.51","N",,"fire_nrt_M-C61_803220.csv",19727,"NRT"
"-1.38184","110.11752","312.25","1.62","1.25","2026-08-17","1342","Terra","MODIS","82","6.1NRT","287.66","18.41","N",,"fire_nrt_M-C61_803220.csv",19734,"NRT"
"-1.39478","110.10501","324.84","1.62","1.25","2026-08-17","1342","Terra","MODIS","100","6.1NRT","288.78","41.85","N",,"fire_nrt_M-C61_803220.csv",19737,"NRT"
"-1.39285","110.1191","328.82","1.62","1.25","2026-08-17","1342","Terra","MODIS","100","6.1NRT","288.23","51.42","N",,"fire_nrt_M-C61_803220.csv",19738,"NRT"
"-1.38509","110.10938","310.73","1.62","1.25","2026-08-17","1342","Terra","MODIS","68","6.1NRT","287.54","15.96","N",,"fire_nrt_M-C61_803220.csv",19739,"NRT"
"-1.3981","110.09695","316.25","1.62","1.25","2026-08-17","1342","Terra","MODIS","38","6.1NRT","288.34","23.86","N",,"fire_nrt_M-C61_803220.csv",19740,"NRT"
"-1.39609","110.11095","334.48","1.62","1.25","2026-08-17","1342","Terra","MODIS","100","6.1NRT","288.41","66.8","N",,"fire_nrt_M-C61_803220.csv",19741,"NRT"
"-1.39406","110.12505","314.03","1.62","1.25","2026-08-17","1342","Terra","MODIS","70","6.1NRT","287.27","21.57","N",,"fire_nrt_M-C61_803220.csv",19742,"NRT"
"-1.58489","110.07854","302.88","1.6","1.25","2026-08-17","1342","Terra","MODIS","52","6.1NRT","289.66","7.44","N",,"fire_nrt_M-C61_803220.csv",19743,"NRT"
"-1.63955","110.08642","309.42","1.6","1.25","2026-08-17","1342","Terra","MODIS","62","6.1NRT","286.12","15.08","N",,"fire_nrt_M-C61_803220.csv",19744,"NRT"
"-1.70882","110.28619","311.45","4.68","1.98","2026-08-18","0202","Terra","MODIS","46","6.1NRT","295.76","58.42","D",,"fire_nrt_M-C61_803220.csv",19789,"NRT"
"-1.91054","110.15886","312.03","4.61","1.97","2026-08-18","0202","Terra","MODIS","51","6.1NRT","296.35","59.68","D",,"fire_nrt_M-C61_803220.csv",19790,"NRT"
"-1.39348","110.10508","319.01","4.47","1.94","2026-08-18","0202","Terra","MODIS","50","6.1NRT","295.01","105.42","D",,"fire_nrt_M-C61_803220.csv",19803,"NRT"
"-2.82034","110.86844","330.25","4.64","1.97","2026-08-18","0733","Aqua","MODIS","84","6.1NRT","294.83","232.31","D",,"fire_nrt_M-C61_803220.csv",20118,"NRT"
"-2.74813","111.13461","319.57","4.41","1.93","2026-08-18","0733","Aqua","MODIS","74","6.1NRT","297.62","101.87","D",,"fire_nrt_M-C61_803220.csv",20123,"NRT"
"-2.75342","111.09673","338.25","4.44","1.94","2026-08-18","0733","Aqua","MODIS","89","6.1NRT","297.59","304.82","D",,"fire_nrt_M-C61_803220.csv",20124,"NRT"
"-2.76953","110.98139","322.13","4.54","1.96","2026-08-18","0733","Aqua","MODIS","77","6.1NRT","297.5","135.69","D",,"fire_nrt_M-C61_803220.csv",20125,"NRT"
"-2.81758","110.86057","325.8","4.64","1.97","2026-08-18","0733","Aqua","MODIS","76","6.1NRT","293.91","179.05","D",,"fire_nrt_M-C61_803220.csv",20131,"NRT"
"-2.74354","111.12663","325.6","4.41","1.93","2026-08-18","0733","Aqua","MODIS","80","6.1NRT","297.65","155.53","D",,"fire_nrt_M-C61_803220.csv",20138,"NRT"
"-2.74909","111.08878","331.45","4.44","1.94","2026-08-18","0733","Aqua","MODIS","85","6.1NRT","297.52","219.1","D",,"fire_nrt_M-C61_803220.csv",20139,"NRT"
"-2.76596","110.97353","323.55","4.54","1.96","2026-08-18","0733","Aqua","MODIS","78","6.1NRT","297.46","148.17","D",,"fire_nrt_M-C61_803220.csv",20140,"NRT"
"-2.65406","111.1524","318.31","4.38","1.93","2026-08-18","0733","Aqua","MODIS","72","6.1NRT","297.81","90.39","D",,"fire_nrt_M-C61_803220.csv",20150,"NRT"
"-2.64997","111.14752","319.52","4.38","1.93","2026-08-18","0733","Aqua","MODIS","74","6.1NRT","297.78","99.88","D",,"fire_nrt_M-C61_803220.csv",20154,"NRT"
"-2.03089","110.53777","321.95","4.79","2","2026-08-18","0733","Aqua","MODIS","69","6.1NRT","295.75","133.2","D",,"fire_nrt_M-C61_803220.csv",20201,"NRT"
"-2.0298","110.53396","323.81","4.79","2","2026-08-18","0733","Aqua","MODIS","79","6.1NRT","295.43","152.96","D",,"fire_nrt_M-C61_803220.csv",20202,"NRT"
"-1.9656","110.60892","315.69","4.71","1.99","2026-08-18","0733","Aqua","MODIS","52","6.1NRT","290.81","81.32","D",,"fire_nrt_M-C61_803220.csv",20203,"NRT"
"-1.8794","110.59518","314.1","4.71","1.99","2026-08-18","0733","Aqua","MODIS","69","6.1NRT","291.15","78.07","D",,"fire_nrt_M-C61_803220.csv",20205,"NRT"
"-0.9116","110.46627","313.07","4.64","1.97","2026-08-18","0735","Aqua","MODIS","67","6.1NRT","296.75","48.08","D",,"fire_nrt_M-C61_803220.csv",20355,"NRT"
"-0.7661","110.35497","311.81","4.71","1.99","2026-08-18","0735","Aqua","MODIS","63","6.1NRT","295.72","43.75","D",,"fire_nrt_M-C61_803220.csv",20360,"NRT"
"-0.72027","110.55003","324.44","4.54","1.96","2026-08-18","0735","Aqua","MODIS","80","6.1NRT","296.06","144.42","D",,"fire_nrt_M-C61_803220.csv",20361,"NRT"
"-0.71156","110.58378","314.66","4.5","1.95","2026-08-18","0735","Aqua","MODIS","69","6.1NRT","295.07","63.07","D",,"fire_nrt_M-C61_803220.csv",20364,"NRT"
"-0.71737","110.54539","325.2","4.54","1.96","2026-08-18","0735","Aqua","MODIS","81","6.1NRT","296.11","153.92","D",,"fire_nrt_M-C61_803220.csv",20365,"NRT"
"-2.76668","110.98791","305.7","4.25","1.91","2026-08-18","1242","Terra","MODIS","65","6.1NRT","293.68","45.2","N",,"fire_nrt_M-C61_803220.csv",20536,"NRT"
"-2.76141","110.98026","304.79","4.25","1.91","2026-08-18","1242","Terra","MODIS","62","6.1NRT","293.93","41.46","N",,"fire_nrt_M-C61_803220.csv",20547,"NRT"
"-2.4569","110.57764","308.43","4.54","1.96","2026-08-18","1242","Terra","MODIS","34","6.1NRT","275.28","64.3","N",,"fire_nrt_M-C61_803220.csv",20578,"NRT"
"-2.4092","110.64327","307.41","4.47","1.94","2026-08-18","1242","Terra","MODIS","23","6.1NRT","291.3","56.27","N",,"fire_nrt_M-C61_803220.csv",20581,"NRT"
"-2.35918","110.47274","304.55","4.61","1.97","2026-08-18","1242","Terra","MODIS","19","6.1NRT","280.04","58.25","N",,"fire_nrt_M-C61_803220.csv",20584,"NRT"
"-2.23091","110.48925","309.66","4.57","1.96","2026-08-18","1242","Terra","MODIS","26","6.1NRT","287.14","76.49","N",,"fire_nrt_M-C61_803220.csv",20589,"NRT"
"-1.87221","110.62044","306.14","4.41","1.93","2026-08-18","1242","Terra","MODIS","67","6.1NRT","287.72","54.13","N",,"fire_nrt_M-C61_803220.csv",20606,"NRT"
"-1.8851","110.61555","304.18","4.41","1.93","2026-08-18","1242","Terra","MODIS","40","6.1NRT","288.34","44.69","N",,"fire_nrt_M-C61_803220.csv",20612,"NRT"
"-1.91556","110.1362","307.2","4.82","2","2026-08-18","1242","Terra","MODIS","61","6.1NRT","292.4","55.47","N",,"fire_nrt_M-C61_803220.csv",20613,"NRT"
"-1.74513","110.18509","309.55","4.75","1.99","2026-08-18","1242","Terra","MODIS","35","6.1NRT","285.61","68.41","N",,"fire_nrt_M-C61_803220.csv",20630,"NRT"
"-1.75071","110.14433","311.33","4.79","2","2026-08-18","1242","Terra","MODIS","52","6.1NRT","284.65","80.57","N",,"fire_nrt_M-C61_803220.csv",20631,"NRT"
"-1.69412","110.30103","304.79","4.64","1.97","2026-08-18","1242","Terra","MODIS","57","6.1NRT","283.03","49.54","N",,"fire_nrt_M-C61_803220.csv",20632,"NRT"
"-1.69193","110.29558","305.83","4.64","1.97","2026-08-18","1242","Terra","MODIS","51","6.1NRT","283.52","53.79","N",,"fire_nrt_M-C61_803220.csv",20635,"NRT"
"-1.57978","110.06728","303.31","4.82","2","2026-08-18","1242","Terra","MODIS","54","6.1NRT","292.23","39.07","N",,"fire_nrt_M-C61_803220.csv",20640,"NRT"
"-1.48215","110.6524","302.1","4.31","1.92","2026-08-18","1242","Terra","MODIS","47","6.1NRT","289.07","29.11","N",,"fire_nrt_M-C61_803220.csv",20641,"NRT"
"-1.48729","110.61472","300.88","4.34","1.92","2026-08-18","1242","Terra","MODIS","35","6.1NRT","287.72","24.09","N",,"fire_nrt_M-C61_803220.csv",20642,"NRT"
"-1.4106","110.12306","304.04","4.75","1.99","2026-08-18","1242","Terra","MODIS","58","6.1NRT","292.44","39.89","N",,"fire_nrt_M-C61_803220.csv",20643,"NRT"
"-1.3932","110.12075","321.44","4.75","1.99","2026-08-18","1242","Terra","MODIS","100","6.1NRT","292.78","164.02","N",,"fire_nrt_M-C61_803220.csv",20644,"NRT"
"-1.40894","110.11603","311.41","4.75","1.99","2026-08-18","1242","Terra","MODIS","82","6.1NRT","292.49","85.8","N",,"fire_nrt_M-C61_803220.csv",20645,"NRT"
"-1.39154","110.11373","320.04","4.75","1.99","2026-08-18","1242","Terra","MODIS","100","6.1NRT","292.85","154.86","N",,"fire_nrt_M-C61_803220.csv",20646,"NRT"
"-0.91094","110.46336","309.09","4.38","1.93","2026-08-18","1242","Terra","MODIS","49","6.1NRT","289.43","68.31","N",,"fire_nrt_M-C61_803220.csv",20659,"NRT"
"-0.90672","110.45722","308.36","4.38","1.93","2026-08-18","1242","Terra","MODIS","42","6.1NRT","288.51","65.82","N",,"fire_nrt_M-C61_803220.csv",20660,"NRT"
"-0.71438","110.57443","306.56","4.25","1.91","2026-08-18","1242","Terra","MODIS","68","6.1NRT","291.24","47.47","N",,"fire_nrt_M-C61_803220.csv",20661,"NRT"
"-0.70897","110.56857","309.45","4.25","1.91","2026-08-18","1242","Terra","MODIS","77","6.1NRT","290.92","64.87","N",,"fire_nrt_M-C61_803220.csv",20664,"NRT"
"-2.06171","110.19022","301.65","1.78","1.31","2026-08-18","1953","Aqua","MODIS","26","6.1NRT","289.89","9.33","N",,"fire_nrt_M-C61_803220.csv",20763,"NRT"
"-2.19141","110.50756","303.3","1.68","1.27","2026-08-18","1953","Aqua","MODIS","54","6.1NRT","291.96","10.01","N",,"fire_nrt_M-C61_803220.csv",20768,"NRT"
"-2.19078","110.50069","303.39","1.68","1.27","2026-08-18","1953","Aqua","MODIS","19","6.1NRT","291.95","8.97","N",,"fire_nrt_M-C61_803220.csv",20769,"NRT"
"-2.21301","110.49737","302.53","1.68","1.27","2026-08-18","1953","Aqua","MODIS","12","6.1NRT","291.88","8.12","N",,"fire_nrt_M-C61_803220.csv",20775,"NRT"
"-2.26045","110.13162","306.38","1.79","1.31","2026-08-18","1953","Aqua","MODIS","68","6.1NRT","292.5","15.99","N",,"fire_nrt_M-C61_803220.csv",20777,"NRT"
"-2.34981","110.48569","322.43","1.67","1.27","2026-08-18","1953","Aqua","MODIS","100","6.1NRT","294.77","42.61","N",,"fire_nrt_M-C61_803220.csv",20779,"NRT"
"-2.36091","110.48399","322.64","1.67","1.27","2026-08-18","1953","Aqua","MODIS","100","6.1NRT","294.37","43.22","N",,"fire_nrt_M-C61_803220.csv",20780,"NRT"
"-2.372","110.48229","311.83","1.67","1.27","2026-08-18","1953","Aqua","MODIS","83","6.1NRT","292.07","22.75","N",,"fire_nrt_M-C61_803220.csv",20783,"NRT"
"-2.37149","110.47565","310.79","1.67","1.27","2026-08-18","1953","Aqua","MODIS","81","6.1NRT","292.18","21.15","N",,"fire_nrt_M-C61_803220.csv",20787,"NRT"
"-2.83224","110.46305","300.22","1.65","1.26","2026-08-18","1953","Aqua","MODIS","22","6.1NRT","289.57","7.28","N",,"fire_nrt_M-C61_803220.csv",20811,"NRT"
"-0.90675","110.46815","312.43","1.78","1.31","2026-08-18","1953","Aqua","MODIS","85","6.1NRT","291.01","24.55","N",,"fire_nrt_M-C61_803220.csv",20856,"NRT"
"-0.90897","110.48306","303.83","1.77","1.3","2026-08-18","1953","Aqua","MODIS","31","6.1NRT","290.53","10.89","N",,"fire_nrt_M-C61_803220.csv",20857,"NRT"
"-0.90374","110.4616","302.65","1.78","1.31","2026-08-18","1953","Aqua","MODIS","49","6.1NRT","290.51","10.1","N",,"fire_nrt_M-C61_803220.csv",20858,"NRT"
"-0.90609","110.47665","314.71","1.77","1.3","2026-08-18","1953","Aqua","MODIS","90","6.1NRT","291.03","28.96","N",,"fire_nrt_M-C61_803220.csv",20859,"NRT"
"-0.97673","110.48161","301.91","1.77","1.3","2026-08-18","1953","Aqua","MODIS","45","6.1NRT","289.59","10.04","N",,"fire_nrt_M-C61_803220.csv",20865,"NRT"
"-0.97901","110.49684","303.3","1.76","1.3","2026-08-18","1953","Aqua","MODIS","54","6.1NRT","290.04","11.64","N",,"fire_nrt_M-C61_803220.csv",20866,"NRT"
"-1.38349","110.11727","308.18","1.86","1.33","2026-08-18","1953","Aqua","MODIS","49","6.1NRT","289.52","17.12","N",,"fire_nrt_M-C61_803220.csv",20877,"NRT"
"-1.38591","110.13332","305.04","1.85","1.33","2026-08-18","1953","Aqua","MODIS","11","6.1NRT","289.03","12.56","N",,"fire_nrt_M-C61_803220.csv",20878,"NRT"
"-1.3927","110.09931","336.95","1.86","1.33","2026-08-18","1953","Aqua","MODIS","100","6.1NRT","290.96","88.15","N",,"fire_nrt_M-C61_803220.csv",20879,"NRT"
"-1.39512","110.1155","367.91","1.86","1.33","2026-08-18","1953","Aqua","MODIS","100","6.1NRT","296","265.24","N",,"fire_nrt_M-C61_803220.csv",20880,"NRT"
"-1.39753","110.13156","351.74","1.85","1.33","2026-08-18","1953","Aqua","MODIS","100","6.1NRT","292.35","158.4","N",,"fire_nrt_M-C61_803220.csv",20881,"NRT"
"-1.39022","110.10915","337.46","1.86","1.33","2026-08-18","1953","Aqua","MODIS","100","6.1NRT","292.57","91.43","N",,"fire_nrt_M-C61_803220.csv",20886,"NRT"
"-1.39276","110.12522","351.29","1.85","1.33","2026-08-18","1953","Aqua","MODIS","100","6.1NRT","294.45","157.02","N",,"fire_nrt_M-C61_803220.csv",20887,"NRT"
"-1.39529","110.14117","309.91","1.85","1.33","2026-08-18","1953","Aqua","MODIS","63","6.1NRT","288.97","21.54","N",,"fire_nrt_M-C61_803220.csv",20888,"NRT"
"-1.40185","110.10736","344.81","1.86","1.33","2026-08-18","1953","Aqua","MODIS","100","6.1NRT","291.42","125.72","N",,"fire_nrt_M-C61_803220.csv",20891,"NRT"
"-1.40438","110.12345","323.79","1.85","1.33","2026-08-18","1953","Aqua","MODIS","100","6.1NRT","290.18","51.27","N",,"fire_nrt_M-C61_803220.csv",20892,"NRT"
"-1.56557","110.79237","307.86","1.63","1.26","2026-08-18","1953","Aqua","MODIS","73","6.1NRT","291.54","15.52","N",,"fire_nrt_M-C61_803220.csv",20897,"NRT"
"-1.57349","110.07601","300.22","1.86","1.33","2026-08-18","1953","Aqua","MODIS","22","6.1NRT","285.8","9.82","N",,"fire_nrt_M-C61_803220.csv",20901,"NRT"
"-1.73635","110.16902","333.65","1.81","1.32","2026-08-18","1953","Aqua","MODIS","100","6.1NRT","284.44","79.4","N",,"fire_nrt_M-C61_803220.csv",20942,"NRT"
"-1.7358","110.08814","304.26","1.84","1.33","2026-08-18","1953","Aqua","MODIS","31","6.1NRT","281.8","13.78","N",,"fire_nrt_M-C61_803220.csv",20944,"NRT"
"-1.87397","110.61817","305.32","1.66","1.27","2026-08-18","1953","Aqua","MODIS","64","6.1NRT","293.86","11.28","N",,"fire_nrt_M-C61_803220.csv",20948,"NRT"
"-1.95748","110.55556","303.45","1.68","1.27","2026-08-18","1953","Aqua","MODIS","55","6.1NRT","292.45","9.67","N",,"fire_nrt_M-C61_803220.csv",20950,"NRT"
"-1.90079","110.1155","308.87","1.82","1.32","2026-08-18","1953","Aqua","MODIS","71","6.1NRT","283.08","20.85","N",,"fire_nrt_M-C61_803220.csv",20951,"NRT"
"-1.90566","110.14698","306.58","1.81","1.32","2026-08-18","1953","Aqua","MODIS","12","6.1NRT","283.81","15.25","N",,"fire_nrt_M-C61_803220.csv",20952,"NRT"
"-1.90808","110.16261","301.46","1.8","1.32","2026-08-18","1953","Aqua","MODIS","16","6.1NRT","283.94","9.6","N",,"fire_nrt_M-C61_803220.csv",20953,"NRT"
"-1.99749","110.59432","308.19","1.66","1.27","2026-08-18","1953","Aqua","MODIS","74","6.1NRT","293.4","15.42","N",,"fire_nrt_M-C61_803220.csv",20956,"NRT"
"-2.02628","110.18516","311.02","1.79","1.31","2026-08-18","1953","Aqua","MODIS","81","6.1NRT","289.91","23.45","N",,"fire_nrt_M-C61_803220.csv",20966,"NRT"
"-2.03771","110.18343","303.27","1.79","1.31","2026-08-18","1953","Aqua","MODIS","30","6.1NRT","289.48","11.4","N",,"fire_nrt_M-C61_803220.csv",20967,"NRT"
"-2.06291","110.19543","304","1.78","1.31","2026-08-18","1953","Aqua","MODIS","14","6.1NRT","290.38","11.31","N",,"fire_nrt_M-C61_803220.csv",20968,"NRT"
"-1.64693","110.08504","304.4","1.69","1.28","2026-08-19","0102","Terra","MODIS","33","6.1NRT","279.63","11.32","D",,"fire_nrt_M-C61_803220.csv",21013,"NRT"
"-1.70067","110.29932","313.63","1.62","1.25","2026-08-19","0102","Terra","MODIS","36","6.1NRT","296.36","15.52","D",,"fire_nrt_M-C61_803220.csv",21018,"NRT"
"-1.70969","110.28355","315.93","1.63","1.26","2026-08-19","0102","Terra","MODIS","69","6.1NRT","297.35","19.21","D",,"fire_nrt_M-C61_803220.csv",21019,"NRT"
"-0.90812","110.46743","309.61","1.62","1.25","2026-08-19","0102","Terra","MODIS","53","6.1NRT","279.17","17.5","D",,"fire_nrt_M-C61_803220.csv",21029,"NRT"
"-2.8402","110.46787","326.94","1.51","1.21","2026-08-19","0102","Terra","MODIS","83","6.1NRT","298.97","35.02","D",,"fire_nrt_M-C61_803220.csv",21046,"NRT"
"-2.83828","110.45457","388.41","1.52","1.22","2026-08-19","0102","Terra","MODIS","100","6.1NRT","302.19","341.06","D",,"fire_nrt_M-C61_803220.csv",21047,"NRT"
"-2.83637","110.44128","344.7","1.52","1.22","2026-08-19","0102","Terra","MODIS","93","6.1NRT","299.16","85.15","D",,"fire_nrt_M-C61_803220.csv",21048,"NRT"
"-2.77067","110.98985","309.3","1.39","1.17","2026-08-19","0102","Terra","MODIS","59","6.1NRT","295.63","9.28","D",,"fire_nrt_M-C61_803220.csv",21052,"NRT"
"-2.36049","110.4855","328.96","1.54","1.22","2026-08-19","0102","Terra","MODIS","80","6.1NRT","299.64","40.6","D",,"fire_nrt_M-C61_803220.csv",21069,"NRT"
"-2.26367","110.13103","311.23","1.64","1.26","2026-08-19","0102","Terra","MODIS","46","6.1NRT","296.05","12.17","D",,"fire_nrt_M-C61_803220.csv",21074,"NRT"
"-2.06465","110.19321","312.79","1.63","1.26","2026-08-19","0102","Terra","MODIS","38","6.1NRT","296.25","13.85","D",,"fire_nrt_M-C61_803220.csv",21090,"NRT"
"-2.04043","110.18202","316","1.64","1.26","2026-08-19","0102","Terra","MODIS","52","6.1NRT","296.86","17.07","D",,"fire_nrt_M-C61_803220.csv",21092,"NRT"
"-2.05326","110.42346","312.19","1.57","1.23","2026-08-19","0102","Terra","MODIS","66","6.1NRT","292.28","13.93","D",,"fire_nrt_M-C61_803220.csv",21101,"NRT"
"-1.98868","110.53597","306.79","1.54","1.22","2026-08-19","0102","Terra","MODIS","47","6.1NRT","291.48","6.59","D",,"fire_nrt_M-C61_803220.csv",21103,"NRT"
"-1.73981","110.16963","351.6","1.66","1.27","2026-08-19","0102","Terra","MODIS","91","6.1NRT","299.56","126.7","D",,"fire_nrt_M-C61_803220.csv",21108,"NRT"
"-1.73615","110.23704","334.16","1.03","1.02","2026-08-19","0811","Aqua","MODIS","86","6.1NRT","303.66","27.54","D",,"fire_nrt_M-C61_803220.csv",21496,"NRT"
"-1.74667","110.16494","427.92","1.04","1.02","2026-08-19","0811","Aqua","MODIS","82","6.1NRT","311.4","480.96","D",,"fire_nrt_M-C61_803220.csv",21497,"NRT"
"-1.74798","110.15591","409.41","1.04","1.02","2026-08-19","0811","Aqua","MODIS","94","6.1NRT","309","319.27","D",,"fire_nrt_M-C61_803220.csv",21498,"NRT"
"-1.75723","110.09249","329.63","1.04","1.02","2026-08-19","0811","Aqua","MODIS","57","6.1NRT","301.79","20.2","D",,"fire_nrt_M-C61_803220.csv",21499,"NRT"
"-1.73776","110.16363","383.73","1.04","1.02","2026-08-19","0811","Aqua","MODIS","94","6.1NRT","292.87","167.82","D",,"fire_nrt_M-C61_803220.csv",21500,"NRT"
"-1.73412","110.12611","327.18","1.04","1.02","2026-08-19","0811","Aqua","MODIS","22","6.1NRT","301.12","16.36","D",,"fire_nrt_M-C61_803220.csv",21504,"NRT"
"-1.73807","110.09892","334.8","1.04","1.02","2026-08-19","0811","Aqua","MODIS","68","6.1NRT","301.3","24.12","D",,"fire_nrt_M-C61_803220.csv",21505,"NRT"
"-1.73939","110.08984","333.04","1.04","1.02","2026-08-19","0811","Aqua","MODIS","82","6.1NRT","302.06","21.68","D",,"fire_nrt_M-C61_803220.csv",21506,"NRT"
"-1.69864","110.29906","317.37","1.03","1.01","2026-08-19","0811","Aqua","MODIS","66","6.1NRT","300.93","8.9","D",,"fire_nrt_M-C61_803220.csv",21508,"NRT"
"-1.69996","110.29012","320.69","1.03","1.01","2026-08-19","0811","Aqua","MODIS","74","6.1NRT","302.5","12.3","D",,"fire_nrt_M-C61_803220.csv",21509,"NRT"
"-1.72303","110.07246","323.22","1.04","1.02","2026-08-19","0811","Aqua","MODIS","74","6.1NRT","300.3","13.85","D",,"fire_nrt_M-C61_803220.csv",21512,"NRT"
"-1.66253","110.42128","314.28","1.02","1.01","2026-08-19","0811","Aqua","MODIS","63","6.1NRT","302.01","5.29","D",,"fire_nrt_M-C61_803220.csv",21513,"NRT"
"-1.57658","110.82267","318.38","1.01","1","2026-08-19","0811","Aqua","MODIS","43","6.1NRT","302.58","8.22","D",,"fire_nrt_M-C61_803220.csv",21518,"NRT"
"-1.57294","110.78638","319.73","1.01","1","2026-08-19","0811","Aqua","MODIS","73","6.1NRT","301.94","10.37","D",,"fire_nrt_M-C61_803220.csv",21521,"NRT"
"-1.57423","110.77763","315.85","1.01","1","2026-08-19","0811","Aqua","MODIS","66","6.1NRT","301.36","7.28","D",,"fire_nrt_M-C61_803220.csv",21522,"NRT"
"-1.57551","110.76887","312.61","1.01","1","2026-08-19","0811","Aqua","MODIS","32","6.1NRT","300.76","4.68","D",,"fire_nrt_M-C61_803220.csv",21523,"NRT"
"-1.55904","110.82008","317.97","1.01","1","2026-08-19","0811","Aqua","MODIS","42","6.1NRT","302.59","9.01","D",,"fire_nrt_M-C61_803220.csv",21524,"NRT"
"-1.56033","110.81133","322.57","1.01","1","2026-08-19","0811","Aqua","MODIS","63","6.1NRT","302.29","13.05","D",,"fire_nrt_M-C61_803220.csv",21525,"NRT"
"-1.63398","110.30781","343.1","1.03","1.01","2026-08-19","0811","Aqua","MODIS","80","6.1NRT","299.88","43.94","D",,"fire_nrt_M-C61_803220.csv",21526,"NRT"
"-1.66187","110.05416","321.1","1.05","1.02","2026-08-19","0811","Aqua","MODIS","74","6.1NRT","301.84","12.35","D",,"fire_nrt_M-C61_803220.csv",21530,"NRT"
"-1.6138","110.05919","317.08","1.04","1.02","2026-08-19","0811","Aqua","MODIS","64","6.1NRT","301.2","7.82","D",,"fire_nrt_M-C61_803220.csv",21539,"NRT"
"-1.58305","110.08247","359.38","1.04","1.02","2026-08-19","0811","Aqua","MODIS","99","6.1NRT","301.45","82.49","D",,"fire_nrt_M-C61_803220.csv",21541,"NRT"
"-1.58437","110.07341","376.68","1.04","1.02","2026-08-19","0811","Aqua","MODIS","100","6.1NRT","306.45","141.32","D",,"fire_nrt_M-C61_803220.csv",21542,"NRT"
"-1.57413","110.08116","320.19","1.04","1.02","2026-08-19","0811","Aqua","MODIS","69","6.1NRT","298.71","12.34","D",,"fire_nrt_M-C61_803220.csv",21545,"NRT"
"-1.57545","110.07209","340.34","1.04","1.02","2026-08-19","0811","Aqua","MODIS","90","6.1NRT","300.73","40.33","D",,"fire_nrt_M-C61_803220.csv",21546,"NRT"
"-1.57678","110.063","319.16","1.04","1.02","2026-08-19","0811","Aqua","MODIS","50","6.1NRT","300.43","10.23","D",,"fire_nrt_M-C61_803220.csv",21547,"NRT"
"-1.5781","110.05392","325.79","1.04","1.02","2026-08-19","0811","Aqua","MODIS","60","6.1NRT","299.94","18.02","D",,"fire_nrt_M-C61_803220.csv",21548,"NRT"
"-1.52255","110.17834","336.78","1.03","1.02","2026-08-19","0811","Aqua","MODIS","88","6.1NRT","300.43","34.27","D",,"fire_nrt_M-C61_803220.csv",21549,"NRT"
"-1.40982","110.12783","344.1","1.04","1.02","2026-08-19","0811","Aqua","MODIS","92","6.1NRT","301.22","45.23","D",,"fire_nrt_M-C61_803220.csv",21558,"NRT"
"-1.41114","110.11881","361.7","1.04","1.02","2026-08-19","0811","Aqua","MODIS","100","6.1NRT","304.22","87.39","D",,"fire_nrt_M-C61_803220.csv",21559,"NRT"
"-1.41247","110.10979","325.87","1.04","1.02","2026-08-19","0811","Aqua","MODIS","56","6.1NRT","300.98","16.15","D",,"fire_nrt_M-C61_803220.csv",21560,"NRT"
"-1.40092","110.12653","370.51","1.04","1.02","2026-08-19","0811","Aqua","MODIS","100","6.1NRT","304.26","115.12","D",,"fire_nrt_M-C61_803220.csv",21561,"NRT"
"-1.40224","110.11751","387.09","1.04","1.02","2026-08-19","0811","Aqua","MODIS","100","6.1NRT","312.46","184.54","D",,"fire_nrt_M-C61_803220.csv",21562,"NRT"
"-1.40357","110.10849","376.7","1.04","1.02","2026-08-19","0811","Aqua","MODIS","100","6.1NRT","308.37","137.2","D",,"fire_nrt_M-C61_803220.csv",21563,"NRT"
"-1.40489","110.09944","374.46","1.04","1.02","2026-08-19","0811","Aqua","MODIS","100","6.1NRT","308.62","130.19","D",,"fire_nrt_M-C61_803220.csv",21564,"NRT"
"-1.39335","110.1162","324.86","1.04","1.02","2026-08-19","0811","Aqua","MODIS","24","6.1NRT","301.76","13.84","D",,"fire_nrt_M-C61_803220.csv",21566,"NRT"
"-1.39467","110.10718","328.07","1.04","1.02","2026-08-19","0811","Aqua","MODIS","64","6.1NRT","302.93","16.12","D",,"fire_nrt_M-C61_803220.csv",21567,"NRT"
"-1.39599","110.09814","341.5","1.04","1.02","2026-08-19","0811","Aqua","MODIS","91","6.1NRT","303.5","37.71","D",,"fire_nrt_M-C61_803220.csv",21568,"NRT"
"-1.33101","110.48049","316.61","1.02","1.01","2026-08-19","0811","Aqua","MODIS","68","6.1NRT","301.47","7.25","D",,"fire_nrt_M-C61_803220.csv",21569,"NRT"
"-1.36348","110.25849","316.02","1.03","1.01","2026-08-19","0811","Aqua","MODIS","67","6.1NRT","299.55","8.03","D",,"fire_nrt_M-C61_803220.csv",21570,"NRT"
"-1.37819","110.09551","326.09","1.04","1.02","2026-08-19","0811","Aqua","MODIS","54","6.1NRT","301.8","15.16","D",,"fire_nrt_M-C61_803220.csv",21571,"NRT"
"-1.37951","110.08648","326.57","1.04","1.02","2026-08-19","0811","Aqua","MODIS","61","6.1NRT","300.46","16.86","D",,"fire_nrt_M-C61_803220.csv",21572,"NRT"
"-1.2984","110.50587","314.09","1.01","1.01","2026-08-19","0811","Aqua","MODIS","63","6.1NRT","300.29","5.99","D",,"fire_nrt_M-C61_803220.csv",21574,"NRT"
"-1.33904","110.2308","317.13","1.03","1.01","2026-08-19","0811","Aqua","MODIS","69","6.1NRT","300.74","9.81","D",,"fire_nrt_M-C61_803220.csv",21575,"NRT"
"-1.19665","110.56538","333.61","1.01","1.01","2026-08-19","0811","Aqua","MODIS","81","6.1NRT","299.64","27.83","D",,"fire_nrt_M-C61_803220.csv",21580,"NRT"
"-1.19794","110.55659","365.18","1.01","1.01","2026-08-19","0811","Aqua","MODIS","94","6.1NRT","301.67","96.01","D",,"fire_nrt_M-C61_803220.csv",21581,"NRT"
"-1.08612","110.57027","323.6","1.01","1","2026-08-19","0811","Aqua","MODIS","78","6.1NRT","295.36","16","D",,"fire_nrt_M-C61_803220.csv",21586,"NRT"
"-0.97747","110.49383","332.14","1.01","1.01","2026-08-19","0811","Aqua","MODIS","85","6.1NRT","298.55","25.22","D",,"fire_nrt_M-C61_803220.csv",21592,"NRT"
"-0.97876","110.48503","350.27","1.01","1.01","2026-08-19","0811","Aqua","MODIS","95","6.1NRT","301.04","57.2","D",,"fire_nrt_M-C61_803220.csv",21593,"NRT"
"-0.9586","110.50003","318.1","1.01","1.01","2026-08-19","0811","Aqua","MODIS","71","6.1NRT","298.31","9.11","D",,"fire_nrt_M-C61_803220.csv",21594,"NRT"
"-0.95989","110.49123","330.65","1.01","1.01","2026-08-19","0811","Aqua","MODIS","84","6.1NRT","299.11","23.15","D",,"fire_nrt_M-C61_803220.csv",21595,"NRT"
"-0.91475","110.47889","353.36","1.01","1.01","2026-08-19","0811","Aqua","MODIS","97","6.1NRT","303.04","60.97","D",,"fire_nrt_M-C61_803220.csv",21599,"NRT"
"-0.91604","110.47015","335.61","1.01","1.01","2026-08-19","0811","Aqua","MODIS","87","6.1NRT","304.43","27.42","D",,"fire_nrt_M-C61_803220.csv",21600,"NRT"
"-0.90467","110.48637","319.3","1.01","1.01","2026-08-19","0811","Aqua","MODIS","50","6.1NRT","300.03","9.46","D",,"fire_nrt_M-C61_803220.csv",21601,"NRT"
"-0.90724","110.46886","330.85","1.01","1.01","2026-08-19","0811","Aqua","MODIS","79","6.1NRT","302.17","20.79","D",,"fire_nrt_M-C61_803220.csv",21602,"NRT"
"-0.8969","110.23231","315.18","1.02","1.01","2026-08-19","0811","Aqua","MODIS","66","6.1NRT","300.16","6.51","D",,"fire_nrt_M-C61_803220.csv",21611,"NRT"
"-0.8982","110.22341","315.95","1.02","1.01","2026-08-19","0811","Aqua","MODIS","67","6.1NRT","300.26","7.35","D",,"fire_nrt_M-C61_803220.csv",21612,"NRT"
"-0.83968","110.47927","326.07","1.01","1.01","2026-08-19","0811","Aqua","MODIS","80","6.1NRT","300.52","17.94","D",,"fire_nrt_M-C61_803220.csv",21620,"NRT"
"-0.84098","110.47049","319.15","1.01","1.01","2026-08-19","0811","Aqua","MODIS","72","6.1NRT","299.69","10.38","D",,"fire_nrt_M-C61_803220.csv",21621,"NRT"
"-0.83868","110.42517","322.34","1.01","1.01","2026-08-19","0811","Aqua","MODIS","76","6.1NRT","301.7","13.5","D",,"fire_nrt_M-C61_803220.csv",21624,"NRT"
"-0.86778","110.16684","314.43","1.03","1.01","2026-08-19","0811","Aqua","MODIS","64","6.1NRT","299.94","6.3","D",,"fire_nrt_M-C61_803220.csv",21625,"NRT"
"-0.76827","110.78151","314.36","1","1","2026-08-19","0811","Aqua","MODIS","64","6.1NRT","300.6","6.28","D",,"fire_nrt_M-C61_803220.csv",21626,"NRT"
"-0.72814","110.81116","320.94","1","1","2026-08-19","0811","Aqua","MODIS","75","6.1NRT","301.14","12.37","D",,"fire_nrt_M-C61_803220.csv",21627,"NRT"
"-0.74987","110.3433","327.45","1.02","1.01","2026-08-19","0811","Aqua","MODIS","81","6.1NRT","300.69","19.53","D",,"fire_nrt_M-C61_803220.csv",21635,"NRT"
"-0.66868","110.52906","317.4","1.01","1","2026-08-19","0811","Aqua","MODIS","60","6.1NRT","299.85","8.73","D",,"fire_nrt_M-C61_803220.csv",21639,"NRT"
"-0.62536","110.76369","327.33","1","1","2026-08-19","0811","Aqua","MODIS","81","6.1NRT","300.63","19.36","D",,"fire_nrt_M-C61_803220.csv",21642,"NRT"
"-0.62664","110.75501","315.57","1","1","2026-08-19","0811","Aqua","MODIS","66","6.1NRT","300.08","7.46","D",,"fire_nrt_M-C61_803220.csv",21643,"NRT"
"-0.59873","110.49436","330.09","1.01","1","2026-08-19","0811","Aqua","MODIS","83","6.1NRT","299.01","22.74","D",,"fire_nrt_M-C61_803220.csv",21651,"NRT"
"-0.60001","110.48559","321.2","1.01","1","2026-08-19","0811","Aqua","MODIS","68","6.1NRT","300.47","11.56","D",,"fire_nrt_M-C61_803220.csv",21652,"NRT"
"-0.59767","110.44038","318.03","1.01","1.01","2026-08-19","0811","Aqua","MODIS","71","6.1NRT","298.85","10.19","D",,"fire_nrt_M-C61_803220.csv",21654,"NRT"
"-0.63001","110.21961","319.73","1.02","1.01","2026-08-19","0811","Aqua","MODIS","73","6.1NRT","299.36","12.9","D",,"fire_nrt_M-C61_803220.csv",21655,"NRT"
"-0.58502","110.46545","317.64","1.01","1","2026-08-19","0811","Aqua","MODIS","61","6.1NRT","298.47","8.59","D",,"fire_nrt_M-C61_803220.csv",21657,"NRT"
"-0.5704","110.36771","312.83","1.01","1.01","2026-08-19","0811","Aqua","MODIS","60","6.1NRT","299.74","5.88","D",,"fire_nrt_M-C61_803220.csv",21662,"NRT"
"-0.60836","110.11075","337.21","1.03","1.01","2026-08-19","0811","Aqua","MODIS","88","6.1NRT","301.49","34.46","D",,"fire_nrt_M-C61_803220.csv",21663,"NRT"
"-0.60968","110.10181","323.04","1.03","1.01","2026-08-19","0811","Aqua","MODIS","46","6.1NRT","301.01","15.22","D",,"fire_nrt_M-C61_803220.csv",21664,"NRT"
"-0.54605","110.47193","326.93","1.01","1","2026-08-19","0811","Aqua","MODIS","70","6.1NRT","297.44","19.26","D",,"fire_nrt_M-C61_803220.csv",21666,"NRT"
"-0.54142","110.38142","334.71","1.01","1.01","2026-08-19","0811","Aqua","MODIS","87","6.1NRT","298.01","28.52","D",,"fire_nrt_M-C61_803220.csv",21677,"NRT"
"-0.54271","110.37261","334.35","1.01","1.01","2026-08-19","0811","Aqua","MODIS","87","6.1NRT","296.36","28.52","D",,"fire_nrt_M-C61_803220.csv",21678,"NRT"
"-0.5107","110.52939","339.27","1.01","1","2026-08-19","0811","Aqua","MODIS","90","6.1NRT","298.25","37.27","D",,"fire_nrt_M-C61_803220.csv",21681,"NRT"
"-0.48182","110.54298","314.25","1.01","1","2026-08-19","0811","Aqua","MODIS","63","6.1NRT","299.15","6.66","D",,"fire_nrt_M-C61_803220.csv",21690,"NRT"
"-0.4831","110.53423","318.45","1.01","1","2026-08-19","0811","Aqua","MODIS","67","6.1NRT","298.72","10.58","D",,"fire_nrt_M-C61_803220.csv",21691,"NRT"
"-0.5155","110.25137","323.87","1.02","1.01","2026-08-19","0811","Aqua","MODIS","78","6.1NRT","297.16","17.6","D",,"fire_nrt_M-C61_803220.csv",21693,"NRT"
"-0.52716","110.17154","328.09","1.02","1.01","2026-08-19","0811","Aqua","MODIS","82","6.1NRT","297","21.85","D",,"fire_nrt_M-C61_803220.csv",21694,"NRT"
"-0.43587","110.46699","312.87","1.01","1","2026-08-19","0811","Aqua","MODIS","52","6.1NRT","297.7","6.14","D",,"fire_nrt_M-C61_803220.csv",21703,"NRT"
"-2.95749","110.73054","316.25","1.02","1.01","2026-08-19","0811","Aqua","MODIS","57","6.1NRT","301.12","8.96","D",,"fire_nrt_M-C61_803220.csv",22019,"NRT"
"-2.96138","110.70386","314.59","1.02","1.01","2026-08-19","0811","Aqua","MODIS","62","6.1NRT","300.73","8","D",,"fire_nrt_M-C61_803220.csv",22020,"NRT"
"-2.75425","111.10229","310.76","1.01","1","2026-08-19","0811","Aqua","MODIS","35","6.1NRT","300.05","4.35","D",,"fire_nrt_M-C61_803220.csv",22049,"NRT"
"-2.75554","111.09354","320.36","1.01","1","2026-08-19","0811","Aqua","MODIS","73","6.1NRT","300.21","12.61","D",,"fire_nrt_M-C61_803220.csv",22050,"NRT"
"-2.77098","110.98838","316.27","1.01","1","2026-08-19","0811","Aqua","MODIS","42","6.1NRT","303.83","7.54","D",,"fire_nrt_M-C61_803220.csv",22051,"NRT"
"-2.7622","110.98708","319.32","1.01","1","2026-08-19","0811","Aqua","MODIS","69","6.1NRT","302.38","10.49","D",,"fire_nrt_M-C61_803220.csv",22053,"NRT"
"-2.84361","110.30686","315.51","1.05","1.02","2026-08-19","0811","Aqua","MODIS","55","6.1NRT","300.8","6.8","D",,"fire_nrt_M-C61_803220.csv",22061,"NRT"
"-2.84493","110.29775","325.08","1.05","1.02","2026-08-19","0811","Aqua","MODIS","78","6.1NRT","302.73","17.25","D",,"fire_nrt_M-C61_803220.csv",22062,"NRT"
"-2.71021","111.15831","316.72","1","1","2026-08-19","0811","Aqua","MODIS","60","6.1NRT","300.87","7.48","D",,"fire_nrt_M-C61_803220.csv",22064,"NRT"
"-2.71405","111.13209","314.3","1","1","2026-08-19","0811","Aqua","MODIS","32","6.1NRT","300.57","5.57","D",,"fire_nrt_M-C61_803220.csv",22065,"NRT"
"-2.71533","111.12334","319.63","1","1","2026-08-19","0811","Aqua","MODIS","71","6.1NRT","301.93","10.97","D",,"fire_nrt_M-C61_803220.csv",22066,"NRT"
"-2.71662","111.1146","314.45","1","1","2026-08-19","0811","Aqua","MODIS","58","6.1NRT","302.47","6.61","D",,"fire_nrt_M-C61_803220.csv",22067,"NRT"
"-2.7179","111.10586","314.66","1.01","1","2026-08-19","0811","Aqua","MODIS","53","6.1NRT","300.63","6.78","D",,"fire_nrt_M-C61_803220.csv",22068,"NRT"
"-2.8228","110.38718","312.13","1.04","1.02","2026-08-19","0811","Aqua","MODIS","29","6.1NRT","301.5","4.51","D",,"fire_nrt_M-C61_803220.csv",22069,"NRT"
"-2.72405","110.80491","343.28","1.02","1.01","2026-08-19","0811","Aqua","MODIS","92","6.1NRT","301.65","44.36","D",,"fire_nrt_M-C61_803220.csv",22073,"NRT"
"-2.65019","111.06337","316.99","1.01","1","2026-08-19","0811","Aqua","MODIS","66","6.1NRT","301.77","9","D",,"fire_nrt_M-C61_803220.csv",22082,"NRT"
"-2.63154","110.49402","317.5","1.03","1.01","2026-08-19","0811","Aqua","MODIS","67","6.1NRT","300.55","9.25","D",,"fire_nrt_M-C61_803220.csv",22099,"NRT"
"-2.64203","110.42217","342.14","1.03","1.02","2026-08-19","0811","Aqua","MODIS","91","6.1NRT","304.29","37.03","D",,"fire_nrt_M-C61_803220.csv",22100,"NRT"
"-2.64334","110.41317","338.13","1.04","1.02","2026-08-19","0811","Aqua","MODIS","78","6.1NRT","304.03","29.65","D",,"fire_nrt_M-C61_803220.csv",22101,"NRT"
"-2.62425","110.41956","332.23","1.03","1.02","2026-08-19","0811","Aqua","MODIS","54","6.1NRT","304.87","22.88","D",,"fire_nrt_M-C61_803220.csv",22104,"NRT"
"-2.62687","110.40154","330.7","1.04","1.02","2026-08-19","0811","Aqua","MODIS","70","6.1NRT","302.7","21.29","D",,"fire_nrt_M-C61_803220.csv",22105,"NRT"
"-2.61798","110.40023","347.02","1.04","1.02","2026-08-19","0811","Aqua","MODIS","94","6.1NRT","302.96","49.15","D",,"fire_nrt_M-C61_803220.csv",22109,"NRT"
"-2.61929","110.39122","355.55","1.04","1.02","2026-08-19","0811","Aqua","MODIS","98","6.1NRT","303.59","69.2","D",,"fire_nrt_M-C61_803220.csv",22110,"NRT"
"-2.50844","111.07491","315.7","1","1","2026-08-19","0811","Aqua","MODIS","60","6.1NRT","301.44","6.63","D",,"fire_nrt_M-C61_803220.csv",22111,"NRT"
"-2.50973","111.06616","322.09","1","1","2026-08-19","0811","Aqua","MODIS","74","6.1NRT","301.86","12.63","D",,"fire_nrt_M-C61_803220.csv",22112,"NRT"
"-2.49967","111.07362","317.18","1","1","2026-08-19","0811","Aqua","MODIS","52","6.1NRT","300.57","7.62","D",,"fire_nrt_M-C61_803220.csv",22114,"NRT"
"-2.50096","111.06487","327.77","1","1","2026-08-19","0811","Aqua","MODIS","80","6.1NRT","300.9","18.69","D",,"fire_nrt_M-C61_803220.csv",22115,"NRT"
"-2.46033","110.64783","320.11","1.02","1.01","2026-08-19","0811","Aqua","MODIS","71","6.1NRT","302.42","10.92","D",,"fire_nrt_M-C61_803220.csv",22133,"NRT"
"-2.5197","110.24412","314.94","1.04","1.02","2026-08-19","0811","Aqua","MODIS","60","6.1NRT","302.75","5.42","D",,"fire_nrt_M-C61_803220.csv",22134,"NRT"
"-2.39079","111.05991","317.02","1","1","2026-08-19","0811","Aqua","MODIS","66","6.1NRT","301.05","8.36","D",,"fire_nrt_M-C61_803220.csv",22135,"NRT"
"-2.4422","110.46309","311.74","1.03","1.01","2026-08-19","0811","Aqua","MODIS","44","6.1NRT","300.83","4.37","D",,"fire_nrt_M-C61_803220.csv",22143,"NRT"
"-2.44351","110.45414","325.32","1.03","1.01","2026-08-19","0811","Aqua","MODIS","78","6.1NRT","301.79","17.31","D",,"fire_nrt_M-C61_803220.csv",22144,"NRT"
"-2.44613","110.4362","326.06","1.03","1.01","2026-08-19","0811","Aqua","MODIS","79","6.1NRT","302.52","18.05","D",,"fire_nrt_M-C61_803220.csv",22145,"NRT"
"-2.44743","110.42722","321.14","1.03","1.01","2026-08-19","0811","Aqua","MODIS","73","6.1NRT","302.84","12.66","D",,"fire_nrt_M-C61_803220.csv",22146,"NRT"
"-2.31049","111.04231","327.43","1","1","2026-08-19","0811","Aqua","MODIS","80","6.1NRT","301.63","18.6","D",,"fire_nrt_M-C61_803220.csv",22151,"NRT"
"-2.31177","111.03357","319.58","1","1","2026-08-19","0811","Aqua","MODIS","69","6.1NRT","301.89","9.99","D",,"fire_nrt_M-C61_803220.csv",22152,"NRT"
"-2.41503","110.26941","318.81","1.04","1.02","2026-08-19","0811","Aqua","MODIS","29","6.1NRT","301.94","8.45","D",,"fire_nrt_M-C61_803220.csv",22154,"NRT"
"-2.41635","110.26038","319","1.04","1.02","2026-08-19","0811","Aqua","MODIS","14","6.1NRT","302.85","8.97","D",,"fire_nrt_M-C61_803220.csv",22155,"NRT"
"-2.37579","110.47501","331.65","1.03","1.01","2026-08-19","0811","Aqua","MODIS","84","6.1NRT","305.5","23.18","D",,"fire_nrt_M-C61_803220.csv",22156,"NRT"
"-2.36562","110.48265","336.69","1.03","1.01","2026-08-19","0811","Aqua","MODIS","87","6.1NRT","307.3","30.73","D",,"fire_nrt_M-C61_803220.csv",22157,"NRT"
"-2.36693","110.47372","333.28","1.03","1.01","2026-08-19","0811","Aqua","MODIS","85","6.1NRT","307.24","25.23","D",,"fire_nrt_M-C61_803220.csv",22158,"NRT"
"-2.39719","110.2668","333.28","1.04","1.02","2026-08-19","0811","Aqua","MODIS","85","6.1NRT","302.33","24.63","D",,"fire_nrt_M-C61_803220.csv",22159,"NRT"
"-2.39851","110.25781","354.15","1.04","1.02","2026-08-19","0811","Aqua","MODIS","97","6.1NRT","303.66","66.62","D",,"fire_nrt_M-C61_803220.csv",22160,"NRT"
"-2.39983","110.24876","324.65","1.04","1.02","2026-08-19","0811","Aqua","MODIS","71","6.1NRT","302.3","14.37","D",,"fire_nrt_M-C61_803220.csv",22161,"NRT"
"-2.27927","111.01093","315.65","1.01","1","2026-08-19","0811","Aqua","MODIS","62","6.1NRT","301.2","7.26","D",,"fire_nrt_M-C61_803220.csv",22166,"NRT"
"-2.35676","110.48135","345.26","1.03","1.01","2026-08-19","0811","Aqua","MODIS","93","6.1NRT","310.87","46.7","D",,"fire_nrt_M-C61_803220.csv",22167,"NRT"
"-2.35807","110.47241","320.11","1.03","1.01","2026-08-19","0811","Aqua","MODIS","71","6.1NRT","305.07","9.78","D",,"fire_nrt_M-C61_803220.csv",22168,"NRT"
"-2.26705","110.91074","316.75","1.01","1","2026-08-19","0811","Aqua","MODIS","64","6.1NRT","300.12","8.61","D",,"fire_nrt_M-C61_803220.csv",22173,"NRT"
"-2.26833","110.90198","314.43","1.01","1","2026-08-19","0811","Aqua","MODIS","52","6.1NRT","300.36","6.84","D",,"fire_nrt_M-C61_803220.csv",22174,"NRT"
"-2.33442","110.37086","328.89","1.03","1.02","2026-08-19","0811","Aqua","MODIS","80","6.1NRT","304.99","19.26","D",,"fire_nrt_M-C61_803220.csv",22175,"NRT"
"-2.33575","110.36188","328.31","1.03","1.02","2026-08-19","0811","Aqua","MODIS","33","6.1NRT","304.25","17.38","D",,"fire_nrt_M-C61_803220.csv",22176,"NRT"
"-2.32819","110.35159","332.14","1.03","1.02","2026-08-19","0811","Aqua","MODIS","84","6.1NRT","302.15","24.4","D",,"fire_nrt_M-C61_803220.csv",22177,"NRT"
"-2.32951","110.34259","321.23","1.04","1.02","2026-08-19","0811","Aqua","MODIS","26","6.1NRT","302.73","10.77","D",,"fire_nrt_M-C61_803220.csv",22178,"NRT"
"-2.33345","110.31583","326.19","1.04","1.02","2026-08-19","0811","Aqua","MODIS","78","6.1NRT","302.52","16.67","D",,"fire_nrt_M-C61_803220.csv",22179,"NRT"
"-2.32722","110.29638","326.01","1.04","1.02","2026-08-19","0811","Aqua","MODIS","65","6.1NRT","302.02","15.66","D",,"fire_nrt_M-C61_803220.csv",22180,"NRT"
"-2.29889","110.36565","319.92","1.03","1.02","2026-08-19","0811","Aqua","MODIS","68","6.1NRT","302.9","10.21","D",,"fire_nrt_M-C61_803220.csv",22184,"NRT"
"-2.3002","110.35667","323.29","1.03","1.02","2026-08-19","0811","Aqua","MODIS","75","6.1NRT","302.42","14","D",,"fire_nrt_M-C61_803220.csv",22185,"NRT"
"-2.29923","110.3013","321.24","1.04","1.02","2026-08-19","0811","Aqua","MODIS","42","6.1NRT","302.23","9.95","D",,"fire_nrt_M-C61_803220.csv",22187,"NRT"
"-2.26701","110.39762","317.82","1.03","1.01","2026-08-19","0811","Aqua","MODIS","39","6.1NRT","302.2","7.59","D",,"fire_nrt_M-C61_803220.csv",22192,"NRT"
"-2.24121","110.51254","336.39","1.02","1.01","2026-08-19","0811","Aqua","MODIS","85","6.1NRT","305.01","27.56","D",,"fire_nrt_M-C61_803220.csv",22195,"NRT"
"-2.25814","110.39632","320.32","1.03","1.01","2026-08-19","0811","Aqua","MODIS","66","6.1NRT","301.09","10.37","D",,"fire_nrt_M-C61_803220.csv",22196,"NRT"
"-2.28174","110.23404","321.39","1.04","1.02","2026-08-19","0811","Aqua","MODIS","72","6.1NRT","302.5","12.53","D",,"fire_nrt_M-C61_803220.csv",22197,"NRT"
"-2.23625","110.48449","345.91","1.03","1.01","2026-08-19","0811","Aqua","MODIS","93","6.1NRT","306.49","44.55","D",,"fire_nrt_M-C61_803220.csv",22198,"NRT"
"-2.24015","110.45769","316.03","1.03","1.01","2026-08-19","0811","Aqua","MODIS","49","6.1NRT","301.54","6.67","D",,"fire_nrt_M-C61_803220.csv",22199,"NRT"
"-2.22155","110.51304","341.38","1.02","1.01","2026-08-19","0811","Aqua","MODIS","87","6.1NRT","303.51","35.72","D",,"fire_nrt_M-C61_803220.csv",22202,"NRT"
"-2.22287","110.50414","373.44","1.02","1.01","2026-08-19","0811","Aqua","MODIS","100","6.1NRT","308.24","120.23","D",,"fire_nrt_M-C61_803220.csv",22203,"NRT"
"-2.22418","110.49522","335.34","1.02","1.01","2026-08-19","0811","Aqua","MODIS","44","6.1NRT","304.87","24.73","D",,"fire_nrt_M-C61_803220.csv",22204,"NRT"
"-2.2255","110.48631","338.09","1.03","1.01","2026-08-19","0811","Aqua","MODIS","73","6.1NRT","304.43","30.34","D",,"fire_nrt_M-C61_803220.csv",22205,"NRT"
"-2.22681","110.47739","343.13","1.03","1.01","2026-08-19","0811","Aqua","MODIS","91","6.1NRT","304.34","41.01","D",,"fire_nrt_M-C61_803220.csv",22206,"NRT"
"-2.22925","110.27612","350.14","1.04","1.02","2026-08-19","0811","Aqua","MODIS","95","6.1NRT","302.63","57.79","D",,"fire_nrt_M-C61_803220.csv",22210,"NRT"
"-2.23058","110.26706","383.63","1.04","1.02","2026-08-19","0811","Aqua","MODIS","100","6.1NRT","307.27","170.98","D",,"fire_nrt_M-C61_803220.csv",22211,"NRT"
"-2.23191","110.25801","324.31","1.04","1.02","2026-08-19","0811","Aqua","MODIS","61","6.1NRT","300.5","15.04","D",,"fire_nrt_M-C61_803220.csv",22212,"NRT"
"-2.23457","110.2399","324","1.04","1.02","2026-08-19","0811","Aqua","MODIS","76","6.1NRT","300.75","15.7","D",,"fire_nrt_M-C61_803220.csv",22213,"NRT"
"-2.18358","110.52561","332.81","1.02","1.01","2026-08-19","0811","Aqua","MODIS","84","6.1NRT","301.83","25.2","D",,"fire_nrt_M-C61_803220.csv",22215,"NRT"
"-2.09757","110.98972","322.41","1","1","2026-08-19","0811","Aqua","MODIS","74","6.1NRT","300.66","13.51","D",,"fire_nrt_M-C61_803220.csv",22220,"NRT"
"-2.09885","110.98099","317.05","1","1","2026-08-19","0811","Aqua","MODIS","65","6.1NRT","300.72","8.34","D",,"fire_nrt_M-C61_803220.csv",22221,"NRT"
"-2.14335","110.41293","327.66","1.03","1.01","2026-08-19","0811","Aqua","MODIS","79","6.1NRT","301.94","17.53","D",,"fire_nrt_M-C61_803220.csv",22232,"NRT"
"-2.15925","110.30529","322.76","1.04","1.02","2026-08-19","0811","Aqua","MODIS","74","6.1NRT","302.31","12.47","D",,"fire_nrt_M-C61_803220.csv",22233,"NRT"
"-2.12923","110.44736","326.58","1.03","1.01","2026-08-19","0811","Aqua","MODIS","79","6.1NRT","302","16.87","D",,"fire_nrt_M-C61_803220.csv",22236,"NRT"
"-2.13449","110.41162","333.98","1.03","1.01","2026-08-19","0811","Aqua","MODIS","85","6.1NRT","302.37","27.18","D",,"fire_nrt_M-C61_803220.csv",22237,"NRT"
"-2.13581","110.40268","322.9","1.03","1.01","2026-08-19","0811","Aqua","MODIS","75","6.1NRT","301.64","13.48","D",,"fire_nrt_M-C61_803220.csv",22238,"NRT"
"-2.12169","110.43713","339.51","1.03","1.01","2026-08-19","0811","Aqua","MODIS","89","6.1NRT","302.62","35.54","D",,"fire_nrt_M-C61_803220.csv",22239,"NRT"
"-2.034","110.91132","319.33","1.01","1","2026-08-19","0811","Aqua","MODIS","70","6.1NRT","301.73","9.84","D",,"fire_nrt_M-C61_803220.csv",22243,"NRT"
"-2.03529","110.90257","327.15","1.01","1","2026-08-19","0811","Aqua","MODIS","80","6.1NRT","301.13","18.13","D",,"fire_nrt_M-C61_803220.csv",22244,"NRT"
"-2.03786","110.88508","341.84","1.01","1","2026-08-19","0811","Aqua","MODIS","91","6.1NRT","301.58","39.61","D",,"fire_nrt_M-C61_803220.csv",22245,"NRT"
"-2.14759","110.1371","326.95","1.05","1.02","2026-08-19","0811","Aqua","MODIS","43","6.1NRT","303.11","15.83","D",,"fire_nrt_M-C61_803220.csv",22246,"NRT"
"-2.14892","110.12799","331.25","1.05","1.02","2026-08-19","0811","Aqua","MODIS","65","6.1NRT","303.89","21.13","D",,"fire_nrt_M-C61_803220.csv",22247,"NRT"
"-2.1056","110.36166","315.28","1.03","1.01","2026-08-19","0811","Aqua","MODIS","60","6.1NRT","301.01","5.56","D",,"fire_nrt_M-C61_803220.csv",22249,"NRT"
"-2.12839","110.14358","326.06","1.05","1.02","2026-08-19","0811","Aqua","MODIS","52","6.1NRT","304.15","15.43","D",,"fire_nrt_M-C61_803220.csv",22251,"NRT"
"-2.12972","110.13448","331.99","1.05","1.02","2026-08-19","0811","Aqua","MODIS","83","6.1NRT","304.8","22.88","D",,"fire_nrt_M-C61_803220.csv",22252,"NRT"
"-2.06181","110.53749","328.83","1.02","1.01","2026-08-19","0811","Aqua","MODIS","81","6.1NRT","301.82","21.16","D",,"fire_nrt_M-C61_803220.csv",22253,"NRT"
"-2.11946","110.14226","343.28","1.05","1.02","2026-08-19","0811","Aqua","MODIS","91","6.1NRT","304.73","42.07","D",,"fire_nrt_M-C61_803220.csv",22254,"NRT"
"-2.12078","110.13316","346.29","1.05","1.02","2026-08-19","0811","Aqua","MODIS","93","6.1NRT","305.06","47.56","D",,"fire_nrt_M-C61_803220.csv",22255,"NRT"
"-2.07638","110.37564","317.98","1.03","1.01","2026-08-19","0811","Aqua","MODIS","34","6.1NRT","302.85","6.31","D",,"fire_nrt_M-C61_803220.csv",22256,"NRT"
"-2.0584","110.43694","320.96","1.03","1.01","2026-08-19","0811","Aqua","MODIS","58","6.1NRT","302.51","10.51","D",,"fire_nrt_M-C61_803220.csv",22258,"NRT"
"-2.0597","110.42799","317.9","1.03","1.01","2026-08-19","0811","Aqua","MODIS","59","6.1NRT","300.82","7.46","D",,"fire_nrt_M-C61_803220.csv",22259,"NRT"
"-2.09763","110.16689","321.36","1.04","1.02","2026-08-19","0811","Aqua","MODIS","41","6.1NRT","302.53","11.1","D",,"fire_nrt_M-C61_803220.csv",22260,"NRT"
"-2.05689","110.37623","331.75","1.03","1.01","2026-08-19","0811","Aqua","MODIS","84","6.1NRT","301.99","24.7","D",,"fire_nrt_M-C61_803220.csv",22262,"NRT"
"-2.05821","110.36727","328.82","1.03","1.01","2026-08-19","0811","Aqua","MODIS","81","6.1NRT","302.87","21.21","D",,"fire_nrt_M-C61_803220.csv",22263,"NRT"
"-2.08751","110.16901","319.74","1.04","1.02","2026-08-19","0811","Aqua","MODIS","70","6.1NRT","301.62","11.41","D",,"fire_nrt_M-C61_803220.csv",22264,"NRT"
"-2.00642","110.59612","322.94","1.02","1.01","2026-08-19","0811","Aqua","MODIS","42","6.1NRT","302.5","13.46","D",,"fire_nrt_M-C61_803220.csv",22268,"NRT"
"-2.02864","110.44509","323.04","1.03","1.01","2026-08-19","0811","Aqua","MODIS","58","6.1NRT","299.97","13.32","D",,"fire_nrt_M-C61_803220.csv",22269,"NRT"
"-2.06566","110.19358","332.38","1.04","1.02","2026-08-19","0811","Aqua","MODIS","76","6.1NRT","303.3","23.67","D",,"fire_nrt_M-C61_803220.csv",22270,"NRT"
"-2.067","110.18452","336.26","1.04","1.02","2026-08-19","0811","Aqua","MODIS","84","6.1NRT","303.19","28.99","D",,"fire_nrt_M-C61_803220.csv",22271,"NRT"
"-2.05941","110.17415","324.73","1.04","1.02","2026-08-19","0811","Aqua","MODIS","44","6.1NRT","301.92","13.62","D",,"fire_nrt_M-C61_803220.csv",22272,"NRT"
"-1.98647","110.54786","323.51","1.02","1.01","2026-08-19","0811","Aqua","MODIS","67","6.1NRT","303.41","12.37","D",,"fire_nrt_M-C61_803220.csv",22277,"NRT"
"-1.98777","110.53899","334.44","1.02","1.01","2026-08-19","0811","Aqua","MODIS","86","6.1NRT","304","26.37","D",,"fire_nrt_M-C61_803220.csv",22278,"NRT"
"-2.00995","110.3876","324.48","1.03","1.01","2026-08-19","0811","Aqua","MODIS","55","6.1NRT","302.68","12.68","D",,"fire_nrt_M-C61_803220.csv",22279,"NRT"
"-2.02176","110.30691","317.39","1.03","1.02","2026-08-19","0811","Aqua","MODIS","66","6.1NRT","301.61","8.77","D",,"fire_nrt_M-C61_803220.csv",22280,"NRT"
"-2.02308","110.29792","314.5","1.03","1.02","2026-08-19","0811","Aqua","MODIS","53","6.1NRT","301.55","6.17","D",,"fire_nrt_M-C61_803220.csv",22281,"NRT"
"-2.04025","110.18059","328.79","1.04","1.02","2026-08-19","0811","Aqua","MODIS","47","6.1NRT","305.32","16.41","D",,"fire_nrt_M-C61_803220.csv",22282,"NRT"
"-1.93379","110.8461","318.77","1.01","1","2026-08-19","0811","Aqua","MODIS","69","6.1NRT","301.82","9.83","D",,"fire_nrt_M-C61_803220.csv",22288,"NRT"
"-1.93507","110.83733","319.54","1.01","1","2026-08-19","0811","Aqua","MODIS","71","6.1NRT","302.03","10.74","D",,"fire_nrt_M-C61_803220.csv",22289,"NRT"
"-2.03133","110.17928","328.47","1.04","1.02","2026-08-19","0811","Aqua","MODIS","58","6.1NRT","304.92","17.3","D",,"fire_nrt_M-C61_803220.csv",22290,"NRT"
"-2.03398","110.16114","335.43","1.04","1.02","2026-08-19","0811","Aqua","MODIS","86","6.1NRT","301.38","29.9","D",,"fire_nrt_M-C61_803220.csv",22291,"NRT"
"-1.96882","110.54529","318.5","1.02","1.01","2026-08-19","0811","Aqua","MODIS","40","6.1NRT","301.59","8.18","D",,"fire_nrt_M-C61_803220.csv",22293,"NRT"
"-1.99642","110.29399","314.25","1.03","1.02","2026-08-19","0811","Aqua","MODIS","44","6.1NRT","301.77","5.98","D",,"fire_nrt_M-C61_803220.csv",22295,"NRT"
"-1.94085","110.61349","327","1.02","1.01","2026-08-19","0811","Aqua","MODIS","80","6.1NRT","301.68","17.56","D",,"fire_nrt_M-C61_803220.csv",22297,"NRT"
"-1.94214","110.60465","338.25","1.02","1.01","2026-08-19","0811","Aqua","MODIS","88","6.1NRT","302.54","33.43","D",,"fire_nrt_M-C61_803220.csv",22298,"NRT"
"-1.99801","110.22059","319.07","1.04","1.02","2026-08-19","0811","Aqua","MODIS","67","6.1NRT","301.46","9.86","D",,"fire_nrt_M-C61_803220.csv",22299,"NRT"
"-1.89096","110.6267","314.36","1.02","1.01","2026-08-19","0811","Aqua","MODIS","59","6.1NRT","302.29","5.26","D",,"fire_nrt_M-C61_803220.csv",22307,"NRT"
"-1.90134","110.55598","315.5","1.02","1.01","2026-08-19","0811","Aqua","MODIS","58","6.1NRT","301.24","6.44","D",,"fire_nrt_M-C61_803220.csv",22308,"NRT"
"-1.9337","110.14912","326.73","1.04","1.02","2026-08-19","0811","Aqua","MODIS","78","6.1NRT","302.24","17.06","D",,"fire_nrt_M-C61_803220.csv",22314,"NRT"
"-1.92083","110.17498","346.52","1.04","1.02","2026-08-19","0811","Aqua","MODIS","93","6.1NRT","305.04","49.74","D",,"fire_nrt_M-C61_803220.csv",22317,"NRT"
"-1.92215","110.16593","325.48","1.04","1.02","2026-08-19","0811","Aqua","MODIS","53","6.1NRT","302.81","14.9","D",,"fire_nrt_M-C61_803220.csv",22318,"NRT"
"-1.91586","110.1465","334.07","1.04","1.02","2026-08-19","0811","Aqua","MODIS","86","6.1NRT","304.14","24.81","D",,"fire_nrt_M-C61_803220.csv",22321,"NRT"
"-1.91718","110.13743","332.28","1.04","1.02","2026-08-19","0811","Aqua","MODIS","75","6.1NRT","304.02","22.19","D",,"fire_nrt_M-C61_803220.csv",22322,"NRT"
"-1.86328","110.43578","320.19","1.02","1.01","2026-08-19","0811","Aqua","MODIS","69","6.1NRT","302.8","10.91","D",,"fire_nrt_M-C61_803220.csv",22325,"NRT"
"-1.88522","110.16408","321.25","1.04","1.02","2026-08-19","0811","Aqua","MODIS","35","6.1NRT","300.72","11.07","D",,"fire_nrt_M-C61_803220.csv",22330,"NRT"
"-1.89189","110.11875","321.11","1.04","1.02","2026-08-19","0811","Aqua","MODIS","30","6.1NRT","302.14","10.64","D",,"fire_nrt_M-C61_803220.csv",22331,"NRT"
"-1.89323","110.10967","324.18","1.04","1.02","2026-08-19","0811","Aqua","MODIS","56","6.1NRT","301.69","14.54","D",,"fire_nrt_M-C61_803220.csv",22332,"NRT"
"-1.87498","110.1718","328.77","1.04","1.02","2026-08-19","0811","Aqua","MODIS","72","6.1NRT","300.08","19.88","D",,"fire_nrt_M-C61_803220.csv",22335,"NRT"
"-1.87631","110.16276","337.5","1.04","1.02","2026-08-19","0811","Aqua","MODIS","88","6.1NRT","302.64","32.62","D",,"fire_nrt_M-C61_803220.csv",22336,"NRT"
"-1.82008","110.48394","330.19","1.02","1.01","2026-08-19","0811","Aqua","MODIS","83","6.1NRT","304.27","22.29","D",,"fire_nrt_M-C61_803220.csv",22337,"NRT"
"-1.75787","110.60133","325.29","1.02","1.01","2026-08-19","0811","Aqua","MODIS","79","6.1NRT","302.36","16.08","D",,"fire_nrt_M-C61_803220.csv",22342,"NRT"
"-1.80765","110.18311","318.26","1.04","1.02","2026-08-19","0811","Aqua","MODIS","27","6.1NRT","301.45","8.49","D",,"fire_nrt_M-C61_803220.csv",22345,"NRT"
"-2.30665","111.05544","309.62","1","1","2026-08-19","1321","Terra","MODIS","78","6.1NRT","292.41","7.62","N",,"fire_nrt_M-C61_803220.csv",22553,"NRT"
"-2.30906","111.03793","307.97","1","1","2026-08-19","1321","Terra","MODIS","73","6.1NRT","292.34","6.45","N",,"fire_nrt_M-C61_803220.csv",22554,"NRT"
"-2.36728","110.48468","301.87","1","1","2026-08-19","1321","Terra","MODIS","45","6.1NRT","286.17","4","N",,"fire_nrt_M-C61_803220.csv",22555,"NRT"
"-2.36848","110.47593","319.72","1","1","2026-08-19","1321","Terra","MODIS","99","6.1NRT","287.58","17.34","N",,"fire_nrt_M-C61_803220.csv",22556,"NRT"
"-2.39748","110.26523","309.46","1.01","1","2026-08-19","1321","Terra","MODIS","77","6.1NRT","281.35","9.65","N",,"fire_nrt_M-C61_803220.csv",22557,"NRT"
"-2.39868","110.25646","301.65","1.01","1","2026-08-19","1321","Terra","MODIS","43","6.1NRT","283.09","4.69","N",,"fire_nrt_M-C61_803220.csv",22558,"NRT"
"-2.35848","110.48346","317.88","1","1","2026-08-19","1321","Terra","MODIS","96","6.1NRT","288.84","15.1","N",,"fire_nrt_M-C61_803220.csv",22559,"NRT"
"-2.35969","110.4747","315.9","1","1","2026-08-19","1321","Terra","MODIS","92","6.1NRT","287.35","13.43","N",,"fire_nrt_M-C61_803220.csv",22560,"NRT"
"-2.34969","110.48224","313.23","1","1","2026-08-19","1321","Terra","MODIS","87","6.1NRT","287.8","11.25","N",,"fire_nrt_M-C61_803220.csv",22563,"NRT"
"-2.33135","110.35458","304.85","1.01","1","2026-08-19","1321","Terra","MODIS","62","6.1NRT","283.86","6","N",,"fire_nrt_M-C61_803220.csv",22566,"NRT"
"-2.33255","110.3458","300.46","1.01","1","2026-08-19","1321","Terra","MODIS","28","6.1NRT","283.51","3.54","N",,"fire_nrt_M-C61_803220.csv",22567,"NRT"
"-2.33615","110.31953","301.61","1.01","1","2026-08-19","1321","Terra","MODIS","24","6.1NRT","286.01","3.65","N",,"fire_nrt_M-C61_803220.csv",22568,"NRT"
"-2.31934","110.29291","302.34","1.01","1","2026-08-19","1321","Terra","MODIS","26","6.1NRT","285.85","3.9","N",,"fire_nrt_M-C61_803220.csv",22571,"NRT"
"-2.30087","110.36192","300.33","1","1","2026-08-19","1321","Terra","MODIS","15","6.1NRT","284.36","3.26","N",,"fire_nrt_M-C61_803220.csv",22573,"NRT"
"-2.29207","110.36069","311.42","1","1","2026-08-19","1321","Terra","MODIS","82","6.1NRT","282.86","10.3","N",,"fire_nrt_M-C61_803220.csv",22574,"NRT"
"-2.29327","110.35192","302.77","1.01","1","2026-08-19","1321","Terra","MODIS","51","6.1NRT","282.8","4.66","N",,"fire_nrt_M-C61_803220.csv",22575,"NRT"
"-2.29811","110.31679","317.26","1.01","1","2026-08-19","1321","Terra","MODIS","95","6.1NRT","285.37","14.77","N",,"fire_nrt_M-C61_803220.csv",22576,"NRT"
"-2.29932","110.308","306.1","1.01","1","2026-08-19","1321","Terra","MODIS","67","6.1NRT","285.17","5.98","N",,"fire_nrt_M-C61_803220.csv",22577,"NRT"
"-2.28255","110.23393","300.2","1.01","1","2026-08-19","1321","Terra","MODIS","19","6.1NRT","281.25","3.89","N",,"fire_nrt_M-C61_803220.csv",22578,"NRT"
"-2.23881","110.48726","308.92","1","1","2026-08-19","1321","Terra","MODIS","25","6.1NRT","284.75","7.29","N",,"fire_nrt_M-C61_803220.csv",22580,"NRT"
"-2.23122","110.47728","310.91","1","1","2026-08-19","1321","Terra","MODIS","29","6.1NRT","284.06","8.6","N",,"fire_nrt_M-C61_803220.csv",22581,"NRT"
"-2.23363","110.45976","301.8","1","1","2026-08-19","1321","Terra","MODIS","39","6.1NRT","280.84","4.3","N",,"fire_nrt_M-C61_803220.csv",22582,"NRT"
"-2.21763","110.51106","306.91","1","1","2026-08-19","1321","Terra","MODIS","28","6.1NRT","287.01","6.36","N",,"fire_nrt_M-C61_803220.csv",22583,"NRT"
"-2.21883","110.50231","311.93","1","1","2026-08-19","1321","Terra","MODIS","23","6.1NRT","286.54","8.83","N",,"fire_nrt_M-C61_803220.csv",22584,"NRT"
"-2.26296","110.1143","320.18","1.01","1.01","2026-08-19","1321","Terra","MODIS","100","6.1NRT","278.85","17.24","N",,"fire_nrt_M-C61_803220.csv",22585,"NRT"
"-2.22973","110.27454","305.49","1.01","1","2026-08-19","1321","Terra","MODIS","47","6.1NRT","285.19","5.25","N",,"fire_nrt_M-C61_803220.csv",22586,"NRT"
"-2.23094","110.26573","323.47","1.01","1","2026-08-19","1321","Terra","MODIS","100","6.1NRT","286.76","20.22","N",,"fire_nrt_M-C61_803220.csv",22587,"NRT"
"-2.13882","110.41388","303.94","1","1","2026-08-19","1321","Terra","MODIS","58","6.1NRT","281.9","5.74","N",,"fire_nrt_M-C61_803220.csv",22604,"NRT"
"-2.14684","110.28986","311.81","1.01","1","2026-08-19","1321","Terra","MODIS","83","6.1NRT","287.23","10.13","N",,"fire_nrt_M-C61_803220.csv",22607,"NRT"
"-2.1394","110.12999","318.46","1.01","1.01","2026-08-19","1321","Terra","MODIS","77","6.1NRT","275.88","16.17","N",,"fire_nrt_M-C61_803220.csv",22617,"NRT"
"-2.13057","110.12877","309.08","1.01","1.01","2026-08-19","1321","Terra","MODIS","17","6.1NRT","276.5","8.46","N",,"fire_nrt_M-C61_803220.csv",22618,"NRT"
"-2.12053","110.13637","313.46","1.01","1","2026-08-19","1321","Terra","MODIS","56","6.1NRT","277.11","12.06","N",,"fire_nrt_M-C61_803220.csv",22619,"NRT"
"-2.01273","110.59509","301.12","1","1","2026-08-19","1321","Terra","MODIS","10","6.1NRT","284.48","3.01","N",,"fire_nrt_M-C61_803220.csv",22622,"NRT"
"-2.06798","110.19193","317.51","1.01","1","2026-08-19","1321","Terra","MODIS","95","6.1NRT","280.38","15.97","N",,"fire_nrt_M-C61_803220.csv",22623,"NRT"
"-2.06918","110.18313","307.97","1.01","1","2026-08-19","1321","Terra","MODIS","73","6.1NRT","276.85","9.11","N",,"fire_nrt_M-C61_803220.csv",22624,"NRT"
"-2.00094","110.59646","302.87","1","1","2026-08-19","1321","Terra","MODIS","52","6.1NRT","283.89","4.29","N",,"fire_nrt_M-C61_803220.csv",22625,"NRT"
"-2.04006","110.18217","304.1","1.01","1","2026-08-19","1321","Terra","MODIS","9","6.1NRT","277.19","5.71","N",,"fire_nrt_M-C61_803220.csv",22626,"NRT"
"-1.97459","110.59279","302.36","1","1","2026-08-19","1321","Terra","MODIS","31","6.1NRT","283.69","3.61","N",,"fire_nrt_M-C61_803220.csv",22630,"NRT"
"-1.9758","110.58405","327.44","1","1","2026-08-19","1321","Terra","MODIS","100","6.1NRT","283.75","24.87","N",,"fire_nrt_M-C61_803220.csv",22631,"NRT"
"-2.03125","110.18094","310.72","1.01","1","2026-08-19","1321","Terra","MODIS","69","6.1NRT","277.43","10.12","N",,"fire_nrt_M-C61_803220.csv",22632,"NRT"
"-2.03367","110.16332","300.68","1.01","1","2026-08-19","1321","Terra","MODIS","15","6.1NRT","270.22","4.91","N",,"fire_nrt_M-C61_803220.csv",22633,"NRT"
"-1.98709","110.37167","308.6","1","1","2026-08-19","1321","Terra","MODIS","57","6.1NRT","287.66","6.79","N",,"fire_nrt_M-C61_803220.csv",22638,"NRT"
"-1.99793","110.29276","303.14","1.01","1","2026-08-19","1321","Terra","MODIS","53","6.1NRT","287.54","4.3","N",,"fire_nrt_M-C61_803220.csv",22639,"NRT"
"-1.97589","110.38797","317.94","1","1","2026-08-19","1321","Terra","MODIS","96","6.1NRT","286.58","14","N",,"fire_nrt_M-C61_803220.csv",22640,"NRT"
"-1.97709","110.37921","309.45","1","1","2026-08-19","1321","Terra","MODIS","47","6.1NRT","286.7","7.18","N",,"fire_nrt_M-C61_803220.csv",22641,"NRT"
"-1.93586","110.61409","308.02","1","1","2026-08-19","1321","Terra","MODIS","73","6.1NRT","283.41","7.82","N",,"fire_nrt_M-C61_803220.csv",22643,"NRT"
"-1.93707","110.60535","315.87","1","1","2026-08-19","1321","Terra","MODIS","92","6.1NRT","283.05","13.84","N",,"fire_nrt_M-C61_803220.csv",22644,"NRT"
"-1.88648","110.62761","300.2","1","1","2026-08-19","1321","Terra","MODIS","21","6.1NRT","282.82","3.57","N",,"fire_nrt_M-C61_803220.csv",22649,"NRT"
"-1.92152","110.17731","324.63","1.01","1","2026-08-19","1321","Terra","MODIS","100","6.1NRT","287.41","21.44","N",,"fire_nrt_M-C61_803220.csv",22656,"NRT"
"-1.9127","110.17609","308.14","1.01","1","2026-08-19","1321","Terra","MODIS","37","6.1NRT","285.73","6.68","N",,"fire_nrt_M-C61_803220.csv",22657,"NRT"
"-1.91633","110.14968","306.23","1.01","1","2026-08-19","1321","Terra","MODIS","3","6.1NRT","279.77","5.79","N",,"fire_nrt_M-C61_803220.csv",22658,"NRT"
"-1.91753","110.14087","307.11","1.01","1","2026-08-19","1321","Terra","MODIS","44","6.1NRT","277.02","7.03","N",,"fire_nrt_M-C61_803220.csv",22659,"NRT"
"-1.8947","110.11074","304.83","1.01","1","2026-08-19","1321","Terra","MODIS","48","6.1NRT","277.79","6.44","N",,"fire_nrt_M-C61_803220.csv",22663,"NRT"
"-1.87595","110.16515","328.1","1.01","1","2026-08-19","1321","Terra","MODIS","100","6.1NRT","289.44","25.29","N",,"fire_nrt_M-C61_803220.csv",22664,"NRT"
"-1.81488","110.47821","317.85","1","1","2026-08-19","1321","Terra","MODIS","96","6.1NRT","284.18","15.68","N",,"fire_nrt_M-C61_803220.csv",22667,"NRT"
"-1.79182","110.18929","303.35","1.01","1","2026-08-19","1321","Terra","MODIS","55","6.1NRT","286.04","4.64","N",,"fire_nrt_M-C61_803220.csv",22672,"NRT"
"-1.67639","110.68398","305.79","1","1","2026-08-19","1321","Terra","MODIS","66","6.1NRT","291.12","5.39","N",,"fire_nrt_M-C61_803220.csv",22673,"NRT"
"-1.6776","110.67525","302.01","1","1","2026-08-19","1321","Terra","MODIS","32","6.1NRT","287.89","3.17","N",,"fire_nrt_M-C61_803220.csv",22674,"NRT"
"-1.73773","110.23808","318.79","1.01","1","2026-08-19","1321","Terra","MODIS","97","6.1NRT","285.56","15.74","N",,"fire_nrt_M-C61_803220.csv",22675,"NRT"
"-1.74739","110.16783","360.63","1.01","1","2026-08-19","1321","Terra","MODIS","100","6.1NRT","294.37","86.11","N",,"fire_nrt_M-C61_803220.csv",22676,"NRT"
"-1.7486","110.15904","346.96","1.01","1","2026-08-19","1321","Terra","MODIS","100","6.1NRT","291.9","51.63","N",,"fire_nrt_M-C61_803220.csv",22677,"NRT"
"-1.72893","110.23685","308.38","1.01","1","2026-08-19","1321","Terra","MODIS","74","6.1NRT","286.65","7.24","N",,"fire_nrt_M-C61_803220.csv",22679,"NRT"
"-1.73737","110.17539","309.15","1.01","1","2026-08-19","1321","Terra","MODIS","25","6.1NRT","287.46","6.52","N",,"fire_nrt_M-C61_803220.csv",22680,"NRT"
"-1.73858","110.1666","388.3","1.01","1","2026-08-19","1321","Terra","MODIS","100","6.1NRT","297.64","188.99","N",,"fire_nrt_M-C61_803220.csv",22681,"NRT"
"-1.73979","110.15781","430.93","1.01","1","2026-08-19","1321","Terra","MODIS","100","6.1NRT","305.35","495.28","N",,"fire_nrt_M-C61_803220.csv",22682,"NRT"
"-1.741","110.14902","327.99","1.01","1","2026-08-19","1321","Terra","MODIS","100","6.1NRT","290.11","22.45","N",,"fire_nrt_M-C61_803220.csv",22683,"NRT"
"-1.71531","110.27071","312.23","1","1","2026-08-19","1321","Terra","MODIS","48","6.1NRT","288.19","9.23","N",,"fire_nrt_M-C61_803220.csv",22684,"NRT"
"-1.72977","110.16538","325.63","1.01","1","2026-08-19","1321","Terra","MODIS","100","6.1NRT","289.22","20.85","N",,"fire_nrt_M-C61_803220.csv",22685,"NRT"
"-1.73098","110.15659","394.22","1.01","1","2026-08-19","1321","Terra","MODIS","100","6.1NRT","293.43","218.8","N",,"fire_nrt_M-C61_803220.csv",22686,"NRT"
"-1.73218","110.1478","325.61","1.01","1","2026-08-19","1321","Terra","MODIS","100","6.1NRT","289.1","19.95","N",,"fire_nrt_M-C61_803220.csv",22687,"NRT"
"-1.73822","110.10379","318.99","1.01","1","2026-08-19","1321","Terra","MODIS","25","6.1NRT","286.51","12.9","N",,"fire_nrt_M-C61_803220.csv",22688,"NRT"
"-1.70291","110.29578","322.23","1","1","2026-08-19","1321","Terra","MODIS","100","6.1NRT","283.4","18.99","N",,"fire_nrt_M-C61_803220.csv",22689,"NRT"
"-1.63991","110.53956","314.7","1","1","2026-08-19","1321","Terra","MODIS","90","6.1NRT","293.32","11.29","N",,"fire_nrt_M-C61_803220.csv",22694,"NRT"
"-1.56995","110.78783","301.53","1","1","2026-08-19","1321","Terra","MODIS","36","6.1NRT","287.33","3.52","N",,"fire_nrt_M-C61_803220.csv",22698,"NRT"
"-1.55756","110.8128","303.74","1","1","2026-08-19","1321","Terra","MODIS","56","6.1NRT","292.77","3.94","N",,"fire_nrt_M-C61_803220.csv",22701,"NRT"
"-1.62605","110.31491","303.98","1","1","2026-08-19","1321","Terra","MODIS","47","6.1NRT","285.98","4.4","N",,"fire_nrt_M-C61_803220.csv",22702,"NRT"
"-1.62725","110.30615","308.07","1","1","2026-08-19","1321","Terra","MODIS","73","6.1NRT","285.1","7.2","N",,"fire_nrt_M-C61_803220.csv",22703,"NRT"
"-2.9564","110.69845","311.48","1","1","2026-08-19","1321","Terra","MODIS","82","6.1NRT","294.03","8.64","N",,"fire_nrt_M-C61_803220.csv",22778,"NRT"
"-2.86045","110.46477","306.12","1.01","1","2026-08-19","1321","Terra","MODIS","65","6.1NRT","292.75","5.38","N",,"fire_nrt_M-C61_803220.csv",22806,"NRT"
"-2.70847","111.15977","318.44","1","1","2026-08-19","1321","Terra","MODIS","97","6.1NRT","293.32","14.94","N",,"fire_nrt_M-C61_803220.csv",22829,"NRT"
"-2.50006","111.07381","309.66","1","1","2026-08-19","1321","Terra","MODIS","78","6.1NRT","293.74","8.28","N",,"fire_nrt_M-C61_803220.csv",22875,"NRT"
"-2.50127","111.06505","312.27","1","1","2026-08-19","1321","Terra","MODIS","84","6.1NRT","293.48","10.37","N",,"fire_nrt_M-C61_803220.csv",22876,"NRT"
"-2.39831","110.9939","312.21","1","1","2026-08-19","1321","Terra","MODIS","84","6.1NRT","292.03","9.82","N",,"fire_nrt_M-C61_803220.csv",22890,"NRT"
"-2.39951","110.98515","317.55","1","1","2026-08-19","1321","Terra","MODIS","95","6.1NRT","292.72","14.26","N",,"fire_nrt_M-C61_803220.csv",22891,"NRT"
"-2.44014","110.42933","306.13","1","1","2026-08-19","1321","Terra","MODIS","67","6.1NRT","284.52","6.96","N",,"fire_nrt_M-C61_803220.csv",22894,"NRT"
"-1.57533","110.07792","327.86","1.01","1","2026-08-19","1323","Terra","MODIS","100","6.1NRT","288.96","25.25","N",,"fire_nrt_M-C61_803220.csv",22897,"NRT"
"-1.57654","110.06911","313.73","1.01","1","2026-08-19","1323","Terra","MODIS","86","6.1NRT","282.99","11.47","N",,"fire_nrt_M-C61_803220.csv",22898,"NRT"
"-1.40273","110.12244","364.51","1.01","1","2026-08-19","1323","Terra","MODIS","100","6.1NRT","296.28","98.14","N",,"fire_nrt_M-C61_803220.csv",22899,"NRT"
"-1.40394","110.11366","330.09","1.01","1","2026-08-19","1323","Terra","MODIS","100","6.1NRT","289.93","26.49","N",,"fire_nrt_M-C61_803220.csv",22900,"NRT"
"-1.40515","110.10487","327.08","1.01","1","2026-08-19","1323","Terra","MODIS","100","6.1NRT","290.74","23.59","N",,"fire_nrt_M-C61_803220.csv",22901,"NRT"
"-1.40637","110.09607","307.31","1.01","1","2026-08-19","1323","Terra","MODIS","40","6.1NRT","290.12","6.17","N",,"fire_nrt_M-C61_803220.csv",22902,"NRT"
"-1.39393","110.12122","339.14","1.01","1","2026-08-19","1323","Terra","MODIS","100","6.1NRT","291.78","40.38","N",,"fire_nrt_M-C61_803220.csv",22903,"NRT"
"-1.39514","110.11243","315.94","1.01","1","2026-08-19","1323","Terra","MODIS","59","6.1NRT","287.53","11.17","N",,"fire_nrt_M-C61_803220.csv",22904,"NRT"
"-1.39635","110.10365","336.69","1.01","1","2026-08-19","1323","Terra","MODIS","100","6.1NRT","289.74","36.15","N",,"fire_nrt_M-C61_803220.csv",22905,"NRT"
"-1.39756","110.09485","318.54","1.01","1","2026-08-19","1323","Terra","MODIS","89","6.1NRT","290.26","14.46","N",,"fire_nrt_M-C61_803220.csv",22906,"NRT"
"-1.38512","110.12","308.6","1.01","1","2026-08-19","1323","Terra","MODIS","49","6.1NRT","286.2","6.99","N",,"fire_nrt_M-C61_803220.csv",22907,"NRT"
"-1.37632","110.11877","315.62","1.01","1","2026-08-19","1323","Terra","MODIS","92","6.1NRT","284.24","12.7","N",,"fire_nrt_M-C61_803220.csv",22908,"NRT"
"-1.37113","110.09118","309.55","1.01","1","2026-08-19","1323","Terra","MODIS","42","6.1NRT","291.12","7.94","N",,"fire_nrt_M-C61_803220.csv",22909,"NRT"
"-1.27647","110.50007","303.85","1","1","2026-08-19","1323","Terra","MODIS","46","6.1NRT","286.15","4.47","N",,"fire_nrt_M-C61_803220.csv",22910,"NRT"
"-1.27768","110.49134","319.96","1","1","2026-08-19","1323","Terra","MODIS","99","6.1NRT","287.92","16.74","N",,"fire_nrt_M-C61_803220.csv",22911,"NRT"
"-1.19663","110.5601","327.16","1","1","2026-08-19","1323","Terra","MODIS","100","6.1NRT","287.3","24.68","N",,"fire_nrt_M-C61_803220.csv",22915,"NRT"
"-1.19783","110.55138","324.67","1","1","2026-08-19","1323","Terra","MODIS","100","6.1NRT","282.61","22.03","N",,"fire_nrt_M-C61_803220.csv",22916,"NRT"
"-0.91062","110.47812","311.99","1","1","2026-08-19","1323","Terra","MODIS","77","6.1NRT","281.9","10.97","N",,"fire_nrt_M-C61_803220.csv",22923,"NRT"
"-0.91181","110.4694","308.47","1","1","2026-08-19","1323","Terra","MODIS","63","6.1NRT","280.71","8.67","N",,"fire_nrt_M-C61_803220.csv",22924,"NRT"
"-0.89156","110.22634","312.9","1","1","2026-08-19","1323","Terra","MODIS","85","6.1NRT","295.55","9.37","N",,"fire_nrt_M-C61_803220.csv",22929,"NRT"
"-0.7603","110.37976","306.49","1","1","2026-08-19","1323","Terra","MODIS","65","6.1NRT","292.32","4.92","N",,"fire_nrt_M-C61_803220.csv",22934,"NRT"
"-0.6034","110.11423","330.56","1","1","2026-08-19","1323","Terra","MODIS","100","6.1NRT","291.93","28.66","N",,"fire_nrt_M-C61_803220.csv",22940,"NRT"
"-0.6046","110.10548","315.25","1","1","2026-08-19","1323","Terra","MODIS","90","6.1NRT","290.42","12.6","N",,"fire_nrt_M-C61_803220.csv",22941,"NRT"
"-1.37271","110.11767","307.58","1.54","1.22","2026-08-19","2032","Aqua","MODIS","63","6.1NRT","293.26","11.7","N",,"fire_nrt_M-C61_803220.csv",23042,"NRT"
"-1.37468","110.13097","304.09","1.54","1.22","2026-08-19","2032","Aqua","MODIS","33","6.1NRT","293.04","7.99","N",,"fire_nrt_M-C61_803220.csv",23043,"NRT"
"-1.39208","110.10135","315.49","1.53","1.22","2026-08-19","2032","Aqua","MODIS","31","6.1NRT","294.6","20.23","N",,"fire_nrt_M-C61_803220.csv",23044,"NRT"
"-1.39407","110.11458","323.35","1.54","1.22","2026-08-19","2032","Aqua","MODIS","100","6.1NRT","295.65","35.18","N",,"fire_nrt_M-C61_803220.csv",23045,"NRT"
"-1.39606","110.12788","340.3","1.54","1.22","2026-08-19","2032","Aqua","MODIS","100","6.1NRT","297.11","78.84","N",,"fire_nrt_M-C61_803220.csv",23046,"NRT"
"-1.40475","110.11306","306.04","1.54","1.22","2026-08-19","2032","Aqua","MODIS","64","6.1NRT","292.53","10.83","N",,"fire_nrt_M-C61_803220.csv",23048,"NRT"
"-1.57284","110.07649","307.57","1.54","1.22","2026-08-19","2032","Aqua","MODIS","72","6.1NRT","294.31","13.25","N",,"fire_nrt_M-C61_803220.csv",23054,"NRT"
"-1.69824","110.30151","304.88","1.6","1.25","2026-08-19","2032","Aqua","MODIS","62","6.1NRT","293.2","10.84","N",,"fire_nrt_M-C61_803220.csv",23061,"NRT"
"-1.72458","110.15193","312.53","1.57","1.23","2026-08-19","2032","Aqua","MODIS","85","6.1NRT","293.36","19.8","N",,"fire_nrt_M-C61_803220.csv",23065,"NRT"
"-1.72656","110.16551","322.08","1.57","1.23","2026-08-19","2032","Aqua","MODIS","100","6.1NRT","294.36","36.68","N",,"fire_nrt_M-C61_803220.csv",23066,"NRT"
"-1.72941","110.10988","310.4","1.55","1.23","2026-08-19","2032","Aqua","MODIS","41","6.1NRT","293.61","14.36","N",,"fire_nrt_M-C61_803220.csv",23067,"NRT"
"-1.73535","110.15036","316.1","1.57","1.23","2026-08-19","2032","Aqua","MODIS","93","6.1NRT","292.99","24.8","N",,"fire_nrt_M-C61_803220.csv",23068,"NRT"
"-1.73735","110.16394","359.43","1.57","1.23","2026-08-19","2032","Aqua","MODIS","100","6.1NRT","298.44","162.25","N",,"fire_nrt_M-C61_803220.csv",23069,"NRT"
"-1.73935","110.17756","315.81","1.57","1.24","2026-08-19","2032","Aqua","MODIS","92","6.1NRT","294.6","25.73","N",,"fire_nrt_M-C61_803220.csv",23070,"NRT"
"-1.73816","110.09487","306.63","1.55","1.23","2026-08-19","2032","Aqua","MODIS","15","6.1NRT","293.64","10.74","N",,"fire_nrt_M-C61_803220.csv",23071,"NRT"
"-1.87334","110.16538","304.79","1.58","1.24","2026-08-19","2032","Aqua","MODIS","62","6.1NRT","294.36","10.16","N",,"fire_nrt_M-C61_803220.csv",23074,"NRT"
"-1.90924","110.15462","305.31","1.58","1.24","2026-08-19","2032","Aqua","MODIS","64","6.1NRT","294.6","10.56","N",,"fire_nrt_M-C61_803220.csv",23075,"NRT"
"-1.91324","110.18205","312.87","1.58","1.24","2026-08-19","2032","Aqua","MODIS","86","6.1NRT","294.5","20.62","N",,"fire_nrt_M-C61_803220.csv",23076,"NRT"
"-2.02776","110.18694","305.65","1.59","1.24","2026-08-19","2032","Aqua","MODIS","65","6.1NRT","294.35","11.91","N",,"fire_nrt_M-C61_803220.csv",23078,"NRT"
"-2.25875","110.12731","319.01","1.59","1.24","2026-08-19","2032","Aqua","MODIS","98","6.1NRT","295.89","31.84","N",,"fire_nrt_M-C61_803220.csv",23084,"NRT"
"-2.32112","110.29826","304.45","1.64","1.26","2026-08-19","2032","Aqua","MODIS","60","6.1NRT","294.01","10.42","N",,"fire_nrt_M-C61_803220.csv",23085,"NRT"
"-2.34876","110.48678","308.97","1.7","1.28","2026-08-19","2032","Aqua","MODIS","76","6.1NRT","294.28","18","N",,"fire_nrt_M-C61_803220.csv",23086,"NRT"
"-2.35995","110.48519","308.22","1.7","1.28","2026-08-19","2032","Aqua","MODIS","74","6.1NRT","293.89","17.04","N",,"fire_nrt_M-C61_803220.csv",23087,"NRT"
"-0.91646","110.47025","305.47","1.6","1.25","2026-08-19","2032","Aqua","MODIS","64","6.1NRT","292.46","11.06","N",,"fire_nrt_M-C61_803220.csv",23123,"NRT"
"-0.915","110.49058","308.08","1.85","1.33","2026-08-20","0139","Terra","MODIS","50","6.1NRT","295.67","9.34","D",,"fire_nrt_M-C61_803220.csv",23148,"NRT"
"-2.91512","110.35623","313.68","1.95","1.36","2026-08-20","0141","Terra","MODIS","48","6.1NRT","297.41","16.73","D",,"fire_nrt_M-C61_803220.csv",23161,"NRT"
"-1.39997","110.09994","322.2","1.76","1.3","2026-08-20","0141","Terra","MODIS","64","6.1NRT","299.08","30.48","D",,"fire_nrt_M-C61_803220.csv",23187,"NRT"
"-1.40207","110.11517","333.85","1.76","1.3","2026-08-20","0141","Terra","MODIS","87","6.1NRT","300.67","64.58","D",,"fire_nrt_M-C61_803220.csv",23188,"NRT"
"-1.40419","110.13055","326.92","1.77","1.3","2026-08-20","0141","Terra","MODIS","77","6.1NRT","298.18","43.15","D",,"fire_nrt_M-C61_803220.csv",23189,"NRT"
"-1.58067","110.0788","317.8","1.76","1.3","2026-08-20","0141","Terra","MODIS","73","6.1NRT","298.75","26.11","D",,"fire_nrt_M-C61_803220.csv",23190,"NRT"
"-1.70239","110.29633","314.64","1.84","1.33","2026-08-20","0141","Terra","MODIS","59","6.1NRT","299.66","18.19","D",,"fire_nrt_M-C61_803220.csv",23193,"NRT"
"-1.71187","110.27873","312.89","1.83","1.33","2026-08-20","0141","Terra","MODIS","20","6.1NRT","298.72","12.95","D",,"fire_nrt_M-C61_803220.csv",23194,"NRT"
"-1.73124","110.16325","329.25","1.8","1.31","2026-08-20","0141","Terra","MODIS","84","6.1NRT","298.98","48.95","D",,"fire_nrt_M-C61_803220.csv",23195,"NRT"
"-1.74237","110.24213","320.76","1.82","1.32","2026-08-20","0141","Terra","MODIS","76","6.1NRT","298.08","30.46","D",,"fire_nrt_M-C61_803220.csv",23196,"NRT"
"-1.73396","110.09946","318.84","1.78","1.31","2026-08-20","0141","Terra","MODIS","58","6.1NRT","298.88","22.47","D",,"fire_nrt_M-C61_803220.csv",23198,"NRT"
"-1.74058","110.14603","348.67","1.79","1.31","2026-08-20","0141","Terra","MODIS","95","6.1NRT","298.88","120.1","D",,"fire_nrt_M-C61_803220.csv",23199,"NRT"
"-1.7428","110.16167","389.21","1.8","1.31","2026-08-20","0141","Terra","MODIS","94","6.1NRT","305.31","441.14","D",,"fire_nrt_M-C61_803220.csv",23200,"NRT"
"-1.74504","110.1774","324.74","1.8","1.32","2026-08-20","0141","Terra","MODIS","71","6.1NRT","300.1","34.6","D",,"fire_nrt_M-C61_803220.csv",23201,"NRT"
"-1.75117","110.15408","321.54","1.8","1.31","2026-08-20","0141","Terra","MODIS","0","6.1NRT","298.51","25.87","D",,"fire_nrt_M-C61_803220.csv",23202,"NRT"
"-2.06692","110.19016","310.25","1.83","1.32","2026-08-20","0141","Terra","MODIS","47","6.1NRT","296.25","12","D",,"fire_nrt_M-C61_803220.csv",23205,"NRT"
"-2.2063","110.45691","319.17","3.41","1.74","2026-08-20","0850","Aqua","MODIS","68","6.1NRT","294.05","64","D",,"fire_nrt_M-C61_803220.csv",23410,"NRT"
"-2.15052","110.12752","313.42","3.21","1.7","2026-08-20","0850","Aqua","MODIS","0","6.1NRT","298.89","34.19","D",,"fire_nrt_M-C61_803220.csv",23416,"NRT"
"-1.88541","110.15182","311.46","3.26","1.71","2026-08-20","0850","Aqua","MODIS","15","6.1NRT","298.92","25.41","D",,"fire_nrt_M-C61_803220.csv",23434,"NRT"
"-1.74245","110.08845","317.54","3.25","1.7","2026-08-20","0850","Aqua","MODIS","61","6.1NRT","299.34","47.72","D",,"fire_nrt_M-C61_803220.csv",23438,"NRT"
"-1.69927","110.28087","316.33","3.37","1.73","2026-08-20","0850","Aqua","MODIS","49","6.1NRT","298.96","43.11","D",,"fire_nrt_M-C61_803220.csv",23442,"NRT"
"-1.75281","110.15309","314.25","3.92","1.84","2026-08-20","1359","Terra","MODIS","75","6.1NRT","296.31","70.47","N",,"fire_nrt_M-C61_803220.csv",23604,"NRT"
"-1.73666","110.15071","327.95","3.92","1.84","2026-08-20","1359","Terra","MODIS","100","6.1NRT","297.09","165.03","N",,"fire_nrt_M-C61_803220.csv",23605,"NRT"
"-1.69963","110.28574","317.12","4.03","1.86","2026-08-20","1359","Terra","MODIS","93","6.1NRT","296.05","99.84","N",,"fire_nrt_M-C61_803220.csv",23606,"NRT"
"-1.70488","110.25116","324.57","4","1.86","2026-08-20","1359","Terra","MODIS","100","6.1NRT","296.3","150.5","N",,"fire_nrt_M-C61_803220.csv",23607,"NRT"
"-1.74032","110.17909","310.98","3.95","1.85","2026-08-20","1359","Terra","MODIS","73","6.1NRT","296.34","57.49","N",,"fire_nrt_M-C61_803220.csv",23608,"NRT"
"-1.74519","110.14497","323.64","3.92","1.84","2026-08-20","1359","Terra","MODIS","100","6.1NRT","296.75","137.52","N",,"fire_nrt_M-C61_803220.csv",23609,"NRT"
"-1.72903","110.14265","316.43","3.92","1.84","2026-08-20","1359","Terra","MODIS","91","6.1NRT","296.49","90.02","N",,"fire_nrt_M-C61_803220.csv",23610,"NRT"
"-1.6929","110.27782","324.28","4.03","1.86","2026-08-20","1359","Terra","MODIS","100","6.1NRT","296.21","153.34","N",,"fire_nrt_M-C61_803220.csv",23611,"NRT"
"-1.69794","110.24313","320.21","4","1.86","2026-08-20","1359","Terra","MODIS","100","6.1NRT","296.26","119.16","N",,"fire_nrt_M-C61_803220.csv",23612,"NRT"
"-1.40285","110.10462","307.02","3.95","1.85","2026-08-20","1359","Terra","MODIS","51","6.1NRT","295.49","41.49","N",,"fire_nrt_M-C61_803220.csv",23616,"NRT"
"-1.73728","110.16093","316.55","4.19","1.9","2026-08-21","0041","Terra","MODIS","56","6.1NRT","296.75","84.84","D",,"fire_nrt_M-C61_803220.csv",23710,"NRT"
"-2.90343","110.33061","314.54","2.5","1.52","2026-08-21","0750","Aqua","MODIS","62","6.1NRT","300.5","24.72","D",,"fire_nrt_M-C61_803220.csv",24429,"NRT"
"-2.71809","110.79607","310.36","2.27","1.46","2026-08-21","0750","Aqua","MODIS","36","6.1NRT","296.7","12.22","D",,"fire_nrt_M-C61_803220.csv",24453,"NRT"
"-2.62123","111.0174","312.91","2.17","1.43","2026-08-21","0750","Aqua","MODIS","58","6.1NRT","299.19","17.33","D",,"fire_nrt_M-C61_803220.csv",24459,"NRT"
"-2.66328","110.34995","313.36","2.47","1.51","2026-08-21","0750","Aqua","MODIS","46","6.1NRT","300.52","18.99","D",,"fire_nrt_M-C61_803220.csv",24463,"NRT"
"-2.66706","110.34583","313.52","2.47","1.51","2026-08-21","0750","Aqua","MODIS","59","6.1NRT","300.41","20.58","D",,"fire_nrt_M-C61_803220.csv",24467,"NRT"
"-2.34323","110.30503","321.8","2.46","1.51","2026-08-21","0750","Aqua","MODIS","75","6.1NRT","299.88","45.79","D",,"fire_nrt_M-C61_803220.csv",24500,"NRT"
"-2.21202","110.95377","312.34","2.16","1.43","2026-08-21","0750","Aqua","MODIS","43","6.1NRT","296.06","12.6","D",,"fire_nrt_M-C61_803220.csv",24501,"NRT"
"-2.2524","110.66584","316.34","2.29","1.46","2026-08-21","0750","Aqua","MODIS","50","6.1NRT","300.35","21.67","D",,"fire_nrt_M-C61_803220.csv",24502,"NRT"
"-2.25309","110.66081","315.38","2.29","1.46","2026-08-21","0750","Aqua","MODIS","57","6.1NRT","300.32","20.22","D",,"fire_nrt_M-C61_803220.csv",24504,"NRT"
"-2.31346","110.16097","313.31","2.52","1.53","2026-08-21","0750","Aqua","MODIS","43","6.1NRT","300.38","18.63","D",,"fire_nrt_M-C61_803220.csv",24506,"NRT"
"-2.21802","110.44938","320.83","2.38","1.49","2026-08-21","0750","Aqua","MODIS","49","6.1NRT","301.24","32.14","D",,"fire_nrt_M-C61_803220.csv",24509,"NRT"
"-2.20213","110.46799","325.23","2.37","1.49","2026-08-21","0750","Aqua","MODIS","64","6.1NRT","302.95","46.99","D",,"fire_nrt_M-C61_803220.csv",24510,"NRT"
"-2.20503","110.44749","333.04","2.38","1.49","2026-08-21","0750","Aqua","MODIS","85","6.1NRT","302.06","82.98","D",,"fire_nrt_M-C61_803220.csv",24511,"NRT"
"-2.20348","110.46146","333.89","2.37","1.49","2026-08-21","0750","Aqua","MODIS","86","6.1NRT","302.89","85.54","D",,"fire_nrt_M-C61_803220.csv",24512,"NRT"
"-2.20654","110.44097","325.74","2.38","1.49","2026-08-21","0750","Aqua","MODIS","52","6.1NRT","301.7","50.56","D",,"fire_nrt_M-C61_803220.csv",24513,"NRT"
"-2.16956","110.32974","326.76","2.43","1.5","2026-08-21","0750","Aqua","MODIS","80","6.1NRT","301.91","61.38","D",,"fire_nrt_M-C61_803220.csv",24523,"NRT"
"-2.08461","110.82756","350.05","2.2","1.44","2026-08-21","0750","Aqua","MODIS","95","6.1NRT","301.09","176.22","D",,"fire_nrt_M-C61_803220.csv",24524,"NRT"
"-2.15646","110.3278","320.26","2.43","1.5","2026-08-21","0750","Aqua","MODIS","72","6.1NRT","301.05","37.02","D",,"fire_nrt_M-C61_803220.csv",24525,"NRT"
"-2.07206","110.82569","345.16","2.2","1.44","2026-08-21","0750","Aqua","MODIS","93","6.1NRT","301.07","142.34","D",,"fire_nrt_M-C61_803220.csv",24527,"NRT"
"-2.04429","110.84084","324.27","2.19","1.44","2026-08-21","0750","Aqua","MODIS","77","6.1NRT","300.53","44.92","D",,"fire_nrt_M-C61_803220.csv",24530,"NRT"
"-2.04057","110.8545","316.03","2.19","1.43","2026-08-21","0750","Aqua","MODIS","66","6.1NRT","300.18","22.73","D",,"fire_nrt_M-C61_803220.csv",24536,"NRT"
"-2.04338","110.83559","320.99","2.19","1.44","2026-08-21","0750","Aqua","MODIS","74","6.1NRT","300.46","37.13","D",,"fire_nrt_M-C61_803220.csv",24537,"NRT"
"-2.13226","110.1452","325.73","2.51","1.52","2026-08-21","0750","Aqua","MODIS","69","6.1NRT","302.97","62.56","D",,"fire_nrt_M-C61_803220.csv",24538,"NRT"
"-2.11895","110.14326","353.42","2.51","1.52","2026-08-21","0750","Aqua","MODIS","73","6.1NRT","302.93","239.29","D",,"fire_nrt_M-C61_803220.csv",24540,"NRT"
"-2.07489","110.35361","316.42","2.41","1.5","2026-08-21","0750","Aqua","MODIS","41","6.1NRT","302.59","21.94","D",,"fire_nrt_M-C61_803220.csv",24542,"NRT"
"-2.0729","110.18059","326.31","2.49","1.52","2026-08-21","0750","Aqua","MODIS","80","6.1NRT","301.93","64.74","D",,"fire_nrt_M-C61_803220.csv",24543,"NRT"
"-2.01682","110.38741","325.82","2.39","1.49","2026-08-21","0750","Aqua","MODIS","53","6.1NRT","304.05","48.51","D",,"fire_nrt_M-C61_803220.csv",24544,"NRT"
"-2.0762","110.17437","320.31","2.49","1.52","2026-08-21","0750","Aqua","MODIS","53","6.1NRT","301.33","38.66","D",,"fire_nrt_M-C61_803220.csv",24545,"NRT"
"-2.01843","110.38099","327","2.39","1.49","2026-08-21","0750","Aqua","MODIS","66","6.1NRT","303.96","55.22","D",,"fire_nrt_M-C61_803220.csv",24546,"NRT"
"-1.97261","110.60157","318.27","2.29","1.46","2026-08-21","0750","Aqua","MODIS","60","6.1NRT","303.01","30.45","D",,"fire_nrt_M-C61_803220.csv",24547,"NRT"
"-1.96567","110.55988","316.99","2.3","1.47","2026-08-21","0750","Aqua","MODIS","49","6.1NRT","301.05","23.15","D",,"fire_nrt_M-C61_803220.csv",24549,"NRT"
"-1.96341","110.39396","318.47","2.38","1.49","2026-08-21","0750","Aqua","MODIS","45","6.1NRT","301.57","25.56","D",,"fire_nrt_M-C61_803220.csv",24550,"NRT"
"-1.94748","110.41257","319.85","2.37","1.49","2026-08-21","0750","Aqua","MODIS","63","6.1NRT","302.89","31.84","D",,"fire_nrt_M-C61_803220.csv",24551,"NRT"
"-1.89044","110.62973","314.22","2.27","1.46","2026-08-21","0750","Aqua","MODIS","63","6.1NRT","301.55","19.38","D",,"fire_nrt_M-C61_803220.csv",24552,"NRT"
"-1.93665","110.40581","314.2","2.37","1.49","2026-08-21","0750","Aqua","MODIS","24","6.1NRT","301.54","15.39","D",,"fire_nrt_M-C61_803220.csv",24555,"NRT"
"-1.9547","110.19537","313.74","2.47","1.51","2026-08-21","0750","Aqua","MODIS","33","6.1NRT","300.98","19.79","D",,"fire_nrt_M-C61_803220.csv",24557,"NRT"
"-1.93143","110.17012","330.8","2.48","1.52","2026-08-21","0750","Aqua","MODIS","84","6.1NRT","301.74","84.07","D",,"fire_nrt_M-C61_803220.csv",24561,"NRT"
"-1.82576","110.71542","319","2.23","1.45","2026-08-21","0750","Aqua","MODIS","72","6.1NRT","301.13","34.6","D",,"fire_nrt_M-C61_803220.csv",24562,"NRT"
"-1.68532","110.68315","312.61","2.23","1.45","2026-08-21","0750","Aqua","MODIS","60","6.1NRT","300.66","18.17","D",,"fire_nrt_M-C61_803220.csv",24582,"NRT"
"-1.68826","110.6633","316.82","2.23","1.45","2026-08-21","0750","Aqua","MODIS","70","6.1NRT","301.19","29.12","D",,"fire_nrt_M-C61_803220.csv",24583,"NRT"
"-1.76656","110.13429","327.7","2.48","1.52","2026-08-21","0750","Aqua","MODIS","60","6.1NRT","302.85","59.3","D",,"fire_nrt_M-C61_803220.csv",24584,"NRT"
"-1.73778","110.23829","339.51","2.43","1.5","2026-08-21","0750","Aqua","MODIS","90","6.1NRT","303.82","123.91","D",,"fire_nrt_M-C61_803220.csv",24585,"NRT"
"-1.74087","110.21722","328.88","2.44","1.51","2026-08-21","0750","Aqua","MODIS","78","6.1NRT","302.33","66.73","D",,"fire_nrt_M-C61_803220.csv",24586,"NRT"
"-1.75018","110.15381","356.38","2.47","1.51","2026-08-21","0750","Aqua","MODIS","74","6.1NRT","304.09","249.78","D",,"fire_nrt_M-C61_803220.csv",24587,"NRT"
"-1.73698","110.15188","325.93","2.47","1.51","2026-08-21","0750","Aqua","MODIS","76","6.1NRT","301.73","56.59","D",,"fire_nrt_M-C61_803220.csv",24589,"NRT"
"-1.70553","110.27623","336.87","2.41","1.5","2026-08-21","0750","Aqua","MODIS","88","6.1NRT","305.24","104.34","D",,"fire_nrt_M-C61_803220.csv",24594,"NRT"
"-1.70855","110.25531","372.76","2.42","1.5","2026-08-21","0750","Aqua","MODIS","94","6.1NRT","305.36","421.3","D",,"fire_nrt_M-C61_803220.csv",24595,"NRT"
"-1.68952","110.29491","317.11","2.4","1.49","2026-08-21","0750","Aqua","MODIS","50","6.1NRT","302.05","24.7","D",,"fire_nrt_M-C61_803220.csv",24596,"NRT"
"-1.69249","110.27418","324.79","2.41","1.5","2026-08-21","0750","Aqua","MODIS","75","6.1NRT","303.05","51.21","D",,"fire_nrt_M-C61_803220.csv",24597,"NRT"
"-1.69548","110.25333","344.49","2.42","1.5","2026-08-21","0750","Aqua","MODIS","70","6.1NRT","303.48","155.33","D",,"fire_nrt_M-C61_803220.csv",24598,"NRT"
"-1.69448","110.26771","348.99","2.41","1.5","2026-08-21","0750","Aqua","MODIS","0","6.1NRT","304.3","182.95","D",,"fire_nrt_M-C61_803220.csv",24600,"NRT"
"-1.51028","110.17188","374.44","2.44","1.51","2026-08-21","0750","Aqua","MODIS","100","6.1NRT","302.6","457.37","D",,"fire_nrt_M-C61_803220.csv",24615,"NRT"
"-1.51329","110.1508","338.78","2.45","1.51","2026-08-21","0750","Aqua","MODIS","90","6.1NRT","300.58","126.79","D",,"fire_nrt_M-C61_803220.csv",24616,"NRT"
"-1.5096","110.18633","325.94","2.43","1.5","2026-08-21","0750","Aqua","MODIS","80","6.1NRT","300.76","59.89","D",,"fire_nrt_M-C61_803220.csv",24617,"NRT"
"-1.51276","110.16537","375.69","2.44","1.51","2026-08-21","0750","Aqua","MODIS","100","6.1NRT","302.7","473.86","D",,"fire_nrt_M-C61_803220.csv",24618,"NRT"
"-1.49962","110.16354","320.68","2.44","1.51","2026-08-21","0750","Aqua","MODIS","75","6.1NRT","299.98","42.95","D",,"fire_nrt_M-C61_803220.csv",24619,"NRT"
"-1.40513","110.62257","313.44","2.23","1.45","2026-08-21","0750","Aqua","MODIS","63","6.1NRT","301.31","16.37","D",,"fire_nrt_M-C61_803220.csv",24620,"NRT"
"-1.41371","110.10771","349.18","2.46","1.51","2026-08-21","0750","Aqua","MODIS","95","6.1NRT","303.1","188.31","D",,"fire_nrt_M-C61_803220.csv",24623,"NRT"
"-1.41415","110.12449","323.49","2.45","1.51","2026-08-21","0750","Aqua","MODIS","71","6.1NRT","301.22","46.79","D",,"fire_nrt_M-C61_803220.csv",24627,"NRT"
"-1.40099","110.12264","320.29","2.45","1.51","2026-08-21","0750","Aqua","MODIS","47","6.1NRT","300.53","33.7","D",,"fire_nrt_M-C61_803220.csv",24628,"NRT"
"-1.27993","110.49949","320.28","2.27","1.46","2026-08-21","0750","Aqua","MODIS","75","6.1NRT","301.24","35.52","D",,"fire_nrt_M-C61_803220.csv",24630,"NRT"
"-1.27956","110.49236","326.48","2.27","1.46","2026-08-21","0750","Aqua","MODIS","81","6.1NRT","301.21","57.49","D",,"fire_nrt_M-C61_803220.csv",24635,"NRT"
"-0.95312","110.48782","317.39","2.24","1.45","2026-08-21","0750","Aqua","MODIS","71","6.1NRT","301.69","25.41","D",,"fire_nrt_M-C61_803220.csv",24655,"NRT"
"-0.89874","110.2296","314.75","2.35","1.48","2026-08-21","0750","Aqua","MODIS","66","6.1NRT","300.87","22.07","D",,"fire_nrt_M-C61_803220.csv",24670,"NRT"
"-0.83834","110.46394","314.23","2.24","1.45","2026-08-21","0750","Aqua","MODIS","65","6.1NRT","300.48","18.66","D",,"fire_nrt_M-C61_803220.csv",24671,"NRT"
"-0.84116","110.4445","325.15","2.25","1.45","2026-08-21","0750","Aqua","MODIS","80","6.1NRT","300.45","52.46","D",,"fire_nrt_M-C61_803220.csv",24672,"NRT"
"-0.83825","110.45892","319.2","2.24","1.45","2026-08-21","0750","Aqua","MODIS","72","6.1NRT","300.37","31.84","D",,"fire_nrt_M-C61_803220.csv",24673,"NRT"
"-0.84123","110.43948","320.19","2.25","1.45","2026-08-21","0750","Aqua","MODIS","74","6.1NRT","300.43","34.41","D",,"fire_nrt_M-C61_803220.csv",24674,"NRT"
"-0.75795","110.90234","312.07","2.06","1.4","2026-08-21","0750","Aqua","MODIS","57","6.1NRT","300.17","13.72","D",,"fire_nrt_M-C61_803220.csv",24675,"NRT"
"-0.72245","110.80549","317.71","2.09","1.41","2026-08-21","0750","Aqua","MODIS","70","6.1NRT","300.82","27.38","D",,"fire_nrt_M-C61_803220.csv",24682,"NRT"
"-0.60248","110.37279","315.58","2.26","1.46","2026-08-21","0750","Aqua","MODIS","65","6.1NRT","299.51","22.6","D",,"fire_nrt_M-C61_803220.csv",24698,"NRT"
"-0.61597","110.1925","313.83","2.34","1.48","2026-08-21","0750","Aqua","MODIS","35","6.1NRT","299.43","18.48","D",,"fire_nrt_M-C61_803220.csv",24699,"NRT"
"-0.61895","110.17216","312.99","2.35","1.48","2026-08-21","0750","Aqua","MODIS","58","6.1NRT","299.71","17.49","D",,"fire_nrt_M-C61_803220.csv",24700,"NRT"
"-0.59441","110.25006","313.71","2.31","1.47","2026-08-21","0750","Aqua","MODIS","60","6.1NRT","299.34","20","D",,"fire_nrt_M-C61_803220.csv",24702,"NRT"
"-0.53502","110.48145","313.67","2.21","1.44","2026-08-21","0750","Aqua","MODIS","50","6.1NRT","299.79","18.54","D",,"fire_nrt_M-C61_803220.csv",24710,"NRT"
"-0.55174","110.36488","320.36","2.26","1.46","2026-08-21","0750","Aqua","MODIS","73","6.1NRT","299.42","33.64","D",,"fire_nrt_M-C61_803220.csv",24711,"NRT"
"-0.55456","110.34525","314.33","2.27","1.46","2026-08-21","0750","Aqua","MODIS","49","6.1NRT","299.39","17.46","D",,"fire_nrt_M-C61_803220.csv",24712,"NRT"
"-0.59475","110.24323","318.6","2.31","1.47","2026-08-21","0750","Aqua","MODIS","63","6.1NRT","299.39","32.26","D",,"fire_nrt_M-C61_803220.csv",24715,"NRT"
"-0.55114","110.35796","320.33","2.26","1.46","2026-08-21","0750","Aqua","MODIS","73","6.1NRT","299.51","34.97","D",,"fire_nrt_M-C61_803220.csv",24718,"NRT"
"-2.11337","110.14","312.45","1.97","1.37","2026-08-21","1259","Terra","MODIS","83","6.1NRT","296.34","24.57","N",,"fire_nrt_M-C61_803220.csv",25160,"NRT"
"-2.12537","110.14165","312.8","1.97","1.37","2026-08-21","1259","Terra","MODIS","84","6.1NRT","296.47","25.64","N",,"fire_nrt_M-C61_803220.csv",25161,"NRT"
"-2.09491","110.54085","326.26","1.83","1.32","2026-08-21","1259","Terra","MODIS","100","6.1NRT","296.49","54.02","N",,"fire_nrt_M-C61_803220.csv",25164,"NRT"
"-2.14986","110.31662","309.39","1.91","1.35","2026-08-21","1259","Terra","MODIS","74","6.1NRT","295.71","17.56","N",,"fire_nrt_M-C61_803220.csv",25168,"NRT"
"-2.14756","110.33313","314.85","1.9","1.35","2026-08-21","1259","Terra","MODIS","89","6.1NRT","295.65","28.42","N",,"fire_nrt_M-C61_803220.csv",25169,"NRT"
"-2.14449","110.32138","306.76","1.91","1.35","2026-08-21","1259","Terra","MODIS","22","6.1NRT","295.57","12.15","N",,"fire_nrt_M-C61_803220.csv",25175,"NRT"
"-2.15632","110.32301","314.15","1.91","1.35","2026-08-21","1259","Terra","MODIS","87","6.1NRT","295.91","25.91","N",,"fire_nrt_M-C61_803220.csv",25178,"NRT"
"-2.15413","110.33955","307.68","1.9","1.35","2026-08-21","1259","Terra","MODIS","47","6.1NRT","295.58","14.19","N",,"fire_nrt_M-C61_803220.csv",25179,"NRT"
"-2.23715","110.43436","307.24","1.87","1.34","2026-08-21","1259","Terra","MODIS","66","6.1NRT","295.88","13.09","N",,"fire_nrt_M-C61_803220.csv",25201,"NRT"
"-2.15902","110.99074","314.06","1.69","1.28","2026-08-21","1259","Terra","MODIS","87","6.1NRT","295.56","22.35","N",,"fire_nrt_M-C61_803220.csv",25202,"NRT"
"-2.15696","111.00539","316.86","1.68","1.28","2026-08-21","1259","Terra","MODIS","93","6.1NRT","295.56","27.47","N",,"fire_nrt_M-C61_803220.csv",25203,"NRT"
"-2.15887","110.99708","325.18","1.69","1.28","2026-08-21","1259","Terra","MODIS","100","6.1NRT","295.78","45.6","N",,"fire_nrt_M-C61_803220.csv",25204,"NRT"
"-2.61439","111.02272","306.37","1.71","1.28","2026-08-21","1259","Terra","MODIS","64","6.1NRT","295.96","11.68","N",,"fire_nrt_M-C61_803220.csv",25256,"NRT"
"-2.64913","110.84859","316.73","1.77","1.3","2026-08-21","1259","Terra","MODIS","93","6.1NRT","295.79","30.3","N",,"fire_nrt_M-C61_803220.csv",25265,"NRT"
"-2.66055","110.85016","319.65","1.77","1.3","2026-08-21","1259","Terra","MODIS","99","6.1NRT","295.95","36.35","N",,"fire_nrt_M-C61_803220.csv",25266,"NRT"
"-2.92462","110.69039","312.85","1.83","1.33","2026-08-21","1259","Terra","MODIS","85","6.1NRT","296.26","22.36","N",,"fire_nrt_M-C61_803220.csv",25316,"NRT"
"-2.93482","110.68179","306.29","1.84","1.33","2026-08-21","1259","Terra","MODIS","64","6.1NRT","296.25","11.55","N",,"fire_nrt_M-C61_803220.csv",25318,"NRT"
"-2.93272","110.69779","308.3","1.83","1.33","2026-08-21","1259","Terra","MODIS","72","6.1NRT","296.24","14.77","N",,"fire_nrt_M-C61_803220.csv",25319,"NRT"
"-1.40897","110.09927","328.54","1.93","1.36","2026-08-21","1259","Terra","MODIS","100","6.1NRT","298.13","64.42","N",,"fire_nrt_M-C61_803220.csv",25392,"NRT"
"-1.40664","110.11616","325.08","1.93","1.36","2026-08-21","1259","Terra","MODIS","100","6.1NRT","298.49","54.21","N",,"fire_nrt_M-C61_803220.csv",25393,"NRT"
"-1.40434","110.13287","311.73","1.92","1.35","2026-08-21","1259","Terra","MODIS","82","6.1NRT","297.22","22","N",,"fire_nrt_M-C61_803220.csv",25394,"NRT"
"-1.45869","110.23023","307.05","1.89","1.34","2026-08-21","1259","Terra","MODIS","67","6.1NRT","296.68","14.86","N",,"fire_nrt_M-C61_803220.csv",25399,"NRT"
"-1.50319","110.16894","357.55","1.91","1.35","2026-08-21","1259","Terra","MODIS","100","6.1NRT","301.83","201.34","N",,"fire_nrt_M-C61_803220.csv",25401,"NRT"
"-1.50089","110.18555","326.91","1.91","1.35","2026-08-21","1259","Terra","MODIS","100","6.1NRT","298.06","58.64","N",,"fire_nrt_M-C61_803220.csv",25402,"NRT"
"-1.5849","110.06657","307.29","1.96","1.37","2026-08-21","1259","Terra","MODIS","68","6.1NRT","296.58","13.81","N",,"fire_nrt_M-C61_803220.csv",25406,"NRT"
"-1.68677","110.25663","317.14","1.9","1.35","2026-08-21","1259","Terra","MODIS","94","6.1NRT","296.71","31.69","N",,"fire_nrt_M-C61_803220.csv",25413,"NRT"
"-1.68448","110.27307","324.01","1.89","1.34","2026-08-21","1259","Terra","MODIS","100","6.1NRT","296.78","48.43","N",,"fire_nrt_M-C61_803220.csv",25414,"NRT"
"-1.69856","110.25829","333.09","1.9","1.35","2026-08-21","1259","Terra","MODIS","100","6.1NRT","297.25","75.74","N",,"fire_nrt_M-C61_803220.csv",25417,"NRT"
"-1.69625","110.27476","312.19","1.89","1.34","2026-08-21","1259","Terra","MODIS","82","6.1NRT","296.37","19.84","N",,"fire_nrt_M-C61_803220.csv",25418,"NRT"
"-1.72683","110.14336","310.22","1.94","1.36","2026-08-21","1259","Terra","MODIS","60","6.1NRT","296.18","16.25","N",,"fire_nrt_M-C61_803220.csv",25419,"NRT"
"-1.72445","110.16019","308.05","1.93","1.36","2026-08-21","1259","Terra","MODIS","64","6.1NRT","296.45","13.43","N",,"fire_nrt_M-C61_803220.csv",25420,"NRT"
"-1.69352","110.26393","340.9","1.9","1.35","2026-08-21","1259","Terra","MODIS","100","6.1NRT","297.71","106.87","N",,"fire_nrt_M-C61_803220.csv",25421,"NRT"
"-1.69135","110.28039","310.42","1.89","1.34","2026-08-21","1259","Terra","MODIS","78","6.1NRT","296.04","16.84","N",,"fire_nrt_M-C61_803220.csv",25422,"NRT"
"-1.70531","110.26566","308.73","1.9","1.35","2026-08-21","1259","Terra","MODIS","72","6.1NRT","296.54","15.61","N",,"fire_nrt_M-C61_803220.csv",25423,"NRT"
"-1.73955","110.09977","309.89","1.96","1.37","2026-08-21","1259","Terra","MODIS","44","6.1NRT","296.67","15.43","N",,"fire_nrt_M-C61_803220.csv",25424,"NRT"
"-1.73274","110.15063","317.99","1.94","1.36","2026-08-21","1259","Terra","MODIS","96","6.1NRT","296.67","34.33","N",,"fire_nrt_M-C61_803220.csv",25425,"NRT"
"-1.74465","110.15228","325.85","1.94","1.36","2026-08-21","1259","Terra","MODIS","100","6.1NRT","296.47","54.29","N",,"fire_nrt_M-C61_803220.csv",25426,"NRT"
"-1.74238","110.16908","326.82","1.93","1.36","2026-08-21","1259","Terra","MODIS","100","6.1NRT","296.71","57.06","N",,"fire_nrt_M-C61_803220.csv",25427,"NRT"
"-1.73336","110.23584","319.91","1.91","1.35","2026-08-21","1259","Terra","MODIS","99","6.1NRT","296.52","38.11","N",,"fire_nrt_M-C61_803220.csv",25428,"NRT"
"-1.76579","110.08609","307.78","1.96","1.37","2026-08-21","1259","Terra","MODIS","16","6.1NRT","296.18","13.78","N",,"fire_nrt_M-C61_803220.csv",25429,"NRT"
"-1.75886","110.13702","320.39","1.95","1.36","2026-08-21","1259","Terra","MODIS","100","6.1NRT","296.42","38.56","N",,"fire_nrt_M-C61_803220.csv",25430,"NRT"
"-1.90301","110.11045","318.14","1.96","1.37","2026-08-21","1259","Terra","MODIS","96","6.1NRT","296.48","36.62","N",,"fire_nrt_M-C61_803220.csv",25440,"NRT"
"-1.89874","110.09868","315.56","1.97","1.37","2026-08-21","1259","Terra","MODIS","91","6.1NRT","296.08","29.84","N",,"fire_nrt_M-C61_803220.csv",25442,"NRT"
"-1.89649","110.1158","315.14","1.96","1.37","2026-08-21","1259","Terra","MODIS","90","6.1NRT","296.2","28.12","N",,"fire_nrt_M-C61_803220.csv",25443,"NRT"
"-1.92785","110.15483","314.09","1.95","1.36","2026-08-21","1259","Terra","MODIS","87","6.1NRT","296.64","26.75","N",,"fire_nrt_M-C61_803220.csv",25447,"NRT"
"-1.92557","110.17168","311.65","1.95","1.36","2026-08-21","1259","Terra","MODIS","81","6.1NRT","296.52","21.53","N",,"fire_nrt_M-C61_803220.csv",25448,"NRT"
"-1.87285","110.5628","306.39","1.81","1.32","2026-08-21","1259","Terra","MODIS","63","6.1NRT","296.12","11.03","N",,"fire_nrt_M-C61_803220.csv",25449,"NRT"
"-1.96677","110.36899","307.8","1.88","1.34","2026-08-21","1259","Terra","MODIS","69","6.1NRT","296.1","12.53","N",,"fire_nrt_M-C61_803220.csv",25453,"NRT"
"-1.96218","110.5807","309.51","1.81","1.32","2026-08-21","1259","Terra","MODIS","75","6.1NRT","296.74","14.29","N",,"fire_nrt_M-C61_803220.csv",25454,"NRT"
"-2.06494","110.17901","325.21","1.95","1.36","2026-08-21","1259","Terra","MODIS","100","6.1NRT","297.3","55.75","N",,"fire_nrt_M-C61_803220.csv",25458,"NRT"
"-2.07065","110.1862","310.26","1.95","1.36","2026-08-21","1259","Terra","MODIS","77","6.1NRT","296.43","20.13","N",,"fire_nrt_M-C61_803220.csv",25460,"NRT"
"-0.54318","110.46373","307.24","1.75","1.3","2026-08-21","1301","Terra","MODIS","65","6.1NRT","294.88","12.85","N",,"fire_nrt_M-C61_803220.csv",25536,"NRT"
"-0.89024","110.20973","305.46","1.86","1.33","2026-08-21","1301","Terra","MODIS","11","6.1NRT","295.29","9.5","N",,"fire_nrt_M-C61_803220.csv",25556,"NRT"
"-0.88795","110.2258","323.62","1.85","1.33","2026-08-21","1301","Terra","MODIS","100","6.1NRT","295.96","46.62","N",,"fire_nrt_M-C61_803220.csv",25557,"NRT"
"-0.89996","110.20036","305.56","1.86","1.33","2026-08-21","1301","Terra","MODIS","59","6.1NRT","295.14","10.76","N",,"fire_nrt_M-C61_803220.csv",25561,"NRT"
"-0.89777","110.21651","315.94","1.86","1.33","2026-08-21","1301","Terra","MODIS","92","6.1NRT","295.66","29.39","N",,"fire_nrt_M-C61_803220.csv",25562,"NRT"
"-0.89559","110.23261","312.56","1.85","1.33","2026-08-21","1301","Terra","MODIS","84","6.1NRT","295.66","22.01","N",,"fire_nrt_M-C61_803220.csv",25563,"NRT"
"-0.96239","110.5041","305.48","1.77","1.3","2026-08-21","1301","Terra","MODIS","60","6.1NRT","295.04","9.5","N",,"fire_nrt_M-C61_803220.csv",25571,"NRT"
"-1.0917","110.40125","314.44","1.81","1.32","2026-08-21","1301","Terra","MODIS","88","6.1NRT","295.54","25.31","N",,"fire_nrt_M-C61_803220.csv",25573,"NRT"
"-1.08955","110.41682","310.29","1.8","1.32","2026-08-21","1301","Terra","MODIS","78","6.1NRT","295.54","17.88","N",,"fire_nrt_M-C61_803220.csv",25574,"NRT"
"-1.41082","110.1097","329.52","1.06","1.03","2026-08-21","2010","Aqua","MODIS","100","6.1NRT","296.32","28.99","N",,"fire_nrt_M-C61_803220.csv",25645,"NRT"
"-1.40323","110.12025","315.62","1.06","1.03","2026-08-21","2010","Aqua","MODIS","86","6.1NRT","295.83","12.65","N",,"fire_nrt_M-C61_803220.csv",25650,"NRT"
"-1.40183","110.11105","328.9","1.06","1.03","2026-08-21","2010","Aqua","MODIS","100","6.1NRT","298.03","27.51","N",,"fire_nrt_M-C61_803220.csv",25651,"NRT"
"-1.40043","110.10181","310.19","1.06","1.03","2026-08-21","2010","Aqua","MODIS","41","6.1NRT","295.36","8.19","N",,"fire_nrt_M-C61_803220.csv",25652,"NRT"
"-1.39703","110.13997","314.69","1.06","1.03","2026-08-21","2010","Aqua","MODIS","79","6.1NRT","295.28","12.05","N",,"fire_nrt_M-C61_803220.csv",25655,"NRT"
"-1.39564","110.13078","321.71","1.06","1.03","2026-08-21","2010","Aqua","MODIS","100","6.1NRT","296.24","18.7","N",,"fire_nrt_M-C61_803220.csv",25656,"NRT"
"-1.37627","110.12424","309.31","1.06","1.03","2026-08-21","2010","Aqua","MODIS","55","6.1NRT","294.94","7.59","N",,"fire_nrt_M-C61_803220.csv",25657,"NRT"
"-1.09604","110.41418","307.31","1.04","1.02","2026-08-21","2010","Aqua","MODIS","71","6.1NRT","293.91","7.39","N",,"fire_nrt_M-C61_803220.csv",25667,"NRT"
"-0.95092","110.4237","318.61","1.04","1.02","2026-08-21","2010","Aqua","MODIS","97","6.1NRT","293.96","17.19","N",,"fire_nrt_M-C61_803220.csv",25674,"NRT"
"-0.8995","110.20717","309.01","1.06","1.03","2026-08-21","2010","Aqua","MODIS","76","6.1NRT","294.55","8.83","N",,"fire_nrt_M-C61_803220.csv",25675,"NRT"
"-0.89294","110.23278","316.17","1.06","1.03","2026-08-21","2010","Aqua","MODIS","93","6.1NRT","294.85","13.54","N",,"fire_nrt_M-C61_803220.csv",25677,"NRT"
"-0.89156","110.22358","338.17","1.06","1.03","2026-08-21","2010","Aqua","MODIS","100","6.1NRT","295.77","42.17","N",,"fire_nrt_M-C61_803220.csv",25678,"NRT"
"-0.88396","110.2341","312.42","1.06","1.03","2026-08-21","2010","Aqua","MODIS","85","6.1NRT","296.02","10.51","N",,"fire_nrt_M-C61_803220.csv",25681,"NRT"
"-0.82062","110.36248","314.16","1.05","1.02","2026-08-21","2010","Aqua","MODIS","89","6.1NRT","294.13","12.77","N",,"fire_nrt_M-C61_803220.csv",25684,"NRT"
"-0.81925","110.35336","311.18","1.05","1.02","2026-08-21","2010","Aqua","MODIS","82","6.1NRT","294","10.29","N",,"fire_nrt_M-C61_803220.csv",25685,"NRT"
"-0.69659","110.21764","310.3","1.06","1.03","2026-08-21","2010","Aqua","MODIS","80","6.1NRT","294.57","10.36","N",,"fire_nrt_M-C61_803220.csv",25688,"NRT"
"-0.6952","110.20838","309.73","1.07","1.03","2026-08-21","2010","Aqua","MODIS","78","6.1NRT","294.32","9.87","N",,"fire_nrt_M-C61_803220.csv",25689,"NRT"
"-2.91485","110.68437","312.72","1.01","1","2026-08-21","2010","Aqua","MODIS","86","6.1NRT","295.95","10.1","N",,"fire_nrt_M-C61_803220.csv",25699,"NRT"
"-2.91352","110.67561","309.75","1.01","1","2026-08-21","2010","Aqua","MODIS","78","6.1NRT","295.51","7.89","N",,"fire_nrt_M-C61_803220.csv",25700,"NRT"
"-2.25525","110.12537","309.19","1.04","1.02","2026-08-21","2010","Aqua","MODIS","77","6.1NRT","295.9","9.2","N",,"fire_nrt_M-C61_803220.csv",25724,"NRT"
"-2.06107","110.1851","325.25","1.04","1.02","2026-08-21","2010","Aqua","MODIS","100","6.1NRT","297.29","23.77","N",,"fire_nrt_M-C61_803220.csv",25739,"NRT"
"-2.0597","110.17603","309.87","1.04","1.02","2026-08-21","2010","Aqua","MODIS","79","6.1NRT","295.14","8.9","N",,"fire_nrt_M-C61_803220.csv",25740,"NRT"
"-1.92826","110.16415","305.51","1.05","1.02","2026-08-21","2010","Aqua","MODIS","29","6.1NRT","294.91","5.33","N",,"fire_nrt_M-C61_803220.csv",25748,"NRT"
"-1.92071","110.17455","311.69","1.05","1.02","2026-08-21","2010","Aqua","MODIS","68","6.1NRT","295.21","9.85","N",,"fire_nrt_M-C61_803220.csv",25749,"NRT"
"-1.91932","110.16547","322.4","1.05","1.02","2026-08-21","2010","Aqua","MODIS","100","6.1NRT","297.06","19.86","N",,"fire_nrt_M-C61_803220.csv",25750,"NRT"
"-1.90199","110.11213","308.97","1.05","1.02","2026-08-21","2010","Aqua","MODIS","76","6.1NRT","294.68","8.24","N",,"fire_nrt_M-C61_803220.csv",25751,"NRT"
"-1.96415","110.5874","312.7","1.02","1.01","2026-08-21","2010","Aqua","MODIS","85","6.1NRT","294.56","12.52","N",,"fire_nrt_M-C61_803220.csv",25752,"NRT"
"-1.89231","110.11086","317.31","1.05","1.02","2026-08-21","2010","Aqua","MODIS","95","6.1NRT","295.93","14.82","N",,"fire_nrt_M-C61_803220.csv",25753,"NRT"
"-1.87374","110.16955","309.12","1.05","1.02","2026-08-21","2010","Aqua","MODIS","76","6.1NRT","295.29","8.04","N",,"fire_nrt_M-C61_803220.csv",25754,"NRT"
"-1.76828","110.08832","305.42","1.06","1.03","2026-08-21","2010","Aqua","MODIS","60","6.1NRT","294.63","5.35","N",,"fire_nrt_M-C61_803220.csv",25757,"NRT"
"-1.7587","110.14584","324.74","1.05","1.02","2026-08-21","2010","Aqua","MODIS","100","6.1NRT","295.85","22.7","N",,"fire_nrt_M-C61_803220.csv",25758,"NRT"
"-1.74359","110.16673","329.16","1.05","1.02","2026-08-21","2010","Aqua","MODIS","100","6.1NRT","297.16","26.49","N",,"fire_nrt_M-C61_803220.csv",25761,"NRT"
"-1.7338","110.10276","307.87","1.05","1.03","2026-08-21","2010","Aqua","MODIS","43","6.1NRT","295.41","5.85","N",,"fire_nrt_M-C61_803220.csv",25762,"NRT"
"-1.7324","110.0936","308.39","1.06","1.03","2026-08-21","2010","Aqua","MODIS","29","6.1NRT","295.59","6.02","N",,"fire_nrt_M-C61_803220.csv",25763,"NRT"
"-1.73185","110.14981","309.32","1.05","1.02","2026-08-21","2010","Aqua","MODIS","30","6.1NRT","294.74","7.07","N",,"fire_nrt_M-C61_803220.csv",25765,"NRT"
"-1.73686","110.24207","313.31","1.04","1.02","2026-08-21","2010","Aqua","MODIS","87","6.1NRT","295.59","11.72","N",,"fire_nrt_M-C61_803220.csv",25767,"NRT"
"-1.73547","110.233","310.14","1.04","1.02","2026-08-21","2010","Aqua","MODIS","79","6.1NRT","294.96","9.18","N",,"fire_nrt_M-C61_803220.csv",25768,"NRT"
"-1.70426","110.27195","306.1","1.04","1.02","2026-08-21","2010","Aqua","MODIS","67","6.1NRT","294.7","6.04","N",,"fire_nrt_M-C61_803220.csv",25772,"NRT"
"-1.69534","110.27325","315.25","1.04","1.02","2026-08-21","2010","Aqua","MODIS","91","6.1NRT","295.1","12.44","N",,"fire_nrt_M-C61_803220.csv",25775,"NRT"
"-1.69397","110.26418","321.67","1.04","1.02","2026-08-21","2010","Aqua","MODIS","100","6.1NRT","295.63","18.63","N",,"fire_nrt_M-C61_803220.csv",25776,"NRT"
"-1.68642","110.27455","339.07","1.04","1.02","2026-08-21","2010","Aqua","MODIS","100","6.1NRT","296.21","42.56","N",,"fire_nrt_M-C61_803220.csv",25777,"NRT"
"-1.68505","110.2655","316.26","1.04","1.02","2026-08-21","2010","Aqua","MODIS","93","6.1NRT","295.86","12.84","N",,"fire_nrt_M-C61_803220.csv",25778,"NRT"
"-1.58087","110.07213","306.33","1.06","1.03","2026-08-21","2010","Aqua","MODIS","68","6.1NRT","294.93","6.07","N",,"fire_nrt_M-C61_803220.csv",25788,"NRT"
"-1.5059","110.18353","316.34","1.05","1.02","2026-08-21","2010","Aqua","MODIS","93","6.1NRT","296.13","14.05","N",,"fire_nrt_M-C61_803220.csv",25790,"NRT"
"-1.50452","110.1744","345.33","1.05","1.02","2026-08-21","2010","Aqua","MODIS","100","6.1NRT","299.06","55.39","N",,"fire_nrt_M-C61_803220.csv",25791,"NRT"
"-1.50313","110.16525","314.32","1.05","1.03","2026-08-21","2010","Aqua","MODIS","89","6.1NRT","294.91","12.54","N",,"fire_nrt_M-C61_803220.csv",25792,"NRT"
"-1.49833","110.19402","305.26","1.05","1.02","2026-08-21","2010","Aqua","MODIS","58","6.1NRT","293.89","5.65","N",,"fire_nrt_M-C61_803220.csv",25793,"NRT"
"-1.49695","110.18488","341.65","1.05","1.02","2026-08-21","2010","Aqua","MODIS","100","6.1NRT","298.32","48.56","N",,"fire_nrt_M-C61_803220.csv",25794,"NRT"
"-1.49556","110.17573","358.93","1.05","1.02","2026-08-21","2010","Aqua","MODIS","100","6.1NRT","302.8","88.36","N",,"fire_nrt_M-C61_803220.csv",25795,"NRT"
"-1.49417","110.16659","320.13","1.05","1.03","2026-08-21","2010","Aqua","MODIS","100","6.1NRT","296.06","18.08","N",,"fire_nrt_M-C61_803220.csv",25796,"NRT"
"-1.10073","110.41356","308.41","1","1","2026-08-22","0120","Terra","MODIS","47","6.1NRT","295.76","4.47","D",,"fire_nrt_M-C61_803220.csv",25852,"NRT"
"-1.09948","110.40479","310.58","1","1","2026-08-22","0120","Terra","MODIS","63","6.1NRT","295.82","5.97","D",,"fire_nrt_M-C61_803220.csv",25853,"NRT"
"-1.09191","110.41476","308.53","1","1","2026-08-22","0120","Terra","MODIS","41","6.1NRT","295.77","4.38","D",,"fire_nrt_M-C61_803220.csv",25854,"NRT"
"-0.95563","110.42167","358.16","1","1","2026-08-22","0120","Terra","MODIS","99","6.1NRT","296.84","78.15","D",,"fire_nrt_M-C61_803220.csv",25860,"NRT"
"-0.90673","110.20531","307.83","1","1","2026-08-22","0120","Terra","MODIS","54","6.1NRT","295.39","4.43","D",,"fire_nrt_M-C61_803220.csv",25862,"NRT"
"-0.89022","110.23184","323.25","1","1","2026-08-22","0120","Terra","MODIS","80","6.1NRT","295.53","16.72","D",,"fire_nrt_M-C61_803220.csv",25863,"NRT"
"-0.88897","110.2231","337.57","1","1","2026-08-22","0120","Terra","MODIS","90","6.1NRT","296.91","35.17","D",,"fire_nrt_M-C61_803220.csv",25864,"NRT"
"-0.75762","110.38999","310.5","1","1","2026-08-22","0120","Terra","MODIS","63","6.1NRT","296.15","6.07","D",,"fire_nrt_M-C61_803220.csv",25871,"NRT"
"-0.63246","110.55356","308.32","1","1","2026-08-22","0120","Terra","MODIS","58","6.1NRT","294.96","4.98","D",,"fire_nrt_M-C61_803220.csv",25872,"NRT"
"-1.40261","110.13278","329.62","1","1","2026-08-22","0122","Terra","MODIS","84","6.1NRT","297.64","22.64","D",,"fire_nrt_M-C61_803220.csv",25893,"NRT"
"-1.37319","110.3839","310.05","1","1","2026-08-22","0122","Terra","MODIS","61","6.1NRT","295.37","5.76","D",,"fire_nrt_M-C61_803220.csv",25894,"NRT"
"-2.92904","110.36019","316.93","1.01","1","2026-08-22","0122","Terra","MODIS","0","6.1NRT","299.63","8.04","D",,"fire_nrt_M-C61_803220.csv",25904,"NRT"
"-2.92135","110.68776","324.95","1.02","1.01","2026-08-22","0122","Terra","MODIS","80","6.1NRT","297.01","19.29","D",,"fire_nrt_M-C61_803220.csv",25910,"NRT"
"-2.92008","110.6788","324.33","1.02","1.01","2026-08-22","0122","Terra","MODIS","80","6.1NRT","297.12","18.69","D",,"fire_nrt_M-C61_803220.csv",25911,"NRT"
"-2.07232","110.17525","314.36","1","1","2026-08-22","0122","Terra","MODIS","49","6.1NRT","295.71","7.13","D",,"fire_nrt_M-C61_803220.csv",25935,"NRT"
"-2.06476","110.18522","316.87","1","1","2026-08-22","0122","Terra","MODIS","73","6.1NRT","296.38","9.35","D",,"fire_nrt_M-C61_803220.csv",25936,"NRT"
"-1.9262","110.11248","312.74","1","1","2026-08-22","0122","Terra","MODIS","65","6.1NRT","297.18","6.47","D",,"fire_nrt_M-C61_803220.csv",25938,"NRT"
"-1.92489","110.16624","322.49","1","1","2026-08-22","0122","Terra","MODIS","78","6.1NRT","295.93","13.87","D",,"fire_nrt_M-C61_803220.csv",25939,"NRT"
"-1.92364","110.15749","315.66","1","1","2026-08-22","0122","Terra","MODIS","51","6.1NRT","296.64","7.39","D",,"fire_nrt_M-C61_803220.csv",25940,"NRT"
"-1.89975","110.11612","311.51","1","1","2026-08-22","0122","Terra","MODIS","52","6.1NRT","295.82","5.27","D",,"fire_nrt_M-C61_803220.csv",25941,"NRT"
"-1.77355","110.08349","313.37","1","1","2026-08-22","0122","Terra","MODIS","34","6.1NRT","296.98","6.16","D",,"fire_nrt_M-C61_803220.csv",25942,"NRT"
"-1.74956","110.16714","328.69","1","1","2026-08-22","0122","Terra","MODIS","56","6.1NRT","298.51","18.86","D",,"fire_nrt_M-C61_803220.csv",25944,"NRT"
"-1.74193","110.23965","318.23","1","1","2026-08-22","0122","Terra","MODIS","74","6.1NRT","298.54","11.35","D",,"fire_nrt_M-C61_803220.csv",25945,"NRT"
"-1.72942","110.15206","325.14","1","1","2026-08-22","0122","Terra","MODIS","49","6.1NRT","298.83","15.87","D",,"fire_nrt_M-C61_803220.csv",25946,"NRT"
"-1.69885","110.26949","315.6","1","1","2026-08-22","0122","Terra","MODIS","44","6.1NRT","294.73","7.5","D",,"fire_nrt_M-C61_803220.csv",25949,"NRT"
"-1.69003","110.2707","336.92","1","1","2026-08-22","0122","Terra","MODIS","89","6.1NRT","296.61","31.96","D",,"fire_nrt_M-C61_803220.csv",25950,"NRT"
"-1.58811","110.07688","312.63","1","1","2026-08-22","0122","Terra","MODIS","24","6.1NRT","297.78","6.59","D",,"fire_nrt_M-C61_803220.csv",25951,"NRT"
"-1.57929","110.07809","312.13","1","1","2026-08-22","0122","Terra","MODIS","39","6.1NRT","298.19","6.16","D",,"fire_nrt_M-C61_803220.csv",25952,"NRT"
"-1.5122","110.19157","310.32","1","1","2026-08-22","0122","Terra","MODIS","58","6.1NRT","296.54","5.61","D",,"fire_nrt_M-C61_803220.csv",25954,"NRT"
"-1.50969","110.17406","345.68","1","1","2026-08-22","0122","Terra","MODIS","94","6.1NRT","300.34","49.15","D",,"fire_nrt_M-C61_803220.csv",25955,"NRT"
"-1.50844","110.16531","324.49","1","1","2026-08-22","0122","Terra","MODIS","80","6.1NRT","297.42","17.45","D",,"fire_nrt_M-C61_803220.csv",25956,"NRT"
"-1.50213","110.18403","342.31","1","1","2026-08-22","0122","Terra","MODIS","92","6.1NRT","300.22","41.42","D",,"fire_nrt_M-C61_803220.csv",25957,"NRT"
"-1.50088","110.17528","356.7","1","1","2026-08-22","0122","Terra","MODIS","98","6.1NRT","303.55","71.66","D",,"fire_nrt_M-C61_803220.csv",25958,"NRT"
"-1.49963","110.16653","328.9","1","1","2026-08-22","0122","Terra","MODIS","84","6.1NRT","299.05","21.76","D",,"fire_nrt_M-C61_803220.csv",25959,"NRT"
"-1.48057","110.34766","308.6","1","1","2026-08-22","0122","Terra","MODIS","51","6.1NRT","295.64","4.85","D",,"fire_nrt_M-C61_803220.csv",25963,"NRT"
"-1.41774","110.11285","331.06","1","1","2026-08-22","0122","Terra","MODIS","85","6.1NRT","297.24","24.04","D",,"fire_nrt_M-C61_803220.csv",25966,"NRT"
"-1.41648","110.1041","322.47","1","1","2026-08-22","0122","Terra","MODIS","58","6.1NRT","297.18","14.14","D",,"fire_nrt_M-C61_803220.csv",25967,"NRT"
"-1.40892","110.11406","329.72","1","1","2026-08-22","0122","Terra","MODIS","75","6.1NRT","299.24","21.28","D",,"fire_nrt_M-C61_803220.csv",25968,"NRT"
"-1.40767","110.10531","344.48","1","1","2026-08-22","0122","Terra","MODIS","93","6.1NRT","301.82","43.99","D",,"fire_nrt_M-C61_803220.csv",25969,"NRT"
"-1.37367","110.11892","317.38","1","1","2026-08-22","0122","Terra","MODIS","69","6.1NRT","297.6","9.57","D",,"fire_nrt_M-C61_803220.csv",25970,"NRT"
"-2.93521","110.69498","327.13","1.26","1.12","2026-08-22","0826","Aqua","MODIS","36","6.1NRT","298.72","24.76","D",,"fire_nrt_M-C61_803220.csv",26530,"NRT"
"-2.92713","110.68254","327.35","1.26","1.12","2026-08-22","0826","Aqua","MODIS","63","6.1NRT","298.63","26.26","D",,"fire_nrt_M-C61_803220.csv",26534,"NRT"
"-2.91738","110.68108","346.08","1.26","1.12","2026-08-22","0826","Aqua","MODIS","93","6.1NRT","298.6","66.91","D",,"fire_nrt_M-C61_803220.csv",26535,"NRT"
"-2.91346","110.68502","330.3","1.26","1.12","2026-08-22","0826","Aqua","MODIS","63","6.1NRT","297.44","31.55","D",,"fire_nrt_M-C61_803220.csv",26538,"NRT"
"-2.91507","110.67405","326.82","1.26","1.12","2026-08-22","0826","Aqua","MODIS","45","6.1NRT","298.09","25.33","D",,"fire_nrt_M-C61_803220.csv",26539,"NRT"
"-2.73431","111.1408","322.56","1.36","1.15","2026-08-22","0826","Aqua","MODIS","76","6.1NRT","298.03","22.39","D",,"fire_nrt_M-C61_803220.csv",26566,"NRT"
"-2.61526","110.20076","318.62","1.19","1.09","2026-08-22","0826","Aqua","MODIS","54","6.1NRT","299.58","13.88","D",,"fire_nrt_M-C61_803220.csv",26609,"NRT"
"-2.55243","110.49428","316.16","1.24","1.11","2026-08-22","0826","Aqua","MODIS","50","6.1NRT","298.33","10.55","D",,"fire_nrt_M-C61_803220.csv",26612,"NRT"
"-2.55402","110.48351","317.7","1.24","1.11","2026-08-22","0826","Aqua","MODIS","70","6.1NRT","298.58","12.01","D",,"fire_nrt_M-C61_803220.csv",26613,"NRT"
"-2.38489","110.44568","331.15","1.24","1.11","2026-08-22","0826","Aqua","MODIS","79","6.1NRT","299.56","32.16","D",,"fire_nrt_M-C61_803220.csv",26638,"NRT"
"-2.40662","110.23168","314.45","1.21","1.09","2026-08-22","0826","Aqua","MODIS","49","6.1NRT","299.44","7.15","D",,"fire_nrt_M-C61_803220.csv",26639,"NRT"
"-2.39554","110.24059","316.65","1.21","1.09","2026-08-22","0826","Aqua","MODIS","65","6.1NRT","299.91","9.42","D",,"fire_nrt_M-C61_803220.csv",26640,"NRT"
"-2.39708","110.23021","353.56","1.21","1.09","2026-08-22","0826","Aqua","MODIS","97","6.1NRT","301.13","82.99","D",,"fire_nrt_M-C61_803220.csv",26641,"NRT"
"-0.52675","110.18907","324.22","1.27","1.12","2026-08-22","0828","Aqua","MODIS","78","6.1NRT","296.9","22.67","D",,"fire_nrt_M-C61_803220.csv",26931,"NRT"
"-0.56098","110.22797","365.49","1.27","1.12","2026-08-22","0828","Aqua","MODIS","100","6.1NRT","298.45","137.48","D",,"fire_nrt_M-C61_803220.csv",26935,"NRT"
"-0.55936","110.23904","320.91","1.28","1.12","2026-08-22","0828","Aqua","MODIS","75","6.1NRT","295.85","18.47","D",,"fire_nrt_M-C61_803220.csv",26936,"NRT"
"-0.61365","110.09735","313.87","1.25","1.11","2026-08-22","0828","Aqua","MODIS","64","6.1NRT","297.08","9.24","D",,"fire_nrt_M-C61_803220.csv",26944,"NRT"
"-0.61034","110.18575","317","1.26","1.12","2026-08-22","0828","Aqua","MODIS","69","6.1NRT","297.33","13.47","D",,"fire_nrt_M-C61_803220.csv",26945,"NRT"
"-0.59983","110.52858","314.44","1.33","1.14","2026-08-22","0828","Aqua","MODIS","64","6.1NRT","297.15","11.28","D",,"fire_nrt_M-C61_803220.csv",26949,"NRT"
"-0.59813","110.54011","312.76","1.33","1.14","2026-08-22","0828","Aqua","MODIS","60","6.1NRT","296.96","9.04","D",,"fire_nrt_M-C61_803220.csv",26950,"NRT"
"-0.69909","110.20476","320.23","1.26","1.12","2026-08-22","0828","Aqua","MODIS","64","6.1NRT","294.19","17.09","D",,"fire_nrt_M-C61_803220.csv",26958,"NRT"
"-0.69745","110.2157","313.6","1.26","1.12","2026-08-22","0828","Aqua","MODIS","59","6.1NRT","295.45","9.14","D",,"fire_nrt_M-C61_803220.csv",26959,"NRT"
"-0.76767","110.36852","315.72","1.29","1.13","2026-08-22","0828","Aqua","MODIS","68","6.1NRT","297.56","10.47","D",,"fire_nrt_M-C61_803220.csv",26966,"NRT"
"-0.76598","110.37977","326.51","1.29","1.13","2026-08-22","0828","Aqua","MODIS","81","6.1NRT","298.26","26.3","D",,"fire_nrt_M-C61_803220.csv",26967,"NRT"
"-0.81031","110.42094","353.7","1.3","1.13","2026-08-22","0828","Aqua","MODIS","91","6.1NRT","296.25","94.59","D",,"fire_nrt_M-C61_803220.csv",26969,"NRT"
"-0.82019","110.42242","342.88","1.3","1.13","2026-08-22","0828","Aqua","MODIS","92","6.1NRT","297.82","61.66","D",,"fire_nrt_M-C61_803220.csv",26970,"NRT"
"-0.89103","110.2233","316.82","1.26","1.11","2026-08-22","0828","Aqua","MODIS","70","6.1NRT","298.5","10.98","D",,"fire_nrt_M-C61_803220.csv",26981,"NRT"
"-1.1009","110.39073","317.29","1.28","1.12","2026-08-22","0828","Aqua","MODIS","53","6.1NRT","298","13.07","D",,"fire_nrt_M-C61_803220.csv",27012,"NRT"
"-1.09927","110.40189","316.92","1.28","1.12","2026-08-22","0828","Aqua","MODIS","59","6.1NRT","298.49","12.79","D",,"fire_nrt_M-C61_803220.csv",27013,"NRT"
"-1.09764","110.4131","317.11","1.29","1.13","2026-08-22","0828","Aqua","MODIS","48","6.1NRT","296.32","12.67","D",,"fire_nrt_M-C61_803220.csv",27014,"NRT"
"-1.41097","110.10148","329.52","1.22","1.1","2026-08-22","0828","Aqua","MODIS","68","6.1NRT","299.03","27.13","D",,"fire_nrt_M-C61_803220.csv",27059,"NRT"
"-1.40942","110.11202","328.5","1.22","1.1","2026-08-22","0828","Aqua","MODIS","83","6.1NRT","297.74","26.5","D",,"fire_nrt_M-C61_803220.csv",27060,"NRT"
"-1.40786","110.12262","323.88","1.22","1.1","2026-08-22","0828","Aqua","MODIS","69","6.1NRT","296.72","19.34","D",,"fire_nrt_M-C61_803220.csv",27061,"NRT"
"-1.4063","110.13325","327.69","1.22","1.1","2026-08-22","0828","Aqua","MODIS","75","6.1NRT","297.22","25.58","D",,"fire_nrt_M-C61_803220.csv",27062,"NRT"
"-1.52592","110.10935","316.24","1.22","1.1","2026-08-22","0828","Aqua","MODIS","69","6.1NRT","298.79","10.53","D",,"fire_nrt_M-C61_803220.csv",27087,"NRT"
"-1.58008","110.07437","317.47","1.21","1.09","2026-08-22","0828","Aqua","MODIS","71","6.1NRT","299.3","11.45","D",,"fire_nrt_M-C61_803220.csv",27098,"NRT"
"-1.59118","110.06534","331.55","1.21","1.09","2026-08-22","0828","Aqua","MODIS","85","6.1NRT","300.14","30.07","D",,"fire_nrt_M-C61_803220.csv",27100,"NRT"
"-1.58963","110.07579","328.08","1.21","1.09","2026-08-22","0828","Aqua","MODIS","82","6.1NRT","298.94","24.78","D",,"fire_nrt_M-C61_803220.csv",27101,"NRT"
"-1.65606","110.04853","314.15","1.2","1.09","2026-08-22","0828","Aqua","MODIS","32","6.1NRT","299.05","6.44","D",,"fire_nrt_M-C61_803220.csv",27104,"NRT"
"-1.59334","110.46734","329.21","1.28","1.12","2026-08-22","0828","Aqua","MODIS","83","6.1NRT","296.89","31.02","D",,"fire_nrt_M-C61_803220.csv",27105,"NRT"
"-1.6656","110.04996","315.4","1.2","1.09","2026-08-22","0828","Aqua","MODIS","50","6.1NRT","299.08","8.12","D",,"fire_nrt_M-C61_803220.csv",27107,"NRT"
"-1.70372","110.0556","313.31","1.2","1.09","2026-08-22","0828","Aqua","MODIS","57","6.1NRT","299.11","7.05","D",,"fire_nrt_M-C61_803220.csv",27113,"NRT"
"-1.70219","110.06606","314.61","1.2","1.09","2026-08-22","0828","Aqua","MODIS","63","6.1NRT","298.68","8.53","D",,"fire_nrt_M-C61_803220.csv",27114,"NRT"
"-1.68542","110.2762","323.66","1.24","1.11","2026-08-22","0828","Aqua","MODIS","40","6.1NRT","297.7","16.53","D",,"fire_nrt_M-C61_803220.csv",27115,"NRT"
"-1.72862","110.05544","316.82","1.2","1.09","2026-08-22","0828","Aqua","MODIS","30","6.1NRT","299.04","8.47","D",,"fire_nrt_M-C61_803220.csv",27116,"NRT"
"-1.69671","110.26686","350.84","1.24","1.1","2026-08-22","0828","Aqua","MODIS","96","6.1NRT","301.82","70.93","D",,"fire_nrt_M-C61_803220.csv",27117,"NRT"
"-1.72713","110.13019","334.16","1.21","1.09","2026-08-22","0828","Aqua","MODIS","87","6.1NRT","300.81","34.08","D",,"fire_nrt_M-C61_803220.csv",27120,"NRT"
"-1.72555","110.14071","376.9","1.21","1.1","2026-08-22","0828","Aqua","MODIS","100","6.1NRT","302.15","175.05","D",,"fire_nrt_M-C61_803220.csv",27121,"NRT"
"-1.70798","110.25757","339.51","1.23","1.1","2026-08-22","0828","Aqua","MODIS","66","6.1NRT","300.23","40.01","D",,"fire_nrt_M-C61_803220.csv",27122,"NRT"
"-1.70637","110.26826","334.16","1.24","1.1","2026-08-22","0828","Aqua","MODIS","46","6.1NRT","300.69","29.75","D",,"fire_nrt_M-C61_803220.csv",27123,"NRT"
"-1.73671","110.13159","336.52","1.21","1.09","2026-08-22","0828","Aqua","MODIS","88","6.1NRT","302.53","37.65","D",,"fire_nrt_M-C61_803220.csv",27125,"NRT"
"-1.73513","110.14211","378","1.21","1.1","2026-08-22","0828","Aqua","MODIS","100","6.1NRT","305.9","179.38","D",,"fire_nrt_M-C61_803220.csv",27126,"NRT"
"-1.73355","110.15266","337.88","1.22","1.1","2026-08-22","0828","Aqua","MODIS","89","6.1NRT","301.25","38.94","D",,"fire_nrt_M-C61_803220.csv",27127,"NRT"
"-1.71603","110.26971","324.42","1.24","1.1","2026-08-22","0828","Aqua","MODIS","29","6.1NRT","301.75","16.61","D",,"fire_nrt_M-C61_803220.csv",27128,"NRT"
"-1.74471","110.14353","325.62","1.21","1.1","2026-08-22","0828","Aqua","MODIS","78","6.1NRT","301.47","17.47","D",,"fire_nrt_M-C61_803220.csv",27130,"NRT"
"-1.74169","110.2298","328.89","1.23","1.1","2026-08-22","0828","Aqua","MODIS","72","6.1NRT","301.05","24.89","D",,"fire_nrt_M-C61_803220.csv",27132,"NRT"
"-1.74011","110.24048","323.13","1.23","1.1","2026-08-22","0828","Aqua","MODIS","49","6.1NRT","302.49","15.54","D",,"fire_nrt_M-C61_803220.csv",27133,"NRT"
"-1.67968","110.64718","318.95","1.31","1.13","2026-08-22","0828","Aqua","MODIS","73","6.1NRT","299.26","15.61","D",,"fire_nrt_M-C61_803220.csv",27134,"NRT"
"-1.80795","110.13715","313.5","1.21","1.09","2026-08-22","0828","Aqua","MODIS","0","6.1NRT","298.69","5.84","D",,"fire_nrt_M-C61_803220.csv",27142,"NRT"
"-1.83994","110.18504","337.12","1.22","1.1","2026-08-22","0828","Aqua","MODIS","83","6.1NRT","297.85","41.9","D",,"fire_nrt_M-C61_803220.csv",27148,"NRT"
"-1.83837","110.19561","347.42","1.22","1.1","2026-08-22","0828","Aqua","MODIS","94","6.1NRT","299.17","66.16","D",,"fire_nrt_M-C61_803220.csv",27149,"NRT"
"-1.84953","110.18647","372.67","1.22","1.1","2026-08-22","0828","Aqua","MODIS","100","6.1NRT","303.5","157.23","D",,"fire_nrt_M-C61_803220.csv",27152,"NRT"
"-1.84796","110.19705","422.32","1.22","1.1","2026-08-22","0828","Aqua","MODIS","100","6.1NRT","310.25","545.63","D",,"fire_nrt_M-C61_803220.csv",27153,"NRT"
"-1.84639","110.20764","317.06","1.22","1.1","2026-08-22","0828","Aqua","MODIS","69","6.1NRT","298.98","10.69","D",,"fire_nrt_M-C61_803220.csv",27154,"NRT"
"-1.85912","110.1879","325.48","1.22","1.1","2026-08-22","0828","Aqua","MODIS","79","6.1NRT","300.57","20.68","D",,"fire_nrt_M-C61_803220.csv",27157,"NRT"
"-1.85756","110.19849","377.26","1.22","1.1","2026-08-22","0828","Aqua","MODIS","100","6.1NRT","303.91","180.85","D",,"fire_nrt_M-C61_803220.csv",27158,"NRT"
"-1.856","110.20907","313.52","1.22","1.1","2026-08-22","0828","Aqua","MODIS","27","6.1NRT","299.14","6.62","D",,"fire_nrt_M-C61_803220.csv",27159,"NRT"
"-1.81622","110.54715","319.02","1.28","1.12","2026-08-22","0828","Aqua","MODIS","68","6.1NRT","298.32","14.88","D",,"fire_nrt_M-C61_803220.csv",27161,"NRT"
"-1.8146","110.55817","313.84","1.28","1.12","2026-08-22","0828","Aqua","MODIS","63","6.1NRT","298.97","8.52","D",,"fire_nrt_M-C61_803220.csv",27162,"NRT"
"-1.90591","110.105","336.09","1.2","1.09","2026-08-22","0828","Aqua","MODIS","88","6.1NRT","300.76","38.74","D",,"fire_nrt_M-C61_803220.csv",27165,"NRT"
"-1.9267","110.16161","344.53","1.21","1.09","2026-08-22","0828","Aqua","MODIS","93","6.1NRT","301.71","55.44","D",,"fire_nrt_M-C61_803220.csv",27172,"NRT"
"-1.89489","110.64488","312.41","1.3","1.13","2026-08-22","0828","Aqua","MODIS","59","6.1NRT","298.2","7.08","D",,"fire_nrt_M-C61_803220.csv",27176,"NRT"
"-1.89889","110.75631","373.94","1.32","1.14","2026-08-22","0828","Aqua","MODIS","87","6.1NRT","295.98","185.93","D",,"fire_nrt_M-C61_803220.csv",27179,"NRT"
"-1.89715","110.76774","361.79","1.32","1.14","2026-08-22","0828","Aqua","MODIS","94","6.1NRT","298.52","127.99","D",,"fire_nrt_M-C61_803220.csv",27180,"NRT"
"-1.99321","110.19878","326.59","1.21","1.1","2026-08-22","0828","Aqua","MODIS","80","6.1NRT","299.94","22.91","D",,"fire_nrt_M-C61_803220.csv",27181,"NRT"
"-1.99163","110.2093","328.19","1.22","1.1","2026-08-22","0828","Aqua","MODIS","82","6.1NRT","300.87","25.37","D",,"fire_nrt_M-C61_803220.csv",27182,"NRT"
"-1.96556","110.58186","315.66","1.28","1.12","2026-08-22","0828","Aqua","MODIS","51","6.1NRT","299.04","8.66","D",,"fire_nrt_M-C61_803220.csv",27185,"NRT"
"-1.98032","110.55006","313.56","1.28","1.12","2026-08-22","0828","Aqua","MODIS","55","6.1NRT","298.36","5.83","D",,"fire_nrt_M-C61_803220.csv",27186,"NRT"
"-1.97539","110.58328","317.07","1.28","1.12","2026-08-22","0828","Aqua","MODIS","67","6.1NRT","299.5","10.44","D",,"fire_nrt_M-C61_803220.csv",27187,"NRT"
"-2.04756","110.22849","314.96","1.22","1.1","2026-08-22","0828","Aqua","MODIS","35","6.1NRT","299.07","8.59","D",,"fire_nrt_M-C61_803220.csv",27188,"NRT"
"-2.0256","110.37807","314.67","1.24","1.11","2026-08-22","0828","Aqua","MODIS","26","6.1NRT","299.89","7.62","D",,"fire_nrt_M-C61_803220.csv",27189,"NRT"
"-2.02401","110.38888","321.61","1.24","1.11","2026-08-22","0828","Aqua","MODIS","75","6.1NRT","300.86","15.32","D",,"fire_nrt_M-C61_803220.csv",27190,"NRT"
"-2.0705","110.1741","322.51","1.21","1.09","2026-08-22","0828","Aqua","MODIS","76","6.1NRT","298.15","17.32","D",,"fire_nrt_M-C61_803220.csv",27192,"NRT"
"-2.0721","110.35873","321.61","1.24","1.11","2026-08-22","0828","Aqua","MODIS","75","6.1NRT","299.89","15.15","D",,"fire_nrt_M-C61_803220.csv",27193,"NRT"
"-2.07048","110.36949","317.9","1.24","1.11","2026-08-22","0828","Aqua","MODIS","61","6.1NRT","300.94","9.69","D",,"fire_nrt_M-C61_803220.csv",27194,"NRT"
"-1.99668","110.86022","325.25","1.33","1.14","2026-08-22","0828","Aqua","MODIS","79","6.1NRT","298.84","26.27","D",,"fire_nrt_M-C61_803220.csv",27195,"NRT"
"-2.02606","111.00823","315.24","1.36","1.16","2026-08-22","0828","Aqua","MODIS","64","6.1NRT","298.41","11.28","D",,"fire_nrt_M-C61_803220.csv",27199,"NRT"
"-2.1815","110.11104","335.38","1.19","1.09","2026-08-22","0828","Aqua","MODIS","71","6.1NRT","303.16","33.68","D",,"fire_nrt_M-C61_803220.csv",27202,"NRT"
"-2.14807","110.33195","321.98","1.23","1.1","2026-08-22","0828","Aqua","MODIS","75","6.1NRT","299.97","16.28","D",,"fire_nrt_M-C61_803220.csv",27203,"NRT"
"-2.19455","110.28441","324.25","1.22","1.1","2026-08-22","0828","Aqua","MODIS","77","6.1NRT","298.06","21.82","D",,"fire_nrt_M-C61_803220.csv",27215,"NRT"
"-2.19297","110.29504","325.72","1.22","1.1","2026-08-22","0828","Aqua","MODIS","79","6.1NRT","299.53","23.51","D",,"fire_nrt_M-C61_803220.csv",27216,"NRT"
"-2.22802","110.257","316.4","1.22","1.1","2026-08-22","0828","Aqua","MODIS","66","6.1NRT","297.62","11.24","D",,"fire_nrt_M-C61_803220.csv",27222,"NRT"
"-2.92228","110.69129","311.4","1.64","1.26","2026-08-22","1340","Terra","MODIS","54","6.1NRT","294.14","15.99","N",,"fire_nrt_M-C61_803220.csv",27439,"NRT"
"-2.91323","110.67542","307.47","1.63","1.26","2026-08-22","1340","Terra","MODIS","62","6.1NRT","294.31","11.26","N",,"fire_nrt_M-C61_803220.csv",27445,"NRT"
"-2.68112","110.38751","310.58","1.57","1.23","2026-08-22","1340","Terra","MODIS","79","6.1NRT","294.3","15.01","N",,"fire_nrt_M-C61_803220.csv",27491,"NRT"
"-2.67646","110.39495","304.51","1.57","1.23","2026-08-22","1340","Terra","MODIS","57","6.1NRT","294.28","8.55","N",,"fire_nrt_M-C61_803220.csv",27492,"NRT"
"-2.67836","110.38126","307.26","1.57","1.23","2026-08-22","1340","Terra","MODIS","69","6.1NRT","294.28","11.68","N",,"fire_nrt_M-C61_803220.csv",27493,"NRT"
"-2.50579","110.63559","303.72","1.65","1.26","2026-08-22","1340","Terra","MODIS","53","6.1NRT","293.31","8.28","N",,"fire_nrt_M-C61_803220.csv",27506,"NRT"
"-2.50784","110.62122","307.72","1.64","1.26","2026-08-22","1340","Terra","MODIS","71","6.1NRT","293.48","13.36","N",,"fire_nrt_M-C61_803220.csv",27507,"NRT"
"-2.35092","110.7557","325.7","1.69","1.28","2026-08-22","1340","Terra","MODIS","100","6.1NRT","293.56","46.44","N",,"fire_nrt_M-C61_803220.csv",27514,"NRT"
"-2.35309","110.74092","317.26","1.68","1.28","2026-08-22","1340","Terra","MODIS","95","6.1NRT","293.43","28.01","N",,"fire_nrt_M-C61_803220.csv",27515,"NRT"
"-2.3513","110.74919","331.87","1.69","1.28","2026-08-22","1340","Terra","MODIS","100","6.1NRT","293.8","63.18","N",,"fire_nrt_M-C61_803220.csv",27519,"NRT"
"-2.34009","110.74762","306.32","1.69","1.28","2026-08-22","1340","Terra","MODIS","68","6.1NRT","293.38","11.56","N",,"fire_nrt_M-C61_803220.csv",27520,"NRT"
"-2.34216","110.73288","305.62","1.68","1.28","2026-08-22","1340","Terra","MODIS","65","6.1NRT","293.38","10.54","N",,"fire_nrt_M-C61_803220.csv",27521,"NRT"
"-2.26866","110.13287","352.98","1.52","1.22","2026-08-22","1340","Terra","MODIS","100","6.1NRT","297.35","124.04","N",,"fire_nrt_M-C61_803220.csv",27549,"NRT"
"-2.27057","110.11964","330.6","1.52","1.22","2026-08-22","1340","Terra","MODIS","100","6.1NRT","296.17","48.82","N",,"fire_nrt_M-C61_803220.csv",27550,"NRT"
"-2.25798","110.13133","317.53","1.52","1.22","2026-08-22","1340","Terra","MODIS","95","6.1NRT","294.99","25.09","N",,"fire_nrt_M-C61_803220.csv",27552,"NRT"
"-2.26289","110.13924","315.73","1.53","1.22","2026-08-22","1340","Terra","MODIS","92","6.1NRT","294.87","22.35","N",,"fire_nrt_M-C61_803220.csv",27557,"NRT"
"-2.19843","110.36545","316.02","1.59","1.24","2026-08-22","1340","Terra","MODIS","92","6.1NRT","294.01","24.89","N",,"fire_nrt_M-C61_803220.csv",27562,"NRT"
"-2.17928","110.11369","306.17","1.52","1.22","2026-08-22","1340","Terra","MODIS","67","6.1NRT","294.41","9.27","N",,"fire_nrt_M-C61_803220.csv",27568,"NRT"
"-2.11264","110.49615","307.35","1.63","1.26","2026-08-22","1340","Terra","MODIS","71","6.1NRT","293.78","11.37","N",,"fire_nrt_M-C61_803220.csv",27569,"NRT"
"-2.17351","110.12064","306.74","1.53","1.22","2026-08-22","1340","Terra","MODIS","69","6.1NRT","294.43","9.14","N",,"fire_nrt_M-C61_803220.csv",27570,"NRT"
"-2.06561","110.18717","305.5","1.55","1.23","2026-08-22","1340","Terra","MODIS","65","6.1NRT","294.55","8.22","N",,"fire_nrt_M-C61_803220.csv",27572,"NRT"
"-2.06757","110.17371","309.99","1.54","1.22","2026-08-22","1340","Terra","MODIS","79","6.1NRT","294.81","13.88","N",,"fire_nrt_M-C61_803220.csv",27573,"NRT"
"-2.06235","110.18016","310.74","1.55","1.23","2026-08-22","1340","Terra","MODIS","81","6.1NRT","295.01","14.69","N",,"fire_nrt_M-C61_803220.csv",27576,"NRT"
"-1.98205","110.59642","308","1.67","1.27","2026-08-22","1340","Terra","MODIS","73","6.1NRT","294.25","12.15","N",,"fire_nrt_M-C61_803220.csv",27578,"NRT"
"-1.99196","110.21144","310.78","1.56","1.23","2026-08-22","1340","Terra","MODIS","81","6.1NRT","294.79","14.61","N",,"fire_nrt_M-C61_803220.csv",27579,"NRT"
"-1.9939","110.19794","308.08","1.55","1.23","2026-08-22","1340","Terra","MODIS","73","6.1NRT","294.53","11.01","N",,"fire_nrt_M-C61_803220.csv",27580,"NRT"
"-1.89573","110.63778","306.55","1.68","1.28","2026-08-22","1340","Terra","MODIS","68","6.1NRT","294.09","11.35","N",,"fire_nrt_M-C61_803220.csv",27585,"NRT"
"-1.92801","110.16895","309.48","1.55","1.23","2026-08-22","1340","Terra","MODIS","45","6.1NRT","294.9","11.58","N",,"fire_nrt_M-C61_803220.csv",27586,"NRT"
"-1.92993","110.1554","308.24","1.55","1.23","2026-08-22","1340","Terra","MODIS","29","6.1NRT","294.78","10.07","N",,"fire_nrt_M-C61_803220.csv",27587,"NRT"
"-1.91917","110.15385","311.02","1.55","1.23","2026-08-22","1340","Terra","MODIS","66","6.1NRT","294.86","13.49","N",,"fire_nrt_M-C61_803220.csv",27589,"NRT"
"-1.90345","110.11056","311.53","1.54","1.22","2026-08-22","1340","Terra","MODIS","82","6.1NRT","294.64","14.48","N",,"fire_nrt_M-C61_803220.csv",27591,"NRT"
"-1.89803","110.117","305.56","1.54","1.22","2026-08-22","1340","Terra","MODIS","39","6.1NRT","294.25","7.46","N",,"fire_nrt_M-C61_803220.csv",27594,"NRT"
"-1.89987","110.1036","314.88","1.54","1.22","2026-08-22","1340","Terra","MODIS","90","6.1NRT","294.71","20.22","N",,"fire_nrt_M-C61_803220.csv",27595,"NRT"
"-1.87985","110.1694","309.63","1.55","1.23","2026-08-22","1340","Terra","MODIS","77","6.1NRT","294.73","12.05","N",,"fire_nrt_M-C61_803220.csv",27599,"NRT"
"-1.85258","110.20712","319.98","1.57","1.23","2026-08-22","1340","Terra","MODIS","99","6.1NRT","295.4","28.84","N",,"fire_nrt_M-C61_803220.csv",27600,"NRT"
"-1.85448","110.19351","343.18","1.56","1.23","2026-08-22","1340","Terra","MODIS","100","6.1NRT","296","87.22","N",,"fire_nrt_M-C61_803220.csv",27601,"NRT"
"-1.84176","110.20557","369.85","1.57","1.23","2026-08-22","1340","Terra","MODIS","100","6.1NRT","298.23","216.68","N",,"fire_nrt_M-C61_803220.csv",27602,"NRT"
"-1.84367","110.19196","407.62","1.56","1.23","2026-08-22","1340","Terra","MODIS","100","6.1NRT","303.26","572.61","N",,"fire_nrt_M-C61_803220.csv",27603,"NRT"
"-1.84559","110.17836","322.54","1.56","1.23","2026-08-22","1340","Terra","MODIS","100","6.1NRT","294.68","31","N",,"fire_nrt_M-C61_803220.csv",27604,"NRT"
"-1.83094","110.20401","369.13","1.57","1.23","2026-08-22","1340","Terra","MODIS","100","6.1NRT","296.65","211.97","N",,"fire_nrt_M-C61_803220.csv",27605,"NRT"
"-1.83287","110.19039","462.76","1.56","1.23","2026-08-22","1340","Terra","MODIS","100","6.1NRT","308.88","1705.29","N",,"fire_nrt_M-C61_803220.csv",27606,"NRT"
"-1.8348","110.1768","341.28","1.56","1.23","2026-08-22","1340","Terra","MODIS","100","6.1NRT","295.45","79.82","N",,"fire_nrt_M-C61_803220.csv",27607,"NRT"
"-1.83863","110.14973","310.85","1.55","1.23","2026-08-22","1340","Terra","MODIS","80","6.1NRT","294.12","13.58","N",,"fire_nrt_M-C61_803220.csv",27608,"NRT"
"-1.78232","110.46746","316.22","1.64","1.26","2026-08-22","1340","Terra","MODIS","93","6.1NRT","294.71","25.04","N",,"fire_nrt_M-C61_803220.csv",27611,"NRT"
"-1.82206","110.18884","309.75","1.56","1.23","2026-08-22","1340","Terra","MODIS","77","6.1NRT","294.35","11.65","N",,"fire_nrt_M-C61_803220.csv",27612,"NRT"
"-1.75814","110.1461","317.32","1.55","1.23","2026-08-22","1340","Terra","MODIS","95","6.1NRT","294.87","23.53","N",,"fire_nrt_M-C61_803220.csv",27614,"NRT"
"-1.76761","110.07877","312.26","1.54","1.22","2026-08-22","1340","Terra","MODIS","84","6.1NRT","294.69","15.59","N",,"fire_nrt_M-C61_803220.csv",27615,"NRT"
"-1.73383","110.24018","306.98","1.58","1.24","2026-08-22","1340","Terra","MODIS","41","6.1NRT","294.62","8.41","N",,"fire_nrt_M-C61_803220.csv",27617,"NRT"
"-1.73577","110.22644","306.84","1.58","1.24","2026-08-22","1340","Terra","MODIS","38","6.1NRT","294.56","8.51","N",,"fire_nrt_M-C61_803220.csv",27618,"NRT"
"-1.70813","110.2647","313.93","1.59","1.24","2026-08-22","1340","Terra","MODIS","59","6.1NRT","294.86","17.28","N",,"fire_nrt_M-C61_803220.csv",27620,"NRT"
"-1.72579","110.14152","333.68","1.55","1.23","2026-08-22","1340","Terra","MODIS","100","6.1NRT","295.94","58.16","N",,"fire_nrt_M-C61_803220.csv",27621,"NRT"
"-1.73351","110.08762","308.39","1.54","1.22","2026-08-22","1340","Terra","MODIS","44","6.1NRT","294.87","9.46","N",,"fire_nrt_M-C61_803220.csv",27622,"NRT"
"-1.69723","110.2632","317.39","1.59","1.24","2026-08-22","1340","Terra","MODIS","95","6.1NRT","294.99","23.47","N",,"fire_nrt_M-C61_803220.csv",27623,"NRT"
"-1.68633","110.2617","306.16","1.59","1.24","2026-08-22","1340","Terra","MODIS","11","6.1NRT","294.59","7.17","N",,"fire_nrt_M-C61_803220.csv",27624,"NRT"
"-1.6931","110.27034","315.44","1.59","1.24","2026-08-22","1340","Terra","MODIS","91","6.1NRT","294.96","20.85","N",,"fire_nrt_M-C61_803220.csv",27625,"NRT"
"-1.695","110.25649","314.68","1.59","1.24","2026-08-22","1340","Terra","MODIS","90","6.1NRT","294.83","19.36","N",,"fire_nrt_M-C61_803220.csv",27626,"NRT"
"-1.58515","110.06789","322.67","1.54","1.22","2026-08-22","1340","Terra","MODIS","100","6.1NRT","295.51","33.75","N",,"fire_nrt_M-C61_803220.csv",27633,"NRT"
"-1.51109","110.17574","313.08","1.58","1.24","2026-08-22","1340","Terra","MODIS","85","6.1NRT","295.25","17.09","N",,"fire_nrt_M-C61_803220.csv",27636,"NRT"
"-1.49834","110.18789","334.56","1.58","1.24","2026-08-22","1340","Terra","MODIS","100","6.1NRT","296.17","62.13","N",,"fire_nrt_M-C61_803220.csv",27637,"NRT"
"-1.50024","110.17416","334.1","1.58","1.24","2026-08-22","1340","Terra","MODIS","100","6.1NRT","296.7","61.23","N",,"fire_nrt_M-C61_803220.csv",27638,"NRT"
"-1.50214","110.16043","308.57","1.57","1.24","2026-08-22","1340","Terra","MODIS","26","6.1NRT","294.75","10.55","N",,"fire_nrt_M-C61_803220.csv",27639,"NRT"
"-1.48747","110.18631","308.7","1.58","1.24","2026-08-22","1340","Terra","MODIS","46","6.1NRT","294.44","10.83","N",,"fire_nrt_M-C61_803220.csv",27640,"NRT"
"-1.4166","110.11464","307.74","1.57","1.23","2026-08-22","1340","Terra","MODIS","72","6.1NRT","294.58","10.47","N",,"fire_nrt_M-C61_803220.csv",27641,"NRT"
"-1.41848","110.10106","309.23","1.56","1.23","2026-08-22","1340","Terra","MODIS","77","6.1NRT","294.69","12.5","N",,"fire_nrt_M-C61_803220.csv",27642,"NRT"
"-1.40199","110.14037","310.51","1.57","1.24","2026-08-22","1340","Terra","MODIS","76","6.1NRT","294.33","14.31","N",,"fire_nrt_M-C61_803220.csv",27643,"NRT"
"-1.40389","110.12667","318.6","1.57","1.23","2026-08-22","1340","Terra","MODIS","97","6.1NRT","294.69","25.99","N",,"fire_nrt_M-C61_803220.csv",27644,"NRT"
"-1.40579","110.11303","320.07","1.57","1.23","2026-08-22","1340","Terra","MODIS","100","6.1NRT","295.3","28.36","N",,"fire_nrt_M-C61_803220.csv",27645,"NRT"
"-1.40768","110.0995","313.46","1.56","1.23","2026-08-22","1340","Terra","MODIS","71","6.1NRT","295","17.01","N",,"fire_nrt_M-C61_803220.csv",27646,"NRT"
"-0.70928","110.32935","305.52","1.67","1.27","2026-08-22","1340","Terra","MODIS","59","6.1NRT","294.32","9.22","N",,"fire_nrt_M-C61_803220.csv",27651,"NRT"
"-0.61397","110.19277","306.31","1.63","1.26","2026-08-22","1340","Terra","MODIS","63","6.1NRT","294.3","10.93","N",,"fire_nrt_M-C61_803220.csv",27657,"NRT"
"-0.616","110.17848","306.05","1.63","1.26","2026-08-22","1340","Terra","MODIS","62","6.1NRT","293.66","10.61","N",,"fire_nrt_M-C61_803220.csv",27658,"NRT"
"-0.61316","110.10011","303.92","1.61","1.25","2026-08-22","1340","Terra","MODIS","44","6.1NRT","293.39","9.21","N",,"fire_nrt_M-C61_803220.csv",27659,"NRT"
"-0.89876","110.20807","305.54","1.62","1.25","2026-08-22","1340","Terra","MODIS","49","6.1NRT","294.21","8.4","N",,"fire_nrt_M-C61_803220.csv",27704,"NRT"
"-0.88575","110.22067","308.35","1.62","1.25","2026-08-22","1340","Terra","MODIS","73","6.1NRT","294.27","12.2","N",,"fire_nrt_M-C61_803220.csv",27707,"NRT"
"-1.82642","110.17701","303.24","3.23","1.7","2026-08-22","2046","Aqua","MODIS","37","6.1NRT","289.98","23.32","N",,"fire_nrt_M-C61_803220.csv",27731,"NRT"
"-1.83036","110.20481","346.49","3.25","1.7","2026-08-22","2046","Aqua","MODIS","100","6.1NRT","291.49","301.45","N",,"fire_nrt_M-C61_803220.csv",27732,"NRT"
"-1.83432","110.23279","301.8","3.26","1.71","2026-08-22","2046","Aqua","MODIS","13","6.1NRT","290.62","19.11","N",,"fire_nrt_M-C61_803220.csv",27733,"NRT"
"-1.84522","110.20272","313.11","3.25","1.7","2026-08-22","2046","Aqua","MODIS","86","6.1NRT","290.49","59.93","N",,"fire_nrt_M-C61_803220.csv",27734,"NRT"
"-1.40632","110.12643","303.06","3.14","1.68","2026-08-22","2046","Aqua","MODIS","53","6.1NRT","291.01","22.17","N",,"fire_nrt_M-C61_803220.csv",27749,"NRT"
"-1.49207","110.19766","306.5","3.19","1.69","2026-08-22","2046","Aqua","MODIS","66","6.1NRT","290.59","33.29","N",,"fire_nrt_M-C61_803220.csv",27750,"NRT"
"-1.4931","110.19288","307.71","3.19","1.69","2026-08-22","2046","Aqua","MODIS","72","6.1NRT","290.75","39.79","N",,"fire_nrt_M-C61_803220.csv",27751,"NRT"
"-1.82586","110.18179","313.39","3.23","1.7","2026-08-22","2046","Aqua","MODIS","87","6.1NRT","290.27","61.93","N",,"fire_nrt_M-C61_803220.csv",27752,"NRT"
"-1.83","110.20954","342.88","3.25","1.7","2026-08-22","2046","Aqua","MODIS","100","6.1NRT","291.4","264.36","N",,"fire_nrt_M-C61_803220.csv",27753,"NRT"
"-1.84069","110.17971","302.77","3.23","1.7","2026-08-22","2046","Aqua","MODIS","51","6.1NRT","289.62","23.9","N",,"fire_nrt_M-C61_803220.csv",27754,"NRT"
"-1.84487","110.20747","313.12","3.25","1.7","2026-08-22","2046","Aqua","MODIS","86","6.1NRT","290.56","62.25","N",,"fire_nrt_M-C61_803220.csv",27755,"NRT"
"-2.26253","110.14062","305.09","3.26","1.71","2026-08-22","2049","Aqua","MODIS","18","6.1NRT","292.21","30.8","N",,"fire_nrt_M-C61_803220.csv",27756,"NRT"
"-2.92142","110.71495","307.05","3.73","1.81","2026-08-22","2049","Aqua","MODIS","51","6.1NRT","290.87","48.25","N",,"fire_nrt_M-C61_803220.csv",27757,"NRT"
"-2.4032","110.97522","313.04","4.38","1.93","2026-08-23","1240","Terra","MODIS","86","6.1NRT","289.79","87.89","N",,"fire_nrt_M-C61_803220.csv",28340,"NRT"
"-2.3941","111.00508","302.81","4.34","1.92","2026-08-23","1240","Terra","MODIS","52","6.1NRT","289.67","35.2","N",,"fire_nrt_M-C61_803220.csv",28342,"NRT"
"-2.39911","110.96796","309.59","4.38","1.93","2026-08-23","1240","Terra","MODIS","78","6.1NRT","289.74","71.53","N",,"fire_nrt_M-C61_803220.csv",28343,"NRT"
"-2.26204","111.05767","302.38","4.28","1.91","2026-08-23","1240","Terra","MODIS","49","6.1NRT","286.31","33.61","N",,"fire_nrt_M-C61_803220.csv",28344,"NRT"
"-2.25706","111.05032","304.02","4.28","1.91","2026-08-23","1240","Terra","MODIS","58","6.1NRT","285.26","41.95","N",,"fire_nrt_M-C61_803220.csv",28346,"NRT"
"-1.48719","110.19698","308.42","2.54","1.53","2026-08-23","1947","Aqua","MODIS","74","6.1NRT","292.84","28.49","N",,"fire_nrt_M-C61_803220.csv",28488,"NRT"
"-1.50057","110.19495","302.79","2.54","1.53","2026-08-23","1947","Aqua","MODIS","37","6.1NRT","292.73","14.74","N",,"fire_nrt_M-C61_803220.csv",28490,"NRT"
"-1.81838","110.19551","314.2","2.51","1.52","2026-08-23","1949","Aqua","MODIS","89","6.1NRT","292.74","42.02","N",,"fire_nrt_M-C61_803220.csv",28498,"NRT"
"-1.83167","110.19343","314.91","2.51","1.52","2026-08-23","1949","Aqua","MODIS","90","6.1NRT","293.37","44.29","N",,"fire_nrt_M-C61_803220.csv",28499,"NRT"
"-1.84496","110.19134","327.69","2.51","1.52","2026-08-23","1949","Aqua","MODIS","100","6.1NRT","293.05","93.39","N",,"fire_nrt_M-C61_803220.csv",28500,"NRT"
"-1.84821","110.21301","307.76","2.5","1.52","2026-08-23","1949","Aqua","MODIS","45","6.1NRT","292.73","23.69","N",,"fire_nrt_M-C61_803220.csv",28501,"NRT"
"-1.82621","110.18675","312.93","2.51","1.52","2026-08-23","1949","Aqua","MODIS","86","6.1NRT","292.95","38.61","N",,"fire_nrt_M-C61_803220.csv",28502,"NRT"
"-1.82966","110.20836","313.99","2.5","1.52","2026-08-23","1949","Aqua","MODIS","88","6.1NRT","293.17","41.83","N",,"fire_nrt_M-C61_803220.csv",28503,"NRT"
"-1.83951","110.1847","323.66","2.51","1.52","2026-08-23","1949","Aqua","MODIS","100","6.1NRT","292.93","77.27","N",,"fire_nrt_M-C61_803220.csv",28504,"NRT"
"-1.84293","110.20631","315.77","2.5","1.52","2026-08-23","1949","Aqua","MODIS","92","6.1NRT","293.25","48.3","N",,"fire_nrt_M-C61_803220.csv",28505,"NRT"
"-1.85621","110.2043","304.73","2.5","1.52","2026-08-23","1949","Aqua","MODIS","61","6.1NRT","292.36","19.9","N",,"fire_nrt_M-C61_803220.csv",28506,"NRT"
"-2.1578","110.44592","302.61","2.36","1.48","2026-08-23","1949","Aqua","MODIS","50","6.1NRT","291.92","15.52","N",,"fire_nrt_M-C61_803220.csv",28511,"NRT"
"-2.15728","110.44092","303.37","2.36","1.48","2026-08-23","1949","Aqua","MODIS","55","6.1NRT","291.97","18.04","N",,"fire_nrt_M-C61_803220.csv",28513,"NRT"
"-2.268","110.13809","305.43","2.49","1.52","2026-08-23","1949","Aqua","MODIS","64","6.1NRT","293.27","23.02","N",,"fire_nrt_M-C61_803220.csv",28517,"NRT"
"-2.26532","110.13329","305.39","2.49","1.52","2026-08-23","1949","Aqua","MODIS","50","6.1NRT","293.52","20.54","N",,"fire_nrt_M-C61_803220.csv",28522,"NRT"
"-1.40418","110.13768","318.43","1.75","1.3","2026-08-24","0100","Terra","MODIS","61","6.1NRT","292.75","25.23","D",,"fire_nrt_M-C61_803220.csv",28633,"NRT"
"-2.93468","110.70718","311.52","1.5","1.21","2026-08-24","0102","Terra","MODIS","38","6.1NRT","295.51","9.03","D",,"fire_nrt_M-C61_803220.csv",28649,"NRT"
"-2.94087","110.71367","311.18","1.5","1.21","2026-08-24","0102","Terra","MODIS","35","6.1NRT","295","8.37","D",,"fire_nrt_M-C61_803220.csv",28651,"NRT"
"-1.50234","110.17923","309.44","1.73","1.29","2026-08-24","0102","Terra","MODIS","32","6.1NRT","293.58","11.2","D",,"fire_nrt_M-C61_803220.csv",28685,"NRT"
"-1.72843","110.15009","310.17","1.73","1.29","2026-08-24","0102","Terra","MODIS","30","6.1NRT","295.08","9.54","D",,"fire_nrt_M-C61_803220.csv",28692,"NRT"
"-1.74137","110.24003","311.8","1.7","1.28","2026-08-24","0102","Terra","MODIS","59","6.1NRT","295.38","12.56","D",,"fire_nrt_M-C61_803220.csv",28693,"NRT"
"-1.82648","110.1917","347.56","1.71","1.28","2026-08-24","0102","Terra","MODIS","94","6.1NRT","297.51","112.1","D",,"fire_nrt_M-C61_803220.csv",28699,"NRT"
"-1.82862","110.20661","323.86","1.7","1.28","2026-08-24","0102","Terra","MODIS","80","6.1NRT","295.68","34.33","D",,"fire_nrt_M-C61_803220.csv",28700,"NRT"
"-1.83778","110.19007","338.85","1.71","1.28","2026-08-24","0102","Terra","MODIS","90","6.1NRT","297.94","76.19","D",,"fire_nrt_M-C61_803220.csv",28703,"NRT"
"-1.84908","110.18846","395.63","1.71","1.28","2026-08-24","0102","Terra","MODIS","100","6.1NRT","298.6","480.49","D",,"fire_nrt_M-C61_803220.csv",28706,"NRT"
"-1.84992","110.19669","337.99","1.7","1.28","2026-08-24","0102","Terra","MODIS","85","6.1NRT","297.27","71.58","D",,"fire_nrt_M-C61_803220.csv",28708,"NRT"
"-1.85121","110.2034","333.6","1.7","1.28","2026-08-24","0102","Terra","MODIS","37","6.1NRT","296.26","54.45","D",,"fire_nrt_M-C61_803220.csv",28718,"NRT"
"-2.96506","110.70228","338.7","1.21","1.09","2026-08-24","0805","Aqua","MODIS","89","6.1NRT","297.7","44.05","D",,"fire_nrt_M-C61_803220.csv",29370,"NRT"
"-2.96656","110.69174","341.46","1.21","1.09","2026-08-24","0805","Aqua","MODIS","91","6.1NRT","297.8","51.35","D",,"fire_nrt_M-C61_803220.csv",29371,"NRT"
"-2.95699","110.69035","330.85","1.21","1.09","2026-08-24","0805","Aqua","MODIS","61","6.1NRT","296.81","29.44","D",,"fire_nrt_M-C61_803220.csv",29372,"NRT"
"-2.92938","110.71207","340.1","1.21","1.09","2026-08-24","0805","Aqua","MODIS","78","6.1NRT","297.98","45.37","D",,"fire_nrt_M-C61_803220.csv",29376,"NRT"
"-2.92599","110.66859","319.53","1.21","1.1","2026-08-24","0805","Aqua","MODIS","64","6.1NRT","296.89","15.4","D",,"fire_nrt_M-C61_803220.csv",29378,"NRT"
"-2.92442","110.33768","324.81","1.27","1.12","2026-08-24","0805","Aqua","MODIS","49","6.1NRT","299.21","18.64","D",,"fire_nrt_M-C61_803220.csv",29390,"NRT"
"-2.90061","110.3511","357.66","1.27","1.12","2026-08-24","0805","Aqua","MODIS","99","6.1NRT","300.75","98.55","D",,"fire_nrt_M-C61_803220.csv",29398,"NRT"
"-2.90224","110.3401","356.44","1.27","1.12","2026-08-24","0805","Aqua","MODIS","98","6.1NRT","300.72","94.57","D",,"fire_nrt_M-C61_803220.csv",29399,"NRT"
"-2.90386","110.32909","323.62","1.27","1.12","2026-08-24","0805","Aqua","MODIS","40","6.1NRT","299.58","17.45","D",,"fire_nrt_M-C61_803220.csv",29400,"NRT"
"-2.89246","110.33868","336.99","1.27","1.12","2026-08-24","0805","Aqua","MODIS","88","6.1NRT","298.4","41.9","D",,"fire_nrt_M-C61_803220.csv",29402,"NRT"
"-2.76357","110.82034","315.64","1.19","1.08","2026-08-24","0805","Aqua","MODIS","67","6.1NRT","295.15","11.4","D",,"fire_nrt_M-C61_803220.csv",29412,"NRT"
"-2.68785","111.16302","322.43","1.13","1.06","2026-08-24","0805","Aqua","MODIS","76","6.1NRT","296.32","17.29","D",,"fire_nrt_M-C61_803220.csv",29418,"NRT"
"-2.67857","111.16167","351.68","1.13","1.06","2026-08-24","0805","Aqua","MODIS","96","6.1NRT","298.09","71.45","D",,"fire_nrt_M-C61_803220.csv",29419,"NRT"
"-2.68002","111.15179","343.02","1.14","1.06","2026-08-24","0805","Aqua","MODIS","92","6.1NRT","296.53","51.24","D",,"fire_nrt_M-C61_803220.csv",29420,"NRT"
"-2.72162","110.2453","310.61","1.28","1.12","2026-08-24","0805","Aqua","MODIS","18","6.1NRT","297.22","6.13","D",,"fire_nrt_M-C61_803220.csv",29436,"NRT"
"-2.55063","110.6432","315.06","1.21","1.09","2026-08-24","0805","Aqua","MODIS","65","6.1NRT","297.25","10.45","D",,"fire_nrt_M-C61_803220.csv",29458,"NRT"
"-2.46758","110.24129","317.23","1.27","1.12","2026-08-24","0807","Aqua","MODIS","69","6.1NRT","298.31","13.04","D",,"fire_nrt_M-C61_803220.csv",29504,"NRT"
"-2.46916","110.23024","311.61","1.27","1.12","2026-08-24","0807","Aqua","MODIS","56","6.1NRT","296.4","6.81","D",,"fire_nrt_M-C61_803220.csv",29505,"NRT"
"-2.38516","110.44475","318.58","1.23","1.1","2026-08-24","0807","Aqua","MODIS","71","6.1NRT","297.4","14.22","D",,"fire_nrt_M-C61_803220.csv",29508,"NRT"
"-2.302","110.95023","313.46","1.15","1.07","2026-08-24","0807","Aqua","MODIS","61","6.1NRT","297.59","7.71","D",,"fire_nrt_M-C61_803220.csv",29509,"NRT"
"-2.34145","110.6112","319.96","1.2","1.09","2026-08-24","0807","Aqua","MODIS","73","6.1NRT","298.53","15.07","D",,"fire_nrt_M-C61_803220.csv",29510,"NRT"
"-2.2488","110.75091","337.33","1.18","1.08","2026-08-24","0807","Aqua","MODIS","88","6.1NRT","298.56","41.49","D",,"fire_nrt_M-C61_803220.csv",29511,"NRT"
"-2.25029","110.74065","312.7","1.18","1.08","2026-08-24","0807","Aqua","MODIS","51","6.1NRT","298.04","6.41","D",,"fire_nrt_M-C61_803220.csv",29512,"NRT"
"-2.2753","110.13797","331.55","1.28","1.12","2026-08-24","0807","Aqua","MODIS","64","6.1NRT","299.58","32.9","D",,"fire_nrt_M-C61_803220.csv",29522,"NRT"
"-2.24283","110.29063","319.49","1.25","1.11","2026-08-24","0807","Aqua","MODIS","28","6.1NRT","297.17","11.35","D",,"fire_nrt_M-C61_803220.csv",29524,"NRT"
"-2.21263","110.42925","325.29","1.23","1.1","2026-08-24","0807","Aqua","MODIS","55","6.1NRT","300.11","19.29","D",,"fire_nrt_M-C61_803220.csv",29527,"NRT"
"-2.2331","110.28927","330.09","1.25","1.11","2026-08-24","0807","Aqua","MODIS","71","6.1NRT","299.88","27.02","D",,"fire_nrt_M-C61_803220.csv",29528,"NRT"
"-2.203","110.42785","323.6","1.23","1.1","2026-08-24","0807","Aqua","MODIS","76","6.1NRT","299.29","18.7","D",,"fire_nrt_M-C61_803220.csv",29529,"NRT"
"-2.21236","110.36353","314.68","1.24","1.11","2026-08-24","0807","Aqua","MODIS","61","6.1NRT","297.99","8.54","D",,"fire_nrt_M-C61_803220.csv",29530,"NRT"
"-2.21391","110.35294","314.37","1.24","1.11","2026-08-24","0807","Aqua","MODIS","50","6.1NRT","298.74","8.27","D",,"fire_nrt_M-C61_803220.csv",29531,"NRT"
"-2.22816","110.25507","335.25","1.26","1.11","2026-08-24","0807","Aqua","MODIS","87","6.1NRT","300.03","40.87","D",,"fire_nrt_M-C61_803220.csv",29532,"NRT"
"-2.22976","110.24409","323.68","1.26","1.12","2026-08-24","0807","Aqua","MODIS","77","6.1NRT","299.27","21.05","D",,"fire_nrt_M-C61_803220.csv",29533,"NRT"
"-2.21366","110.28644","324.91","1.25","1.11","2026-08-24","0807","Aqua","MODIS","50","6.1NRT","298.55","19.62","D",,"fire_nrt_M-C61_803220.csv",29536,"NRT"
"-2.17258","110.43424","327.66","1.23","1.1","2026-08-24","0807","Aqua","MODIS","76","6.1NRT","297.16","26.97","D",,"fire_nrt_M-C61_803220.csv",29539,"NRT"
"-2.19111","110.30525","327.88","1.25","1.11","2026-08-24","0807","Aqua","MODIS","81","6.1NRT","299.11","25.69","D",,"fire_nrt_M-C61_803220.csv",29540,"NRT"
"-2.19267","110.29443","320.36","1.25","1.11","2026-08-24","0807","Aqua","MODIS","45","6.1NRT","299.64","14.37","D",,"fire_nrt_M-C61_803220.csv",29541,"NRT"
"-2.12225","110.48637","365.81","1.22","1.1","2026-08-24","0807","Aqua","MODIS","100","6.1NRT","302.77","126.1","D",,"fire_nrt_M-C61_803220.csv",29549,"NRT"
"-2.1238","110.47581","354.4","1.22","1.1","2026-08-24","0807","Aqua","MODIS","97","6.1NRT","301.79","84.99","D",,"fire_nrt_M-C61_803220.csv",29550,"NRT"
"-2.11266","110.48498","343.89","1.22","1.1","2026-08-24","0807","Aqua","MODIS","92","6.1NRT","300.15","55.92","D",,"fire_nrt_M-C61_803220.csv",29551,"NRT"
"-2.11421","110.4744","343.06","1.22","1.1","2026-08-24","0807","Aqua","MODIS","92","6.1NRT","300.06","53.96","D",,"fire_nrt_M-C61_803220.csv",29552,"NRT"
"-2.11887","110.44258","323.97","1.22","1.1","2026-08-24","0807","Aqua","MODIS","77","6.1NRT","299.48","19.69","D",,"fire_nrt_M-C61_803220.csv",29553,"NRT"
"-2.15514","110.12624","320.65","1.28","1.12","2026-08-24","0807","Aqua","MODIS","40","6.1NRT","300.43","12.77","D",,"fire_nrt_M-C61_803220.csv",29554,"NRT"
"-2.15676","110.11511","322.37","1.28","1.12","2026-08-24","0807","Aqua","MODIS","0","6.1NRT","299.76","15.05","D",,"fire_nrt_M-C61_803220.csv",29555,"NRT"
"-2.044","110.82295","314.46","1.16","1.07","2026-08-24","0807","Aqua","MODIS","63","6.1NRT","299.36","7.54","D",,"fire_nrt_M-C61_803220.csv",29556,"NRT"
"-2.12251","110.14413","327.3","1.28","1.12","2026-08-24","0807","Aqua","MODIS","80","6.1NRT","300.86","24.13","D",,"fire_nrt_M-C61_803220.csv",29564,"NRT"
"-2.00137","110.87178","327.05","1.15","1.07","2026-08-24","0807","Aqua","MODIS","80","6.1NRT","297.81","23.14","D",,"fire_nrt_M-C61_803220.csv",29569,"NRT"
"-2.04521","110.51161","318.25","1.21","1.09","2026-08-24","0807","Aqua","MODIS","52","6.1NRT","299.55","10.49","D",,"fire_nrt_M-C61_803220.csv",29570,"NRT"
"-2.04677","110.50111","318.06","1.21","1.09","2026-08-24","0807","Aqua","MODIS","45","6.1NRT","299.86","10.6","D",,"fire_nrt_M-C61_803220.csv",29571,"NRT"
"-2.04814","110.4257","322.38","1.22","1.1","2026-08-24","0807","Aqua","MODIS","70","6.1NRT","299.46","13.75","D",,"fire_nrt_M-C61_803220.csv",29572,"NRT"
"-2.04971","110.41509","319.75","1.22","1.1","2026-08-24","0807","Aqua","MODIS","39","6.1NRT","300.2","9.98","D",,"fire_nrt_M-C61_803220.csv",29573,"NRT"
"-2.02765","110.49829","330.8","1.21","1.09","2026-08-24","0807","Aqua","MODIS","84","6.1NRT","298.74","27.72","D",,"fire_nrt_M-C61_803220.csv",29574,"NRT"
"-2.07509","110.17574","315.69","1.27","1.12","2026-08-24","0807","Aqua","MODIS","45","6.1NRT","299.7","8.63","D",,"fire_nrt_M-C61_803220.csv",29575,"NRT"
"-2.02552","110.3789","319.95","1.23","1.1","2026-08-24","0807","Aqua","MODIS","26","6.1NRT","299.49","11.24","D",,"fire_nrt_M-C61_803220.csv",29577,"NRT"
"-2.04756","110.2277","321.95","1.26","1.11","2026-08-24","0807","Aqua","MODIS","24","6.1NRT","299.5","15.97","D",,"fire_nrt_M-C61_803220.csv",29578,"NRT"
"-1.94818","110.84342","332.81","1.16","1.07","2026-08-24","0807","Aqua","MODIS","85","6.1NRT","299.17","32.59","D",,"fire_nrt_M-C61_803220.csv",29581,"NRT"
"-2.04578","110.17146","316.68","1.27","1.12","2026-08-24","0807","Aqua","MODIS","25","6.1NRT","299.46","8.48","D",,"fire_nrt_M-C61_803220.csv",29582,"NRT"
"-1.97227","110.54375","329.78","1.2","1.09","2026-08-24","0807","Aqua","MODIS","83","6.1NRT","300.12","26.57","D",,"fire_nrt_M-C61_803220.csv",29585,"NRT"
"-1.97378","110.53328","319.24","1.2","1.09","2026-08-24","0807","Aqua","MODIS","69","6.1NRT","299.54","11.3","D",,"fire_nrt_M-C61_803220.csv",29586,"NRT"
"-2.00899","110.28861","318.29","1.24","1.11","2026-08-24","0807","Aqua","MODIS","70","6.1NRT","299.8","12.32","D",,"fire_nrt_M-C61_803220.csv",29587,"NRT"
"-2.01837","110.2234","331.4","1.26","1.11","2026-08-24","0807","Aqua","MODIS","81","6.1NRT","299.9","30.5","D",,"fire_nrt_M-C61_803220.csv",29588,"NRT"
"-2.01994","110.21247","322.1","1.26","1.11","2026-08-24","0807","Aqua","MODIS","46","6.1NRT","300.15","14.4","D",,"fire_nrt_M-C61_803220.csv",29589,"NRT"
"-1.98441","110.1682","317.07","1.26","1.12","2026-08-24","0807","Aqua","MODIS","60","6.1NRT","298.27","10.93","D",,"fire_nrt_M-C61_803220.csv",29590,"NRT"
"-1.89966","110.6124","316.68","1.19","1.08","2026-08-24","0807","Aqua","MODIS","68","6.1NRT","299.53","9.85","D",,"fire_nrt_M-C61_803220.csv",29591,"NRT"
"-1.94061","110.19537","316.98","1.26","1.11","2026-08-24","0807","Aqua","MODIS","23","6.1NRT","297.79","10.18","D",,"fire_nrt_M-C61_803220.csv",29593,"NRT"
"-1.92583","110.15966","327.1","1.26","1.12","2026-08-24","0807","Aqua","MODIS","73","6.1NRT","300.37","22.24","D",,"fire_nrt_M-C61_803220.csv",29594,"NRT"
"-1.92214","110.16375","329.83","1.26","1.12","2026-08-24","0807","Aqua","MODIS","73","6.1NRT","300.59","26.09","D",,"fire_nrt_M-C61_803220.csv",29596,"NRT"
"-1.89287","110.15948","319.05","1.26","1.12","2026-08-24","0807","Aqua","MODIS","25","6.1NRT","298.79","10.91","D",,"fire_nrt_M-C61_803220.csv",29598,"NRT"
"-1.89936","110.11543","325.94","1.27","1.12","2026-08-24","0807","Aqua","MODIS","79","6.1NRT","299.82","22.47","D",,"fire_nrt_M-C61_803220.csv",29599,"NRT"
"-1.90099","110.10438","321.27","1.27","1.12","2026-08-24","0807","Aqua","MODIS","74","6.1NRT","298.26","16","D",,"fire_nrt_M-C61_803220.csv",29600,"NRT"
"-1.86699","110.20029","344.81","1.25","1.11","2026-08-24","0807","Aqua","MODIS","93","6.1NRT","299.34","63.45","D",,"fire_nrt_M-C61_803220.csv",29601,"NRT"
"-1.85569","110.20976","356.94","1.25","1.11","2026-08-24","0807","Aqua","MODIS","98","6.1NRT","298.87","98.95","D",,"fire_nrt_M-C61_803220.csv",29603,"NRT"
"-1.85727","110.19886","391.88","1.25","1.11","2026-08-24","0807","Aqua","MODIS","100","6.1NRT","304.26","279.64","D",,"fire_nrt_M-C61_803220.csv",29604,"NRT"
"-1.85885","110.18796","388.26","1.26","1.11","2026-08-24","0807","Aqua","MODIS","100","6.1NRT","304.97","253.68","D",,"fire_nrt_M-C61_803220.csv",29605,"NRT"
"-1.84597","110.20834","336.91","1.25","1.11","2026-08-24","0807","Aqua","MODIS","88","6.1NRT","298.65","42.77","D",,"fire_nrt_M-C61_803220.csv",29606,"NRT"
"-1.84755","110.19743","346.85","1.25","1.11","2026-08-24","0807","Aqua","MODIS","94","6.1NRT","300.28","65.77","D",,"fire_nrt_M-C61_803220.csv",29607,"NRT"
"-1.84912","110.18652","346.32","1.26","1.11","2026-08-24","0807","Aqua","MODIS","93","6.1NRT","300.16","63.08","D",,"fire_nrt_M-C61_803220.csv",29608,"NRT"
"-1.8507","110.17561","356.12","1.26","1.11","2026-08-24","0807","Aqua","MODIS","98","6.1NRT","301.2","95.18","D",,"fire_nrt_M-C61_803220.csv",29609,"NRT"
"-1.83782","110.19601","327.28","1.25","1.11","2026-08-24","0807","Aqua","MODIS","81","6.1NRT","300.02","23.88","D",,"fire_nrt_M-C61_803220.csv",29610,"NRT"
"-1.83939","110.1851","376.23","1.26","1.11","2026-08-24","0807","Aqua","MODIS","100","6.1NRT","302.86","180.94","D",,"fire_nrt_M-C61_803220.csv",29611,"NRT"
"-1.84096","110.17417","378.72","1.26","1.11","2026-08-24","0807","Aqua","MODIS","100","6.1NRT","302.98","196.67","D",,"fire_nrt_M-C61_803220.csv",29612,"NRT"
"-1.84254","110.16322","326.74","1.26","1.12","2026-08-24","0807","Aqua","MODIS","80","6.1NRT","297.41","24.36","D",,"fire_nrt_M-C61_803220.csv",29613,"NRT"
"-1.7882","110.47283","322.19","1.21","1.09","2026-08-24","0807","Aqua","MODIS","76","6.1NRT","298.3","17.85","D",,"fire_nrt_M-C61_803220.csv",29615,"NRT"
"-1.82809","110.1946","401.08","1.25","1.11","2026-08-24","0807","Aqua","MODIS","100","6.1NRT","304.81","351.45","D",,"fire_nrt_M-C61_803220.csv",29616,"NRT"
"-1.82966","110.18369","399.65","1.26","1.11","2026-08-24","0807","Aqua","MODIS","100","6.1NRT","305.44","339.57","D",,"fire_nrt_M-C61_803220.csv",29617,"NRT"
"-1.82497","110.1998","339.11","1.25","1.11","2026-08-24","0807","Aqua","MODIS","89","6.1NRT","298.66","47.98","D",,"fire_nrt_M-C61_803220.csv",29620,"NRT"
"-1.8266","110.18891","412.5","1.25","1.11","2026-08-24","0807","Aqua","MODIS","100","6.1NRT","309.1","458.85","D",,"fire_nrt_M-C61_803220.csv",29621,"NRT"
"-1.82823","110.17799","345.23","1.26","1.11","2026-08-24","0807","Aqua","MODIS","93","6.1NRT","300.93","62.75","D",,"fire_nrt_M-C61_803220.csv",29622,"NRT"
"-1.81688","110.18746","340.22","1.25","1.11","2026-08-24","0807","Aqua","MODIS","90","6.1NRT","297.93","50.48","D",,"fire_nrt_M-C61_803220.csv",29623,"NRT"
"-1.8185","110.17654","335.65","1.26","1.11","2026-08-24","0807","Aqua","MODIS","87","6.1NRT","297.65","40.02","D",,"fire_nrt_M-C61_803220.csv",29624,"NRT"
"-1.77341","110.28062","313.8","1.24","1.11","2026-08-24","0807","Aqua","MODIS","51","6.1NRT","297.6","8.04","D",,"fire_nrt_M-C61_803220.csv",29628,"NRT"
"-1.7861","110.19411","317.99","1.25","1.11","2026-08-24","0807","Aqua","MODIS","65","6.1NRT","299.75","10.81","D",,"fire_nrt_M-C61_803220.csv",29629,"NRT"
"-1.7746","110.13665","318.06","1.26","1.12","2026-08-24","0807","Aqua","MODIS","44","6.1NRT","300.03","10.32","D",,"fire_nrt_M-C61_803220.csv",29632,"NRT"
"-1.75224","110.2224","321.63","1.25","1.11","2026-08-24","0807","Aqua","MODIS","49","6.1NRT","297.7","14.74","D",,"fire_nrt_M-C61_803220.csv",29633,"NRT"
"-1.69171","110.5062","319.3","1.2","1.09","2026-08-24","0807","Aqua","MODIS","72","6.1NRT","299.59","12.13","D",,"fire_nrt_M-C61_803220.csv",29636,"NRT"
"-1.67016","110.54941","313.27","1.19","1.09","2026-08-24","0807","Aqua","MODIS","53","6.1NRT","297.52","7.09","D",,"fire_nrt_M-C61_803220.csv",29639,"NRT"
"-1.71557","110.17716","319.5","1.25","1.11","2026-08-24","0807","Aqua","MODIS","16","6.1NRT","298.09","12.37","D",,"fire_nrt_M-C61_803220.csv",29641,"NRT"
"-1.71718","110.16628","390.53","1.25","1.11","2026-08-24","0807","Aqua","MODIS","100","6.1NRT","300.96","267.74","D",,"fire_nrt_M-C61_803220.csv",29642,"NRT"
"-1.7188","110.15538","344.91","1.26","1.11","2026-08-24","0807","Aqua","MODIS","93","6.1NRT","296.87","59.51","D",,"fire_nrt_M-C61_803220.csv",29643,"NRT"
"-1.70746","110.16486","326.66","1.25","1.11","2026-08-24","0807","Aqua","MODIS","64","6.1NRT","295.29","22.89","D",,"fire_nrt_M-C61_803220.csv",29646,"NRT"
"-1.56261","110.82431","312.9","1.15","1.07","2026-08-24","0807","Aqua","MODIS","61","6.1NRT","299.91","6.91","D",,"fire_nrt_M-C61_803220.csv",29649,"NRT"
"-1.58901","110.0749","322.6","1.27","1.12","2026-08-24","0807","Aqua","MODIS","55","6.1NRT","298.48","18.34","D",,"fire_nrt_M-C61_803220.csv",29654,"NRT"
"-1.57924","110.07346","319.72","1.27","1.12","2026-08-24","0807","Aqua","MODIS","41","6.1NRT","298.11","14.43","D",,"fire_nrt_M-C61_803220.csv",29655,"NRT"
"-1.58083","110.06239","324.61","1.27","1.12","2026-08-24","0807","Aqua","MODIS","58","6.1NRT","298.01","20.77","D",,"fire_nrt_M-C61_803220.csv",29656,"NRT"
"-1.5317","110.1048","311.62","1.26","1.11","2026-08-24","0807","Aqua","MODIS","58","6.1NRT","297.66","6.76","D",,"fire_nrt_M-C61_803220.csv",29659,"NRT"
"-1.50921","110.19016","331.99","1.24","1.11","2026-08-24","0807","Aqua","MODIS","77","6.1NRT","299.39","32.46","D",,"fire_nrt_M-C61_803220.csv",29660,"NRT"
"-1.49795","110.19955","356.88","1.24","1.11","2026-08-24","0807","Aqua","MODIS","98","6.1NRT","297.63","96.69","D",,"fire_nrt_M-C61_803220.csv",29661,"NRT"
"-1.49952","110.1888","368.22","1.24","1.11","2026-08-24","0807","Aqua","MODIS","100","6.1NRT","300.1","140.51","D",,"fire_nrt_M-C61_803220.csv",29662,"NRT"
"-1.42001","110.10494","323.82","1.25","1.11","2026-08-24","0807","Aqua","MODIS","31","6.1NRT","298.71","18.4","D",,"fire_nrt_M-C61_803220.csv",29664,"NRT"
"-1.36709","110.19689","311.19","1.24","1.11","2026-08-24","0807","Aqua","MODIS","53","6.1NRT","296.29","7.58","D",,"fire_nrt_M-C61_803220.csv",29666,"NRT"
"-1.26854","110.57119","317.06","1.17","1.08","2026-08-24","0807","Aqua","MODIS","71","6.1NRT","298.15","10.73","D",,"fire_nrt_M-C61_803220.csv",29672,"NRT"
"-0.89783","110.22196","314.03","1.22","1.1","2026-08-24","0807","Aqua","MODIS","64","6.1NRT","299.14","7.24","D",,"fire_nrt_M-C61_803220.csv",29702,"NRT"
"-0.7555","110.9222","324.07","1.11","1.05","2026-08-24","0807","Aqua","MODIS","78","6.1NRT","297.31","19.94","D",,"fire_nrt_M-C61_803220.csv",29706,"NRT"
"-0.82843","110.36143","313.02","1.19","1.09","2026-08-24","0807","Aqua","MODIS","58","6.1NRT","298.01","7.48","D",,"fire_nrt_M-C61_803220.csv",29709,"NRT"
"-0.69164","110.91608","317.54","1.11","1.05","2026-08-24","0807","Aqua","MODIS","68","6.1NRT","297.12","11.07","D",,"fire_nrt_M-C61_803220.csv",29716,"NRT"
"-0.68245","110.91473","338.17","1.11","1.05","2026-08-24","0807","Aqua","MODIS","89","6.1NRT","296.86","40.51","D",,"fire_nrt_M-C61_803220.csv",29717,"NRT"
"-0.6839","110.905","319.84","1.11","1.05","2026-08-24","0807","Aqua","MODIS","73","6.1NRT","295.34","13.55","D",,"fire_nrt_M-C61_803220.csv",29718,"NRT"
"-0.71154","110.32679","324.01","1.19","1.09","2026-08-24","0807","Aqua","MODIS","78","6.1NRT","297.78","21.7","D",,"fire_nrt_M-C61_803220.csv",29729,"NRT"
"-0.69651","110.20164","314.05","1.21","1.09","2026-08-24","0807","Aqua","MODIS","64","6.1NRT","298.42","7.99","D",,"fire_nrt_M-C61_803220.csv",29734,"NRT"
"-0.68695","110.20021","313.23","1.21","1.09","2026-08-24","0807","Aqua","MODIS","62","6.1NRT","298.1","7.07","D",,"fire_nrt_M-C61_803220.csv",29735,"NRT"
"-0.64751","110.26935","311.52","1.2","1.09","2026-08-24","0807","Aqua","MODIS","56","6.1NRT","297.67","6.55","D",,"fire_nrt_M-C61_803220.csv",29745,"NRT"
"-0.62093","110.31855","345.74","1.19","1.09","2026-08-24","0807","Aqua","MODIS","93","6.1NRT","298.55","61.28","D",,"fire_nrt_M-C61_803220.csv",29748,"NRT"
"-0.62243","110.30817","322.32","1.19","1.09","2026-08-24","0807","Aqua","MODIS","76","6.1NRT","298.14","17.87","D",,"fire_nrt_M-C61_803220.csv",29749,"NRT"
"-0.64676","110.1405","312.26","1.22","1.1","2026-08-24","0807","Aqua","MODIS","35","6.1NRT","296.61","7.68","D",,"fire_nrt_M-C61_803220.csv",29750,"NRT"
"-0.60652","110.1819","311.57","1.21","1.09","2026-08-24","0807","Aqua","MODIS","54","6.1NRT","297.61","6.56","D",,"fire_nrt_M-C61_803220.csv",29761,"NRT"
"-0.54884","110.37481","365.22","1.18","1.08","2026-08-24","0807","Aqua","MODIS","100","6.1NRT","300.38","121.19","D",,"fire_nrt_M-C61_803220.csv",29764,"NRT"
"-0.55035","110.36457","314.62","1.18","1.08","2026-08-24","0807","Aqua","MODIS","59","6.1NRT","298.36","8.24","D",,"fire_nrt_M-C61_803220.csv",29765,"NRT"
"-0.45351","110.5927","314.61","1.15","1.07","2026-08-24","0807","Aqua","MODIS","52","6.1NRT","296.63","10.08","D",,"fire_nrt_M-C61_803220.csv",29780,"NRT"
"-2.96036","110.70018","309.27","1.01","1","2026-08-24","1318","Terra","MODIS","52","6.1NRT","295.96","5.93","N",,"fire_nrt_M-C61_803220.csv",30173,"NRT"
"-2.96156","110.6914","312.96","1.01","1","2026-08-24","1318","Terra","MODIS","85","6.1NRT","295.7","9.01","N",,"fire_nrt_M-C61_803220.csv",30174,"NRT"
"-2.94035","110.71529","314.73","1","1","2026-08-24","1318","Terra","MODIS","63","6.1NRT","295.61","9.59","N",,"fire_nrt_M-C61_803220.csv",30178,"NRT"
"-2.94155","110.70651","311.73","1","1","2026-08-24","1318","Terra","MODIS","8","6.1NRT","295.36","6.86","N",,"fire_nrt_M-C61_803220.csv",30179,"NRT"
"-2.91715","110.67041","306.09","1.01","1","2026-08-24","1318","Terra","MODIS","16","6.1NRT","295.85","3.93","N",,"fire_nrt_M-C61_803220.csv",30191,"NRT"
"-2.89011","110.32732","309.32","1.02","1.01","2026-08-24","1318","Terra","MODIS","21","6.1NRT","295.37","6.29","N",,"fire_nrt_M-C61_803220.csv",30235,"NRT"
"-2.65924","110.33738","302.55","1.02","1.01","2026-08-24","1318","Terra","MODIS","20","6.1NRT","291.44","3.49","N",,"fire_nrt_M-C61_803220.csv",30272,"NRT"
"-2.64918","110.34502","301.81","1.01","1.01","2026-08-24","1318","Terra","MODIS","38","6.1NRT","288.74","3.45","N",,"fire_nrt_M-C61_803220.csv",30273,"NRT"
"-2.5097","110.62508","305.8","1","1","2026-08-24","1318","Terra","MODIS","64","6.1NRT","294.18","5.29","N",,"fire_nrt_M-C61_803220.csv",30292,"NRT"
"-2.5109","110.61631","311.95","1","1","2026-08-24","1318","Terra","MODIS","83","6.1NRT","294.37","9.15","N",,"fire_nrt_M-C61_803220.csv",30293,"NRT"
"-2.50331","110.60631","316.54","1.01","1","2026-08-24","1318","Terra","MODIS","93","6.1NRT","294.53","12.88","N",,"fire_nrt_M-C61_803220.csv",30297,"NRT"
"-2.50451","110.59753","308.72","1.01","1","2026-08-24","1318","Terra","MODIS","74","6.1NRT","294.47","7.04","N",,"fire_nrt_M-C61_803220.csv",30298,"NRT"
"-2.45521","110.6112","309.55","1","1","2026-08-24","1318","Terra","MODIS","76","6.1NRT","294.23","7.86","N",,"fire_nrt_M-C61_803220.csv",30299,"NRT"
"-2.4164","110.63261","306.26","1","1","2026-08-24","1318","Terra","MODIS","64","6.1NRT","294.48","5.12","N",,"fire_nrt_M-C61_803220.csv",30301,"NRT"
"-2.41761","110.62385","318.28","1","1","2026-08-24","1318","Terra","MODIS","96","6.1NRT","294.86","14.41","N",,"fire_nrt_M-C61_803220.csv",30302,"NRT"
"-2.40761","110.63139","305.83","1","1","2026-08-24","1318","Terra","MODIS","63","6.1NRT","294.38","4.84","N",,"fire_nrt_M-C61_803220.csv",30303,"NRT"
"-2.40881","110.62262","319.29","1","1","2026-08-24","1318","Terra","MODIS","98","6.1NRT","294.76","15.26","N",,"fire_nrt_M-C61_803220.csv",30304,"NRT"
"-2.38611","110.44348","313.47","1.01","1","2026-08-24","1318","Terra","MODIS","86","6.1NRT","294.51","10.8","N",,"fire_nrt_M-C61_803220.csv",30306,"NRT"
"-2.27511","110.99026","310.08","1","1","2026-08-24","1318","Terra","MODIS","77","6.1NRT","294.35","7.99","N",,"fire_nrt_M-C61_803220.csv",30308,"NRT"
"-2.23209","111.02248","349.67","1","1","2026-08-24","1318","Terra","MODIS","100","6.1NRT","295.74","59.93","N",,"fire_nrt_M-C61_803220.csv",30316,"NRT"
"-2.27112","110.1355","330.78","1.02","1.01","2026-08-24","1318","Terra","MODIS","100","6.1NRT","297.63","27.98","N",,"fire_nrt_M-C61_803220.csv",30325,"NRT"
"-2.26226","110.13427","307.75","1.02","1.01","2026-08-24","1318","Terra","MODIS","68","6.1NRT","295.44","6.05","N",,"fire_nrt_M-C61_803220.csv",30328,"NRT"
"-2.26349","110.12536","314.94","1.02","1.01","2026-08-24","1318","Terra","MODIS","89","6.1NRT","296.17","11.51","N",,"fire_nrt_M-C61_803220.csv",30329,"NRT"
"-2.23018","110.3017","313.98","1.01","1.01","2026-08-24","1318","Terra","MODIS","87","6.1NRT","295.67","9.7","N",,"fire_nrt_M-C61_803220.csv",30334,"NRT"
"-2.2314","110.29283","308.58","1.01","1.01","2026-08-24","1318","Terra","MODIS","71","6.1NRT","295.73","5.92","N",,"fire_nrt_M-C61_803220.csv",30335,"NRT"
"-2.23262","110.28397","308.28","1.01","1.01","2026-08-24","1318","Terra","MODIS","70","6.1NRT","295.43","5.6","N",,"fire_nrt_M-C61_803220.csv",30336,"NRT"
"-2.22134","110.30052","324.12","1.01","1.01","2026-08-24","1318","Terra","MODIS","100","6.1NRT","295.63","18.71","N",,"fire_nrt_M-C61_803220.csv",30339,"NRT"
"-2.22256","110.29162","317.4","1.01","1.01","2026-08-24","1318","Terra","MODIS","94","6.1NRT","295.99","11.99","N",,"fire_nrt_M-C61_803220.csv",30340,"NRT"
"-2.22378","110.28277","321.34","1.01","1.01","2026-08-24","1318","Terra","MODIS","100","6.1NRT","295.75","15.65","N",,"fire_nrt_M-C61_803220.csv",30341,"NRT"
"-2.22744","110.25618","305.98","1.01","1.01","2026-08-24","1318","Terra","MODIS","56","6.1NRT","295.32","4.3","N",,"fire_nrt_M-C61_803220.csv",30342,"NRT"
"-2.21373","110.29037","314.06","1.01","1.01","2026-08-24","1318","Terra","MODIS","60","6.1NRT","295.95","9.18","N",,"fire_nrt_M-C61_803220.csv",30345,"NRT"
"-2.2186","110.25495","305.82","1.01","1.01","2026-08-24","1318","Terra","MODIS","56","6.1NRT","295.35","4.19","N",,"fire_nrt_M-C61_803220.csv",30346,"NRT"
"-2.19365","110.30558","316.53","1.01","1.01","2026-08-24","1318","Terra","MODIS","93","6.1NRT","295.29","12.18","N",,"fire_nrt_M-C61_803220.csv",30347,"NRT"
"-2.17599","110.30314","317.81","1.01","1.01","2026-08-24","1318","Terra","MODIS","95","6.1NRT","295.27","13.57","N",,"fire_nrt_M-C61_803220.csv",30348,"NRT"
"-2.1772","110.29429","310.32","1.01","1.01","2026-08-24","1318","Terra","MODIS","77","6.1NRT","295.21","7.35","N",,"fire_nrt_M-C61_803220.csv",30349,"NRT"
"-2.18021","110.12565","309.16","1.02","1.01","2026-08-24","1318","Terra","MODIS","73","6.1NRT","295.08","7.15","N",,"fire_nrt_M-C61_803220.csv",30356,"NRT"
"-2.15363","110.12196","316.58","1.02","1.01","2026-08-24","1318","Terra","MODIS","93","6.1NRT","295.27","12.79","N",,"fire_nrt_M-C61_803220.csv",30359,"NRT"
"-2.12339","110.14497","311.07","1.02","1.01","2026-08-24","1318","Terra","MODIS","79","6.1NRT","295.02","7.67","N",,"fire_nrt_M-C61_803220.csv",30363,"NRT"
"-2.11454","110.14373","307.57","1.02","1.01","2026-08-24","1318","Terra","MODIS","67","6.1NRT","294.99","5.52","N",,"fire_nrt_M-C61_803220.csv",30365,"NRT"
"-2.11575","110.13484","306.38","1.02","1.01","2026-08-24","1318","Terra","MODIS","61","6.1NRT","294.99","4.68","N",,"fire_nrt_M-C61_803220.csv",30366,"NRT"
"-2.03574","110.50474","307.91","1.01","1","2026-08-24","1318","Terra","MODIS","64","6.1NRT","294.83","5.58","N",,"fire_nrt_M-C61_803220.csv",30367,"NRT"
"-2.02573","110.51229","304.6","1","1","2026-08-24","1318","Terra","MODIS","22","6.1NRT","294.06","3.42","N",,"fire_nrt_M-C61_803220.csv",30369,"NRT"
"-2.03419","110.45084","307.21","1.01","1","2026-08-24","1318","Terra","MODIS","65","6.1NRT","294.99","5.51","N",,"fire_nrt_M-C61_803220.csv",30370,"NRT"
"-2.06306","110.17601","307.15","1.02","1.01","2026-08-24","1318","Terra","MODIS","65","6.1NRT","295.62","5.14","N",,"fire_nrt_M-C61_803220.csv",30371,"NRT"
"-2.03685","110.23558","308.23","1.01","1.01","2026-08-24","1318","Terra","MODIS","59","6.1NRT","295.23","5.7","N",,"fire_nrt_M-C61_803220.csv",30373,"NRT"
"-2.03806","110.22674","307.28","1.01","1.01","2026-08-24","1318","Terra","MODIS","44","6.1NRT","295.11","4.82","N",,"fire_nrt_M-C61_803220.csv",30374,"NRT"
"-2.00308","110.28494","305.72","1.01","1.01","2026-08-24","1318","Terra","MODIS","58","6.1NRT","295.03","4.49","N",,"fire_nrt_M-C61_803220.csv",30380,"NRT"
"-2.01155","110.22305","309.05","1.01","1.01","2026-08-24","1318","Terra","MODIS","62","6.1NRT","295.16","5.96","N",,"fire_nrt_M-C61_803220.csv",30381,"NRT"
"-1.99388","110.2206","315.75","1.01","1.01","2026-08-24","1318","Terra","MODIS","91","6.1NRT","295.68","11.18","N",,"fire_nrt_M-C61_803220.csv",30382,"NRT"
"-1.99509","110.21174","306.85","1.01","1.01","2026-08-24","1318","Terra","MODIS","34","6.1NRT","295.24","4.41","N",,"fire_nrt_M-C61_803220.csv",30383,"NRT"
"-1.97978","110.17615","316.61","1.02","1.01","2026-08-24","1318","Terra","MODIS","93","6.1NRT","295.08","12.57","N",,"fire_nrt_M-C61_803220.csv",30386,"NRT"
"-1.981","110.16728","312.29","1.02","1.01","2026-08-24","1318","Terra","MODIS","82","6.1NRT","294.83","9.02","N",,"fire_nrt_M-C61_803220.csv",30387,"NRT"
"-1.89278","110.61245","312.79","1","1","2026-08-24","1318","Terra","MODIS","84","6.1NRT","294.98","9.07","N",,"fire_nrt_M-C61_803220.csv",30389,"NRT"
"-1.89399","110.60371","304.37","1","1","2026-08-24","1318","Terra","MODIS","49","6.1NRT","294.25","3.43","N",,"fire_nrt_M-C61_803220.csv",30390,"NRT"
"-1.93192","110.19659","312.12","1.01","1.01","2026-08-24","1318","Terra","MODIS","81","6.1NRT","294.74","8.72","N",,"fire_nrt_M-C61_803220.csv",30391,"NRT"
"-1.91788","110.16756","310.83","1.02","1.01","2026-08-24","1318","Terra","MODIS","58","6.1NRT","295.53","6.93","N",,"fire_nrt_M-C61_803220.csv",30392,"NRT"
"-1.91909","110.15869","307.14","1.02","1.01","2026-08-24","1318","Terra","MODIS","13","6.1NRT","295.47","4.3","N",,"fire_nrt_M-C61_803220.csv",30393,"NRT"
"-1.9203","110.14982","307.62","1.02","1.01","2026-08-24","1318","Terra","MODIS","20","6.1NRT","295.6","4.78","N",,"fire_nrt_M-C61_803220.csv",30394,"NRT"
"-1.92151","110.14095","313.63","1.02","1.01","2026-08-24","1318","Terra","MODIS","85","6.1NRT","295.54","9.29","N",,"fire_nrt_M-C61_803220.csv",30395,"NRT"
"-1.89014","110.15782","316.42","1.02","1.01","2026-08-24","1318","Terra","MODIS","92","6.1NRT","295.84","11.7","N",,"fire_nrt_M-C61_803220.csv",30396,"NRT"
"-1.89627","110.11344","317.01","1.02","1.01","2026-08-24","1318","Terra","MODIS","93","6.1NRT","295.72","12.92","N",,"fire_nrt_M-C61_803220.csv",30397,"NRT"
"-1.89749","110.10455","308.29","1.02","1.01","2026-08-24","1318","Terra","MODIS","60","6.1NRT","295.11","5.78","N",,"fire_nrt_M-C61_803220.csv",30398,"NRT"
"-1.88008","110.16545","322.32","1.02","1.01","2026-08-24","1318","Terra","MODIS","100","6.1NRT","296.24","17.16","N",,"fire_nrt_M-C61_803220.csv",30399,"NRT"
"-1.88741","110.11221","305.27","1.02","1.01","2026-08-24","1318","Terra","MODIS","19","6.1NRT","294.87","3.85","N",,"fire_nrt_M-C61_803220.csv",30400,"NRT"
"-1.85632","110.20726","325.86","1.01","1.01","2026-08-24","1318","Terra","MODIS","100","6.1NRT","296.68","21.29","N",,"fire_nrt_M-C61_803220.csv",30401,"NRT"
"-1.85753","110.19841","359.23","1.01","1.01","2026-08-24","1318","Terra","MODIS","100","6.1NRT","299.69","82.73","N",,"fire_nrt_M-C61_803220.csv",30402,"NRT"
"-1.85875","110.18956","332.13","1.01","1.01","2026-08-24","1318","Terra","MODIS","100","6.1NRT","297.27","28.33","N",,"fire_nrt_M-C61_803220.csv",30403,"NRT"
"-1.84748","110.20603","363.33","1.01","1.01","2026-08-24","1318","Terra","MODIS","100","6.1NRT","297.96","94.27","N",,"fire_nrt_M-C61_803220.csv",30404,"NRT"
"-1.8487","110.19718","336.29","1.01","1.01","2026-08-24","1318","Terra","MODIS","100","6.1NRT","296.88","34.75","N",,"fire_nrt_M-C61_803220.csv",30405,"NRT"
"-1.84991","110.18833","357.58","1.01","1.01","2026-08-24","1318","Terra","MODIS","100","6.1NRT","298.64","77.63","N",,"fire_nrt_M-C61_803220.csv",30406,"NRT"
"-1.83865","110.2048","314.03","1.01","1.01","2026-08-24","1318","Terra","MODIS","87","6.1NRT","295.65","9.87","N",,"fire_nrt_M-C61_803220.csv",30407,"NRT"
"-1.84107","110.1871","331.82","1.01","1.01","2026-08-24","1318","Terra","MODIS","100","6.1NRT","297.57","27.5","N",,"fire_nrt_M-C61_803220.csv",30408,"NRT"
"-1.84229","110.17825","342.31","1.01","1.01","2026-08-24","1318","Terra","MODIS","100","6.1NRT","299.23","44.21","N",,"fire_nrt_M-C61_803220.csv",30409,"NRT"
"-1.8435","110.1694","313.89","1.02","1.01","2026-08-24","1318","Terra","MODIS","86","6.1NRT","295.53","9.11","N",,"fire_nrt_M-C61_803220.csv",30410,"NRT"
"-1.83224","110.18587","334.02","1.01","1.01","2026-08-24","1318","Terra","MODIS","100","6.1NRT","297.12","30.27","N",,"fire_nrt_M-C61_803220.csv",30411,"NRT"
"-1.83345","110.17702","334.89","1.01","1.01","2026-08-24","1318","Terra","MODIS","100","6.1NRT","296.87","31.89","N",,"fire_nrt_M-C61_803220.csv",30412,"NRT"
"-1.83466","110.16817","316.84","1.02","1.01","2026-08-24","1318","Terra","MODIS","93","6.1NRT","295.47","11.65","N",,"fire_nrt_M-C61_803220.csv",30413,"NRT"
"-1.8468","110.0794","304.81","1.02","1.01","2026-08-24","1318","Terra","MODIS","51","6.1NRT","294.64","4.12","N",,"fire_nrt_M-C61_803220.csv",30414,"NRT"
"-1.82219","110.1935","359.9","1.01","1.01","2026-08-24","1318","Terra","MODIS","100","6.1NRT","299.39","84.04","N",,"fire_nrt_M-C61_803220.csv",30415,"NRT"
"-1.8234","110.18465","353.63","1.01","1.01","2026-08-24","1318","Terra","MODIS","100","6.1NRT","298.89","68.31","N",,"fire_nrt_M-C61_803220.csv",30416,"NRT"
"-1.82461","110.17579","309.45","1.01","1.01","2026-08-24","1318","Terra","MODIS","73","6.1NRT","295.58","6.05","N",,"fire_nrt_M-C61_803220.csv",30417,"NRT"
"-1.81335","110.19228","312.52","1.01","1.01","2026-08-24","1318","Terra","MODIS","83","6.1NRT","295.4","8.19","N",,"fire_nrt_M-C61_803220.csv",30418,"NRT"
"-1.81456","110.18342","335.86","1.01","1.01","2026-08-24","1318","Terra","MODIS","100","6.1NRT","296.47","34.21","N",,"fire_nrt_M-C61_803220.csv",30419,"NRT"
"-1.81577","110.17456","317.67","1.01","1.01","2026-08-24","1318","Terra","MODIS","95","6.1NRT","295.53","12.67","N",,"fire_nrt_M-C61_803220.csv",30420,"NRT"
"-1.77213","110.27927","310.14","1.01","1","2026-08-24","1318","Terra","MODIS","77","6.1NRT","295.64","6.77","N",,"fire_nrt_M-C61_803220.csv",30422,"NRT"
"-1.76387","110.14302","314.78","1.02","1.01","2026-08-24","1318","Terra","MODIS","89","6.1NRT","295.67","10.78","N",,"fire_nrt_M-C61_803220.csv",30423,"NRT"
"-1.74169","110.23907","321.47","1.01","1.01","2026-08-24","1318","Terra","MODIS","100","6.1NRT","296.31","15.99","N",,"fire_nrt_M-C61_803220.csv",30424,"NRT"
"-1.75381","110.15066","319.17","1.02","1.01","2026-08-24","1318","Terra","MODIS","98","6.1NRT","295.53","14.52","N",,"fire_nrt_M-C61_803220.csv",30425,"NRT"
"-1.72608","110.15583","306.92","1.01","1.01","2026-08-24","1318","Terra","MODIS","18","6.1NRT","295.17","3.79","N",,"fire_nrt_M-C61_803220.csv",30426,"NRT"
"-1.72729","110.14697","311.56","1.02","1.01","2026-08-24","1318","Terra","MODIS","81","6.1NRT","295.24","7.24","N",,"fire_nrt_M-C61_803220.csv",30427,"NRT"
"-1.73455","110.09376","310.76","1.02","1.01","2026-08-24","1318","Terra","MODIS","78","6.1NRT","295.75","6.66","N",,"fire_nrt_M-C61_803220.csv",30428,"NRT"
"-1.69892","110.27218","305.89","1.01","1","2026-08-24","1318","Terra","MODIS","61","6.1NRT","295.21","4.1","N",,"fire_nrt_M-C61_803220.csv",30429,"NRT"
"-1.70136","110.25455","312.18","1.01","1","2026-08-24","1318","Terra","MODIS","83","6.1NRT","295.48","8.06","N",,"fire_nrt_M-C61_803220.csv",30430,"NRT"
"-1.71355","110.16624","308.38","1.01","1.01","2026-08-24","1318","Terra","MODIS","56","6.1NRT","295.55","4.89","N",,"fire_nrt_M-C61_803220.csv",30431,"NRT"
"-1.6739","110.06133","321.39","1.02","1.01","2026-08-24","1318","Terra","MODIS","100","6.1NRT","296.31","16.82","N",,"fire_nrt_M-C61_803220.csv",30434,"NRT"
"-1.58057","110.06927","334.89","1.02","1.01","2026-08-24","1318","Terra","MODIS","100","6.1NRT","297.12","33.31","N",,"fire_nrt_M-C61_803220.csv",30435,"NRT"
"-1.58178","110.06038","312.17","1.02","1.01","2026-08-24","1318","Terra","MODIS","82","6.1NRT","295.56","8.02","N",,"fire_nrt_M-C61_803220.csv",30436,"NRT"
"-1.50805","110.18851","311.57","1.01","1.01","2026-08-24","1318","Terra","MODIS","42","6.1NRT","296.26","6.89","N",,"fire_nrt_M-C61_803220.csv",30437,"NRT"
"-1.51048","110.17086","311.24","1.01","1.01","2026-08-24","1318","Terra","MODIS","53","6.1NRT","295.9","6.95","N",,"fire_nrt_M-C61_803220.csv",30438,"NRT"
"-1.49679","110.20493","314.74","1.01","1.01","2026-08-24","1318","Terra","MODIS","88","6.1NRT","295.68","10.04","N",,"fire_nrt_M-C61_803220.csv",30439,"NRT"
"-1.49801","110.19612","364.97","1.01","1.01","2026-08-24","1318","Terra","MODIS","100","6.1NRT","299.3","98.01","N",,"fire_nrt_M-C61_803220.csv",30440,"NRT"
"-1.49922","110.1873","329.48","1.01","1.01","2026-08-24","1318","Terra","MODIS","100","6.1NRT","297.5","24.39","N",,"fire_nrt_M-C61_803220.csv",30441,"NRT"
"-1.48918","110.1949","346.96","1.01","1.01","2026-08-24","1318","Terra","MODIS","100","6.1NRT","296.5","52.79","N",,"fire_nrt_M-C61_803220.csv",30442,"NRT"
"-1.49039","110.18608","332.66","1.01","1.01","2026-08-24","1318","Terra","MODIS","100","6.1NRT","297.33","28.18","N",,"fire_nrt_M-C61_803220.csv",30443,"NRT"
"-1.48157","110.18484","313.04","1.01","1.01","2026-08-24","1318","Terra","MODIS","62","6.1NRT","295.72","7.61","N",,"fire_nrt_M-C61_803220.csv",30444,"NRT"
"-1.43234","110.19869","312.73","1.01","1","2026-08-24","1318","Terra","MODIS","83","6.1NRT","295.6","8.6","N",,"fire_nrt_M-C61_803220.csv",30445,"NRT"
"-1.42351","110.19748","318.09","1.01","1","2026-08-24","1318","Terra","MODIS","96","6.1NRT","295.93","13.41","N",,"fire_nrt_M-C61_803220.csv",30446,"NRT"
"-1.42473","110.18866","305.69","1.01","1.01","2026-08-24","1318","Terra","MODIS","56","6.1NRT","295.26","3.78","N",,"fire_nrt_M-C61_803220.csv",30447,"NRT"
"-1.42565","110.11677","337.19","1.01","1.01","2026-08-24","1318","Terra","MODIS","100","6.1NRT","297.42","36.81","N",,"fire_nrt_M-C61_803220.csv",30448,"NRT"
"-1.41682","110.11555","326.79","1.01","1.01","2026-08-24","1318","Terra","MODIS","100","6.1NRT","295.91","21.69","N",,"fire_nrt_M-C61_803220.csv",30449,"NRT"
"-1.41803","110.1067","314.01","1.01","1.01","2026-08-24","1318","Terra","MODIS","58","6.1NRT","296.34","8.64","N",,"fire_nrt_M-C61_803220.csv",30450,"NRT"
"-1.40434","110.14085","308.72","1.01","1.01","2026-08-24","1318","Terra","MODIS","44","6.1NRT","295.84","5.18","N",,"fire_nrt_M-C61_803220.csv",30451,"NRT"
"-1.40555","110.13201","350.43","1.01","1.01","2026-08-24","1318","Terra","MODIS","100","6.1NRT","297.7","60.71","N",,"fire_nrt_M-C61_803220.csv",30452,"NRT"
"-1.40676","110.12318","326.4","1.01","1.01","2026-08-24","1318","Terra","MODIS","100","6.1NRT","296.02","20.62","N",,"fire_nrt_M-C61_803220.csv",30453,"NRT"
"-1.40798","110.11433","312.82","1.01","1.01","2026-08-24","1318","Terra","MODIS","79","6.1NRT","295.66","7.66","N",,"fire_nrt_M-C61_803220.csv",30454,"NRT"
"-1.4092","110.10548","313.86","1.01","1.01","2026-08-24","1318","Terra","MODIS","60","6.1NRT","296.26","8.45","N",,"fire_nrt_M-C61_803220.csv",30455,"NRT"
"-1.39551","110.13963","328.55","1.01","1.01","2026-08-24","1318","Terra","MODIS","100","6.1NRT","296.81","23.85","N",,"fire_nrt_M-C61_803220.csv",30456,"NRT"
"-1.39672","110.13079","318.27","1.01","1.01","2026-08-24","1318","Terra","MODIS","96","6.1NRT","296.18","12.5","N",,"fire_nrt_M-C61_803220.csv",30457,"NRT"
"-1.40279","110.08654","306.98","1.01","1.01","2026-08-24","1318","Terra","MODIS","63","6.1NRT","294.96","4.57","N",,"fire_nrt_M-C61_803220.csv",30458,"NRT"
"-1.36817","110.20779","314.6","1.01","1","2026-08-24","1318","Terra","MODIS","88","6.1NRT","295.27","11","N",,"fire_nrt_M-C61_803220.csv",30460,"NRT"
"-1.37144","110.11826","308.01","1.01","1.01","2026-08-24","1318","Terra","MODIS","67","6.1NRT","295.18","5.22","N",,"fire_nrt_M-C61_803220.csv",30462,"NRT"
"-0.63878","110.14721","309","1.01","1","2026-08-24","1318","Terra","MODIS","74","6.1NRT","295.21","6.48","N",,"fire_nrt_M-C61_803220.csv",30514,"NRT"
"-0.62719","110.1008","307.5","1.01","1","2026-08-24","1318","Terra","MODIS","68","6.1NRT","294.94","5.5","N",,"fire_nrt_M-C61_803220.csv",30515,"NRT"
"-1.7429","110.23025","336.77","1.01","1.01","2026-08-24","1318","Terra","MODIS","100","6.1NRT","297.39","35.54","N",,"fire_nrt_M-C61_803220.csv",30516,"NRT"
"-0.54314","110.17276","308.04","1.01","1","2026-08-24","1318","Terra","MODIS","69","6.1NRT","294.76","5.72","N",,"fire_nrt_M-C61_803220.csv",30531,"NRT"
"-0.4513","110.42996","304.92","1","1","2026-08-24","1318","Terra","MODIS","55","6.1NRT","294.48","3.81","N",,"fire_nrt_M-C61_803220.csv",30595,"NRT"
"-0.61269","110.15887","303.53","1.16","1.07","2026-08-24","2025","Aqua","MODIS","56","6.1NRT","291.02","5.56","N",,"fire_nrt_M-C61_803220.csv",30711,"NRT"
"-1.38775","110.14119","309.73","1.18","1.08","2026-08-24","2025","Aqua","MODIS","45","6.1NRT","293.25","9","N",,"fire_nrt_M-C61_803220.csv",30718,"NRT"
"-1.3972","110.13982","322.06","1.18","1.08","2026-08-24","2025","Aqua","MODIS","100","6.1NRT","294.32","22.19","N",,"fire_nrt_M-C61_803220.csv",30719,"NRT"
"-1.40509","110.12824","323.68","1.18","1.08","2026-08-24","2025","Aqua","MODIS","100","6.1NRT","293.78","23.53","N",,"fire_nrt_M-C61_803220.csv",30721,"NRT"
"-1.40664","110.13845","310.25","1.18","1.08","2026-08-24","2025","Aqua","MODIS","26","6.1NRT","292.9","8.86","N",,"fire_nrt_M-C61_803220.csv",30722,"NRT"
"-1.41298","110.1167","311.56","1.17","1.08","2026-08-24","2025","Aqua","MODIS","52","6.1NRT","293.93","10.16","N",,"fire_nrt_M-C61_803220.csv",30727,"NRT"
"-1.42546","110.19857","308.43","1.19","1.08","2026-08-24","2025","Aqua","MODIS","74","6.1NRT","292.74","9.61","N",,"fire_nrt_M-C61_803220.csv",30728,"NRT"
"-1.41972","110.12055","315.73","1.18","1.08","2026-08-24","2025","Aqua","MODIS","92","6.1NRT","294.05","15.75","N",,"fire_nrt_M-C61_803220.csv",30729,"NRT"
"-1.42916","110.1192","304.89","1.18","1.08","2026-08-24","2025","Aqua","MODIS","62","6.1NRT","293.01","6.11","N",,"fire_nrt_M-C61_803220.csv",30730,"NRT"
"-1.47767","110.18542","304.71","1.19","1.08","2026-08-24","2025","Aqua","MODIS","7","6.1NRT","293.01","4.93","N",,"fire_nrt_M-C61_803220.csv",30733,"NRT"
"-1.47921","110.19575","307.3","1.19","1.08","2026-08-24","2025","Aqua","MODIS","50","6.1NRT","293.17","7.24","N",,"fire_nrt_M-C61_803220.csv",30734,"NRT"
"-1.48869","110.19432","327.75","1.19","1.08","2026-08-24","2025","Aqua","MODIS","100","6.1NRT","294.77","30","N",,"fire_nrt_M-C61_803220.csv",30735,"NRT"
"-1.49025","110.2047","333.56","1.19","1.09","2026-08-24","2025","Aqua","MODIS","100","6.1NRT","294.77","40.21","N",,"fire_nrt_M-C61_803220.csv",30736,"NRT"
"-1.49818","110.19296","315.39","1.19","1.08","2026-08-24","2025","Aqua","MODIS","71","6.1NRT","294.28","14.11","N",,"fire_nrt_M-C61_803220.csv",30737,"NRT"
"-1.49974","110.2033","313.4","1.19","1.09","2026-08-24","2025","Aqua","MODIS","55","6.1NRT","293.51","12.28","N",,"fire_nrt_M-C61_803220.csv",30738,"NRT"
"-1.50454","110.17101","306.22","1.19","1.08","2026-08-24","2025","Aqua","MODIS","43","6.1NRT","293.12","6.75","N",,"fire_nrt_M-C61_803220.csv",30739,"NRT"
"-1.58106","110.06954","310.23","1.17","1.08","2026-08-24","2025","Aqua","MODIS","79","6.1NRT","293.33","10.59","N",,"fire_nrt_M-C61_803220.csv",30742,"NRT"
"-1.66333","110.06236","304.3","1.17","1.08","2026-08-24","2025","Aqua","MODIS","59","6.1NRT","293.57","5.95","N",,"fire_nrt_M-C61_803220.csv",30746,"NRT"
"-1.74216","110.23386","315.05","1.2","1.09","2026-08-24","2025","Aqua","MODIS","90","6.1NRT","293.69","15.83","N",,"fire_nrt_M-C61_803220.csv",30747,"NRT"
"-1.73163","110.09795","304.45","1.18","1.08","2026-08-24","2025","Aqua","MODIS","60","6.1NRT","293.88","5.37","N",,"fire_nrt_M-C61_803220.csv",30748,"NRT"
"-1.75829","110.14664","304.38","1.19","1.09","2026-08-24","2025","Aqua","MODIS","60","6.1NRT","293.29","6.01","N",,"fire_nrt_M-C61_803220.csv",30750,"NRT"
"-1.81809","110.18513","329.26","1.2","1.09","2026-08-24","2025","Aqua","MODIS","100","6.1NRT","295.08","32","N",,"fire_nrt_M-C61_803220.csv",30751,"NRT"
"-1.81962","110.1955","326.67","1.2","1.09","2026-08-24","2025","Aqua","MODIS","100","6.1NRT","295.46","28.11","N",,"fire_nrt_M-C61_803220.csv",30752,"NRT"
"-1.83713","110.18236","326.57","1.2","1.09","2026-08-24","2025","Aqua","MODIS","100","6.1NRT","295.76","28.49","N",,"fire_nrt_M-C61_803220.csv",30753,"NRT"
"-1.84023","110.20319","316.55","1.2","1.09","2026-08-24","2025","Aqua","MODIS","29","6.1NRT","293.87","14.57","N",,"fire_nrt_M-C61_803220.csv",30754,"NRT"
"-1.84179","110.21361","318.07","1.2","1.09","2026-08-24","2025","Aqua","MODIS","54","6.1NRT","294.09","16.84","N",,"fire_nrt_M-C61_803220.csv",30755,"NRT"
"-1.84821","110.19139","339.95","1.2","1.09","2026-08-24","2025","Aqua","MODIS","100","6.1NRT","295.49","51.52","N",,"fire_nrt_M-C61_803220.csv",30756,"NRT"
"-1.84977","110.20181","348.77","1.2","1.09","2026-08-24","2025","Aqua","MODIS","100","6.1NRT","296.53","74.18","N",,"fire_nrt_M-C61_803220.csv",30757,"NRT"
"-1.8593","110.20042","308.53","1.2","1.09","2026-08-24","2025","Aqua","MODIS","14","6.1NRT","293.5","7.86","N",,"fire_nrt_M-C61_803220.csv",30758,"NRT"
"-1.86087","110.21083","306.09","1.2","1.09","2026-08-24","2025","Aqua","MODIS","25","6.1NRT","293.53","6.3","N",,"fire_nrt_M-C61_803220.csv",30759,"NRT"
"-1.87364","110.16643","303.66","1.2","1.09","2026-08-24","2025","Aqua","MODIS","20","6.1NRT","293.62","4.66","N",,"fire_nrt_M-C61_803220.csv",30760,"NRT"
"-1.88989","110.11525","307.36","1.19","1.09","2026-08-24","2025","Aqua","MODIS","71","6.1NRT","293.45","8.77","N",,"fire_nrt_M-C61_803220.csv",30761,"NRT"
"-1.92298","110.14212","304.08","1.2","1.09","2026-08-24","2025","Aqua","MODIS","34","6.1NRT","293.08","5.36","N",,"fire_nrt_M-C61_803220.csv",30763,"NRT"
"-1.9888","110.22277","308.08","1.21","1.09","2026-08-24","2025","Aqua","MODIS","73","6.1NRT","293.87","9.04","N",,"fire_nrt_M-C61_803220.csv",30768,"NRT"
"-2.22179","110.28457","324.23","1.23","1.1","2026-08-24","2027","Aqua","MODIS","100","6.1NRT","293.43","27.61","N",,"fire_nrt_M-C61_803220.csv",30770,"NRT"
"-2.22336","110.2951","309.06","1.23","1.1","2026-08-24","2027","Aqua","MODIS","76","6.1NRT","293.62","9.93","N",,"fire_nrt_M-C61_803220.csv",30771,"NRT"
"-2.22494","110.30579","303.59","1.23","1.1","2026-08-24","2027","Aqua","MODIS","28","6.1NRT","293.23","5.34","N",,"fire_nrt_M-C61_803220.csv",30772,"NRT"
"-2.26172","110.13211","309.22","1.21","1.09","2026-08-24","2027","Aqua","MODIS","77","6.1NRT","294.17","10.03","N",,"fire_nrt_M-C61_803220.csv",30773,"NRT"
"-2.35571","110.30217","307.63","1.24","1.1","2026-08-24","2027","Aqua","MODIS","72","6.1NRT","293.21","10","N",,"fire_nrt_M-C61_803220.csv",30776,"NRT"
"-2.35736","110.31307","315.69","1.24","1.11","2026-08-24","2027","Aqua","MODIS","92","6.1NRT","293.11","18.56","N",,"fire_nrt_M-C61_803220.csv",30777,"NRT"
"-0.61801","110.46931","311.21","1.76","1.3","2026-08-25","0139","Terra","MODIS","63","6.1NRT","294.55","14.93","D",,"fire_nrt_M-C61_803220.csv",30939,"NRT"
"-0.62073","110.15936","307.35","1.66","1.27","2026-08-25","0139","Terra","MODIS","27","6.1NRT","293.75","7.62","D",,"fire_nrt_M-C61_803220.csv",30940,"NRT"
"-1.40762","110.12233","322.23","1.7","1.28","2026-08-25","0139","Terra","MODIS","27","6.1NRT","297.84","27.08","D",,"fire_nrt_M-C61_803220.csv",30948,"NRT"
"-1.48698","110.19714","321.21","1.73","1.29","2026-08-25","0139","Terra","MODIS","60","6.1NRT","296.75","29.1","D",,"fire_nrt_M-C61_803220.csv",30949,"NRT"
"-1.49834","110.19559","336.61","1.73","1.29","2026-08-25","0139","Terra","MODIS","89","6.1NRT","298.93","72.12","D",,"fire_nrt_M-C61_803220.csv",30950,"NRT"
"-1.58421","110.07104","323.4","1.69","1.28","2026-08-25","0139","Terra","MODIS","79","6.1NRT","297.83","35.43","D",,"fire_nrt_M-C61_803220.csv",30951,"NRT"
"-1.73379","110.15137","314.5","1.73","1.29","2026-08-25","0139","Terra","MODIS","47","6.1NRT","298.02","12.85","D",,"fire_nrt_M-C61_803220.csv",30952,"NRT"
"-1.74471","110.22717","313.77","1.75","1.3","2026-08-25","0139","Terra","MODIS","23","6.1NRT","296.81","12.42","D",,"fire_nrt_M-C61_803220.csv",30953,"NRT"
"-1.74692","110.24245","314.19","1.76","1.3","2026-08-25","0139","Terra","MODIS","33","6.1NRT","296.3","14.45","D",,"fire_nrt_M-C61_803220.csv",30954,"NRT"
"-1.74455","110.23621","319.25","1.76","1.3","2026-08-25","0139","Terra","MODIS","64","6.1NRT","297","26.43","D",,"fire_nrt_M-C61_803220.csv",30955,"NRT"
"-1.81812","110.17975","354.97","1.74","1.29","2026-08-25","0139","Terra","MODIS","92","6.1NRT","298.2","149.87","D",,"fire_nrt_M-C61_803220.csv",30957,"NRT"
"-1.82029","110.19488","359.46","1.75","1.3","2026-08-25","0139","Terra","MODIS","99","6.1NRT","298.83","177.1","D",,"fire_nrt_M-C61_803220.csv",30958,"NRT"
"-1.8317","110.19337","326.79","1.75","1.3","2026-08-25","0139","Terra","MODIS","52","6.1NRT","298.59","39.09","D",,"fire_nrt_M-C61_803220.csv",30959,"NRT"
"-1.81822","110.18925","349.93","1.75","1.3","2026-08-25","0139","Terra","MODIS","95","6.1NRT","299.04","122.98","D",,"fire_nrt_M-C61_803220.csv",30962,"NRT"
"-1.82028","110.20447","321.76","1.75","1.3","2026-08-25","0139","Terra","MODIS","28","6.1NRT","296.1","27.37","D",,"fire_nrt_M-C61_803220.csv",30963,"NRT"
"-1.82963","110.18769","341","1.75","1.3","2026-08-25","0139","Terra","MODIS","84","6.1NRT","298.38","82.84","D",,"fire_nrt_M-C61_803220.csv",30964,"NRT"
"-1.84105","110.18618","340.26","1.75","1.3","2026-08-25","0139","Terra","MODIS","78","6.1NRT","299.01","79.23","D",,"fire_nrt_M-C61_803220.csv",30965,"NRT"
"-1.90177","110.63003","320.8","1.9","1.35","2026-08-25","0139","Terra","MODIS","75","6.1NRT","295.11","37.58","D",,"fire_nrt_M-C61_803220.csv",30966,"NRT"
"-1.85246","110.18463","327.32","1.75","1.3","2026-08-25","0139","Terra","MODIS","34","6.1NRT","296.74","39.35","D",,"fire_nrt_M-C61_803220.csv",30967,"NRT"
"-1.85457","110.19988","370.59","1.75","1.3","2026-08-25","0139","Terra","MODIS","100","6.1NRT","299.63","252.26","D",,"fire_nrt_M-C61_803220.csv",30968,"NRT"
"-1.89549","110.63653","321.53","1.9","1.35","2026-08-25","0139","Terra","MODIS","76","6.1NRT","295.24","37.15","D",,"fire_nrt_M-C61_803220.csv",30969,"NRT"
"-2.88445","110.34732","315","1.87","1.34","2026-08-25","0139","Terra","MODIS","61","6.1NRT","296.79","15.16","D",,"fire_nrt_M-C61_803220.csv",30976,"NRT"
"-2.89846","110.3621","314.68","1.87","1.34","2026-08-25","0139","Terra","MODIS","54","6.1NRT","297.79","14.65","D",,"fire_nrt_M-C61_803220.csv",30977,"NRT"
"-1.92621","110.13736","321.6","1.74","1.29","2026-08-25","0139","Terra","MODIS","61","6.1NRT","296.9","27","D",,"fire_nrt_M-C61_803220.csv",31006,"NRT"
"-1.92829","110.15251","316.99","1.74","1.29","2026-08-25","0139","Terra","MODIS","44","6.1NRT","297.56","18.43","D",,"fire_nrt_M-C61_803220.csv",31007,"NRT"
"-2.2713","110.1348","311.97","1.76","1.3","2026-08-25","0139","Terra","MODIS","0","6.1NRT","294.94","12.87","D",,"fire_nrt_M-C61_803220.csv",31012,"NRT"
"-2.95457","110.71297","316.59","2.48","1.52","2026-08-25","0843","Aqua","MODIS","70","6.1NRT","297.24","35.48","D",,"fire_nrt_M-C61_803220.csv",31155,"NRT"
"-2.86999","110.32716","316.74","2.31","1.47","2026-08-25","0843","Aqua","MODIS","69","6.1NRT","297.54","29.54","D",,"fire_nrt_M-C61_803220.csv",31163,"NRT"
"-2.85716","110.32516","311.7","2.31","1.47","2026-08-25","0843","Aqua","MODIS","33","6.1NRT","297.35","16.11","D",,"fire_nrt_M-C61_803220.csv",31164,"NRT"
"-2.68998","111.14081","321.04","2.71","1.58","2026-08-25","0843","Aqua","MODIS","76","6.1NRT","294.21","54.94","D",,"fire_nrt_M-C61_803220.csv",31172,"NRT"
"-2.65727","110.34332","319.23","2.34","1.48","2026-08-25","0843","Aqua","MODIS","69","6.1NRT","296.4","37.22","D",,"fire_nrt_M-C61_803220.csv",31187,"NRT"
"-2.19319","110.36519","314.31","2.4","1.49","2026-08-25","0843","Aqua","MODIS","65","6.1NRT","296.31","24.11","D",,"fire_nrt_M-C61_803220.csv",31229,"NRT"
"-2.19636","110.34446","324.41","2.39","1.49","2026-08-25","0843","Aqua","MODIS","79","6.1NRT","296.19","57.86","D",,"fire_nrt_M-C61_803220.csv",31230,"NRT"
"-2.13613","110.14344","313.6","2.3","1.47","2026-08-25","0843","Aqua","MODIS","29","6.1NRT","297.06","19.76","D",,"fire_nrt_M-C61_803220.csv",31240,"NRT"
"-2.12331","110.14149","314.93","2.3","1.47","2026-08-25","0843","Aqua","MODIS","46","6.1NRT","296.79","23.01","D",,"fire_nrt_M-C61_803220.csv",31241,"NRT"
"-2.07859","110.17563","323.46","2.32","1.47","2026-08-25","0843","Aqua","MODIS","78","6.1NRT","297.05","50.79","D",,"fire_nrt_M-C61_803220.csv",31243,"NRT"
"-2.07581","110.18848","317.23","2.33","1.48","2026-08-25","0843","Aqua","MODIS","64","6.1NRT","296.84","29.39","D",,"fire_nrt_M-C61_803220.csv",31247,"NRT"
"-2.0788","110.16839","317.48","2.32","1.47","2026-08-25","0843","Aqua","MODIS","67","6.1NRT","296.94","29.64","D",,"fire_nrt_M-C61_803220.csv",31248,"NRT"
"-1.90386","110.11578","317.18","2.31","1.47","2026-08-25","0843","Aqua","MODIS","41","6.1NRT","296.8","26.26","D",,"fire_nrt_M-C61_803220.csv",31262,"NRT"
"-1.90388","110.10869","318.25","2.31","1.47","2026-08-25","0843","Aqua","MODIS","68","6.1NRT","296.46","32.41","D",,"fire_nrt_M-C61_803220.csv",31265,"NRT"
"-1.86606","110.1853","353.98","2.35","1.48","2026-08-25","0843","Aqua","MODIS","97","6.1NRT","297.63","218.01","D",,"fire_nrt_M-C61_803220.csv",31266,"NRT"
"-1.75583","110.22566","327.07","2.38","1.49","2026-08-25","0843","Aqua","MODIS","0","6.1NRT","297.51","64.53","D",,"fire_nrt_M-C61_803220.csv",31278,"NRT"
"-1.49805","110.18772","326.36","2.39","1.49","2026-08-25","0843","Aqua","MODIS","77","6.1NRT","293.89","66.22","D",,"fire_nrt_M-C61_803220.csv",31292,"NRT"
"-1.49295","110.19111","313.93","3.85","1.83","2026-08-25","1359","Terra","MODIS","84","6.1NRT","286.94","81.99","N",,"fire_nrt_M-C61_803220.csv",31426,"NRT"
"-2.00584","110.20304","305.35","3.78","1.82","2026-08-25","1359","Terra","MODIS","28","6.1NRT","287.95","39.24","N",,"fire_nrt_M-C61_803220.csv",31451,"NRT"
"-1.86482","110.20848","308.88","3.8","1.82","2026-08-25","1359","Terra","MODIS","51","6.1NRT","283.25","52.85","N",,"fire_nrt_M-C61_803220.csv",31455,"NRT"
"-1.85378","110.17344","306.56","3.78","1.82","2026-08-25","1359","Terra","MODIS","11","6.1NRT","281.96","38.82","N",,"fire_nrt_M-C61_803220.csv",31456,"NRT"
"-1.83788","110.17113","317.09","3.78","1.82","2026-08-25","1359","Terra","MODIS","31","6.1NRT","281.18","87.61","N",,"fire_nrt_M-C61_803220.csv",31458,"NRT"
"-1.85606","110.20194","318.27","3.8","1.82","2026-08-25","1359","Terra","MODIS","88","6.1NRT","282.37","101.75","N",,"fire_nrt_M-C61_803220.csv",31459,"NRT"
"-1.84481","110.16679","314.03","3.78","1.82","2026-08-25","1359","Terra","MODIS","84","6.1NRT","281.16","78.94","N",,"fire_nrt_M-C61_803220.csv",31460,"NRT"
"-1.82892","110.16444","305.41","3.78","1.82","2026-08-25","1359","Terra","MODIS","29","6.1NRT","280.17","41.37","N",,"fire_nrt_M-C61_803220.csv",31464,"NRT"
"-1.48531","110.1953","309.51","3.85","1.83","2026-08-25","1359","Terra","MODIS","67","6.1NRT","287.02","58.7","N",,"fire_nrt_M-C61_803220.csv",31471,"NRT"
"-1.42256","110.1133","320.27","3.8","1.82","2026-08-25","1359","Terra","MODIS","100","6.1NRT","280.71","125.22","N",,"fire_nrt_M-C61_803220.csv",31472,"NRT"
"-1.40665","110.11081","313.8","3.8","1.82","2026-08-25","1359","Terra","MODIS","83","6.1NRT","277.75","87.7","N",,"fire_nrt_M-C61_803220.csv",31473,"NRT"
"-1.40916","110.13795","312.08","3.82","1.83","2026-08-25","1359","Terra","MODIS","77","6.1NRT","279.96","77.11","N",,"fire_nrt_M-C61_803220.csv",31474,"NRT"
"-1.41377","110.10513","323.95","3.8","1.82","2026-08-25","1359","Terra","MODIS","100","6.1NRT","278.56","150.85","N",,"fire_nrt_M-C61_803220.csv",31475,"NRT"
"-2.94142","110.3262","312.22","3.51","1.76","2026-08-26","0744","Aqua","MODIS","0","6.1NRT","298.21","32.02","D",,"fire_nrt_M-C61_803220.csv",31833,"NRT"
"-2.94523","110.32222","312.65","3.51","1.76","2026-08-26","0744","Aqua","MODIS","28","6.1NRT","298.08","28.36","D",,"fire_nrt_M-C61_803220.csv",31835,"NRT"
"-2.67786","111.10359","313.1","3","1.65","2026-08-26","0744","Aqua","MODIS","48","6.1NRT","296.28","27.09","D",,"fire_nrt_M-C61_803220.csv",31864,"NRT"
"-2.72912","110.31496","314.3","3.49","1.76","2026-08-26","0744","Aqua","MODIS","62","6.1NRT","296.86","43.82","D",,"fire_nrt_M-C61_803220.csv",31882,"NRT"
"-2.72823","110.34101","311.28","3.47","1.75","2026-08-26","0744","Aqua","MODIS","51","6.1NRT","296.8","27.6","D",,"fire_nrt_M-C61_803220.csv",31889,"NRT"
"-2.73263","110.31105","312.43","3.49","1.76","2026-08-26","0744","Aqua","MODIS","56","6.1NRT","296.71","34.55","D",,"fire_nrt_M-C61_803220.csv",31890,"NRT"
"-2.66711","110.33231","319.01","3.47","1.75","2026-08-26","0744","Aqua","MODIS","70","6.1NRT","296.94","60.96","D",,"fire_nrt_M-C61_803220.csv",31897,"NRT"
"-2.65183","110.33012","317.61","3.47","1.75","2026-08-26","0744","Aqua","MODIS","57","6.1NRT","296.44","53.07","D",,"fire_nrt_M-C61_803220.csv",31899,"NRT"
"-2.57725","110.64431","313.11","3.26","1.71","2026-08-26","0744","Aqua","MODIS","59","6.1NRT","296.07","30.34","D",,"fire_nrt_M-C61_803220.csv",31901,"NRT"
"-2.65445","110.32314","321.8","3.47","1.75","2026-08-26","0744","Aqua","MODIS","58","6.1NRT","296.55","74.41","D",,"fire_nrt_M-C61_803220.csv",31904,"NRT"
"-2.57746","110.63712","314.2","3.26","1.71","2026-08-26","0744","Aqua","MODIS","62","6.1NRT","296.06","37","D",,"fire_nrt_M-C61_803220.csv",31908,"NRT"
"-2.06855","110.36111","313.94","3.37","1.73","2026-08-26","0744","Aqua","MODIS","46","6.1NRT","294.06","35.73","D",,"fire_nrt_M-C61_803220.csv",31960,"NRT"
"-1.71933","110.25052","313.52","3.39","1.74","2026-08-26","0744","Aqua","MODIS","41","6.1NRT","294.83","34.78","D",,"fire_nrt_M-C61_803220.csv",31994,"NRT"
"-0.73049","110.33682","340.46","3.21","1.7","2026-08-26","0744","Aqua","MODIS","91","6.1NRT","292.25","216.46","D",,"fire_nrt_M-C61_803220.csv",32049,"NRT"
"-0.72653","110.35973","312.36","3.19","1.69","2026-08-26","0744","Aqua","MODIS","49","6.1NRT","292.65","34.45","D",,"fire_nrt_M-C61_803220.csv",32052,"NRT"
"-0.73073","110.33228","339.15","3.21","1.7","2026-08-26","0744","Aqua","MODIS","85","6.1NRT","291.96","202.05","D",,"fire_nrt_M-C61_803220.csv",32053,"NRT"
"-2.91079","110.69823","308.07","1.9","1.35","2026-08-26","1259","Terra","MODIS","71","6.1NRT","295.27","15.58","N",,"fire_nrt_M-C61_803220.csv",32535,"NRT"
"-2.91307","110.68165","305.32","1.91","1.35","2026-08-26","1259","Terra","MODIS","59","6.1NRT","295.15","11.31","N",,"fire_nrt_M-C61_803220.csv",32536,"NRT"
"-2.64858","110.33322","305.75","2.02","1.38","2026-08-26","1259","Terra","MODIS","61","6.1NRT","294.34","13.35","N",,"fire_nrt_M-C61_803220.csv",32621,"NRT"
"-2.25052","110.65132","304.85","1.87","1.34","2026-08-26","1259","Terra","MODIS","54","6.1NRT","294.44","10.46","N",,"fire_nrt_M-C61_803220.csv",32672,"NRT"
"-2.29166","110.34942","307.79","1.98","1.37","2026-08-26","1259","Terra","MODIS","68","6.1NRT","294.21","16.58","N",,"fire_nrt_M-C61_803220.csv",32673,"NRT"
"-2.23969","110.46367","304.49","1.94","1.36","2026-08-26","1259","Terra","MODIS","52","6.1NRT","294.35","9.8","N",,"fire_nrt_M-C61_803220.csv",32677,"NRT"
"-2.25101","110.37867","312.39","1.97","1.37","2026-08-26","1259","Terra","MODIS","83","6.1NRT","294.16","24.89","N",,"fire_nrt_M-C61_803220.csv",32678,"NRT"
"-2.23901","110.37704","304.33","1.97","1.37","2026-08-26","1259","Terra","MODIS","51","6.1NRT","293.99","10.42","N",,"fire_nrt_M-C61_803220.csv",32679,"NRT"
"-2.19623","110.61013","304.63","1.89","1.34","2026-08-26","1259","Terra","MODIS","53","6.1NRT","294.27","9.53","N",,"fire_nrt_M-C61_803220.csv",32681,"NRT"
"-2.25912","110.13003","329.01","2.07","1.4","2026-08-26","1259","Terra","MODIS","100","6.1NRT","294.82","73.96","N",,"fire_nrt_M-C61_803220.csv",32682,"NRT"
"-2.24322","110.38876","305.08","1.96","1.37","2026-08-26","1259","Terra","MODIS","47","6.1NRT","293.98","10.86","N",,"fire_nrt_M-C61_803220.csv",32684,"NRT"
"-2.24562","110.3717","309.59","1.97","1.37","2026-08-26","1259","Terra","MODIS","74","6.1NRT","293.98","19.08","N",,"fire_nrt_M-C61_803220.csv",32685,"NRT"
"-2.26529","110.1429","311.07","2.06","1.4","2026-08-26","1259","Terra","MODIS","79","6.1NRT","294.29","23.92","N",,"fire_nrt_M-C61_803220.csv",32688,"NRT"
"-2.11472","111.05713","333.64","1.73","1.29","2026-08-26","1259","Terra","MODIS","100","6.1NRT","295.27","70.78","N",,"fire_nrt_M-C61_803220.csv",32690,"NRT"
"-2.11684","111.04167","316.29","1.74","1.29","2026-08-26","1259","Terra","MODIS","92","6.1NRT","294.26","27.54","N",,"fire_nrt_M-C61_803220.csv",32691,"NRT"
"-2.19258","110.31202","304.59","1.99","1.38","2026-08-26","1259","Terra","MODIS","52","6.1NRT","294.01","9.6","N",,"fire_nrt_M-C61_803220.csv",32693,"NRT"
"-2.18052","110.31046","305.5","1.99","1.38","2026-08-26","1259","Terra","MODIS","57","6.1NRT","293.84","11.4","N",,"fire_nrt_M-C61_803220.csv",32695,"NRT"
"-2.1443","110.26441","316.41","2","1.38","2026-08-26","1259","Terra","MODIS","92","6.1NRT","294.33","34.85","N",,"fire_nrt_M-C61_803220.csv",32711,"NRT"
"-2.0028","111.03558","306.78","1.73","1.29","2026-08-26","1259","Terra","MODIS","63","6.1NRT","293.63","11.94","N",,"fire_nrt_M-C61_803220.csv",32719,"NRT"
"-2.11012","110.15235","310.84","2.04","1.39","2026-08-26","1259","Terra","MODIS","78","6.1NRT","294.49","21.32","N",,"fire_nrt_M-C61_803220.csv",32721,"NRT"
"-2.1125","110.13457","316.3","2.05","1.39","2026-08-26","1259","Terra","MODIS","92","6.1NRT","294.49","34.47","N",,"fire_nrt_M-C61_803220.csv",32722,"NRT"
"-2.05809","110.35793","308.11","1.96","1.37","2026-08-26","1259","Terra","MODIS","69","6.1NRT","294.12","16.22","N",,"fire_nrt_M-C61_803220.csv",32726,"NRT"
"-2.08105","110.18439","307.76","2.03","1.39","2026-08-26","1259","Terra","MODIS","68","6.1NRT","294.46","15.5","N",,"fire_nrt_M-C61_803220.csv",32727,"NRT"
"-2.06889","110.18273","349.9","2.03","1.39","2026-08-26","1259","Terra","MODIS","100","6.1NRT","296.55","167.73","N",,"fire_nrt_M-C61_803220.csv",32728,"NRT"
"-2.0712","110.16505","310.17","2.04","1.39","2026-08-26","1259","Terra","MODIS","52","6.1NRT","294.48","19.07","N",,"fire_nrt_M-C61_803220.csv",32729,"NRT"
"-2.06468","110.35249","304.54","1.96","1.37","2026-08-26","1259","Terra","MODIS","11","6.1NRT","294.01","9.14","N",,"fire_nrt_M-C61_803220.csv",32730,"NRT"
"-2.07447","110.19508","314.91","2.02","1.39","2026-08-26","1259","Terra","MODIS","89","6.1NRT","294.74","30.45","N",,"fire_nrt_M-C61_803220.csv",32731,"NRT"
"-2.07693","110.17748","332.48","2.03","1.39","2026-08-26","1259","Terra","MODIS","100","6.1NRT","295.83","84.22","N",,"fire_nrt_M-C61_803220.csv",32732,"NRT"
"-2.06233","110.19345","309.78","2.02","1.39","2026-08-26","1259","Terra","MODIS","75","6.1NRT","294.28","20.16","N",,"fire_nrt_M-C61_803220.csv",32733,"NRT"
"-2.06477","110.17585","325.14","2.03","1.39","2026-08-26","1259","Terra","MODIS","100","6.1NRT","294.97","59.58","N",,"fire_nrt_M-C61_803220.csv",32734,"NRT"
"-1.98715","110.20109","304.93","2.02","1.38","2026-08-26","1259","Terra","MODIS","54","6.1NRT","294.38","10.7","N",,"fire_nrt_M-C61_803220.csv",32737,"NRT"
"-1.99234","110.2141","307.65","2.01","1.38","2026-08-26","1259","Terra","MODIS","68","6.1NRT","294.76","15.36","N",,"fire_nrt_M-C61_803220.csv",32738,"NRT"
"-1.92442","110.1692","305.44","2.02","1.39","2026-08-26","1259","Terra","MODIS","36","6.1NRT","293.99","10.74","N",,"fire_nrt_M-C61_803220.csv",32746,"NRT"
"-1.93157","110.11615","320.14","2.04","1.39","2026-08-26","1259","Terra","MODIS","100","6.1NRT","294.37","44.65","N",,"fire_nrt_M-C61_803220.csv",32747,"NRT"
"-1.89498","110.11116","309.37","2.04","1.39","2026-08-26","1259","Terra","MODIS","74","6.1NRT","293.96","19.35","N",,"fire_nrt_M-C61_803220.csv",32749,"NRT"
"-1.86432","110.20796","307.22","2","1.38","2026-08-26","1259","Terra","MODIS","66","6.1NRT","294.36","13.85","N",,"fire_nrt_M-C61_803220.csv",32751,"NRT"
"-1.86673","110.1905","317.28","2.01","1.38","2026-08-26","1259","Terra","MODIS","94","6.1NRT","294.68","34.4","N",,"fire_nrt_M-C61_803220.csv",32752,"NRT"
"-1.83575","110.32668","306.38","1.96","1.37","2026-08-26","1259","Terra","MODIS","62","6.1NRT","294.16","13.46","N",,"fire_nrt_M-C61_803220.csv",32753,"NRT"
"-1.85224","110.20627","325.1","2","1.38","2026-08-26","1259","Terra","MODIS","100","6.1NRT","294.48","55.33","N",,"fire_nrt_M-C61_803220.csv",32754,"NRT"
"-1.85463","110.18884","318.45","2.01","1.38","2026-08-26","1259","Terra","MODIS","97","6.1NRT","294.54","35.75","N",,"fire_nrt_M-C61_803220.csv",32755,"NRT"
"-1.84015","110.20462","315.28","2","1.38","2026-08-26","1259","Terra","MODIS","65","6.1NRT","294.02","27.03","N",,"fire_nrt_M-C61_803220.csv",32756,"NRT"
"-1.84252","110.18718","310.88","2.01","1.38","2026-08-26","1259","Terra","MODIS","17","6.1NRT","294.45","16.88","N",,"fire_nrt_M-C61_803220.csv",32757,"NRT"
"-1.8449","110.1697","328.77","2.02","1.38","2026-08-26","1259","Terra","MODIS","100","6.1NRT","295.65","65.07","N",,"fire_nrt_M-C61_803220.csv",32758,"NRT"
"-1.83277","110.16805","321.49","2.02","1.38","2026-08-26","1259","Terra","MODIS","100","6.1NRT","294.93","44.26","N",,"fire_nrt_M-C61_803220.csv",32759,"NRT"
"-1.81831","110.18386","305.14","2.01","1.38","2026-08-26","1259","Terra","MODIS","29","6.1NRT","294.11","9.45","N",,"fire_nrt_M-C61_803220.csv",32760,"NRT"
"-1.82065","110.16636","309.48","2.02","1.38","2026-08-26","1259","Terra","MODIS","74","6.1NRT","294.44","17.86","N",,"fire_nrt_M-C61_803220.csv",32761,"NRT"
"-1.74379","110.2389","320.48","1.98","1.37","2026-08-26","1259","Terra","MODIS","100","6.1NRT","294.39","42.49","N",,"fire_nrt_M-C61_803220.csv",32771,"NRT"
"-1.74614","110.2216","309.95","1.99","1.38","2026-08-26","1259","Terra","MODIS","76","6.1NRT","294.09","18.91","N",,"fire_nrt_M-C61_803220.csv",32772,"NRT"
"-1.74348","110.15044","320.58","2.02","1.38","2026-08-26","1259","Terra","MODIS","100","6.1NRT","293.96","43.66","N",,"fire_nrt_M-C61_803220.csv",32775,"NRT"
"-1.69035","110.45477","306.94","1.9","1.35","2026-08-26","1259","Terra","MODIS","65","6.1NRT","293.24","13.8","N",,"fire_nrt_M-C61_803220.csv",32777,"NRT"
"-1.71512","110.26995","310.23","1.97","1.37","2026-08-26","1259","Terra","MODIS","77","6.1NRT","294.05","18.68","N",,"fire_nrt_M-C61_803220.csv",32778,"NRT"
"-1.73136","110.14876","305.34","2.02","1.38","2026-08-26","1259","Terra","MODIS","57","6.1NRT","293.73","10.49","N",,"fire_nrt_M-C61_803220.csv",32779,"NRT"
"-1.70313","110.26831","305.73","1.97","1.37","2026-08-26","1259","Terra","MODIS","32","6.1NRT","293.96","10.37","N",,"fire_nrt_M-C61_803220.csv",32780,"NRT"
"-1.72702","110.14175","305.34","2.02","1.38","2026-08-26","1259","Terra","MODIS","58","6.1NRT","293.77","9.83","N",,"fire_nrt_M-C61_803220.csv",32786,"NRT"
"-1.6979","110.26118","308.05","1.97","1.37","2026-08-26","1259","Terra","MODIS","46","6.1NRT","293.99","14.06","N",,"fire_nrt_M-C61_803220.csv",32787,"NRT"
"-1.66014","110.44438","307.94","1.9","1.35","2026-08-26","1259","Terra","MODIS","69","6.1NRT","293.24","15.14","N",,"fire_nrt_M-C61_803220.csv",32788,"NRT"
"-1.66245","110.42781","304.29","1.91","1.35","2026-08-26","1259","Terra","MODIS","45","6.1NRT","293.11","9.33","N",,"fire_nrt_M-C61_803220.csv",32789,"NRT"
"-1.49767","110.2042","308.11","1.98","1.37","2026-08-26","1259","Terra","MODIS","63","6.1NRT","294.03","15.17","N",,"fire_nrt_M-C61_803220.csv",32798,"NRT"
"-1.50004","110.18706","312.23","1.98","1.37","2026-08-26","1259","Terra","MODIS","83","6.1NRT","294.28","23.57","N",,"fire_nrt_M-C61_803220.csv",32799,"NRT"
"-1.50244","110.16979","305.37","1.99","1.38","2026-08-26","1259","Terra","MODIS","36","6.1NRT","293.77","10.98","N",,"fire_nrt_M-C61_803220.csv",32800,"NRT"
"-1.4833","110.21967","304.34","1.97","1.37","2026-08-26","1259","Terra","MODIS","14","6.1NRT","293.38","8.99","N",,"fire_nrt_M-C61_803220.csv",32801,"NRT"
"-1.48566","110.20254","310.67","1.98","1.37","2026-08-26","1259","Terra","MODIS","74","6.1NRT","293.63","19.33","N",,"fire_nrt_M-C61_803220.csv",32802,"NRT"
"-1.488","110.18547","311.21","1.98","1.37","2026-08-26","1259","Terra","MODIS","59","6.1NRT","293.89","19.76","N",,"fire_nrt_M-C61_803220.csv",32803,"NRT"
"-1.38975","110.64252","333.13","1.82","1.32","2026-08-26","1259","Terra","MODIS","100","6.1NRT","294.21","73.34","N",,"fire_nrt_M-C61_803220.csv",32805,"NRT"
"-1.39188","110.62665","304.89","1.82","1.32","2026-08-26","1259","Terra","MODIS","56","6.1NRT","293.48","8.51","N",,"fire_nrt_M-C61_803220.csv",32806,"NRT"
"-1.38126","110.63548","305.6","1.82","1.32","2026-08-26","1259","Terra","MODIS","60","6.1NRT","293.57","9.62","N",,"fire_nrt_M-C61_803220.csv",32808,"NRT"
"-1.4154","110.13457","309.11","2","1.38","2026-08-26","1259","Terra","MODIS","66","6.1NRT","293.84","16.96","N",,"fire_nrt_M-C61_803220.csv",32809,"NRT"
"-1.41782","110.11716","328.05","2","1.38","2026-08-26","1259","Terra","MODIS","100","6.1NRT","294.73","66.16","N",,"fire_nrt_M-C61_803220.csv",32810,"NRT"
"-1.40333","110.13297","305.49","2","1.38","2026-08-26","1259","Terra","MODIS","25","6.1NRT","293.84","10.56","N",,"fire_nrt_M-C61_803220.csv",32811,"NRT"
"-1.40572","110.11559","305.51","2","1.38","2026-08-26","1259","Terra","MODIS","21","6.1NRT","293.59","10.53","N",,"fire_nrt_M-C61_803220.csv",32812,"NRT"
"-1.03236","110.56886","316.71","1.82","1.32","2026-08-26","1259","Terra","MODIS","93","6.1NRT","293.1","29.75","N",,"fire_nrt_M-C61_803220.csv",32818,"NRT"
"-1.03449","110.55308","308.59","1.82","1.32","2026-08-26","1259","Terra","MODIS","73","6.1NRT","293.03","14.92","N",,"fire_nrt_M-C61_803220.csv",32819,"NRT"
"-1.02397","110.56213","322.29","1.82","1.32","2026-08-26","1259","Terra","MODIS","100","6.1NRT","293.01","41.73","N",,"fire_nrt_M-C61_803220.csv",32821,"NRT"
"-0.9596","110.60183","306.54","1.8","1.32","2026-08-26","1259","Terra","MODIS","66","6.1NRT","292.81","11.21","N",,"fire_nrt_M-C61_803220.csv",32822,"NRT"
"-0.72013","110.33884","327.69","1.87","1.34","2026-08-26","1259","Terra","MODIS","100","6.1NRT","287.6","64.51","N",,"fire_nrt_M-C61_803220.csv",32834,"NRT"
"-0.64131","110.57108","311.72","1.79","1.31","2026-08-26","1259","Terra","MODIS","67","6.1NRT","292.01","21.52","N",,"fire_nrt_M-C61_803220.csv",32838,"NRT"
"-0.64161","110.58128","303.26","1.79","1.31","2026-08-26","1259","Terra","MODIS","25","6.1NRT","292.06","8.16","N",,"fire_nrt_M-C61_803220.csv",32842,"NRT"
"-0.64382","110.56567","308.95","1.79","1.31","2026-08-26","1259","Terra","MODIS","59","6.1NRT","291.41","17.51","N",,"fire_nrt_M-C61_803220.csv",32843,"NRT"
"-1.38014","110.65215","304.65","1.21","1.1","2026-08-26","2004","Aqua","MODIS","61","6.1NRT","291.19","6.63","N",,"fire_nrt_M-C61_803220.csv",32925,"NRT"
"-1.3683","110.11716","303.97","1.31","1.14","2026-08-26","2004","Aqua","MODIS","54","6.1NRT","287.64","8.06","N",,"fire_nrt_M-C61_803220.csv",32929,"NRT"
"-1.37","110.12854","303.82","1.31","1.13","2026-08-26","2004","Aqua","MODIS","57","6.1NRT","287.47","7.55","N",,"fire_nrt_M-C61_803220.csv",32930,"NRT"
"-1.41241","110.12806","309.86","1.31","1.13","2026-08-26","2004","Aqua","MODIS","55","6.1NRT","289.01","12.51","N",,"fire_nrt_M-C61_803220.csv",32943,"NRT"
"-1.44727","110.15754","304.97","1.3","1.13","2026-08-26","2004","Aqua","MODIS","46","6.1NRT","293.06","7.86","N",,"fire_nrt_M-C61_803220.csv",32952,"NRT"
"-1.48196","110.18686","311.89","1.29","1.13","2026-08-26","2004","Aqua","MODIS","57","6.1NRT","293.03","13.48","N",,"fire_nrt_M-C61_803220.csv",32956,"NRT"
"-1.48358","110.19135","315.36","1.29","1.13","2026-08-26","2004","Aqua","MODIS","58","6.1NRT","291.97","15.88","N",,"fire_nrt_M-C61_803220.csv",32958,"NRT"
"-1.49517","110.20103","315.81","1.29","1.13","2026-08-26","2004","Aqua","MODIS","61","6.1NRT","293.15","17.07","N",,"fire_nrt_M-C61_803220.csv",32959,"NRT"
"-1.68582","110.44685","303.88","1.24","1.11","2026-08-26","2004","Aqua","MODIS","54","6.1NRT","289.39","7.41","N",,"fire_nrt_M-C61_803220.csv",32979,"NRT"
"-1.73306","110.15308","300.8","1.29","1.13","2026-08-26","2004","Aqua","MODIS","26","6.1NRT","286.45","5.15","N",,"fire_nrt_M-C61_803220.csv",32998,"NRT"
"-1.82833","110.16724","320.51","1.28","1.12","2026-08-26","2004","Aqua","MODIS","94","6.1NRT","294.37","22.23","N",,"fire_nrt_M-C61_803220.csv",33005,"NRT"
"-1.83982","110.1769","331.1","1.28","1.12","2026-08-26","2004","Aqua","MODIS","100","6.1NRT","295.77","39.77","N",,"fire_nrt_M-C61_803220.csv",33006,"NRT"
"-1.84483","110.21014","313.37","1.27","1.12","2026-08-26","2004","Aqua","MODIS","87","6.1NRT","292.76","14.53","N",,"fire_nrt_M-C61_803220.csv",33007,"NRT"
"-1.85296","110.1976","313.61","1.28","1.12","2026-08-26","2004","Aqua","MODIS","81","6.1NRT","294.09","13.77","N",,"fire_nrt_M-C61_803220.csv",33008,"NRT"
"-1.85341","110.19084","313.43","1.28","1.12","2026-08-26","2004","Aqua","MODIS","87","6.1NRT","293.63","13.68","N",,"fire_nrt_M-C61_803220.csv",33009,"NRT"
"-1.85514","110.2019","313.23","1.27","1.12","2026-08-26","2004","Aqua","MODIS","84","6.1NRT","294.2","13.64","N",,"fire_nrt_M-C61_803220.csv",33010,"NRT"
"-1.86494","110.20045","304.47","1.27","1.12","2026-08-26","2004","Aqua","MODIS","27","6.1NRT","293.25","5.73","N",,"fire_nrt_M-C61_803220.csv",33011,"NRT"
"-1.89221","110.11679","305.23","1.29","1.13","2026-08-26","2004","Aqua","MODIS","63","6.1NRT","293.15","8.06","N",,"fire_nrt_M-C61_803220.csv",33013,"NRT"
"-1.92034","110.16957","312.3","1.28","1.12","2026-08-26","2004","Aqua","MODIS","85","6.1NRT","293.09","14.11","N",,"fire_nrt_M-C61_803220.csv",33015,"NRT"
"-1.92175","110.11237","306.65","1.29","1.13","2026-08-26","2004","Aqua","MODIS","69","6.1NRT","293.43","9.05","N",,"fire_nrt_M-C61_803220.csv",33018,"NRT"
"-1.92343","110.12354","316.86","1.29","1.13","2026-08-26","2004","Aqua","MODIS","94","6.1NRT","293.81","19.85","N",,"fire_nrt_M-C61_803220.csv",33019,"NRT"
"-1.9268","110.1459","303.43","1.28","1.12","2026-08-26","2004","Aqua","MODIS","55","6.1NRT","293.1","5.9","N",,"fire_nrt_M-C61_803220.csv",33020,"NRT"
"-1.98962","110.20995","304.03","1.27","1.12","2026-08-26","2004","Aqua","MODIS","58","6.1NRT","293.55","6.25","N",,"fire_nrt_M-C61_803220.csv",33021,"NRT"
"-2.06676","110.18035","321.79","1.27","1.12","2026-08-26","2004","Aqua","MODIS","100","6.1NRT","294.56","26.39","N",,"fire_nrt_M-C61_803220.csv",33035,"NRT"
"-2.06845","110.19135","326.8","1.27","1.12","2026-08-26","2004","Aqua","MODIS","100","6.1NRT","295.04","34.02","N",,"fire_nrt_M-C61_803220.csv",33036,"NRT"
"-2.11064","110.1399","303.1","1.28","1.12","2026-08-26","2004","Aqua","MODIS","53","6.1NRT","292.79","6.04","N",,"fire_nrt_M-C61_803220.csv",33037,"NRT"
"-2.11231","110.15096","307.63","1.27","1.12","2026-08-26","2004","Aqua","MODIS","72","6.1NRT","292.99","10.11","N",,"fire_nrt_M-C61_803220.csv",33038,"NRT"
"-2.25367","110.12868","308.99","1.27","1.12","2026-08-26","2004","Aqua","MODIS","61","6.1NRT","293.64","10.48","N",,"fire_nrt_M-C61_803220.csv",33048,"NRT"
"-2.25536","110.1397","310.08","1.27","1.12","2026-08-26","2004","Aqua","MODIS","79","6.1NRT","293.58","11.68","N",,"fire_nrt_M-C61_803220.csv",33049,"NRT"
"-2.26514","110.13824","308.95","1.27","1.12","2026-08-26","2004","Aqua","MODIS","76","6.1NRT","293.89","10.52","N",,"fire_nrt_M-C61_803220.csv",33051,"NRT"
"-2.90478","110.69306","306.02","1.16","1.07","2026-08-26","2004","Aqua","MODIS","47","6.1NRT","293.78","6.85","N",,"fire_nrt_M-C61_803220.csv",33094,"NRT"
"-2.18528","110.3159","312.49","1","1","2026-08-27","0120","Terra","MODIS","54","6.1NRT","294.49","6.22","D",,"fire_nrt_M-C61_803220.csv",33134,"NRT"
"-1.01033","110.6747","309.4","1","1","2026-08-27","0120","Terra","MODIS","62","6.1NRT","294.63","5.82","D",,"fire_nrt_M-C61_803220.csv",33136,"NRT"
"-1.38505","110.65183","311.32","1","1","2026-08-27","0120","Terra","MODIS","65","6.1NRT","296.9","5.84","D",,"fire_nrt_M-C61_803220.csv",33146,"NRT"
"-1.39261","110.64182","310.78","1","1","2026-08-27","0120","Terra","MODIS","50","6.1NRT","296.68","5.38","D",,"fire_nrt_M-C61_803220.csv",33148,"NRT"
"-1.37437","110.12034","338.11","1","1","2026-08-27","0120","Terra","MODIS","90","6.1NRT","297.95","33.98","D",,"fire_nrt_M-C61_803220.csv",33150,"NRT"
"-1.41091","110.12424","333.13","1","1","2026-08-27","0120","Terra","MODIS","87","6.1NRT","296.54","25.19","D",,"fire_nrt_M-C61_803220.csv",33151,"NRT"
"-1.41847","110.11425","333.73","1","1","2026-08-27","0120","Terra","MODIS","75","6.1NRT","297.53","26.64","D",,"fire_nrt_M-C61_803220.csv",33152,"NRT"
"-1.41973","110.12302","342.95","1","1","2026-08-27","0120","Terra","MODIS","92","6.1NRT","296.04","41.26","D",,"fire_nrt_M-C61_803220.csv",33153,"NRT"
"-1.43099","110.20187","312.21","1","1","2026-08-27","0120","Terra","MODIS","66","6.1NRT","295.22","6.78","D",,"fire_nrt_M-C61_803220.csv",33154,"NRT"
"-1.45376","110.15657","318.77","1","1","2026-08-27","0120","Terra","MODIS","75","6.1NRT","295.74","12.19","D",,"fire_nrt_M-C61_803220.csv",33155,"NRT"
"-1.45752","110.18285","315.92","1","1","2026-08-27","0120","Terra","MODIS","72","6.1NRT","297.45","8.97","D",,"fire_nrt_M-C61_803220.csv",33156,"NRT"
"-1.55905","110.8307","308.72","1.01","1","2026-08-27","0120","Terra","MODIS","58","6.1NRT","293.57","5.18","D",,"fire_nrt_M-C61_803220.csv",33158,"NRT"
"-1.48142","110.2242","314.39","1","1","2026-08-27","0120","Terra","MODIS","70","6.1NRT","295.96","8.45","D",,"fire_nrt_M-C61_803220.csv",33164,"NRT"
"-1.48523","110.18796","331.78","1","1","2026-08-27","0120","Terra","MODIS","84","6.1NRT","296.89","24.21","D",,"fire_nrt_M-C61_803220.csv",33165,"NRT"
"-1.4953","110.1955","358.59","1","1","2026-08-27","0120","Terra","MODIS","99","6.1NRT","303.44","74.93","D",,"fire_nrt_M-C61_803220.csv",33166,"NRT"
"-1.49655","110.20426","328.57","1","1","2026-08-27","0120","Terra","MODIS","58","6.1NRT","298.42","19.35","D",,"fire_nrt_M-C61_803220.csv",33167,"NRT"
"-1.50411","110.19428","318.9","1","1","2026-08-27","0120","Terra","MODIS","38","6.1NRT","298.17","10.76","D",,"fire_nrt_M-C61_803220.csv",33168,"NRT"
"-1.50917","110.16679","327.35","1","1","2026-08-27","0120","Terra","MODIS","83","6.1NRT","297.01","20.33","D",,"fire_nrt_M-C61_803220.csv",33171,"NRT"
"-1.52833","110.09551","314.2","1","1","2026-08-27","0120","Terra","MODIS","69","6.1NRT","294.87","8.82","D",,"fire_nrt_M-C61_803220.csv",33173,"NRT"
"-1.57875","110.07069","316.72","1","1","2026-08-27","0120","Terra","MODIS","73","6.1NRT","299.05","9.85","D",,"fire_nrt_M-C61_803220.csv",33175,"NRT"
"-1.68809","110.44217","357.15","1","1","2026-08-27","0120","Terra","MODIS","98","6.1NRT","296.93","74.45","D",,"fire_nrt_M-C61_803220.csv",33182,"NRT"
"-1.68934","110.45093","339.62","1","1","2026-08-27","0120","Terra","MODIS","91","6.1NRT","297.54","38.35","D",,"fire_nrt_M-C61_803220.csv",33183,"NRT"
"-1.70468","110.18095","313.08","1","1","2026-08-27","0120","Terra","MODIS","61","6.1NRT","296.39","7.04","D",,"fire_nrt_M-C61_803220.csv",33189,"NRT"
"-1.7172","110.26851","315.64","1","1","2026-08-27","0120","Terra","MODIS","36","6.1NRT","300.28","6.77","D",,"fire_nrt_M-C61_803220.csv",33190,"NRT"
"-1.73013","110.15353","315.24","1","1","2026-08-27","0120","Terra","MODIS","52","6.1NRT","298.74","6.51","D",,"fire_nrt_M-C61_803220.csv",33195,"NRT"
"-1.74141","110.23235","315.69","1","1","2026-08-27","0120","Terra","MODIS","39","6.1NRT","298.52","7.07","D",,"fire_nrt_M-C61_803220.csv",33196,"NRT"
"-1.74266","110.24111","318.98","1","1","2026-08-27","0120","Terra","MODIS","69","6.1NRT","298.81","10.17","D",,"fire_nrt_M-C61_803220.csv",33197,"NRT"
"-1.73895","110.15232","316.61","1","1","2026-08-27","0120","Terra","MODIS","69","6.1NRT","299.69","7.86","D",,"fire_nrt_M-C61_803220.csv",33199,"NRT"
"-2.96116","110.70743","310.02","1.01","1.01","2026-08-27","0120","Terra","MODIS","58","6.1NRT","295.29","5.12","D",,"fire_nrt_M-C61_803220.csv",33208,"NRT"
"-2.91425","110.69576","321.28","1.01","1.01","2026-08-27","0120","Terra","MODIS","74","6.1NRT","297.66","13.63","D",,"fire_nrt_M-C61_803220.csv",33212,"NRT"
"-2.26255","110.13198","327.63","1","1","2026-08-27","0120","Terra","MODIS","0","6.1NRT","295.15","20.99","D",,"fire_nrt_M-C61_803220.csv",33222,"NRT"
"-2.2638","110.14075","311.08","1","1","2026-08-27","0120","Terra","MODIS","20","6.1NRT","292.75","5.15","D",,"fire_nrt_M-C61_803220.csv",33238,"NRT"
"-1.83221","110.15981","339.22","1","1","2026-08-27","0120","Terra","MODIS","80","6.1NRT","298","34.59","D",,"fire_nrt_M-C61_803220.csv",33247,"NRT"
"-1.83346","110.16856","350.04","1","1","2026-08-27","0120","Terra","MODIS","95","6.1NRT","300.37","54.26","D",,"fire_nrt_M-C61_803220.csv",33248,"NRT"
"-1.84228","110.16735","333.6","1","1","2026-08-27","0120","Terra","MODIS","79","6.1NRT","298.33","25.59","D",,"fire_nrt_M-C61_803220.csv",33249,"NRT"
"-1.84353","110.1761","345.52","1","1","2026-08-27","0120","Terra","MODIS","93","6.1NRT","301.35","43.64","D",,"fire_nrt_M-C61_803220.csv",33250,"NRT"
"-1.84854","110.21114","322.78","1","1","2026-08-27","0120","Terra","MODIS","41","6.1NRT","295.66","13.65","D",,"fire_nrt_M-C61_803220.csv",33251,"NRT"
"-1.90865","110.63194","308.49","1","1","2026-08-27","0120","Terra","MODIS","47","6.1NRT","295.75","4.64","D",,"fire_nrt_M-C61_803220.csv",33252,"NRT"
"-1.86492","110.19994","328.08","1","1","2026-08-27","0120","Terra","MODIS","36","6.1NRT","298","19.53","D",,"fire_nrt_M-C61_803220.csv",33253,"NRT"
"-1.89923","110.1088","315.23","1","1","2026-08-27","0120","Terra","MODIS","58","6.1NRT","296.49","7.32","D",,"fire_nrt_M-C61_803220.csv",33254,"NRT"
"-1.90049","110.11756","313.44","1","1","2026-08-27","0120","Terra","MODIS","35","6.1NRT","296.92","5.54","D",,"fire_nrt_M-C61_803220.csv",33255,"NRT"
"-1.92564","110.16768","322.15","1","1","2026-08-27","0120","Terra","MODIS","74","6.1NRT","297.07","12.92","D",,"fire_nrt_M-C61_803220.csv",33259,"NRT"
"-1.92694","110.11391","321.62","1","1","2026-08-27","0120","Terra","MODIS","77","6.1NRT","296.82","14.24","D",,"fire_nrt_M-C61_803220.csv",33260,"NRT"
"-1.92819","110.12267","317.4","1","1","2026-08-27","0120","Terra","MODIS","71","6.1NRT","295.14","9.52","D",,"fire_nrt_M-C61_803220.csv",33261,"NRT"
"-1.99343","110.45313","323.6","1","1","2026-08-27","0120","Terra","MODIS","79","6.1NRT","297.46","15.04","D",,"fire_nrt_M-C61_803220.csv",33262,"NRT"
"-2.06549","110.18662","321.46","1","1","2026-08-27","0120","Terra","MODIS","74","6.1NRT","298.55","13.03","D",,"fire_nrt_M-C61_803220.csv",33269,"NRT"
"-2.07306","110.17665","317.89","1","1","2026-08-27","0120","Terra","MODIS","58","6.1NRT","297.36","9.73","D",,"fire_nrt_M-C61_803220.csv",33270,"NRT"
"-2.07431","110.18541","342.51","1","1","2026-08-27","0120","Terra","MODIS","92","6.1NRT","298.6","42.01","D",,"fire_nrt_M-C61_803220.csv",33271,"NRT"
"-2.11489","110.13804","311.52","1","1","2026-08-27","0120","Terra","MODIS","46","6.1NRT","296.07","5.43","D",,"fire_nrt_M-C61_803220.csv",33279,"NRT"
"-2.11614","110.1468","320.51","1","1","2026-08-27","0120","Terra","MODIS","76","6.1NRT","296.31","13.24","D",,"fire_nrt_M-C61_803220.csv",33280,"NRT"
"-2.17897","110.33465","315.49","1","1","2026-08-27","0120","Terra","MODIS","69","6.1NRT","294.52","8.44","D",,"fire_nrt_M-C61_803220.csv",33286,"NRT"
"-2.18402","110.30714","313.76","1","1","2026-08-27","0120","Terra","MODIS","66","6.1NRT","295.13","7.95","D",,"fire_nrt_M-C61_803220.csv",33288,"NRT"
"-2.22051","110.42085","310.03","1","1","2026-08-27","0120","Terra","MODIS","48","6.1NRT","295.2","4.68","D",,"fire_nrt_M-C61_803220.csv",33292,"NRT"
"-2.21431","110.3144","307.6","1","1","2026-08-27","0120","Terra","MODIS","42","6.1NRT","293.36","3.8","D",,"fire_nrt_M-C61_803220.csv",33293,"NRT"
"-2.24568","110.47108","310.64","1","1","2026-08-27","0120","Terra","MODIS","56","6.1NRT","294.69","4.67","D",,"fire_nrt_M-C61_803220.csv",33296,"NRT"
"-2.44934","110.44472","318.67","1.03","1.01","2026-08-27","0822","Aqua","MODIS","43","6.1NRT","294.83","11.59","D",,"fire_nrt_M-C61_803220.csv",33514,"NRT"
"-2.38189","110.4557","323.98","1.03","1.02","2026-08-27","0822","Aqua","MODIS","57","6.1NRT","293","17.31","D",,"fire_nrt_M-C61_803220.csv",33523,"NRT"
"-2.37301","110.45437","321.1","1.03","1.02","2026-08-27","0822","Aqua","MODIS","48","6.1NRT","290.39","14.58","D",,"fire_nrt_M-C61_803220.csv",33525,"NRT"
"-2.37652","110.30859","340.92","1.02","1.01","2026-08-27","0822","Aqua","MODIS","91","6.1NRT","275.03","44.69","D",,"fire_nrt_M-C61_803220.csv",33534,"NRT"
"-2.2505","110.66143","325.57","1.05","1.02","2026-08-27","0822","Aqua","MODIS","81","6.1NRT","278.03","23.27","D",,"fire_nrt_M-C61_803220.csv",33554,"NRT"
"-2.32097","110.18557","311.42","1.02","1.01","2026-08-27","0822","Aqua","MODIS","57","6.1NRT","291.66","5.9","D",,"fire_nrt_M-C61_803220.csv",33555,"NRT"
"-2.3249","110.159","313.7","1.02","1.01","2026-08-27","0822","Aqua","MODIS","42","6.1NRT","293.46","6.89","D",,"fire_nrt_M-C61_803220.csv",33556,"NRT"
"-2.24155","110.66015","335.65","1.05","1.02","2026-08-27","0822","Aqua","MODIS","83","6.1NRT","275.03","36.48","D",,"fire_nrt_M-C61_803220.csv",33557,"NRT"
"-2.28445","110.37124","313.31","1.03","1.01","2026-08-27","0822","Aqua","MODIS","63","6.1NRT","283.61","8.98","D",,"fire_nrt_M-C61_803220.csv",33558,"NRT"
"-2.29504","110.29977","345.67","1.03","1.01","2026-08-27","0822","Aqua","MODIS","94","6.1NRT","285.46","50.69","D",,"fire_nrt_M-C61_803220.csv",33559,"NRT"
"-2.29636","110.29086","352.09","1.02","1.01","2026-08-27","0822","Aqua","MODIS","96","6.1NRT","288.12","64.25","D",,"fire_nrt_M-C61_803220.csv",33560,"NRT"
"-2.2862","110.29845","311.31","1.03","1.01","2026-08-27","0822","Aqua","MODIS","63","6.1NRT","283.97","6.3","D",,"fire_nrt_M-C61_803220.csv",33562,"NRT"
"-2.28752","110.28954","311.51","1.02","1.01","2026-08-27","0822","Aqua","MODIS","64","6.1NRT","285.56","6.25","D",,"fire_nrt_M-C61_803220.csv",33563,"NRT"
"-2.25203","110.46731","325.74","1.04","1.02","2026-08-27","0822","Aqua","MODIS","81","6.1NRT","277.4","22.5","D",,"fire_nrt_M-C61_803220.csv",33566,"NRT"
"-2.25246","110.38748","325.1","1.03","1.01","2026-08-27","0822","Aqua","MODIS","37","6.1NRT","282.67","19.18","D",,"fire_nrt_M-C61_803220.csv",33568,"NRT"
"-2.23832","110.42207","316.27","1.03","1.02","2026-08-27","0822","Aqua","MODIS","61","6.1NRT","282.46","11.19","D",,"fire_nrt_M-C61_803220.csv",33572,"NRT"
"-2.24491","110.3772","315.02","1.03","1.01","2026-08-27","0822","Aqua","MODIS","70","6.1NRT","281.75","10.6","D",,"fire_nrt_M-C61_803220.csv",33573,"NRT"
"-2.27139","110.13551","319.96","1.02","1.01","2026-08-27","0822","Aqua","MODIS","67","6.1NRT","298.82","11.44","D",,"fire_nrt_M-C61_803220.csv",33574,"NRT"
"-2.21659","110.4464","306.32","1.04","1.02","2026-08-27","0822","Aqua","MODIS","22","6.1NRT","278.77","3.32","D",,"fire_nrt_M-C61_803220.csv",33577,"NRT"
"-2.22057","110.41943","312.28","1.03","1.02","2026-08-27","0822","Aqua","MODIS","40","6.1NRT","283.16","7.7","D",,"fire_nrt_M-C61_803220.csv",33578,"NRT"
"-2.26257","110.1342","327.19","1.02","1.01","2026-08-27","0822","Aqua","MODIS","78","6.1NRT","297.16","19.12","D",,"fire_nrt_M-C61_803220.csv",33579,"NRT"
"-2.26387","110.12536","326.87","1.02","1.01","2026-08-27","0822","Aqua","MODIS","0","6.1NRT","296.48","18.26","D",,"fire_nrt_M-C61_803220.csv",33580,"NRT"
"-2.16579","110.60529","308.46","1.05","1.02","2026-08-27","0822","Aqua","MODIS","54","6.1NRT","276.86","7.54","D",,"fire_nrt_M-C61_803220.csv",33584,"NRT"
"-2.22433","110.21004","326.07","1.02","1.01","2026-08-27","0822","Aqua","MODIS","82","6.1NRT","292.38","18.79","D",,"fire_nrt_M-C61_803220.csv",33585,"NRT"
"-2.2155","110.20873","353.79","1.02","1.01","2026-08-27","0822","Aqua","MODIS","97","6.1NRT","293.69","66.46","D",,"fire_nrt_M-C61_803220.csv",33588,"NRT"
"-2.21682","110.19985","343.64","1.02","1.01","2026-08-27","0822","Aqua","MODIS","93","6.1NRT","294.54","45.02","D",,"fire_nrt_M-C61_803220.csv",33589,"NRT"
"-2.18284","110.36799","307.82","1.03","1.01","2026-08-27","0822","Aqua","MODIS","52","6.1NRT","275.93","6.27","D",,"fire_nrt_M-C61_803220.csv",33591,"NRT"
"-2.18816","110.33218","314.94","1.03","1.01","2026-08-27","0822","Aqua","MODIS","53","6.1NRT","270.39","12.24","D",,"fire_nrt_M-C61_803220.csv",33592,"NRT"
"-2.20799","110.19854","347.12","1.02","1.01","2026-08-27","0822","Aqua","MODIS","94","6.1NRT","295.18","52.28","D",,"fire_nrt_M-C61_803220.csv",33593,"NRT"
"-2.20931","110.18966","327.82","1.02","1.01","2026-08-27","0822","Aqua","MODIS","83","6.1NRT","293.59","21.28","D",,"fire_nrt_M-C61_803220.csv",33594,"NRT"
"-2.10586","110.45177","314.45","1.04","1.02","2026-08-27","0822","Aqua","MODIS","64","6.1NRT","272.98","11.59","D",,"fire_nrt_M-C61_803220.csv",33610,"NRT"
"-2.12294","110.15298","319.59","1.02","1.01","2026-08-27","0822","Aqua","MODIS","68","6.1NRT","292.36","12.49","D",,"fire_nrt_M-C61_803220.csv",33617,"NRT"
"-2.12426","110.14412","337.38","1.02","1.01","2026-08-27","0822","Aqua","MODIS","89","6.1NRT","295.2","34.53","D",,"fire_nrt_M-C61_803220.csv",33618,"NRT"
"-2.00744","110.86738","396.55","1.07","1.03","2026-08-27","0822","Aqua","MODIS","100","6.1NRT","298.44","251.65","D",,"fire_nrt_M-C61_803220.csv",33619,"NRT"
"-2.00883","110.85809","346.18","1.07","1.03","2026-08-27","0822","Aqua","MODIS","94","6.1NRT","296.78","53.94","D",,"fire_nrt_M-C61_803220.csv",33620,"NRT"
"-2.1128","110.16055","346.95","1.02","1.01","2026-08-27","0822","Aqua","MODIS","94","6.1NRT","293.2","52.88","D",,"fire_nrt_M-C61_803220.csv",33621,"NRT"
"-2.11412","110.15167","354.04","1.02","1.01","2026-08-27","0822","Aqua","MODIS","97","6.1NRT","294.98","67.53","D",,"fire_nrt_M-C61_803220.csv",33622,"NRT"
"-2.11543","110.14281","377.96","1.02","1.01","2026-08-27","0822","Aqua","MODIS","100","6.1NRT","297.76","143.05","D",,"fire_nrt_M-C61_803220.csv",33623,"NRT"
"-2.11675","110.13396","328.2","1.02","1.01","2026-08-27","0822","Aqua","MODIS","76","6.1NRT","291.2","20.71","D",,"fire_nrt_M-C61_803220.csv",33624,"NRT"
"-2.07044","110.18393","318.52","1.02","1.01","2026-08-27","0822","Aqua","MODIS","63","6.1NRT","282.55","12.38","D",,"fire_nrt_M-C61_803220.csv",33627,"NRT"
"-2.0321","110.26012","310.41","1.03","1.01","2026-08-27","0822","Aqua","MODIS","31","6.1NRT","290.13","5.84","D",,"fire_nrt_M-C61_803220.csv",33631,"NRT"
"-2.04132","110.19778","317.24","1.02","1.01","2026-08-27","0822","Aqua","MODIS","72","6.1NRT","282.1","9.88","D",,"fire_nrt_M-C61_803220.csv",33632,"NRT"
"-1.93817","110.83148","311.56","1.07","1.03","2026-08-27","0822","Aqua","MODIS","18","6.1NRT","291.28","5.96","D",,"fire_nrt_M-C61_803220.csv",33635,"NRT"
"-2.00866","110.35721","320.47","1.03","1.02","2026-08-27","0822","Aqua","MODIS","70","6.1NRT","295.29","12.71","D",,"fire_nrt_M-C61_803220.csv",33636,"NRT"
"-1.92776","110.83944","313.27","1.07","1.03","2026-08-27","0822","Aqua","MODIS","52","6.1NRT","292.04","8.01","D",,"fire_nrt_M-C61_803220.csv",33638,"NRT"
"-1.92915","110.83014","318.66","1.07","1.03","2026-08-27","0822","Aqua","MODIS","73","6.1NRT","291.42","13.44","D",,"fire_nrt_M-C61_803220.csv",33639,"NRT"
"-1.99255","110.21214","334.3","1.02","1.01","2026-08-27","0822","Aqua","MODIS","87","6.1NRT","288.88","29.98","D",,"fire_nrt_M-C61_803220.csv",33641,"NRT"
"-1.99516","110.19436","316.1","1.02","1.01","2026-08-27","0822","Aqua","MODIS","42","6.1NRT","286.9","8.99","D",,"fire_nrt_M-C61_803220.csv",33642,"NRT"
"-1.99777","110.17657","385.21","1.02","1.01","2026-08-27","0822","Aqua","MODIS","100","6.1NRT","293.01","176.11","D",,"fire_nrt_M-C61_803220.csv",33643,"NRT"
"-1.99907","110.16768","332.47","1.02","1.01","2026-08-27","0822","Aqua","MODIS","86","6.1NRT","289.68","27.93","D",,"fire_nrt_M-C61_803220.csv",33644,"NRT"
"-1.9824","110.21973","318.23","1.02","1.01","2026-08-27","0822","Aqua","MODIS","55","6.1NRT","287.07","11.43","D",,"fire_nrt_M-C61_803220.csv",33645,"NRT"
"-1.98371","110.21083","368.64","1.02","1.01","2026-08-27","0822","Aqua","MODIS","100","6.1NRT","290.88","109.99","D",,"fire_nrt_M-C61_803220.csv",33646,"NRT"
"-1.86222","110.66341","316.01","1.06","1.03","2026-08-27","0822","Aqua","MODIS","29","6.1NRT","288.37","9.31","D",,"fire_nrt_M-C61_803220.csv",33655,"NRT"
"-1.86358","110.65423","323.35","1.06","1.03","2026-08-27","0822","Aqua","MODIS","78","6.1NRT","286.89","17.24","D",,"fire_nrt_M-C61_803220.csv",33656,"NRT"
"-1.93065","110.20297","312.21","1.02","1.01","2026-08-27","0822","Aqua","MODIS","54","6.1NRT","291.71","6.29","D",,"fire_nrt_M-C61_803220.csv",33657,"NRT"
"-1.93197","110.19408","314.09","1.02","1.01","2026-08-27","0822","Aqua","MODIS","64","6.1NRT","291.25","7.56","D",,"fire_nrt_M-C61_803220.csv",33658,"NRT"
"-1.85461","110.65292","319.17","1.06","1.03","2026-08-27","0822","Aqua","MODIS","49","6.1NRT","285.72","12.84","D",,"fire_nrt_M-C61_803220.csv",33659,"NRT"
"-1.9271","110.16608","319.03","1.02","1.01","2026-08-27","0822","Aqua","MODIS","74","6.1NRT","292.48","11.93","D",,"fire_nrt_M-C61_803220.csv",33660,"NRT"
"-1.93105","110.13945","309.68","1.02","1.01","2026-08-27","0822","Aqua","MODIS","44","6.1NRT","285.76","5.61","D",,"fire_nrt_M-C61_803220.csv",33661,"NRT"
"-1.93499","110.11286","308.39","1.02","1.01","2026-08-27","0822","Aqua","MODIS","49","6.1NRT","281.78","6.38","D",,"fire_nrt_M-C61_803220.csv",33662,"NRT"
"-1.86124","110.53535","310.89","1.05","1.02","2026-08-27","0822","Aqua","MODIS","59","6.1NRT","288.22","6.65","D",,"fire_nrt_M-C61_803220.csv",33663,"NRT"
"-1.90536","110.1109","307.14","1.02","1.01","2026-08-27","0822","Aqua","MODIS","34","6.1NRT","285.98","4.14","D",,"fire_nrt_M-C61_803220.csv",33665,"NRT"
"-1.89","110.15396","316.72","1.02","1.01","2026-08-27","0822","Aqua","MODIS","33","6.1NRT","291.28","8.53","D",,"fire_nrt_M-C61_803220.csv",33669,"NRT"
"-1.89523","110.11846","308.59","1.02","1.01","2026-08-27","0822","Aqua","MODIS","27","6.1NRT","288.19","4.43","D",,"fire_nrt_M-C61_803220.csv",33670,"NRT"
"-1.89653","110.1096","326.07","1.02","1.01","2026-08-27","0822","Aqua","MODIS","82","6.1NRT","288.15","21.1","D",,"fire_nrt_M-C61_803220.csv",33671,"NRT"
"-1.86577","110.19585","342.58","1.02","1.01","2026-08-27","0822","Aqua","MODIS","92","6.1NRT","292.4","43.67","D",,"fire_nrt_M-C61_803220.csv",33672,"NRT"
"-1.86708","110.18694","323.65","1.02","1.01","2026-08-27","0822","Aqua","MODIS","28","6.1NRT","291.5","14.96","D",,"fire_nrt_M-C61_803220.csv",33673,"NRT"
"-1.83177","110.36457","322.38","1.04","1.02","2026-08-27","0822","Aqua","MODIS","79","6.1NRT","286.05","15.96","D",,"fire_nrt_M-C61_803220.csv",33675,"NRT"
"-1.82288","110.36326","310.21","1.04","1.02","2026-08-27","0822","Aqua","MODIS","28","6.1NRT","285.22","4.69","D",,"fire_nrt_M-C61_803220.csv",33681,"NRT"
"-1.84544","110.21104","334.16","1.03","1.01","2026-08-27","0822","Aqua","MODIS","88","6.1NRT","289.51","29.78","D",,"fire_nrt_M-C61_803220.csv",33682,"NRT"
"-1.84676","110.20213","335.91","1.03","1.01","2026-08-27","0822","Aqua","MODIS","89","6.1NRT","289.68","30.83","D",,"fire_nrt_M-C61_803220.csv",33683,"NRT"
"-1.84188","110.17411","333.09","1.02","1.01","2026-08-27","0822","Aqua","MODIS","87","6.1NRT","291.61","26.45","D",,"fire_nrt_M-C61_803220.csv",33685,"NRT"
"-1.8432","110.16521","321.72","1.02","1.01","2026-08-27","0822","Aqua","MODIS","53","6.1NRT","290.43","13.25","D",,"fire_nrt_M-C61_803220.csv",33686,"NRT"
"-1.83436","110.16391","337.21","1.02","1.01","2026-08-27","0822","Aqua","MODIS","78","6.1NRT","292.55","33.45","D",,"fire_nrt_M-C61_803220.csv",33687,"NRT"
"-1.83568","110.15501","327.93","1.02","1.01","2026-08-27","0822","Aqua","MODIS","47","6.1NRT","291.03","20.72","D",,"fire_nrt_M-C61_803220.csv",33688,"NRT"
"-1.80096","110.13503","316.37","1.02","1.01","2026-08-27","0822","Aqua","MODIS","73","6.1NRT","286.3","11.07","D",,"fire_nrt_M-C61_803220.csv",33699,"NRT"
"-1.69143","110.43285","328.33","1.04","1.02","2026-08-27","0822","Aqua","MODIS","84","6.1NRT","279.56","26.08","D",,"fire_nrt_M-C61_803220.csv",33702,"NRT"
"-1.68252","110.43152","341.95","1.04","1.02","2026-08-27","0822","Aqua","MODIS","92","6.1NRT","278.47","47.22","D",,"fire_nrt_M-C61_803220.csv",33703,"NRT"
"-1.64732","110.36164","305.9","1.04","1.02","2026-08-27","0822","Aqua","MODIS","43","6.1NRT","274.36","5.42","D",,"fire_nrt_M-C61_803220.csv",33707,"NRT"
"-1.64866","110.35263","305.69","1.04","1.02","2026-08-27","0822","Aqua","MODIS","36","6.1NRT","275","5.02","D",,"fire_nrt_M-C61_803220.csv",33708,"NRT"
"-1.69224","110.05789","312.22","1.02","1.01","2026-08-27","0822","Aqua","MODIS","59","6.1NRT","278.75","8.9","D",,"fire_nrt_M-C61_803220.csv",33709,"NRT"
"-1.55992","110.82651","322.83","1.08","1.04","2026-08-27","0822","Aqua","MODIS","79","6.1NRT","294.26","18.02","D",,"fire_nrt_M-C61_803220.csv",33710,"NRT"
"-1.56549","110.7892","311.82","1.07","1.03","2026-08-27","0822","Aqua","MODIS","62","6.1NRT","293.4","7.63","D",,"fire_nrt_M-C61_803220.csv",33711,"NRT"
"-1.52915","110.09401","308.16","1.02","1.01","2026-08-27","0822","Aqua","MODIS","49","6.1NRT","269.21","8.62","D",,"fire_nrt_M-C61_803220.csv",33722,"NRT"
"-1.45619","110.15034","311.11","1.03","1.01","2026-08-27","0822","Aqua","MODIS","0","6.1NRT","270.34","10.81","D",,"fire_nrt_M-C61_803220.csv",33723,"NRT"
"-1.38769","110.36977","318.99","1.04","1.02","2026-08-27","0822","Aqua","MODIS","73","6.1NRT","294.33","11.18","D",,"fire_nrt_M-C61_803220.csv",33725,"NRT"
"-1.38902","110.36069","314.72","1.04","1.02","2026-08-27","0822","Aqua","MODIS","56","6.1NRT","293.66","7.47","D",,"fire_nrt_M-C61_803220.csv",33726,"NRT"
"-1.32455","110.7355","330.65","1.07","1.03","2026-08-27","0822","Aqua","MODIS","84","6.1NRT","299.94","25.14","D",,"fire_nrt_M-C61_803220.csv",33729,"NRT"
"-1.37878","110.36842","326.73","1.04","1.02","2026-08-27","0822","Aqua","MODIS","81","6.1NRT","294.71","19.06","D",,"fire_nrt_M-C61_803220.csv",33730,"NRT"
"-1.38011","110.35937","328.53","1.04","1.02","2026-08-27","0822","Aqua","MODIS","83","6.1NRT","294.99","21.49","D",,"fire_nrt_M-C61_803220.csv",33731,"NRT"
"-1.28507","110.49674","319.29","1.05","1.02","2026-08-27","0822","Aqua","MODIS","74","6.1NRT","300.63","10.52","D",,"fire_nrt_M-C61_803220.csv",33738,"NRT"
"-0.98091","110.62187","314.67","1.07","1.03","2026-08-27","0822","Aqua","MODIS","51","6.1NRT","300.46","5.75","D",,"fire_nrt_M-C61_803220.csv",33761,"NRT"
"-0.96564","110.60052","323.1","1.07","1.03","2026-08-27","0822","Aqua","MODIS","78","6.1NRT","300.87","15.03","D",,"fire_nrt_M-C61_803220.csv",33762,"NRT"
"-0.87199","110.54241","314.81","1.06","1.03","2026-08-27","0822","Aqua","MODIS","66","6.1NRT","300.35","6.83","D",,"fire_nrt_M-C61_803220.csv",33770,"NRT"
"-0.81411","110.4997","313.48","1.06","1.03","2026-08-27","0822","Aqua","MODIS","63","6.1NRT","300.34","5.59","D",,"fire_nrt_M-C61_803220.csv",33792,"NRT"
"-0.86233","110.17194","319.29","1.04","1.02","2026-08-27","0822","Aqua","MODIS","73","6.1NRT","298.98","10.01","D",,"fire_nrt_M-C61_803220.csv",33793,"NRT"
"-0.833","110.186","322.76","1.04","1.02","2026-08-27","0822","Aqua","MODIS","77","6.1NRT","297.49","15.12","D",,"fire_nrt_M-C61_803220.csv",33797,"NRT"
"-0.68757","110.66435","321.11","1.08","1.04","2026-08-27","0822","Aqua","MODIS","76","6.1NRT","300","13.16","D",,"fire_nrt_M-C61_803220.csv",33802,"NRT"
"-0.69171","110.63629","317.93","1.08","1.04","2026-08-27","0822","Aqua","MODIS","69","6.1NRT","299.19","9.59","D",,"fire_nrt_M-C61_803220.csv",33803,"NRT"
"-0.72635","110.33961","330.6","1.05","1.02","2026-08-27","0822","Aqua","MODIS","73","6.1NRT","298.11","25.08","D",,"fire_nrt_M-C61_803220.csv",33804,"NRT"
"-0.7277","110.33048","314.65","1.05","1.02","2026-08-27","0822","Aqua","MODIS","38","6.1NRT","296.78","7.39","D",,"fire_nrt_M-C61_803220.csv",33805,"NRT"
"-0.73576","110.27594","313.51","1.05","1.02","2026-08-27","0822","Aqua","MODIS","49","6.1NRT","298.97","6.01","D",,"fire_nrt_M-C61_803220.csv",33806,"NRT"
"-0.7052","110.42065","312.48","1.06","1.03","2026-08-27","0822","Aqua","MODIS","62","6.1NRT","298.17","4.53","D",,"fire_nrt_M-C61_803220.csv",33807,"NRT"
"-0.63131","110.10051","323.67","1.04","1.02","2026-08-27","0822","Aqua","MODIS","80","6.1NRT","292.78","18.49","D",,"fire_nrt_M-C61_803220.csv",33813,"NRT"
"-0.63262","110.09153","314.84","1.03","1.02","2026-08-27","0822","Aqua","MODIS","50","6.1NRT","295.26","10.01","D",,"fire_nrt_M-C61_803220.csv",33814,"NRT"
"-0.61321","110.16222","313.3","1.04","1.02","2026-08-27","0822","Aqua","MODIS","55","6.1NRT","296.66","7.95","D",,"fire_nrt_M-C61_803220.csv",33816,"NRT"
"-0.61453","110.15321","327.68","1.04","1.02","2026-08-27","0822","Aqua","MODIS","83","6.1NRT","296.97","22.83","D",,"fire_nrt_M-C61_803220.csv",33817,"NRT"
"-2.96374","110.71498","322.59","1.04","1.02","2026-08-27","0822","Aqua","MODIS","61","6.1NRT","300.92","13.77","D",,"fire_nrt_M-C61_803220.csv",34126,"NRT"
"-2.94728","110.32128","316.87","1.02","1.01","2026-08-27","0822","Aqua","MODIS","64","6.1NRT","296.17","9.9","D",,"fire_nrt_M-C61_803220.csv",34157,"NRT"
"-2.90339","110.36355","313.27","1.02","1.01","2026-08-27","0822","Aqua","MODIS","46","6.1NRT","297.89","6.8","D",,"fire_nrt_M-C61_803220.csv",34171,"NRT"
"-2.80639","110.83755","326.65","1.05","1.03","2026-08-27","0822","Aqua","MODIS","80","6.1NRT","299.52","20.87","D",,"fire_nrt_M-C61_803220.csv",34178,"NRT"
"-2.79742","110.83623","311.4","1.05","1.03","2026-08-27","0822","Aqua","MODIS","52","6.1NRT","299.39","5.75","D",,"fire_nrt_M-C61_803220.csv",34184,"NRT"
"-2.75133","111.08498","316.8","1.08","1.04","2026-08-27","0822","Aqua","MODIS","57","6.1NRT","298.17","9.75","D",,"fire_nrt_M-C61_803220.csv",34186,"NRT"
"-2.85207","110.28336","328.08","1.02","1.01","2026-08-27","0822","Aqua","MODIS","82","6.1NRT","294.32","22.73","D",,"fire_nrt_M-C61_803220.csv",34203,"NRT"
"-2.85339","110.2745","311.58","1.02","1.01","2026-08-27","0822","Aqua","MODIS","37","6.1NRT","289.84","6.33","D",,"fire_nrt_M-C61_803220.csv",34204,"NRT"
"-2.71291","111.15609","316.52","1.08","1.04","2026-08-27","0822","Aqua","MODIS","68","6.1NRT","299.68","8.75","D",,"fire_nrt_M-C61_803220.csv",34210,"NRT"
"-2.76294","110.82171","317.74","1.05","1.02","2026-08-27","0822","Aqua","MODIS","70","6.1NRT","297.82","12.08","D",,"fire_nrt_M-C61_803220.csv",34211,"NRT"
"-2.84326","110.28204","315.22","1.02","1.01","2026-08-27","0822","Aqua","MODIS","53","6.1NRT","293.66","9.34","D",,"fire_nrt_M-C61_803220.csv",34212,"NRT"
"-2.69273","111.16577","311.69","1.09","1.04","2026-08-27","0822","Aqua","MODIS","38","6.1NRT","298.74","4.47","D",,"fire_nrt_M-C61_803220.csv",34219,"NRT"
"-2.80418","110.40582","311.36","1.03","1.01","2026-08-27","0822","Aqua","MODIS","41","6.1NRT","295.92","5.45","D",,"fire_nrt_M-C61_803220.csv",34220,"NRT"
"-2.67872","111.13474","320.12","1.08","1.04","2026-08-27","0822","Aqua","MODIS","46","6.1NRT","298.35","11.52","D",,"fire_nrt_M-C61_803220.csv",34225,"NRT"
"-2.68011","111.12533","323.29","1.08","1.04","2026-08-27","0822","Aqua","MODIS","65","6.1NRT","298.96","15.52","D",,"fire_nrt_M-C61_803220.csv",34226,"NRT"
"-2.66197","111.12258","333.7","1.08","1.04","2026-08-27","0822","Aqua","MODIS","77","6.1NRT","301.79","28.96","D",,"fire_nrt_M-C61_803220.csv",34236,"NRT"
"-2.66892","111.07566","339.63","1.08","1.04","2026-08-27","0822","Aqua","MODIS","90","6.1NRT","298.76","41.54","D",,"fire_nrt_M-C61_803220.csv",34237,"NRT"
"-2.67031","111.06629","341.72","1.08","1.04","2026-08-27","0822","Aqua","MODIS","91","6.1NRT","299.86","45.31","D",,"fire_nrt_M-C61_803220.csv",34238,"NRT"
"-2.65289","111.12123","328.89","1.08","1.04","2026-08-27","0822","Aqua","MODIS","82","6.1NRT","299.55","22.83","D",,"fire_nrt_M-C61_803220.csv",34243,"NRT"
"-2.65986","111.07431","315.08","1.08","1.04","2026-08-27","0822","Aqua","MODIS","65","6.1NRT","297.66","8.91","D",,"fire_nrt_M-C61_803220.csv",34244,"NRT"
"-2.66126","111.06494","325.16","1.08","1.04","2026-08-27","0822","Aqua","MODIS","79","6.1NRT","298.3","19.63","D",,"fire_nrt_M-C61_803220.csv",34245,"NRT"
"-2.57858","111.06602","316.86","1.08","1.04","2026-08-27","0822","Aqua","MODIS","69","6.1NRT","300.03","9.93","D",,"fire_nrt_M-C61_803220.csv",34272,"NRT"
"-2.50246","111.07682","312.42","1.08","1.04","2026-08-27","0822","Aqua","MODIS","59","6.1NRT","292.39","6.01","D",,"fire_nrt_M-C61_803220.csv",34287,"NRT"
"-2.50384","111.06743","315.31","1.08","1.04","2026-08-27","0822","Aqua","MODIS","66","6.1NRT","293.86","8.67","D",,"fire_nrt_M-C61_803220.csv",34288,"NRT"
"-2.57117","110.48696","314.92","1.03","1.02","2026-08-27","0822","Aqua","MODIS","65","6.1NRT","295.69","8.65","D",,"fire_nrt_M-C61_803220.csv",34295,"NRT"
"-2.47064","110.48462","310.18","1.03","1.02","2026-08-27","0822","Aqua","MODIS","51","6.1NRT","294.55","5.33","D",,"fire_nrt_M-C61_803220.csv",34307,"NRT"
"-2.45821","110.44604","321.04","1.03","1.01","2026-08-27","0822","Aqua","MODIS","59","6.1NRT","294.81","13.97","D",,"fire_nrt_M-C61_803220.csv",34310,"NRT"
"-2.91389","110.68807","306.64","1.58","1.24","2026-08-27","1338","Terra","MODIS","69","6.1NRT","295.44","9.88","N",,"fire_nrt_M-C61_803220.csv",34461,"NRT"
"-2.90942","110.69505","309.75","1.58","1.24","2026-08-27","1338","Terra","MODIS","34","6.1NRT","295.71","13.15","N",,"fire_nrt_M-C61_803220.csv",34480,"NRT"
"-2.65087","111.06875","310.24","1.7","1.28","2026-08-27","1338","Terra","MODIS","79","6.1NRT","292.69","19.91","N",,"fire_nrt_M-C61_803220.csv",34549,"NRT"
"-2.64166","110.32327","306.33","1.5","1.21","2026-08-27","1338","Terra","MODIS","68","6.1NRT","294.48","10.22","N",,"fire_nrt_M-C61_803220.csv",34567,"NRT"
"-2.45232","110.6185","329.77","1.58","1.24","2026-08-27","1340","Terra","MODIS","100","6.1NRT","293.79","54.16","N",,"fire_nrt_M-C61_803220.csv",34591,"NRT"
"-2.44805","110.62623","313.33","1.59","1.24","2026-08-27","1340","Terra","MODIS","87","6.1NRT","293.54","21.62","N",,"fire_nrt_M-C61_803220.csv",34592,"NRT"
"-2.44998","110.6124","320.34","1.58","1.24","2026-08-27","1340","Terra","MODIS","100","6.1NRT","293.66","33.57","N",,"fire_nrt_M-C61_803220.csv",34593,"NRT"
"-2.29998","110.94812","320.36","1.69","1.28","2026-08-27","1340","Terra","MODIS","100","6.1NRT","293.84","36.09","N",,"fire_nrt_M-C61_803220.csv",34604,"NRT"
"-2.26006","110.98753","309.34","1.7","1.28","2026-08-27","1340","Terra","MODIS","76","6.1NRT","293.51","16.45","N",,"fire_nrt_M-C61_803220.csv",34609,"NRT"
"-2.26218","110.97268","331.69","1.7","1.28","2026-08-27","1340","Terra","MODIS","100","6.1NRT","294.14","64.42","N",,"fire_nrt_M-C61_803220.csv",34610,"NRT"
"-2.28933","110.28812","305.52","1.51","1.21","2026-08-27","1340","Terra","MODIS","62","6.1NRT","295.06","8.43","N",,"fire_nrt_M-C61_803220.csv",34629,"NRT"
"-2.24148","110.47221","322.43","1.56","1.23","2026-08-27","1340","Terra","MODIS","100","6.1NRT","295.56","34.88","N",,"fire_nrt_M-C61_803220.csv",34634,"NRT"
"-2.2434","110.45869","317.74","1.55","1.23","2026-08-27","1340","Terra","MODIS","95","6.1NRT","294.93","25.63","N",,"fire_nrt_M-C61_803220.csv",34635,"NRT"
"-2.22766","110.41514","305.08","1.54","1.22","2026-08-27","1340","Terra","MODIS","55","6.1NRT","294.09","7.7","N",,"fire_nrt_M-C61_803220.csv",34636,"NRT"
"-2.25862","110.12498","308.26","1.47","1.2","2026-08-27","1340","Terra","MODIS","72","6.1NRT","295.52","11.25","N",,"fire_nrt_M-C61_803220.csv",34639,"NRT"
"-2.11054","111.06656","314.1","1.74","1.29","2026-08-27","1340","Terra","MODIS","88","6.1NRT","294.09","22.19","N",,"fire_nrt_M-C61_803220.csv",34640,"NRT"
"-2.11276","111.05145","323.4","1.73","1.29","2026-08-27","1340","Terra","MODIS","100","6.1NRT","294.15","42.64","N",,"fire_nrt_M-C61_803220.csv",34641,"NRT"
"-2.21596","110.3448","308.74","1.53","1.22","2026-08-27","1340","Terra","MODIS","74","6.1NRT","294.41","12.02","N",,"fire_nrt_M-C61_803220.csv",34642,"NRT"
"-2.11206","111.0601","326.37","1.74","1.29","2026-08-27","1340","Terra","MODIS","100","6.1NRT","294.53","49.45","N",,"fire_nrt_M-C61_803220.csv",34645,"NRT"
"-2.11412","111.04527","307.77","1.73","1.29","2026-08-27","1340","Terra","MODIS","70","6.1NRT","293.86","13.59","N",,"fire_nrt_M-C61_803220.csv",34646,"NRT"
"-2.2121","110.33798","304.78","1.53","1.22","2026-08-27","1340","Terra","MODIS","58","6.1NRT","294.54","7.38","N",,"fire_nrt_M-C61_803220.csv",34647,"NRT"
"-2.20509","110.31001","310","1.52","1.22","2026-08-27","1340","Terra","MODIS","77","6.1NRT","294.85","12.59","N",,"fire_nrt_M-C61_803220.csv",34648,"NRT"
"-2.20694","110.29674","311.26","1.51","1.21","2026-08-27","1340","Terra","MODIS","81","6.1NRT","295.21","14.97","N",,"fire_nrt_M-C61_803220.csv",34649,"NRT"
"-2.19628","110.29524","312.05","1.51","1.21","2026-08-27","1340","Terra","MODIS","83","6.1NRT","295.22","16.13","N",,"fire_nrt_M-C61_803220.csv",34651,"NRT"
"-2.19855","110.20199","304.79","1.49","1.21","2026-08-27","1340","Terra","MODIS","37","6.1NRT","294.77","7.02","N",,"fire_nrt_M-C61_803220.csv",34652,"NRT"
"-2.15982","110.39895","307.38","1.54","1.22","2026-08-27","1340","Terra","MODIS","69","6.1NRT","294.28","11.14","N",,"fire_nrt_M-C61_803220.csv",34656,"NRT"
"-2.09322","110.45261","319.78","1.56","1.23","2026-08-27","1340","Terra","MODIS","99","6.1NRT","294.4","29.61","N",,"fire_nrt_M-C61_803220.csv",34675,"NRT"
"-2.09512","110.43896","321.15","1.56","1.23","2026-08-27","1340","Terra","MODIS","100","6.1NRT","294.58","32.17","N",,"fire_nrt_M-C61_803220.csv",34676,"NRT"
"-2.11274","110.15749","331.24","1.48","1.2","2026-08-27","1340","Terra","MODIS","100","6.1NRT","297.09","50.06","N",,"fire_nrt_M-C61_803220.csv",34680,"NRT"
"-2.11457","110.14456","337.04","1.48","1.2","2026-08-27","1340","Terra","MODIS","100","6.1NRT","297.5","64.42","N",,"fire_nrt_M-C61_803220.csv",34681,"NRT"
"-2.10402","110.14305","326.02","1.48","1.2","2026-08-27","1340","Terra","MODIS","100","6.1NRT","295.68","38.09","N",,"fire_nrt_M-C61_803220.csv",34682,"NRT"
"-2.07735","110.17892","305.53","1.49","1.21","2026-08-27","1340","Terra","MODIS","28","6.1NRT","294.98","7.17","N",,"fire_nrt_M-C61_803220.csv",34684,"NRT"
"-2.06678","110.1774","308.71","1.49","1.21","2026-08-27","1340","Terra","MODIS","73","6.1NRT","295.56","11.21","N",,"fire_nrt_M-C61_803220.csv",34685,"NRT"
"-2.03723","110.19331","308.08","1.5","1.21","2026-08-27","1340","Terra","MODIS","71","6.1NRT","294.74","10.12","N",,"fire_nrt_M-C61_803220.csv",34687,"NRT"
"-1.99112","110.21333","331.37","1.5","1.21","2026-08-27","1340","Terra","MODIS","100","6.1NRT","296.45","50.3","N",,"fire_nrt_M-C61_803220.csv",34690,"NRT"
"-1.99298","110.20029","307.07","1.5","1.21","2026-08-27","1340","Terra","MODIS","34","6.1NRT","295.26","7.95","N",,"fire_nrt_M-C61_803220.csv",34691,"NRT"
"-1.9967","110.17417","326.94","1.49","1.21","2026-08-27","1340","Terra","MODIS","100","6.1NRT","296.15","40.07","N",,"fire_nrt_M-C61_803220.csv",34692,"NRT"
"-1.9805","110.2118","336.84","1.5","1.21","2026-08-27","1340","Terra","MODIS","100","6.1NRT","296.41","64.57","N",,"fire_nrt_M-C61_803220.csv",34693,"NRT"
"-1.98237","110.19875","308.6","1.5","1.21","2026-08-27","1340","Terra","MODIS","61","6.1NRT","294.77","9.71","N",,"fire_nrt_M-C61_803220.csv",34694,"NRT"
"-1.98611","110.17267","319.05","1.49","1.21","2026-08-27","1340","Terra","MODIS","98","6.1NRT","295.4","25.03","N",,"fire_nrt_M-C61_803220.csv",34695,"NRT"
"-1.92347","110.1181","307.94","1.48","1.2","2026-08-27","1340","Terra","MODIS","70","6.1NRT","295.24","9.99","N",,"fire_nrt_M-C61_803220.csv",34701,"NRT"
"-1.89993","110.20779","309.9","1.51","1.21","2026-08-27","1340","Terra","MODIS","77","6.1NRT","295.06","12.69","N",,"fire_nrt_M-C61_803220.csv",34702,"NRT"
"-1.8918","110.11357","315.54","1.48","1.2","2026-08-27","1340","Terra","MODIS","91","6.1NRT","295.34","20.72","N",,"fire_nrt_M-C61_803220.csv",34705,"NRT"
"-1.86356","110.19634","326.33","1.51","1.21","2026-08-27","1340","Terra","MODIS","100","6.1NRT","295.94","38.62","N",,"fire_nrt_M-C61_803220.csv",34709,"NRT"
"-1.86718","110.17008","310.29","1.5","1.21","2026-08-27","1340","Terra","MODIS","26","6.1NRT","295.27","11.04","N",,"fire_nrt_M-C61_803220.csv",34710,"NRT"
"-1.84046","110.20645","322.84","1.51","1.21","2026-08-27","1340","Terra","MODIS","100","6.1NRT","295.94","31.35","N",,"fire_nrt_M-C61_803220.csv",34712,"NRT"
"-1.84596","110.16707","314.65","1.5","1.21","2026-08-27","1340","Terra","MODIS","27","6.1NRT","295.58","16.43","N",,"fire_nrt_M-C61_803220.csv",34713,"NRT"
"-1.83535","110.16556","319.38","1.5","1.21","2026-08-27","1340","Terra","MODIS","98","6.1NRT","296.09","24.91","N",,"fire_nrt_M-C61_803220.csv",34715,"NRT"
"-1.83718","110.1525","313.06","1.5","1.21","2026-08-27","1340","Terra","MODIS","31","6.1NRT","295.19","14.91","N",,"fire_nrt_M-C61_803220.csv",34716,"NRT"
"-1.82473","110.16405","308.21","1.5","1.21","2026-08-27","1340","Terra","MODIS","23","6.1NRT","295.29","9.21","N",,"fire_nrt_M-C61_803220.csv",34719,"NRT"
"-1.82521","110.08457","306.71","1.48","1.2","2026-08-27","1340","Terra","MODIS","65","6.1NRT","294.73","8.64","N",,"fire_nrt_M-C61_803220.csv",34720,"NRT"
"-1.76517","110.24383","305.19","1.53","1.22","2026-08-27","1340","Terra","MODIS","58","6.1NRT","295.13","6.63","N",,"fire_nrt_M-C61_803220.csv",34725,"NRT"
"-1.74379","110.24077","310.36","1.53","1.22","2026-08-27","1340","Terra","MODIS","78","6.1NRT","295.37","12.15","N",,"fire_nrt_M-C61_803220.csv",34728,"NRT"
"-1.74564","110.22749","315.74","1.52","1.22","2026-08-27","1340","Terra","MODIS","91","6.1NRT","295.61","20.17","N",,"fire_nrt_M-C61_803220.csv",34729,"NRT"
"-1.68283","110.43925","307.09","1.58","1.24","2026-08-27","1340","Terra","MODIS","67","6.1NRT","294.63","9.57","N",,"fire_nrt_M-C61_803220.csv",34734,"NRT"
"-1.69722","110.26136","306.4","1.53","1.22","2026-08-27","1340","Terra","MODIS","39","6.1NRT","294.99","7.21","N",,"fire_nrt_M-C61_803220.csv",34736,"NRT"
"-1.6409","110.0857","310.18","1.49","1.21","2026-08-27","1340","Terra","MODIS","77","6.1NRT","295.02","12.56","N",,"fire_nrt_M-C61_803220.csv",34746,"NRT"
"-1.52483","110.10316","306.81","1.5","1.21","2026-08-27","1340","Terra","MODIS","66","6.1NRT","292.86","10.52","N",,"fire_nrt_M-C61_803220.csv",34756,"NRT"
"-1.5267","110.09013","308.86","1.5","1.21","2026-08-27","1340","Terra","MODIS","74","6.1NRT","292.28","12.72","N",,"fire_nrt_M-C61_803220.csv",34757,"NRT"
"-1.49896","110.20724","310.76","1.53","1.22","2026-08-27","1340","Terra","MODIS","40","6.1NRT","295.17","12.06","N",,"fire_nrt_M-C61_803220.csv",34758,"NRT"
"-1.50471","110.16742","318.38","1.52","1.22","2026-08-27","1340","Terra","MODIS","96","6.1NRT","295.49","24.59","N",,"fire_nrt_M-C61_803220.csv",34759,"NRT"
"-1.50662","110.15421","309.15","1.51","1.21","2026-08-27","1340","Terra","MODIS","36","6.1NRT","293.34","11.57","N",,"fire_nrt_M-C61_803220.csv",34760,"NRT"
"-1.50588","110.20172","314.18","1.53","1.22","2026-08-27","1340","Terra","MODIS","88","6.1NRT","295.48","17.11","N",,"fire_nrt_M-C61_803220.csv",34761,"NRT"
"-1.51133","110.16188","314.42","1.52","1.22","2026-08-27","1340","Terra","MODIS","76","6.1NRT","295.09","18.29","N",,"fire_nrt_M-C61_803220.csv",34762,"NRT"
"-1.52032","110.09605","311.23","1.5","1.21","2026-08-27","1340","Terra","MODIS","78","6.1NRT","291.16","15.29","N",,"fire_nrt_M-C61_803220.csv",34763,"NRT"
"-1.49519","110.20018","323.83","1.53","1.22","2026-08-27","1340","Terra","MODIS","100","6.1NRT","296.61","33.33","N",,"fire_nrt_M-C61_803220.csv",34764,"NRT"
"-1.49702","110.18681","316.66","1.53","1.22","2026-08-27","1340","Terra","MODIS","66","6.1NRT","295.83","19.29","N",,"fire_nrt_M-C61_803220.csv",34765,"NRT"
"-1.50067","110.16032","309.73","1.52","1.22","2026-08-27","1340","Terra","MODIS","52","6.1NRT","294.31","12.42","N",,"fire_nrt_M-C61_803220.csv",34766,"NRT"
"-1.48263","110.21204","305.63","1.53","1.22","2026-08-27","1340","Terra","MODIS","6","6.1NRT","294.89","6.88","N",,"fire_nrt_M-C61_803220.csv",34767,"NRT"
"-1.48449","110.19865","312.46","1.53","1.22","2026-08-27","1340","Terra","MODIS","73","6.1NRT","295.48","14.5","N",,"fire_nrt_M-C61_803220.csv",34768,"NRT"
"-1.5045","110.05395","305.14","1.49","1.21","2026-08-27","1340","Terra","MODIS","60","6.1NRT","294.11","8.61","N",,"fire_nrt_M-C61_803220.csv",34769,"NRT"
"-1.47564","110.1838","313.13","1.53","1.22","2026-08-27","1340","Terra","MODIS","42","6.1NRT","295.21","14.86","N",,"fire_nrt_M-C61_803220.csv",34770,"NRT"
"-1.45801","110.1542","306.61","1.52","1.22","2026-08-27","1340","Terra","MODIS","66","6.1NRT","293.28","8.76","N",,"fire_nrt_M-C61_803220.csv",34771,"NRT"
"-1.44734","110.1527","323.71","1.52","1.22","2026-08-27","1340","Terra","MODIS","100","6.1NRT","293.31","34.94","N",,"fire_nrt_M-C61_803220.csv",34772,"NRT"
"-1.3822","110.37741","307.32","1.58","1.24","2026-08-27","1340","Terra","MODIS","69","6.1NRT","295.21","9","N",,"fire_nrt_M-C61_803220.csv",34773,"NRT"
"-1.41914","110.12182","328.84","1.51","1.21","2026-08-27","1340","Terra","MODIS","100","6.1NRT","296.09","45.43","N",,"fire_nrt_M-C61_803220.csv",34774,"NRT"
"-1.42552","110.11715","305.64","1.51","1.21","2026-08-27","1340","Terra","MODIS","37","6.1NRT","294.89","7.15","N",,"fire_nrt_M-C61_803220.csv",34775,"NRT"
"-1.4309","110.07775","310.44","1.5","1.21","2026-08-27","1340","Terra","MODIS","79","6.1NRT","294.56","13.08","N",,"fire_nrt_M-C61_803220.csv",34776,"NRT"
"-1.37785","110.38522","310.9","1.58","1.24","2026-08-27","1340","Terra","MODIS","81","6.1NRT","295.21","14.54","N",,"fire_nrt_M-C61_803220.csv",34778,"NRT"
"-1.37974","110.37147","306.16","1.58","1.24","2026-08-27","1340","Terra","MODIS","65","6.1NRT","295.32","8.36","N",,"fire_nrt_M-C61_803220.csv",34779,"NRT"
"-1.41308","110.12872","319.55","1.51","1.21","2026-08-27","1340","Terra","MODIS","99","6.1NRT","295.39","26.06","N",,"fire_nrt_M-C61_803220.csv",34780,"NRT"
"-1.41489","110.11557","323.98","1.51","1.21","2026-08-27","1340","Terra","MODIS","100","6.1NRT","295.93","34.39","N",,"fire_nrt_M-C61_803220.csv",34781,"NRT"
"-1.38994","110.13886","307.9","1.52","1.22","2026-08-27","1340","Terra","MODIS","72","6.1NRT","294.81","10.04","N",,"fire_nrt_M-C61_803220.csv",34783,"NRT"
"-1.37046","110.12262","319.32","1.51","1.21","2026-08-27","1340","Terra","MODIS","98","6.1NRT","295.31","26.9","N",,"fire_nrt_M-C61_803220.csv",34787,"NRT"
"-1.37232","110.10944","310.37","1.51","1.21","2026-08-27","1340","Terra","MODIS","79","6.1NRT","294.68","13.41","N",,"fire_nrt_M-C61_803220.csv",34788,"NRT"
"-0.89705","110.21603","305.79","1.57","1.23","2026-08-27","1340","Terra","MODIS","64","6.1NRT","293.96","9.18","N",,"fire_nrt_M-C61_803220.csv",34831,"NRT"
"-0.6181","110.15834","306.73","1.57","1.23","2026-08-27","1340","Terra","MODIS","67","6.1NRT","293.79","9.68","N",,"fire_nrt_M-C61_803220.csv",34851,"NRT"
"-0.62573","110.10423","306.4","1.55","1.23","2026-08-27","1340","Terra","MODIS","66","6.1NRT","293.97","9.58","N",,"fire_nrt_M-C61_803220.csv",34852,"NRT"
"-0.62762","110.0908","305.3","1.55","1.23","2026-08-27","1340","Terra","MODIS","61","6.1NRT","293.62","8.38","N",,"fire_nrt_M-C61_803220.csv",34853,"NRT"
"-1.19062","110.68568","300.01","2.47","1.51","2026-08-27","2042","Aqua","MODIS","9","6.1NRT","286.96","13.18","N",,"fire_nrt_M-C61_803220.csv",34947,"NRT"
"-1.36997","110.12366","308.64","2.23","1.45","2026-08-27","2042","Aqua","MODIS","75","6.1NRT","290.86","26.65","N",,"fire_nrt_M-C61_803220.csv",34952,"NRT"
"-1.48672","110.20123","304.39","2.28","1.46","2026-08-27","2042","Aqua","MODIS","29","6.1NRT","280.84","21.5","N",,"fire_nrt_M-C61_803220.csv",34953,"NRT"
"-1.83607","110.167","303.2","2.29","1.47","2026-08-27","2042","Aqua","MODIS","18","6.1NRT","291.25","14.03","N",,"fire_nrt_M-C61_803220.csv",34959,"NRT"
"-1.97473","110.22154","305.77","2.33","1.48","2026-08-27","2042","Aqua","MODIS","51","6.1NRT","292.33","19.05","N",,"fire_nrt_M-C61_803220.csv",34960,"NRT"
"-1.98762","110.21971","307.86","2.33","1.48","2026-08-27","2042","Aqua","MODIS","73","6.1NRT","292.52","23.91","N",,"fire_nrt_M-C61_803220.csv",34961,"NRT"
"-1.98712","110.21459","306.8","2.33","1.48","2026-08-27","2042","Aqua","MODIS","29","6.1NRT","292.56","19.8","N",,"fire_nrt_M-C61_803220.csv",34964,"NRT"
"-2.10844","110.14943","312.83","2.31","1.47","2026-08-27","2042","Aqua","MODIS","86","6.1NRT","292.53","38.76","N",,"fire_nrt_M-C61_803220.csv",34967,"NRT"
"-2.11134","110.16947","301.99","2.32","1.47","2026-08-27","2042","Aqua","MODIS","46","6.1NRT","291.94","14.65","N",,"fire_nrt_M-C61_803220.csv",34968,"NRT"
"-2.24578","110.46129","305.77","2.47","1.51","2026-08-27","2042","Aqua","MODIS","66","6.1NRT","291.73","25.58","N",,"fire_nrt_M-C61_803220.csv",34971,"NRT"
"-2.24884","110.48253","307.36","2.48","1.52","2026-08-27","2042","Aqua","MODIS","71","6.1NRT","291.6","30.01","N",,"fire_nrt_M-C61_803220.csv",34972,"NRT"
"-2.25067","110.46683","311.6","4.57","1.96","2026-08-28","0158","Terra","MODIS","50","6.1NRT","291.33","58.16","D",,"fire_nrt_M-C61_803220.csv",35095,"NRT"
"-2.24871","110.47407","311.87","4.57","1.96","2026-08-28","0158","Terra","MODIS","51","6.1NRT","291.6","58.97","D",,"fire_nrt_M-C61_803220.csv",35100,"NRT"
"-2.11216","110.14778","310.1","4.28","1.91","2026-08-28","0158","Terra","MODIS","19","6.1NRT","290.81","49.56","D",,"fire_nrt_M-C61_803220.csv",35102,"NRT"
"-1.63833","110.0863","310.02","4.17","1.89","2026-08-28","0158","Terra","MODIS","11","6.1NRT","282.34","62.61","D",,"fire_nrt_M-C61_803220.csv",35104,"NRT"
"-0.56296","110.28732","305.33","4.82","2","2026-08-28","1238","Terra","MODIS","64","6.1NRT","290.48","46.59","N",,"fire_nrt_M-C61_803220.csv",35789,"NRT"
"-2.10935","110.16626","303.68","3.49","1.76","2026-08-28","1942","Aqua","MODIS","33","6.1NRT","285.96","34.76","N",,"fire_nrt_M-C61_803220.csv",35879,"NRT"
"-2.10738","110.16158","306.21","3.49","1.76","2026-08-28","1942","Aqua","MODIS","67","6.1NRT","286.29","48.35","N",,"fire_nrt_M-C61_803220.csv",35880,"NRT"
"-0.6128","110.04873","309.59","3.8","1.82","2026-08-28","1942","Aqua","MODIS","64","6.1NRT","290.54","55.88","N",,"fire_nrt_M-C61_803220.csv",35938,"NRT"
"-0.61766","110.08136","307.77","3.78","1.82","2026-08-28","1942","Aqua","MODIS","72","6.1NRT","290.54","46.87","N",,"fire_nrt_M-C61_803220.csv",35939,"NRT"
"-0.6225","110.11379","308.71","3.75","1.81","2026-08-28","1942","Aqua","MODIS","46","6.1NRT","290.86","47.57","N",,"fire_nrt_M-C61_803220.csv",35940,"NRT"
"-0.6127","110.07743","305.45","3.78","1.82","2026-08-28","1942","Aqua","MODIS","57","6.1NRT","290.47","38.58","N",,"fire_nrt_M-C61_803220.csv",35941,"NRT"
"-0.61779","110.10983","309.75","3.75","1.81","2026-08-28","1942","Aqua","MODIS","71","6.1NRT","291.06","55.43","N",,"fire_nrt_M-C61_803220.csv",35942,"NRT"
"-0.89748","110.2171","307.94","3.64","1.79","2026-08-28","1942","Aqua","MODIS","73","6.1NRT","291.12","46.9","N",,"fire_nrt_M-C61_803220.csv",35954,"NRT"
"-0.89098","110.21011","305.8","3.64","1.79","2026-08-28","1942","Aqua","MODIS","66","6.1NRT","290.83","37.06","N",,"fire_nrt_M-C61_803220.csv",35965,"NRT"
"-1.39694","110.10232","307.88","3.64","1.79","2026-08-28","1942","Aqua","MODIS","73","6.1NRT","285.18","45.93","N",,"fire_nrt_M-C61_803220.csv",36001,"NRT"
"-1.48776","110.20744","305.34","3.55","1.77","2026-08-28","1942","Aqua","MODIS","43","6.1NRT","290.9","33.04","N",,"fire_nrt_M-C61_803220.csv",36027,"NRT"
"-1.49843","110.17451","308.83","3.57","1.77","2026-08-28","1942","Aqua","MODIS","76","6.1NRT","290.84","49.44","N",,"fire_nrt_M-C61_803220.csv",36029,"NRT"
"-1.51097","110.16725","308.56","3.57","1.77","2026-08-28","1942","Aqua","MODIS","75","6.1NRT","290.38","47.49","N",,"fire_nrt_M-C61_803220.csv",36031,"NRT"
"-1.62526","110.08636","312.91","3.62","1.78","2026-08-28","1942","Aqua","MODIS","86","6.1NRT","289.72","68.87","N",,"fire_nrt_M-C61_803220.csv",36054,"NRT"
"-1.62999","110.11756","301.02","3.6","1.78","2026-08-28","1942","Aqua","MODIS","17","6.1NRT","290.4","20.27","N",,"fire_nrt_M-C61_803220.csv",36055,"NRT"
"-1.64079","110.08396","304.12","3.62","1.78","2026-08-28","1942","Aqua","MODIS","59","6.1NRT","289.13","31.45","N",,"fire_nrt_M-C61_803220.csv",36057,"NRT"
"-1.6346","110.07748","312.25","3.62","1.78","2026-08-28","1942","Aqua","MODIS","84","6.1NRT","288.62","68.71","N",,"fire_nrt_M-C61_803220.csv",36067,"NRT"
"-1.63954","110.10867","310.2","3.6","1.78","2026-08-28","1942","Aqua","MODIS","79","6.1NRT","290.71","58.82","N",,"fire_nrt_M-C61_803220.csv",36068,"NRT"
"-1.69893","110.28618","307.31","3.47","1.75","2026-08-28","1942","Aqua","MODIS","71","6.1NRT","287.96","48.01","N",,"fire_nrt_M-C61_803220.csv",36074,"NRT"
"-1.88783","110.12033","304.17","3.55","1.77","2026-08-28","1942","Aqua","MODIS","59","6.1NRT","290.56","32.81","N",,"fire_nrt_M-C61_803220.csv",36099,"NRT"
"-1.88517","110.11559","301.54","3.55","1.77","2026-08-28","1942","Aqua","MODIS","42","6.1NRT","290.34","23.91","N",,"fire_nrt_M-C61_803220.csv",36100,"NRT"
"-1.98105","110.22466","302.46","3.47","1.75","2026-08-28","1942","Aqua","MODIS","49","6.1NRT","288.86","30.08","N",,"fire_nrt_M-C61_803220.csv",36101,"NRT"
"-1.8066","110.11968","331.06","1.8","1.31","2026-08-29","0058","Terra","MODIS","65","6.1NRT","295.94","60.22","D",,"fire_nrt_M-C61_803220.csv",36197,"NRT"
"-1.80889","110.13541","325.86","1.79","1.31","2026-08-29","0058","Terra","MODIS","0","6.1NRT","296.42","43.71","D",,"fire_nrt_M-C61_803220.csv",36198,"NRT"
"-1.86398","110.19125","315.13","1.77","1.3","2026-08-29","0058","Terra","MODIS","44","6.1NRT","296.15","18.88","D",,"fire_nrt_M-C61_803220.csv",36199,"NRT"
"-1.89763","110.27375","311.04","1.74","1.29","2026-08-29","0058","Terra","MODIS","41","6.1NRT","295.21","13.21","D",,"fire_nrt_M-C61_803220.csv",36200,"NRT"
"-1.88631","110.11762","337.92","1.79","1.31","2026-08-29","0058","Terra","MODIS","90","6.1NRT","298.26","80.87","D",,"fire_nrt_M-C61_803220.csv",36201,"NRT"
"-1.89787","110.11601","315.29","1.79","1.31","2026-08-29","0058","Terra","MODIS","67","6.1NRT","297.2","18.51","D",,"fire_nrt_M-C61_803220.csv",36202,"NRT"
"-1.98252","110.22478","317.34","1.75","1.3","2026-08-29","0058","Terra","MODIS","73","6.1NRT","296.31","24.14","D",,"fire_nrt_M-C61_803220.csv",36204,"NRT"
"-2.11062","110.15269","324.41","1.77","1.3","2026-08-29","0058","Terra","MODIS","80","6.1NRT","296.63","40.33","D",,"fire_nrt_M-C61_803220.csv",36223,"NRT"
"-2.24767","110.46394","316.92","1.66","1.27","2026-08-29","0058","Terra","MODIS","72","6.1NRT","297.11","21.45","D",,"fire_nrt_M-C61_803220.csv",36230,"NRT"
"-1.49835","110.20471","316.86","1.79","1.31","2026-08-29","0058","Terra","MODIS","42","6.1NRT","287.9","23.74","D",,"fire_nrt_M-C61_803220.csv",36282,"NRT"
"-1.50549","110.17165","328.96","1.8","1.32","2026-08-29","0058","Terra","MODIS","36","6.1NRT","294.59","51.5","D",,"fire_nrt_M-C61_803220.csv",36284,"NRT"
"-1.49496","110.19837","325.36","1.79","1.31","2026-08-29","0058","Terra","MODIS","47","6.1NRT","289.59","41.47","D",,"fire_nrt_M-C61_803220.csv",36285,"NRT"
"-1.50185","110.16533","331.55","1.8","1.32","2026-08-29","0058","Terra","MODIS","73","6.1NRT","293.97","61.95","D",,"fire_nrt_M-C61_803220.csv",36287,"NRT"
"-1.54839","110.07786","307.83","1.83","1.32","2026-08-29","0058","Terra","MODIS","49","6.1NRT","279.31","18","D",,"fire_nrt_M-C61_803220.csv",36296,"NRT"
"-1.64227","110.09131","320.23","1.82","1.32","2026-08-29","0058","Terra","MODIS","43","6.1NRT","294.51","32.09","D",,"fire_nrt_M-C61_803220.csv",36317,"NRT"
"-1.70359","110.27409","334.97","1.76","1.3","2026-08-29","0058","Terra","MODIS","88","6.1NRT","295.5","67.36","D",,"fire_nrt_M-C61_803220.csv",36325,"NRT"
"-1.70101","110.26748","351.47","1.76","1.3","2026-08-29","0058","Terra","MODIS","91","6.1NRT","293.45","136.59","D",,"fire_nrt_M-C61_803220.csv",36328,"NRT"
"-2.91778","110.69565","313.57","1.6","1.25","2026-08-29","0758","Aqua","MODIS","23","6.1NRT","299.73","12.02","D",,"fire_nrt_M-C61_803220.csv",36957,"NRT"
"-2.88782","110.3555","322.56","1.7","1.28","2026-08-29","0758","Aqua","MODIS","75","6.1NRT","298.44","26.2","D",,"fire_nrt_M-C61_803220.csv",36989,"NRT"
"-2.88617","110.3651","315.4","1.69","1.28","2026-08-29","0758","Aqua","MODIS","59","6.1NRT","298.53","13.75","D",,"fire_nrt_M-C61_803220.csv",37006,"NRT"
"-2.88835","110.3504","318.3","1.7","1.28","2026-08-29","0758","Aqua","MODIS","69","6.1NRT","298.47","18.77","D",,"fire_nrt_M-C61_803220.csv",37007,"NRT"
"-2.80663","110.8282","320.62","1.56","1.23","2026-08-29","0758","Aqua","MODIS","72","6.1NRT","298.55","23.13","D",,"fire_nrt_M-C61_803220.csv",37019,"NRT"
"-2.7725","110.98645","318.16","1.51","1.21","2026-08-29","0758","Aqua","MODIS","68","6.1NRT","301.74","18.71","D",,"fire_nrt_M-C61_803220.csv",37027,"NRT"
"-2.79589","110.82661","322.61","1.56","1.23","2026-08-29","0758","Aqua","MODIS","75","6.1NRT","298.39","26.96","D",,"fire_nrt_M-C61_803220.csv",37028,"NRT"
"-2.85215","110.28471","323.56","1.72","1.29","2026-08-29","0758","Aqua","MODIS","76","6.1NRT","299.14","32.58","D",,"fire_nrt_M-C61_803220.csv",37041,"NRT"
"-2.8543","110.26979","317.24","1.72","1.29","2026-08-29","0758","Aqua","MODIS","63","6.1NRT","298.83","19.67","D",,"fire_nrt_M-C61_803220.csv",37042,"NRT"
"-2.75397","110.88927","322.42","1.54","1.22","2026-08-29","0758","Aqua","MODIS","75","6.1NRT","298.12","26.56","D",,"fire_nrt_M-C61_803220.csv",37049,"NRT"
"-2.75589","110.87586","328.51","1.54","1.22","2026-08-29","0758","Aqua","MODIS","81","6.1NRT","298.68","40.13","D",,"fire_nrt_M-C61_803220.csv",37050,"NRT"
"-2.77667","110.40215","316.04","1.68","1.27","2026-08-29","0758","Aqua","MODIS","62","6.1NRT","300.02","13.97","D",,"fire_nrt_M-C61_803220.csv",37107,"NRT"
"-2.65502","111.0824","322.24","1.48","1.2","2026-08-29","0758","Aqua","MODIS","67","6.1NRT","298.49","23.09","D",,"fire_nrt_M-C61_803220.csv",37130,"NRT"
"-2.6445","111.08086","322.69","1.48","1.2","2026-08-29","0758","Aqua","MODIS","65","6.1NRT","298.29","23.45","D",,"fire_nrt_M-C61_803220.csv",37140,"NRT"
"-2.64637","111.06797","329.42","1.49","1.2","2026-08-29","0758","Aqua","MODIS","82","6.1NRT","300.3","37.18","D",,"fire_nrt_M-C61_803220.csv",37141,"NRT"
"-2.65213","110.62562","329.99","1.6","1.25","2026-08-29","0758","Aqua","MODIS","82","6.1NRT","299.4","45.28","D",,"fire_nrt_M-C61_803220.csv",37181,"NRT"
"-2.65418","110.61172","315.38","1.61","1.25","2026-08-29","0758","Aqua","MODIS","61","6.1NRT","298.28","15.12","D",,"fire_nrt_M-C61_803220.csv",37182,"NRT"
"-2.53761","111.11233","312.96","1.47","1.2","2026-08-29","0758","Aqua","MODIS","35","6.1NRT","298.92","7.46","D",,"fire_nrt_M-C61_803220.csv",37218,"NRT"
"-2.6202","110.36768","318.41","1.68","1.27","2026-08-29","0758","Aqua","MODIS","49","6.1NRT","300.9","15.08","D",,"fire_nrt_M-C61_803220.csv",37239,"NRT"
"-2.50391","111.07472","325.25","1.48","1.2","2026-08-29","0758","Aqua","MODIS","72","6.1NRT","298.47","25.73","D",,"fire_nrt_M-C61_803220.csv",37248,"NRT"
"-2.49342","111.07321","325.43","1.48","1.2","2026-08-29","0758","Aqua","MODIS","77","6.1NRT","297.42","26.67","D",,"fire_nrt_M-C61_803220.csv",37265,"NRT"
"-2.49532","111.06036","322.5","1.48","1.2","2026-08-29","0758","Aqua","MODIS","61","6.1NRT","299.18","21.48","D",,"fire_nrt_M-C61_803220.csv",37266,"NRT"
"-2.58733","110.43663","340.65","1.65","1.26","2026-08-29","0758","Aqua","MODIS","90","6.1NRT","298.69","72.63","D",,"fire_nrt_M-C61_803220.csv",37267,"NRT"
"-2.47469","110.83009","317.7","1.54","1.22","2026-08-29","0758","Aqua","MODIS","66","6.1NRT","298.3","16.77","D",,"fire_nrt_M-C61_803220.csv",37290,"NRT"
"-2.47661","110.81668","321.08","1.54","1.22","2026-08-29","0758","Aqua","MODIS","72","6.1NRT","298.79","22.79","D",,"fire_nrt_M-C61_803220.csv",37291,"NRT"
"-2.37404","110.7072","313.67","1.57","1.23","2026-08-29","0758","Aqua","MODIS","52","6.1NRT","300.19","9.98","D",,"fire_nrt_M-C61_803220.csv",37329,"NRT"
"-2.3127","111.04788","330.75","1.47","1.2","2026-08-29","0758","Aqua","MODIS","83","6.1NRT","300.87","39.62","D",,"fire_nrt_M-C61_803220.csv",37330,"NRT"
"-2.4002","110.45568","320.94","1.64","1.26","2026-08-29","0758","Aqua","MODIS","72","6.1NRT","299.89","22.83","D",,"fire_nrt_M-C61_803220.csv",37331,"NRT"
"-2.30222","111.04635","326.41","1.47","1.2","2026-08-29","0758","Aqua","MODIS","78","6.1NRT","299.53","30.35","D",,"fire_nrt_M-C61_803220.csv",37332,"NRT"
"-2.32118","110.91727","312.24","1.51","1.21","2026-08-29","0758","Aqua","MODIS","41","6.1NRT","299.32","8.17","D",,"fire_nrt_M-C61_803220.csv",37333,"NRT"
"-2.27887","110.91088","314.25","1.51","1.21","2026-08-29","0758","Aqua","MODIS","55","6.1NRT","299.79","10.36","D",,"fire_nrt_M-C61_803220.csv",37343,"NRT"
"-2.29914","110.2889","314.68","1.68","1.27","2026-08-29","0758","Aqua","MODIS","56","6.1NRT","300.22","10.42","D",,"fire_nrt_M-C61_803220.csv",37376,"NRT"
"-2.31407","110.18589","330.4","1.71","1.28","2026-08-29","0758","Aqua","MODIS","52","6.1NRT","299.43","43.21","D",,"fire_nrt_M-C61_803220.csv",37377,"NRT"
"-2.27759","110.35958","314.3","1.66","1.27","2026-08-29","0758","Aqua","MODIS","52","6.1NRT","299.31","10.77","D",,"fire_nrt_M-C61_803220.csv",37380,"NRT"
"-2.30285","110.18425","326.53","1.71","1.28","2026-08-29","0758","Aqua","MODIS","55","6.1NRT","298.79","34.25","D",,"fire_nrt_M-C61_803220.csv",37381,"NRT"
"-2.26857","110.34376","332.28","1.66","1.27","2026-08-29","0758","Aqua","MODIS","84","6.1NRT","299.98","51.43","D",,"fire_nrt_M-C61_803220.csv",37386,"NRT"
"-2.23432","110.42621","336.57","1.64","1.26","2026-08-29","0758","Aqua","MODIS","86","6.1NRT","301.57","55.31","D",,"fire_nrt_M-C61_803220.csv",37396,"NRT"
"-2.15201","110.96009","324.16","1.49","1.2","2026-08-29","0758","Aqua","MODIS","76","6.1NRT","300.45","25.19","D",,"fire_nrt_M-C61_803220.csv",37401,"NRT"
"-2.15393","110.9472","317.91","1.49","1.21","2026-08-29","0758","Aqua","MODIS","66","6.1NRT","300.63","14.09","D",,"fire_nrt_M-C61_803220.csv",37402,"NRT"
"-2.23042","110.43346","324.2","1.63","1.26","2026-08-29","0758","Aqua","MODIS","44","6.1NRT","300.69","21.53","D",,"fire_nrt_M-C61_803220.csv",37403,"NRT"
"-2.23253","110.41929","330.5","1.64","1.26","2026-08-29","0758","Aqua","MODIS","76","6.1NRT","301.84","39.49","D",,"fire_nrt_M-C61_803220.csv",37404,"NRT"
"-2.26243","110.1413","329.52","1.72","1.29","2026-08-29","0758","Aqua","MODIS","71","6.1NRT","299.79","47.09","D",,"fire_nrt_M-C61_803220.csv",37408,"NRT"
"-2.22098","110.34509","315.16","1.66","1.27","2026-08-29","0758","Aqua","MODIS","51","6.1NRT","299.29","12.48","D",,"fire_nrt_M-C61_803220.csv",37414,"NRT"
"-2.10538","111.05846","322.75","1.46","1.19","2026-08-29","0758","Aqua","MODIS","46","6.1NRT","299.51","19.95","D",,"fire_nrt_M-C61_803220.csv",37419,"NRT"
"-2.10725","111.04568","321.49","1.46","1.2","2026-08-29","0758","Aqua","MODIS","64","6.1NRT","299.97","19.01","D",,"fire_nrt_M-C61_803220.csv",37420,"NRT"
"-2.12232","110.94263","326.49","1.49","1.21","2026-08-29","0758","Aqua","MODIS","78","6.1NRT","300.01","30.28","D",,"fire_nrt_M-C61_803220.csv",37421,"NRT"
"-2.15028","110.67638","315.51","1.56","1.23","2026-08-29","0758","Aqua","MODIS","59","6.1NRT","300.81","10.6","D",,"fire_nrt_M-C61_803220.csv",37423,"NRT"
"-2.18993","110.32548","324.42","1.66","1.27","2026-08-29","0758","Aqua","MODIS","76","6.1NRT","299.58","29.48","D",,"fire_nrt_M-C61_803220.csv",37435,"NRT"
"-2.19201","110.31107","320.98","1.67","1.27","2026-08-29","0758","Aqua","MODIS","71","6.1NRT","300.44","22.19","D",,"fire_nrt_M-C61_803220.csv",37436,"NRT"
"-2.20462","110.22366","351.23","1.69","1.28","2026-08-29","0758","Aqua","MODIS","96","6.1NRT","300.81","121.9","D",,"fire_nrt_M-C61_803220.csv",37437,"NRT"
"-2.20673","110.20898","321.77","1.7","1.28","2026-08-29","0758","Aqua","MODIS","64","6.1NRT","301.27","23.56","D",,"fire_nrt_M-C61_803220.csv",37438,"NRT"
"-2.19345","110.22204","317.41","1.69","1.28","2026-08-29","0758","Aqua","MODIS","22","6.1NRT","299.38","15.78","D",,"fire_nrt_M-C61_803220.csv",37444,"NRT"
"-2.12681","110.5136","315.77","1.6","1.25","2026-08-29","0758","Aqua","MODIS","59","6.1NRT","300.16","11.22","D",,"fire_nrt_M-C61_803220.csv",37467,"NRT"
"-2.12889","110.49963","316.31","1.61","1.25","2026-08-29","0758","Aqua","MODIS","59","6.1NRT","300.93","11.61","D",,"fire_nrt_M-C61_803220.csv",37468,"NRT"
"-2.04387","110.92583","313.54","1.49","1.21","2026-08-29","0758","Aqua","MODIS","52","6.1NRT","299.35","8.95","D",,"fire_nrt_M-C61_803220.csv",37480,"NRT"
"-2.16225","110.12167","317.38","1.72","1.29","2026-08-29","0758","Aqua","MODIS","47","6.1NRT","299.77","15.23","D",,"fire_nrt_M-C61_803220.csv",37481,"NRT"
"-2.10232","110.45288","317.56","1.62","1.25","2026-08-29","0758","Aqua","MODIS","58","6.1NRT","300.92","12.37","D",,"fire_nrt_M-C61_803220.csv",37485,"NRT"
"-2.1242","110.14653","334.07","1.71","1.28","2026-08-29","0758","Aqua","MODIS","84","6.1NRT","301.5","54.86","D",,"fire_nrt_M-C61_803220.csv",37495,"NRT"
"-2.04167","110.64191","324.58","1.57","1.23","2026-08-29","0758","Aqua","MODIS","76","6.1NRT","299.91","28.87","D",,"fire_nrt_M-C61_803220.csv",37496,"NRT"
"-2.04359","110.62855","329.11","1.57","1.23","2026-08-29","0758","Aqua","MODIS","81","6.1NRT","300.52","38.28","D",,"fire_nrt_M-C61_803220.csv",37497,"NRT"
"-2.05549","110.54569","335.52","1.59","1.24","2026-08-29","0758","Aqua","MODIS","86","6.1NRT","300.5","55.5","D",,"fire_nrt_M-C61_803220.csv",37498,"NRT"
"-2.05747","110.53189","326.51","1.6","1.24","2026-08-29","0758","Aqua","MODIS","78","6.1NRT","300.71","31.51","D",,"fire_nrt_M-C61_803220.csv",37499,"NRT"
"-2.11086","110.15971","324.37","1.71","1.28","2026-08-29","0758","Aqua","MODIS","70","6.1NRT","300.15","30.69","D",,"fire_nrt_M-C61_803220.csv",37500,"NRT"
"-2.11298","110.14489","354.26","1.71","1.28","2026-08-29","0758","Aqua","MODIS","97","6.1NRT","302.56","139.99","D",,"fire_nrt_M-C61_803220.csv",37501,"NRT"
"-2.04463","110.54411","325.93","1.59","1.24","2026-08-29","0758","Aqua","MODIS","78","6.1NRT","299.78","31.61","D",,"fire_nrt_M-C61_803220.csv",37502,"NRT"
"-2.04661","110.53029","322.4","1.6","1.24","2026-08-29","0758","Aqua","MODIS","73","6.1NRT","300.05","23.03","D",,"fire_nrt_M-C61_803220.csv",37503,"NRT"
"-2.0456","110.45914","319.27","1.62","1.25","2026-08-29","0758","Aqua","MODIS","47","6.1NRT","300.02","14.83","D",,"fire_nrt_M-C61_803220.csv",37505,"NRT"
"-2.0476","110.44499","324.7","1.62","1.25","2026-08-29","0758","Aqua","MODIS","76","6.1NRT","300.45","25.95","D",,"fire_nrt_M-C61_803220.csv",37506,"NRT"
"-2.05964","110.35998","320.44","1.65","1.26","2026-08-29","0758","Aqua","MODIS","36","6.1NRT","300.8","15.59","D",,"fire_nrt_M-C61_803220.csv",37507,"NRT"
"-2.06167","110.34567","331.6","1.65","1.26","2026-08-29","0758","Aqua","MODIS","83","6.1NRT","300.8","43.67","D",,"fire_nrt_M-C61_803220.csv",37508,"NRT"
"-2.04333","110.45196","332.09","1.62","1.25","2026-08-29","0758","Aqua","MODIS","84","6.1NRT","300.76","44.58","D",,"fire_nrt_M-C61_803220.csv",37513,"NRT"
"-2.05811","110.35289","325.67","1.65","1.26","2026-08-29","0758","Aqua","MODIS","78","6.1NRT","300.64","29.85","D",,"fire_nrt_M-C61_803220.csv",37514,"NRT"
"-2.06024","110.3386","323.27","1.65","1.26","2026-08-29","0758","Aqua","MODIS","61","6.1NRT","300.62","25.27","D",,"fire_nrt_M-C61_803220.csv",37515,"NRT"
"-1.9723","110.85581","325.4","1.5","1.21","2026-08-29","0758","Aqua","MODIS","78","6.1NRT","299.49","27.87","D",,"fire_nrt_M-C61_803220.csv",37519,"NRT"
"-1.97424","110.84272","333.33","1.51","1.21","2026-08-29","0758","Aqua","MODIS","85","6.1NRT","300.79","46.33","D",,"fire_nrt_M-C61_803220.csv",37520,"NRT"
"-2.07287","110.17741","318.85","1.7","1.28","2026-08-29","0758","Aqua","MODIS","37","6.1NRT","300.95","18.12","D",,"fire_nrt_M-C61_803220.csv",37521,"NRT"
"-1.95597","110.89333","330.7","1.49","1.21","2026-08-29","0758","Aqua","MODIS","83","6.1NRT","300.31","40.78","D",,"fire_nrt_M-C61_803220.csv",37530,"NRT"
"-1.95785","110.88055","332.57","1.5","1.21","2026-08-29","0758","Aqua","MODIS","84","6.1NRT","300.12","45.06","D",,"fire_nrt_M-C61_803220.csv",37531,"NRT"
"-1.96365","110.84117","317.28","1.51","1.21","2026-08-29","0758","Aqua","MODIS","66","6.1NRT","299.32","13.98","D",,"fire_nrt_M-C61_803220.csv",37532,"NRT"
"-1.9473","110.879","326.57","1.5","1.21","2026-08-29","0758","Aqua","MODIS","79","6.1NRT","300.08","31.92","D",,"fire_nrt_M-C61_803220.csv",37543,"NRT"
"-1.99555","110.47348","322.49","1.61","1.25","2026-08-29","0758","Aqua","MODIS","74","6.1NRT","300.82","20.61","D",,"fire_nrt_M-C61_803220.csv",37550,"NRT"
"-1.99759","110.4595","323.02","1.61","1.25","2026-08-29","0758","Aqua","MODIS","75","6.1NRT","301.46","21.29","D",,"fire_nrt_M-C61_803220.csv",37551,"NRT"
"-2.00715","110.31621","316.95","1.65","1.26","2026-08-29","0758","Aqua","MODIS","49","6.1NRT","298.48","14.48","D",,"fire_nrt_M-C61_803220.csv",37553,"NRT"
"-2.00923","110.30184","322.61","1.66","1.27","2026-08-29","0758","Aqua","MODIS","74","6.1NRT","300.16","26.52","D",,"fire_nrt_M-C61_803220.csv",37554,"NRT"
"-1.9946","110.16602","324.63","1.7","1.28","2026-08-29","0758","Aqua","MODIS","75","6.1NRT","300.23","31.42","D",,"fire_nrt_M-C61_803220.csv",37563,"NRT"
"-1.99293","110.17556","326.22","1.69","1.28","2026-08-29","0758","Aqua","MODIS","79","6.1NRT","299.91","33.67","D",,"fire_nrt_M-C61_803220.csv",37580,"NRT"
"-1.99513","110.16088","316.98","1.7","1.28","2026-08-29","0758","Aqua","MODIS","42","6.1NRT","299.6","15.91","D",,"fire_nrt_M-C61_803220.csv",37581,"NRT"
"-1.97524","110.2179","344.21","1.68","1.27","2026-08-29","0758","Aqua","MODIS","92","6.1NRT","300.44","89.8","D",,"fire_nrt_M-C61_803220.csv",37594,"NRT"
"-1.88568","110.52296","318.73","1.59","1.24","2026-08-29","0758","Aqua","MODIS","69","6.1NRT","300.43","16.43","D",,"fire_nrt_M-C61_803220.csv",37606,"NRT"
"-1.88768","110.50911","315.94","1.59","1.24","2026-08-29","0758","Aqua","MODIS","64","6.1NRT","300.58","11.41","D",,"fire_nrt_M-C61_803220.csv",37607,"NRT"
"-1.92593","110.16587","319.32","1.69","1.28","2026-08-29","0758","Aqua","MODIS","50","6.1NRT","299.97","17.88","D",,"fire_nrt_M-C61_803220.csv",37610,"NRT"
"-1.90851","110.20811","320.5","1.68","1.27","2026-08-29","0758","Aqua","MODIS","72","6.1NRT","298.31","24.61","D",,"fire_nrt_M-C61_803220.csv",37616,"NRT"
"-1.89691","110.27351","316.44","1.66","1.27","2026-08-29","0758","Aqua","MODIS","29","6.1NRT","298.89","12.4","D",,"fire_nrt_M-C61_803220.csv",37622,"NRT"
"-1.90779","110.20119","322.42","1.68","1.27","2026-08-29","0758","Aqua","MODIS","62","6.1NRT","298.39","27","D",,"fire_nrt_M-C61_803220.csv",37623,"NRT"
"-1.84338","110.48184","324.59","1.6","1.24","2026-08-29","0758","Aqua","MODIS","78","6.1NRT","300.26","29.02","D",,"fire_nrt_M-C61_803220.csv",37634,"NRT"
"-1.89862","110.10985","362.58","1.71","1.28","2026-08-29","0758","Aqua","MODIS","100","6.1NRT","301.88","187.66","D",,"fire_nrt_M-C61_803220.csv",37635,"NRT"
"-1.88741","110.10821","315.93","1.71","1.28","2026-08-29","0758","Aqua","MODIS","36","6.1NRT","298.45","14.34","D",,"fire_nrt_M-C61_803220.csv",37640,"NRT"
"-1.85269","110.26701","317.46","1.66","1.27","2026-08-29","0758","Aqua","MODIS","68","6.1NRT","298.84","15.72","D",,"fire_nrt_M-C61_803220.csv",37650,"NRT"
"-1.8548","110.25262","315.11","1.66","1.27","2026-08-29","0758","Aqua","MODIS","62","6.1NRT","298.09","12.7","D",,"fire_nrt_M-C61_803220.csv",37651,"NRT"
"-1.81682","110.43565","324.05","1.61","1.25","2026-08-29","0758","Aqua","MODIS","77","6.1NRT","300.82","27.18","D",,"fire_nrt_M-C61_803220.csv",37662,"NRT"
"-1.79982","110.47616","315.72","1.6","1.24","2026-08-29","0758","Aqua","MODIS","64","6.1NRT","299.39","12.47","D",,"fire_nrt_M-C61_803220.csv",37666,"NRT"
"-1.80589","110.43423","317.48","1.61","1.25","2026-08-29","0758","Aqua","MODIS","44","6.1NRT","299.54","13.36","D",,"fire_nrt_M-C61_803220.csv",37667,"NRT"
"-1.77322","110.58385","314.39","1.57","1.23","2026-08-29","0758","Aqua","MODIS","15","6.1NRT","300.05","8.47","D",,"fire_nrt_M-C61_803220.csv",37674,"NRT"
"-1.7752","110.57012","314.72","1.57","1.23","2026-08-29","0758","Aqua","MODIS","25","6.1NRT","300.18","8.67","D",,"fire_nrt_M-C61_803220.csv",37675,"NRT"
"-1.81951","110.26218","315.34","1.66","1.27","2026-08-29","0758","Aqua","MODIS","63","6.1NRT","298.9","13.71","D",,"fire_nrt_M-C61_803220.csv",37676,"NRT"
"-1.76243","110.58248","320.23","1.57","1.23","2026-08-29","0758","Aqua","MODIS","72","6.1NRT","300.2","18.58","D",,"fire_nrt_M-C61_803220.csv",37683,"NRT"
"-1.76438","110.5688","315.34","1.57","1.23","2026-08-29","0758","Aqua","MODIS","61","6.1NRT","300.29","9.9","D",,"fire_nrt_M-C61_803220.csv",37684,"NRT"
"-1.75477","110.23288","327.03","1.66","1.27","2026-08-29","0758","Aqua","MODIS","51","6.1NRT","299.33","30.69","D",,"fire_nrt_M-C61_803220.csv",37718,"NRT"
"-1.77177","110.11632","339.51","1.7","1.28","2026-08-29","0758","Aqua","MODIS","89","6.1NRT","298.94","74.4","D",,"fire_nrt_M-C61_803220.csv",37719,"NRT"
"-1.6726","110.64639","315.33","1.54","1.22","2026-08-29","0758","Aqua","MODIS","64","6.1NRT","300.96","11.7","D",,"fire_nrt_M-C61_803220.csv",37733,"NRT"
"-1.68235","110.57879","317.49","1.56","1.23","2026-08-29","0758","Aqua","MODIS","68","6.1NRT","300.26","15.31","D",,"fire_nrt_M-C61_803220.csv",37734,"NRT"
"-1.74307","110.15711","341.38","1.68","1.28","2026-08-29","0758","Aqua","MODIS","91","6.1NRT","300.01","74.24","D",,"fire_nrt_M-C61_803220.csv",37735,"NRT"
"-1.74518","110.1425","338.91","1.69","1.28","2026-08-29","0758","Aqua","MODIS","89","6.1NRT","300.1","67.08","D",,"fire_nrt_M-C61_803220.csv",37736,"NRT"
"-1.68828","110.38271","320.6","1.62","1.25","2026-08-29","0758","Aqua","MODIS","73","6.1NRT","300.64","18.74","D",,"fire_nrt_M-C61_803220.csv",37746,"NRT"
"-1.70437","110.2695","341.65","1.65","1.26","2026-08-29","0758","Aqua","MODIS","91","6.1NRT","300.68","71","D",,"fire_nrt_M-C61_803220.csv",37747,"NRT"
"-1.70642","110.25512","337.29","1.65","1.26","2026-08-29","0758","Aqua","MODIS","62","6.1NRT","299.76","55.08","D",,"fire_nrt_M-C61_803220.csv",37748,"NRT"
"-1.67139","110.47279","318.42","1.59","1.24","2026-08-29","0758","Aqua","MODIS","70","6.1NRT","300.81","15.08","D",,"fire_nrt_M-C61_803220.csv",37756,"NRT"
"-1.6776","110.43133","317.18","1.6","1.25","2026-08-29","0758","Aqua","MODIS","52","6.1NRT","301.09","11.42","D",,"fire_nrt_M-C61_803220.csv",37757,"NRT"
"-1.68383","110.38966","317.24","1.61","1.25","2026-08-29","0758","Aqua","MODIS","68","6.1NRT","300.16","12.65","D",,"fire_nrt_M-C61_803220.csv",37758,"NRT"
"-1.70286","110.26254","345.67","1.65","1.26","2026-08-29","0758","Aqua","MODIS","88","6.1NRT","300.48","87.05","D",,"fire_nrt_M-C61_803220.csv",37759,"NRT"
"-1.7158","110.17611","344.6","1.68","1.27","2026-08-29","0758","Aqua","MODIS","92","6.1NRT","299.21","89.55","D",,"fire_nrt_M-C61_803220.csv",37760,"NRT"
"-1.70685","110.15995","323.55","1.68","1.27","2026-08-29","0758","Aqua","MODIS","29","6.1NRT","298.07","27.96","D",,"fire_nrt_M-C61_803220.csv",37771,"NRT"
"-1.61207","110.5757","313.66","1.56","1.23","2026-08-29","0758","Aqua","MODIS","50","6.1NRT","300.19","9.23","D",,"fire_nrt_M-C61_803220.csv",37787,"NRT"
"-1.6361","110.41118","325.84","1.6","1.25","2026-08-29","0758","Aqua","MODIS","79","6.1NRT","300.36","32.39","D",,"fire_nrt_M-C61_803220.csv",37788,"NRT"
"-1.64427","110.35523","331.35","1.62","1.25","2026-08-29","0758","Aqua","MODIS","73","6.1NRT","300.54","45.43","D",,"fire_nrt_M-C61_803220.csv",37789,"NRT"
"-1.56857","110.79975","352.85","1.5","1.21","2026-08-29","0758","Aqua","MODIS","96","6.1NRT","302.53","110.59","D",,"fire_nrt_M-C61_803220.csv",37792,"NRT"
"-1.57046","110.78677","351.92","1.5","1.21","2026-08-29","0758","Aqua","MODIS","96","6.1NRT","302.47","107.14","D",,"fire_nrt_M-C61_803220.csv",37793,"NRT"
"-1.60134","110.57408","315.17","1.56","1.23","2026-08-29","0758","Aqua","MODIS","64","6.1NRT","300.01","11.29","D",,"fire_nrt_M-C61_803220.csv",37794,"NRT"
"-1.62848","110.30975","323.8","1.63","1.26","2026-08-29","0758","Aqua","MODIS","55","6.1NRT","301.54","28.88","D",,"fire_nrt_M-C61_803220.csv",37796,"NRT"
"-1.63942","110.0751","342.06","1.7","1.28","2026-08-29","0758","Aqua","MODIS","91","6.1NRT","300.4","84.23","D",,"fire_nrt_M-C61_803220.csv",37801,"NRT"
"-1.63781","110.08479","357.79","1.7","1.28","2026-08-29","0758","Aqua","MODIS","99","6.1NRT","300.84","158.5","D",,"fire_nrt_M-C61_803220.csv",37807,"NRT"
"-1.64001","110.07005","321.66","1.7","1.28","2026-08-29","0758","Aqua","MODIS","56","6.1NRT","299.1","24.12","D",,"fire_nrt_M-C61_803220.csv",37808,"NRT"
"-1.62882","110.06841","320.01","1.7","1.28","2026-08-29","0758","Aqua","MODIS","21","6.1NRT","299.27","20.36","D",,"fire_nrt_M-C61_803220.csv",37810,"NRT"
"-1.5683","110.32461","316.39","1.62","1.25","2026-08-29","0758","Aqua","MODIS","36","6.1NRT","300.71","12.71","D",,"fire_nrt_M-C61_803220.csv",37813,"NRT"
"-1.4369","110.66154","313.8","1.53","1.22","2026-08-29","0758","Aqua","MODIS","59","6.1NRT","299.41","9.49","D",,"fire_nrt_M-C61_803220.csv",37827,"NRT"
"-1.43892","110.6479","313.93","1.53","1.22","2026-08-29","0758","Aqua","MODIS","60","6.1NRT","300.38","9.36","D",,"fire_nrt_M-C61_803220.csv",37828,"NRT"
"-1.52139","110.09095","341.69","1.69","1.28","2026-08-29","0758","Aqua","MODIS","80","6.1NRT","299.85","80.9","D",,"fire_nrt_M-C61_803220.csv",37829,"NRT"
"-1.49529","110.1909","330.8","1.66","1.27","2026-08-29","0758","Aqua","MODIS","56","6.1NRT","302.73","39.75","D",,"fire_nrt_M-C61_803220.csv",37830,"NRT"
"-1.51024","110.08929","331.55","1.69","1.28","2026-08-29","0758","Aqua","MODIS","38","6.1NRT","298.29","46.32","D",,"fire_nrt_M-C61_803220.csv",37831,"NRT"
"-1.41761","110.64487","325.77","1.53","1.22","2026-08-29","0758","Aqua","MODIS","62","6.1NRT","300.44","27.11","D",,"fire_nrt_M-C61_803220.csv",37832,"NRT"
"-1.41958","110.6314","341.72","1.53","1.22","2026-08-29","0758","Aqua","MODIS","91","6.1NRT","301.72","70.25","D",,"fire_nrt_M-C61_803220.csv",37833,"NRT"
"-1.4089","110.62997","336.35","1.53","1.22","2026-08-29","0758","Aqua","MODIS","87","6.1NRT","301.09","55.28","D",,"fire_nrt_M-C61_803220.csv",37835,"NRT"
"-1.39251","110.668","319.72","1.52","1.22","2026-08-29","0758","Aqua","MODIS","72","6.1NRT","300.51","17.91","D",,"fire_nrt_M-C61_803220.csv",37836,"NRT"
"-1.3944","110.65498","316.52","1.53","1.22","2026-08-29","0758","Aqua","MODIS","66","6.1NRT","300.17","12.85","D",,"fire_nrt_M-C61_803220.csv",37837,"NRT"
"-1.40986","110.39437","314.52","1.6","1.24","2026-08-29","0758","Aqua","MODIS","61","6.1NRT","300.36","9.29","D",,"fire_nrt_M-C61_803220.csv",37842,"NRT"
"-1.41184","110.38049","356.96","1.6","1.25","2026-08-29","0758","Aqua","MODIS","98","6.1NRT","303.22","140.37","D",,"fire_nrt_M-C61_803220.csv",37843,"NRT"
"-1.41381","110.36665","331.1","1.6","1.25","2026-08-29","0758","Aqua","MODIS","84","6.1NRT","301.5","44.97","D",,"fire_nrt_M-C61_803220.csv",37844,"NRT"
"-1.42379","110.29669","316.15","1.62","1.25","2026-08-29","0758","Aqua","MODIS","50","6.1NRT","300.34","12.21","D",,"fire_nrt_M-C61_803220.csv",37845,"NRT"
"-1.42078","110.3766","316.63","1.6","1.25","2026-08-29","0758","Aqua","MODIS","66","6.1NRT","301.27","13.3","D",,"fire_nrt_M-C61_803220.csv",37849,"NRT"
"-1.40783","110.38884","325.35","1.6","1.24","2026-08-29","0758","Aqua","MODIS","78","6.1NRT","300.51","28.45","D",,"fire_nrt_M-C61_803220.csv",37852,"NRT"
"-1.4099","110.375","357.38","1.6","1.25","2026-08-29","0758","Aqua","MODIS","98","6.1NRT","303.35","141.02","D",,"fire_nrt_M-C61_803220.csv",37853,"NRT"
"-1.42246","110.29129","316","1.62","1.25","2026-08-29","0758","Aqua","MODIS","37","6.1NRT","300.33","11.93","D",,"fire_nrt_M-C61_803220.csv",37854,"NRT"
"-1.28318","111.15084","314.49","1.4","1.17","2026-08-29","0758","Aqua","MODIS","62","6.1NRT","299.75","11.26","D",,"fire_nrt_M-C61_803220.csv",37860,"NRT"
"-1.28501","111.1386","311.76","1.4","1.17","2026-08-29","0758","Aqua","MODIS","52","6.1NRT","300","7.96","D",,"fire_nrt_M-C61_803220.csv",37861,"NRT"
"-1.38816","110.3718","326.94","1.6","1.25","2026-08-29","0758","Aqua","MODIS","80","6.1NRT","301.3","33.93","D",,"fire_nrt_M-C61_803220.csv",37862,"NRT"
"-1.37727","110.37029","314.93","1.6","1.25","2026-08-29","0758","Aqua","MODIS","36","6.1NRT","300.38","10.9","D",,"fire_nrt_M-C61_803220.csv",37865,"NRT"
"-1.38958","110.28666","333.19","1.62","1.25","2026-08-29","0758","Aqua","MODIS","85","6.1NRT","299.83","50.67","D",,"fire_nrt_M-C61_803220.csv",37866,"NRT"
"-1.39167","110.27251","346.59","1.63","1.26","2026-08-29","0758","Aqua","MODIS","93","6.1NRT","301.09","95.69","D",,"fire_nrt_M-C61_803220.csv",37867,"NRT"
"-1.37865","110.28494","315.55","1.62","1.25","2026-08-29","0758","Aqua","MODIS","37","6.1NRT","299.36","12.86","D",,"fire_nrt_M-C61_803220.csv",37869,"NRT"
"-1.29942","110.5267","322.68","1.55","1.23","2026-08-29","0758","Aqua","MODIS","75","6.1NRT","300.5","21.31","D",,"fire_nrt_M-C61_803220.csv",37872,"NRT"
"-1.30625","110.52067","320.8","1.55","1.23","2026-08-29","0758","Aqua","MODIS","73","6.1NRT","301.07","17.63","D",,"fire_nrt_M-C61_803220.csv",37873,"NRT"
"-1.28683","110.50387","318.23","1.56","1.23","2026-08-29","0758","Aqua","MODIS","45","6.1NRT","300.69","12.64","D",,"fire_nrt_M-C61_803220.csv",37877,"NRT"
"-1.32803","110.22777","314.39","1.64","1.26","2026-08-29","0758","Aqua","MODIS","61","6.1NRT","297.91","14.34","D",,"fire_nrt_M-C61_803220.csv",37878,"NRT"
"-1.31688","110.2272","311.89","1.64","1.26","2026-08-29","0758","Aqua","MODIS","48","6.1NRT","297.13","10.68","D",,"fire_nrt_M-C61_803220.csv",37880,"NRT"
"-1.19371","110.69359","318.75","1.5","1.21","2026-08-29","0758","Aqua","MODIS","71","6.1NRT","302.03","15","D",,"fire_nrt_M-C61_803220.csv",37892,"NRT"
"-1.1956","110.6805","326.96","1.51","1.21","2026-08-29","0758","Aqua","MODIS","80","6.1NRT","302.15","30.68","D",,"fire_nrt_M-C61_803220.csv",37893,"NRT"
"-1.18502","110.67888","317","1.51","1.21","2026-08-29","0758","Aqua","MODIS","68","6.1NRT","301.25","12.1","D",,"fire_nrt_M-C61_803220.csv",37895,"NRT"
"-1.18929","110.68756","328.89","1.5","1.21","2026-08-29","0758","Aqua","MODIS","82","6.1NRT","302.64","34.89","D",,"fire_nrt_M-C61_803220.csv",37899,"NRT"
"-1.19126","110.67453","320.23","1.51","1.21","2026-08-29","0758","Aqua","MODIS","73","6.1NRT","301.79","17.5","D",,"fire_nrt_M-C61_803220.csv",37900,"NRT"
"-1.17597","110.6321","348.36","1.52","1.22","2026-08-29","0758","Aqua","MODIS","94","6.1NRT","302.29","93.2","D",,"fire_nrt_M-C61_803220.csv",37907,"NRT"
"-1.17792","110.61901","344.71","1.52","1.22","2026-08-29","0758","Aqua","MODIS","93","6.1NRT","302.47","80.27","D",,"fire_nrt_M-C61_803220.csv",37908,"NRT"
"-1.15665","110.616","314.76","1.52","1.22","2026-08-29","0758","Aqua","MODIS","53","6.1NRT","300.57","9.11","D",,"fire_nrt_M-C61_803220.csv",37912,"NRT"
"-1.14414","110.47766","321.93","1.56","1.23","2026-08-29","0758","Aqua","MODIS","75","6.1NRT","301.77","22.53","D",,"fire_nrt_M-C61_803220.csv",37914,"NRT"
"-1.14609","110.46418","314.29","1.56","1.23","2026-08-29","0758","Aqua","MODIS","62","6.1NRT","301.31","9.77","D",,"fire_nrt_M-C61_803220.csv",37915,"NRT"
"-0.64041","110.58434","319.33","1.5","1.21","2026-08-29","0801","Aqua","MODIS","71","6.1NRT","300.34","17.71","D",,"fire_nrt_M-C61_803220.csv",37918,"NRT"
"-0.64238","110.57129","347.35","1.5","1.21","2026-08-29","0801","Aqua","MODIS","94","6.1NRT","302.34","89.92","D",,"fire_nrt_M-C61_803220.csv",37919,"NRT"
"-0.64489","110.40955","334.8","1.55","1.23","2026-08-29","0801","Aqua","MODIS","71","6.1NRT","298.05","54.44","D",,"fire_nrt_M-C61_803220.csv",37928,"NRT"
"-0.61648","110.52743","321.08","1.51","1.21","2026-08-29","0801","Aqua","MODIS","68","6.1NRT","299.78","19.8","D",,"fire_nrt_M-C61_803220.csv",37930,"NRT"
"-0.62942","110.36613","315.36","1.56","1.23","2026-08-29","0801","Aqua","MODIS","63","6.1NRT","296.99","14.01","D",,"fire_nrt_M-C61_803220.csv",37933,"NRT"
"-0.59336","110.53741","317.1","1.51","1.21","2026-08-29","0801","Aqua","MODIS","55","6.1NRT","299.86","14.48","D",,"fire_nrt_M-C61_803220.csv",37938,"NRT"
"-0.61612","110.15346","324.44","1.62","1.25","2026-08-29","0801","Aqua","MODIS","57","6.1NRT","299.63","27.75","D",,"fire_nrt_M-C61_803220.csv",37959,"NRT"
"-0.62035","110.1764","314.47","1.61","1.25","2026-08-29","0801","Aqua","MODIS","46","6.1NRT","300","11.36","D",,"fire_nrt_M-C61_803220.csv",37964,"NRT"
"-0.61376","110.14631","332.52","1.62","1.25","2026-08-29","0801","Aqua","MODIS","81","6.1NRT","299.87","47.09","D",,"fire_nrt_M-C61_803220.csv",37966,"NRT"
"-0.618","110.11825","334.35","1.62","1.25","2026-08-29","0801","Aqua","MODIS","68","6.1NRT","296.57","51.54","D",,"fire_nrt_M-C61_803220.csv",37967,"NRT"
"-0.56181","110.4179","315.31","1.54","1.22","2026-08-29","0801","Aqua","MODIS","62","6.1NRT","295.03","13.49","D",,"fire_nrt_M-C61_803220.csv",37968,"NRT"
"-0.57332","110.26763","315.89","1.58","1.24","2026-08-29","0801","Aqua","MODIS","64","6.1NRT","298.36","14.94","D",,"fire_nrt_M-C61_803220.csv",37971,"NRT"
"-0.54211","110.17863","316.98","1.6","1.25","2026-08-29","0801","Aqua","MODIS","67","6.1NRT","300.52","16.57","D",,"fire_nrt_M-C61_803220.csv",37985,"NRT"
"-0.54415","110.16467","313.73","1.61","1.25","2026-08-29","0801","Aqua","MODIS","58","6.1NRT","300.55","11.37","D",,"fire_nrt_M-C61_803220.csv",37986,"NRT"
"-0.4718","110.51281","321.36","1.51","1.21","2026-08-29","0801","Aqua","MODIS","67","6.1NRT","299.59","21.06","D",,"fire_nrt_M-C61_803220.csv",37995,"NRT"
"-0.5312","110.08576","343.39","1.63","1.26","2026-08-29","0801","Aqua","MODIS","92","6.1NRT","293.39","89.77","D",,"fire_nrt_M-C61_803220.csv",38002,"NRT"
"-1.11207","110.43889","317.94","1.57","1.23","2026-08-29","0801","Aqua","MODIS","43","6.1NRT","301.36","14.24","D",,"fire_nrt_M-C61_803220.csv",38009,"NRT"
"-1.08141","110.57121","313.52","1.53","1.22","2026-08-29","0801","Aqua","MODIS","60","6.1NRT","300.49","8.72","D",,"fire_nrt_M-C61_803220.csv",38011,"NRT"
"-1.09257","110.42196","314.35","1.57","1.23","2026-08-29","0801","Aqua","MODIS","46","6.1NRT","300.87","9.28","D",,"fire_nrt_M-C61_803220.csv",38013,"NRT"
"-1.09457","110.40842","324.2","1.57","1.24","2026-08-29","0801","Aqua","MODIS","78","6.1NRT","301.7","27.48","D",,"fire_nrt_M-C61_803220.csv",38014,"NRT"
"-0.95966","110.77354","315.11","1.47","1.2","2026-08-29","0801","Aqua","MODIS","65","6.1NRT","301.27","11.16","D",,"fire_nrt_M-C61_803220.csv",38020,"NRT"
"-0.97206","110.61724","314.42","1.51","1.21","2026-08-29","0801","Aqua","MODIS","63","6.1NRT","301.54","10.18","D",,"fire_nrt_M-C61_803220.csv",38024,"NRT"
"-0.98378","110.53793","318.52","1.53","1.22","2026-08-29","0801","Aqua","MODIS","70","6.1NRT","301.05","17.26","D",,"fire_nrt_M-C61_803220.csv",38025,"NRT"
"-0.41265","110.3632","314.17","1.55","1.23","2026-08-29","0801","Aqua","MODIS","59","6.1NRT","300.21","10.56","D",,"fire_nrt_M-C61_803220.csv",38395,"NRT"
"-0.43801","110.33942","330.14","1.55","1.23","2026-08-29","0801","Aqua","MODIS","83","6.1NRT","300.02","38.57","D",,"fire_nrt_M-C61_803220.csv",38404,"NRT"
"-0.43602","110.35296","339.07","1.55","1.23","2026-08-29","0801","Aqua","MODIS","89","6.1NRT","300.02","64.24","D",,"fire_nrt_M-C61_803220.csv",38405,"NRT"
"-0.44874","110.34095","314.54","1.55","1.23","2026-08-29","0801","Aqua","MODIS","41","6.1NRT","299.77","10.87","D",,"fire_nrt_M-C61_803220.csv",38409,"NRT"
"-0.44673","110.35458","320.57","1.55","1.23","2026-08-29","0801","Aqua","MODIS","72","6.1NRT","299.71","21.99","D",,"fire_nrt_M-C61_803220.csv",38410,"NRT"
"-0.48793","110.15088","317.42","1.61","1.25","2026-08-29","0801","Aqua","MODIS","60","6.1NRT","300.46","15.67","D",,"fire_nrt_M-C61_803220.csv",38412,"NRT"
"-0.48586","110.16486","316.46","1.6","1.25","2026-08-29","0801","Aqua","MODIS","65","6.1NRT","300.37","14.47","D",,"fire_nrt_M-C61_803220.csv",38413,"NRT"
"-0.48382","110.1786","317.74","1.6","1.25","2026-08-29","0801","Aqua","MODIS","49","6.1NRT","299.69","16.27","D",,"fire_nrt_M-C61_803220.csv",38414,"NRT"
"-0.44164","110.46262","326.47","1.52","1.22","2026-08-29","0801","Aqua","MODIS","79","6.1NRT","300.63","30.95","D",,"fire_nrt_M-C61_803220.csv",38415,"NRT"
"-0.49674","110.16647","341","1.6","1.25","2026-08-29","0801","Aqua","MODIS","90","6.1NRT","302.29","74.02","D",,"fire_nrt_M-C61_803220.csv",38419,"NRT"
"-0.49467","110.18029","360.94","1.6","1.25","2026-08-29","0801","Aqua","MODIS","100","6.1NRT","303.05","161.14","D",,"fire_nrt_M-C61_803220.csv",38420,"NRT"
"-0.98574","110.52466","314.02","1.54","1.22","2026-08-29","0801","Aqua","MODIS","61","6.1NRT","300.19","9.85","D",,"fire_nrt_M-C61_803220.csv",38424,"NRT"
"-0.97027","110.48132","319.28","1.55","1.23","2026-08-29","0801","Aqua","MODIS","72","6.1NRT","301.65","17.99","D",,"fire_nrt_M-C61_803220.csv",38428,"NRT"
"-0.87742","110.84552","317.01","1.45","1.19","2026-08-29","0801","Aqua","MODIS","68","6.1NRT","300.81","13.31","D",,"fire_nrt_M-C61_803220.csv",38435,"NRT"
"-0.87933","110.83285","313.34","1.45","1.19","2026-08-29","0801","Aqua","MODIS","60","6.1NRT","301","8.06","D",,"fire_nrt_M-C61_803220.csv",38436,"NRT"
"-0.88596","110.7174","317.82","1.48","1.2","2026-08-29","0801","Aqua","MODIS","69","6.1NRT","300.12","16.23","D",,"fire_nrt_M-C61_803220.csv",38437,"NRT"
"-0.92129","110.48126","321.25","1.54","1.22","2026-08-29","0801","Aqua","MODIS","68","6.1NRT","301.54","18.48","D",,"fire_nrt_M-C61_803220.csv",38438,"NRT"
"-0.92326","110.4681","320.01","1.55","1.23","2026-08-29","0801","Aqua","MODIS","59","6.1NRT","302.34","15.98","D",,"fire_nrt_M-C61_803220.csv",38439,"NRT"
"-0.89794","110.49137","325.33","1.54","1.22","2026-08-29","0801","Aqua","MODIS","52","6.1NRT","302.31","24.26","D",,"fire_nrt_M-C61_803220.csv",38440,"NRT"
"-0.90383","110.45152","334.16","1.55","1.23","2026-08-29","0801","Aqua","MODIS","86","6.1NRT","303.34","45","D",,"fire_nrt_M-C61_803220.csv",38441,"NRT"
"-0.82483","110.91446","333.19","1.43","1.18","2026-08-29","0801","Aqua","MODIS","86","6.1NRT","300.53","44.79","D",,"fire_nrt_M-C61_803220.csv",38442,"NRT"
"-0.82668","110.90188","320.52","1.43","1.18","2026-08-29","0801","Aqua","MODIS","73","6.1NRT","300.4","19.58","D",,"fire_nrt_M-C61_803220.csv",38443,"NRT"
"-0.88045","110.46172","317.19","1.55","1.23","2026-08-29","0801","Aqua","MODIS","15","6.1NRT","302.22","10.81","D",,"fire_nrt_M-C61_803220.csv",38446,"NRT"
"-0.84261","110.49684","326.57","1.54","1.22","2026-08-29","0801","Aqua","MODIS","80","6.1NRT","301.91","30.51","D",,"fire_nrt_M-C61_803220.csv",38451,"NRT"
"-0.84452","110.48353","326.44","1.54","1.22","2026-08-29","0801","Aqua","MODIS","80","6.1NRT","300.97","30.2","D",,"fire_nrt_M-C61_803220.csv",38452,"NRT"
"-0.84643","110.47025","328.75","1.54","1.22","2026-08-29","0801","Aqua","MODIS","82","6.1NRT","300.08","35.82","D",,"fire_nrt_M-C61_803220.csv",38453,"NRT"
"-0.85172","110.47916","325.29","1.54","1.22","2026-08-29","0801","Aqua","MODIS","78","6.1NRT","301.09","27.71","D",,"fire_nrt_M-C61_803220.csv",38455,"NRT"
"-0.83904","110.49088","328.14","1.54","1.22","2026-08-29","0801","Aqua","MODIS","81","6.1NRT","301.7","34.6","D",,"fire_nrt_M-C61_803220.csv",38456,"NRT"
"-0.84103","110.47764","318.09","1.54","1.22","2026-08-29","0801","Aqua","MODIS","69","6.1NRT","300.66","14.61","D",,"fire_nrt_M-C61_803220.csv",38457,"NRT"
"-0.75285","110.92352","313.37","1.42","1.18","2026-08-29","0801","Aqua","MODIS","57","6.1NRT","300.67","8.14","D",,"fire_nrt_M-C61_803220.csv",38460,"NRT"
"-0.80025","110.4581","331.2","1.54","1.22","2026-08-29","0801","Aqua","MODIS","84","6.1NRT","300.21","42.98","D",,"fire_nrt_M-C61_803220.csv",38463,"NRT"
"-0.78079","110.44173","315.65","1.55","1.23","2026-08-29","0801","Aqua","MODIS","64","6.1NRT","299.84","12.98","D",,"fire_nrt_M-C61_803220.csv",38468,"NRT"
"-0.71573","110.81625","317.03","1.45","1.19","2026-08-29","0801","Aqua","MODIS","67","6.1NRT","300.74","13.72","D",,"fire_nrt_M-C61_803220.csv",38474,"NRT"
"-0.75874","110.33499","384.78","1.57","1.24","2026-08-29","0801","Aqua","MODIS","100","6.1NRT","303.27","322.23","D",,"fire_nrt_M-C61_803220.csv",38475,"NRT"
"-0.76079","110.32131","388.91","1.58","1.24","2026-08-29","0801","Aqua","MODIS","100","6.1NRT","306.99","360.76","D",,"fire_nrt_M-C61_803220.csv",38476,"NRT"
"-0.66187","110.84031","314.1","1.44","1.19","2026-08-29","0801","Aqua","MODIS","59","6.1NRT","299.95","9.29","D",,"fire_nrt_M-C61_803220.csv",38479,"NRT"
"-0.66558","110.81522","314.85","1.45","1.19","2026-08-29","0801","Aqua","MODIS","62","6.1NRT","299.98","10.55","D",,"fire_nrt_M-C61_803220.csv",38480,"NRT"
"-0.61102","110.97157","316.26","1.41","1.17","2026-08-29","0801","Aqua","MODIS","65","6.1NRT","299.67","14.35","D",,"fire_nrt_M-C61_803220.csv",38484,"NRT"
"-0.66227","110.61945","311.49","1.49","1.21","2026-08-29","0801","Aqua","MODIS","24","6.1NRT","298.24","5.75","D",,"fire_nrt_M-C61_803220.csv",38485,"NRT"
"-0.66416","110.60644","323.28","1.5","1.21","2026-08-29","0801","Aqua","MODIS","76","6.1NRT","300.22","24.55","D",,"fire_nrt_M-C61_803220.csv",38486,"NRT"
"-0.65549","110.59193","330.6","1.5","1.21","2026-08-29","0801","Aqua","MODIS","83","6.1NRT","301.05","37.55","D",,"fire_nrt_M-C61_803220.csv",38491,"NRT"
"-0.6301","110.69355","316.34","1.47","1.2","2026-08-29","0801","Aqua","MODIS","65","6.1NRT","300.09","12.48","D",,"fire_nrt_M-C61_803220.csv",38496,"NRT"
"-0.63194","110.68073","315.24","1.48","1.2","2026-08-29","0801","Aqua","MODIS","56","6.1NRT","300.48","10.9","D",,"fire_nrt_M-C61_803220.csv",38497,"NRT"
"-0.65436","110.5248","340.92","1.52","1.22","2026-08-29","0801","Aqua","MODIS","90","6.1NRT","302.63","65.73","D",,"fire_nrt_M-C61_803220.csv",38498,"NRT"
"-0.63536","110.68885","322.68","1.47","1.2","2026-08-29","0801","Aqua","MODIS","75","6.1NRT","300.62","23.28","D",,"fire_nrt_M-C61_803220.csv",38504,"NRT"
"-0.65891","110.53352","324.08","1.51","1.21","2026-08-29","0801","Aqua","MODIS","40","6.1NRT","301.58","22.46","D",,"fire_nrt_M-C61_803220.csv",38505,"NRT"
"-0.6609","110.52039","324.83","1.52","1.22","2026-08-29","0801","Aqua","MODIS","45","6.1NRT","302.25","24.54","D",,"fire_nrt_M-C61_803220.csv",38506,"NRT"
"-2.16625","110.78374","307.78","1","1","2026-08-29","1316","Terra","MODIS","67","6.1NRT","295.03","5.52","N",,"fire_nrt_M-C61_803220.csv",38524,"NRT"
"-2.22696","110.40569","310.76","1.02","1.01","2026-08-29","1316","Terra","MODIS","67","6.1NRT","295.84","7.43","N",,"fire_nrt_M-C61_803220.csv",38529,"NRT"
"-2.22575","110.41457","310.26","1.02","1.01","2026-08-29","1316","Terra","MODIS","54","6.1NRT","296.16","6.94","N",,"fire_nrt_M-C61_803220.csv",38530,"NRT"
"-2.17505","110.78493","309.58","1","1","2026-08-29","1316","Terra","MODIS","74","6.1NRT","295.42","6.87","N",,"fire_nrt_M-C61_803220.csv",38531,"NRT"
"-2.23338","110.42467","305.64","1.02","1.01","2026-08-29","1316","Terra","MODIS","12","6.1NRT","295.34","4.05","N",,"fire_nrt_M-C61_803220.csv",38536,"NRT"
"-2.2462","110.46262","314.14","1.02","1.01","2026-08-29","1316","Terra","MODIS","87","6.1NRT","297.1","10.42","N",,"fire_nrt_M-C61_803220.csv",38540,"NRT"
"-2.24499","110.47148","307.88","1.01","1.01","2026-08-29","1316","Terra","MODIS","67","6.1NRT","296.44","6","N",,"fire_nrt_M-C61_803220.csv",38541,"NRT"
"-2.30609","110.56739","307.93","1.01","1.01","2026-08-29","1316","Terra","MODIS","68","6.1NRT","295.21","6.16","N",,"fire_nrt_M-C61_803220.csv",38580,"NRT"
"-2.25671","110.92746","314.76","1","1","2026-08-29","1316","Terra","MODIS","89","6.1NRT","295.06","11.01","N",,"fire_nrt_M-C61_803220.csv",38581,"NRT"
"-2.25551","110.9362","320.41","1","1","2026-08-29","1316","Terra","MODIS","100","6.1NRT","295.49","15.96","N",,"fire_nrt_M-C61_803220.csv",38582,"NRT"
"-2.40386","110.46046","305.82","1.02","1.01","2026-08-29","1316","Terra","MODIS","60","6.1NRT","294.59","4.87","N",,"fire_nrt_M-C61_803220.csv",38595,"NRT"
"-2.79991","110.86997","314.74","1.01","1","2026-08-29","1316","Terra","MODIS","89","6.1NRT","294.07","12.11","N",,"fire_nrt_M-C61_803220.csv",38803,"NRT"
"-2.86017","110.28413","312.8","1.03","1.01","2026-08-29","1316","Terra","MODIS","85","6.1NRT","295.29","9.8","N",,"fire_nrt_M-C61_803220.csv",38811,"NRT"
"-2.86142","110.27512","320.23","1.03","1.01","2026-08-29","1316","Terra","MODIS","100","6.1NRT","295.16","16.47","N",,"fire_nrt_M-C61_803220.csv",38812,"NRT"
"-2.63207","111.07544","310.85","1","1","2026-08-29","1316","Terra","MODIS","80","6.1NRT","294.34","8.72","N",,"fire_nrt_M-C61_803220.csv",38882,"NRT"
"-2.64301","110.3242","309.83","1.03","1.01","2026-08-29","1316","Terra","MODIS","77","6.1NRT","295.01","8.19","N",,"fire_nrt_M-C61_803220.csv",38940,"NRT"
"-2.49486","111.0767","306.89","1","1","2026-08-29","1316","Terra","MODIS","40","6.1NRT","294.83","5.21","N",,"fire_nrt_M-C61_803220.csv",38964,"NRT"
"-2.49606","111.06796","314.96","1","1","2026-08-29","1316","Terra","MODIS","90","6.1NRT","295.4","11.24","N",,"fire_nrt_M-C61_803220.csv",38965,"NRT"
"-2.58156","110.44304","305","1.02","1.01","2026-08-29","1316","Terra","MODIS","59","6.1NRT","294.24","4.77","N",,"fire_nrt_M-C61_803220.csv",38966,"NRT"
"-2.58278","110.43414","307.8","1.02","1.01","2026-08-29","1316","Terra","MODIS","70","6.1NRT","294.37","6.62","N",,"fire_nrt_M-C61_803220.csv",38967,"NRT"
"-2.48728","111.06673","327.01","1","1","2026-08-29","1316","Terra","MODIS","100","6.1NRT","296.4","23.11","N",,"fire_nrt_M-C61_803220.csv",38974,"NRT"
"-2.49302","110.61453","308.86","1.01","1.01","2026-08-29","1316","Terra","MODIS","73","6.1NRT","294.51","7.25","N",,"fire_nrt_M-C61_803220.csv",39017,"NRT"
"-1.65162","110.09258","307.38","1.03","1.01","2026-08-29","1318","Terra","MODIS","63","6.1NRT","296.68","4.87","N",,"fire_nrt_M-C61_803220.csv",39115,"NRT"
"-1.64273","110.09134","310.52","1.03","1.01","2026-08-29","1318","Terra","MODIS","65","6.1NRT","296.97","6.5","N",,"fire_nrt_M-C61_803220.csv",39117,"NRT"
"-1.64396","110.08237","311.88","1.03","1.01","2026-08-29","1318","Terra","MODIS","80","6.1NRT","296.74","7.58","N",,"fire_nrt_M-C61_803220.csv",39118,"NRT"
"-1.63385","110.0901","338.7","1.03","1.01","2026-08-29","1318","Terra","MODIS","100","6.1NRT","299.11","39.17","N",,"fire_nrt_M-C61_803220.csv",39123,"NRT"
"-1.63507","110.08113","342.34","1.03","1.01","2026-08-29","1318","Terra","MODIS","100","6.1NRT","299.59","45.79","N",,"fire_nrt_M-C61_803220.csv",39124,"NRT"
"-1.62496","110.08886","325.16","1.03","1.01","2026-08-29","1318","Terra","MODIS","100","6.1NRT","297.44","20.61","N",,"fire_nrt_M-C61_803220.csv",39126,"NRT"
"-1.62618","110.0799","356.68","1.03","1.01","2026-08-29","1318","Terra","MODIS","100","6.1NRT","299.2","77.59","N",,"fire_nrt_M-C61_803220.csv",39127,"NRT"
"-1.62741","110.07092","311","1.03","1.01","2026-08-29","1318","Terra","MODIS","77","6.1NRT","295.79","7.07","N",,"fire_nrt_M-C61_803220.csv",39128,"NRT"
"-1.57319","110.33575","311.84","1.01","1.01","2026-08-29","1318","Terra","MODIS","57","6.1NRT","296.84","7.5","N",,"fire_nrt_M-C61_803220.csv",39129,"NRT"
"-1.61206","110.0505","306.56","1.03","1.01","2026-08-29","1318","Terra","MODIS","28","6.1NRT","296.17","3.87","N",,"fire_nrt_M-C61_803220.csv",39130,"NRT"
"-1.56304","110.32801","314.61","1.01","1.01","2026-08-29","1318","Terra","MODIS","85","6.1NRT","297.07","9.62","N",,"fire_nrt_M-C61_803220.csv",39131,"NRT"
"-1.60246","110.04285","306.93","1.03","1.01","2026-08-29","1318","Terra","MODIS","62","6.1NRT","296.24","4.76","N",,"fire_nrt_M-C61_803220.csv",39132,"NRT"
"-1.5542","110.32678","309.35","1.01","1.01","2026-08-29","1318","Terra","MODIS","72","6.1NRT","296.76","6.1","N",,"fire_nrt_M-C61_803220.csv",39134,"NRT"
"-1.55542","110.31794","306.93","1.02","1.01","2026-08-29","1318","Terra","MODIS","62","6.1NRT","296.27","4.46","N",,"fire_nrt_M-C61_803220.csv",39135,"NRT"
"-1.58095","110.06731","309.83","1.03","1.01","2026-08-29","1318","Terra","MODIS","74","6.1NRT","296.47","6.68","N",,"fire_nrt_M-C61_803220.csv",39136,"NRT"
"-1.57206","110.06608","310.84","1.03","1.01","2026-08-29","1318","Terra","MODIS","77","6.1NRT","296.42","6.97","N",,"fire_nrt_M-C61_803220.csv",39138,"NRT"
"-1.54294","110.08031","321.65","1.03","1.01","2026-08-29","1318","Terra","MODIS","100","6.1NRT","297.68","15.71","N",,"fire_nrt_M-C61_803220.csv",39141,"NRT"
"-1.54416","110.07133","357.25","1.03","1.01","2026-08-29","1318","Terra","MODIS","100","6.1NRT","302.95","78.11","N",,"fire_nrt_M-C61_803220.csv",39142,"NRT"
"-1.54539","110.06238","328.18","1.03","1.01","2026-08-29","1318","Terra","MODIS","100","6.1NRT","297.74","23.18","N",,"fire_nrt_M-C61_803220.csv",39143,"NRT"
"-1.53038","110.10593","312.09","1.03","1.01","2026-08-29","1318","Terra","MODIS","81","6.1NRT","296.34","8.54","N",,"fire_nrt_M-C61_803220.csv",39144,"NRT"
"-1.53527","110.0701","373.28","1.03","1.01","2026-08-29","1318","Terra","MODIS","100","6.1NRT","304.93","128.27","N",,"fire_nrt_M-C61_803220.csv",39145,"NRT"
"-1.5365","110.06114","375.43","1.03","1.01","2026-08-29","1318","Terra","MODIS","100","6.1NRT","302.76","136.02","N",,"fire_nrt_M-C61_803220.csv",39146,"NRT"
"-1.53772","110.05218","312.26","1.03","1.01","2026-08-29","1318","Terra","MODIS","42","6.1NRT","296.54","6.71","N",,"fire_nrt_M-C61_803220.csv",39147,"NRT"
"-1.39496","111.02824","305.76","1","1","2026-08-29","1318","Terra","MODIS","59","6.1NRT","295.67","4.35","N",,"fire_nrt_M-C61_803220.csv",39148,"NRT"
"-1.50689","110.21172","308.7","1.02","1.01","2026-08-29","1318","Terra","MODIS","70","6.1NRT","296.5","5.62","N",,"fire_nrt_M-C61_803220.csv",39149,"NRT"
"-1.50811","110.20281","318.94","1.02","1.01","2026-08-29","1318","Terra","MODIS","97","6.1NRT","297.56","13.76","N",,"fire_nrt_M-C61_803220.csv",39150,"NRT"
"-1.50932","110.1939","320.45","1.02","1.01","2026-08-29","1318","Terra","MODIS","100","6.1NRT","297.31","14.66","N",,"fire_nrt_M-C61_803220.csv",39151,"NRT"
"-1.51297","110.16718","318.85","1.02","1.01","2026-08-29","1318","Terra","MODIS","97","6.1NRT","296.88","13.93","N",,"fire_nrt_M-C61_803220.csv",39152,"NRT"
"-1.52394","110.08679","317.83","1.03","1.01","2026-08-29","1318","Terra","MODIS","45","6.1NRT","296.89","10.98","N",,"fire_nrt_M-C61_803220.csv",39153,"NRT"
"-1.52639","110.06886","423.75","1.03","1.01","2026-08-29","1318","Terra","MODIS","100","6.1NRT","308.26","439.27","N",,"fire_nrt_M-C61_803220.csv",39154,"NRT"
"-1.52761","110.05991","413.93","1.03","1.01","2026-08-29","1318","Terra","MODIS","100","6.1NRT","304.7","356.13","N",,"fire_nrt_M-C61_803220.csv",39155,"NRT"
"-1.43656","110.66019","321.94","1","1","2026-08-29","1318","Terra","MODIS","100","6.1NRT","296.92","16.57","N",,"fire_nrt_M-C61_803220.csv",39156,"NRT"
"-1.43776","110.6514","308.33","1","1","2026-08-29","1318","Terra","MODIS","69","6.1NRT","296.17","5.05","N",,"fire_nrt_M-C61_803220.csv",39157,"NRT"
"-1.50167","110.18378","311.47","1.02","1.01","2026-08-29","1318","Terra","MODIS","31","6.1NRT","296.9","6.39","N",,"fire_nrt_M-C61_803220.csv",39158,"NRT"
"-1.5041","110.16595","380.55","1.02","1.01","2026-08-29","1318","Terra","MODIS","100","6.1NRT","302.91","157.11","N",,"fire_nrt_M-C61_803220.csv",39159,"NRT"
"-1.50532","110.15704","389.42","1.02","1.01","2026-08-29","1318","Terra","MODIS","100","6.1NRT","303.39","198.98","N",,"fire_nrt_M-C61_803220.csv",39160,"NRT"
"-1.51506","110.08556","324.02","1.03","1.01","2026-08-29","1318","Terra","MODIS","81","6.1NRT","297.97","17.26","N",,"fire_nrt_M-C61_803220.csv",39161,"NRT"
"-1.42603","110.65286","324.16","1","1","2026-08-29","1318","Terra","MODIS","100","6.1NRT","297.11","18.77","N",,"fire_nrt_M-C61_803220.csv",39162,"NRT"
"-1.42724","110.64409","315.86","1","1","2026-08-29","1318","Terra","MODIS","91","6.1NRT","295.93","10.55","N",,"fire_nrt_M-C61_803220.csv",39163,"NRT"
"-1.4881","110.20322","313.12","1.02","1.01","2026-08-29","1318","Terra","MODIS","64","6.1NRT","297.14","7.99","N",,"fire_nrt_M-C61_803220.csv",39164,"NRT"
"-1.48933","110.19434","332.83","1.02","1.01","2026-08-29","1318","Terra","MODIS","100","6.1NRT","299.35","29.31","N",,"fire_nrt_M-C61_803220.csv",39165,"NRT"
"-1.49055","110.18545","314.84","1.02","1.01","2026-08-29","1318","Terra","MODIS","88","6.1NRT","297.41","9.58","N",,"fire_nrt_M-C61_803220.csv",39166,"NRT"
"-1.49179","110.17654","313.69","1.02","1.01","2026-08-29","1318","Terra","MODIS","85","6.1NRT","297.21","8.78","N",,"fire_nrt_M-C61_803220.csv",39167,"NRT"
"-1.49302","110.16763","326.62","1.02","1.01","2026-08-29","1318","Terra","MODIS","100","6.1NRT","297.41","22.19","N",,"fire_nrt_M-C61_803220.csv",39168,"NRT"
"-1.50537","110.0783","309.77","1.03","1.01","2026-08-29","1318","Terra","MODIS","42","6.1NRT","296.63","6.23","N",,"fire_nrt_M-C61_803220.csv",39169,"NRT"
"-1.50661","110.06935","328.05","1.03","1.01","2026-08-29","1318","Terra","MODIS","100","6.1NRT","298.91","24.06","N",,"fire_nrt_M-C61_803220.csv",39170,"NRT"
"-1.41844","110.64288","313.89","1","1","2026-08-29","1318","Terra","MODIS","86","6.1NRT","296.67","8.95","N",,"fire_nrt_M-C61_803220.csv",39171,"NRT"
"-1.47801","110.21088","308.6","1.02","1.01","2026-08-29","1318","Terra","MODIS","69","6.1NRT","296.52","5.34","N",,"fire_nrt_M-C61_803220.csv",39172,"NRT"
"-1.4817","110.18421","327.12","1.02","1.01","2026-08-29","1318","Terra","MODIS","100","6.1NRT","297.98","22.16","N",,"fire_nrt_M-C61_803220.csv",39173,"NRT"
"-1.49773","110.06811","309.6","1.03","1.01","2026-08-29","1318","Terra","MODIS","32","6.1NRT","296.65","6.02","N",,"fire_nrt_M-C61_803220.csv",39174,"NRT"
"-1.40965","110.64165","327.56","1","1","2026-08-29","1318","Terra","MODIS","100","6.1NRT","297.84","21.89","N",,"fire_nrt_M-C61_803220.csv",39175,"NRT"
"-1.41086","110.6329","348.47","1","1","2026-08-29","1318","Terra","MODIS","100","6.1NRT","298.83","55.7","N",,"fire_nrt_M-C61_803220.csv",39176,"NRT"
"-1.47161","110.19186","316.89","1.02","1.01","2026-08-29","1318","Terra","MODIS","93","6.1NRT","297.64","10.93","N",,"fire_nrt_M-C61_803220.csv",39177,"NRT"
"-1.47284","110.18298","325.27","1.02","1.01","2026-08-29","1318","Terra","MODIS","100","6.1NRT","298","19.6","N",,"fire_nrt_M-C61_803220.csv",39178,"NRT"
"-1.38846","110.66546","312.71","1","1","2026-08-29","1318","Terra","MODIS","83","6.1NRT","296.49","8.75","N",,"fire_nrt_M-C61_803220.csv",39179,"NRT"
"-1.45756","110.16271","315.09","1.02","1.01","2026-08-29","1318","Terra","MODIS","89","6.1NRT","297.6","9.51","N",,"fire_nrt_M-C61_803220.csv",39180,"NRT"
"-1.45879","110.15379","319.42","1.02","1.01","2026-08-29","1318","Terra","MODIS","98","6.1NRT","297.84","13.56","N",,"fire_nrt_M-C61_803220.csv",39181,"NRT"
"-1.46001","110.14487","308.52","1.02","1.01","2026-08-29","1318","Terra","MODIS","24","6.1NRT","296.71","4.87","N",,"fire_nrt_M-C61_803220.csv",39182,"NRT"
"-1.44992","110.15256","309.49","1.02","1.01","2026-08-29","1318","Terra","MODIS","37","6.1NRT","297.41","5.27","N",,"fire_nrt_M-C61_803220.csv",39183,"NRT"
"-1.45115","110.14363","314.23","1.02","1.01","2026-08-29","1318","Terra","MODIS","87","6.1NRT","297.92","9.37","N",,"fire_nrt_M-C61_803220.csv",39184,"NRT"
"-1.45237","110.1347","307.5","1.02","1.01","2026-08-29","1318","Terra","MODIS","20","6.1NRT","296.89","4.4","N",,"fire_nrt_M-C61_803220.csv",39185,"NRT"
"-1.40946","110.38188","314.88","1.01","1.01","2026-08-29","1318","Terra","MODIS","89","6.1NRT","296.7","10.05","N",,"fire_nrt_M-C61_803220.csv",39187,"NRT"
"-1.41067","110.37306","321.01","1.01","1.01","2026-08-29","1318","Terra","MODIS","100","6.1NRT","296.82","15.55","N",,"fire_nrt_M-C61_803220.csv",39188,"NRT"
"-1.43707","110.11438","311.2","1.02","1.01","2026-08-29","1318","Terra","MODIS","78","6.1NRT","296.47","7.35","N",,"fire_nrt_M-C61_803220.csv",39189,"NRT"
"-1.43829","110.10545","312.27","1.02","1.01","2026-08-29","1318","Terra","MODIS","82","6.1NRT","296.15","8.8","N",,"fire_nrt_M-C61_803220.csv",39190,"NRT"
"-1.38299","110.37821","308.93","1.01","1.01","2026-08-29","1318","Terra","MODIS","44","6.1NRT","296.38","5.1","N",,"fire_nrt_M-C61_803220.csv",39195,"NRT"
"-1.3842","110.36938","315.16","1.01","1.01","2026-08-29","1318","Terra","MODIS","89","6.1NRT","296.57","9.93","N",,"fire_nrt_M-C61_803220.csv",39196,"NRT"
"-1.41811","110.12086","320.8","1.02","1.01","2026-08-29","1318","Terra","MODIS","97","6.1NRT","296.97","14.49","N",,"fire_nrt_M-C61_803220.csv",39197,"NRT"
"-1.38369","110.29101","321.23","1.01","1.01","2026-08-29","1318","Terra","MODIS","100","6.1NRT","296.78","16","N",,"fire_nrt_M-C61_803220.csv",39198,"NRT"
"-1.38491","110.28214","315.08","1.02","1.01","2026-08-29","1318","Terra","MODIS","89","6.1NRT","296.39","10.5","N",,"fire_nrt_M-C61_803220.csv",39199,"NRT"
"-1.38614","110.27328","306.41","1.02","1.01","2026-08-29","1318","Terra","MODIS","48","6.1NRT","295.53","4.09","N",,"fire_nrt_M-C61_803220.csv",39200,"NRT"
"-1.3651","110.36047","314.54","1.01","1.01","2026-08-29","1318","Terra","MODIS","88","6.1NRT","296.48","9.94","N",,"fire_nrt_M-C61_803220.csv",39203,"NRT"
"-1.37485","110.28978","310.43","1.01","1.01","2026-08-29","1318","Terra","MODIS","76","6.1NRT","296.18","6.87","N",,"fire_nrt_M-C61_803220.csv",39204,"NRT"
"-1.37608","110.28092","306.64","1.02","1.01","2026-08-29","1318","Terra","MODIS","54","6.1NRT","296.06","4.33","N",,"fire_nrt_M-C61_803220.csv",39205,"NRT"
"-1.3957","110.13879","323.43","1.02","1.01","2026-08-29","1318","Terra","MODIS","100","6.1NRT","298.38","17.22","N",,"fire_nrt_M-C61_803220.csv",39206,"NRT"
"-1.39693","110.12988","325.02","1.02","1.01","2026-08-29","1318","Terra","MODIS","100","6.1NRT","298.14","19.11","N",,"fire_nrt_M-C61_803220.csv",39207,"NRT"
"-1.38683","110.13756","375.43","1.02","1.01","2026-08-29","1318","Terra","MODIS","100","6.1NRT","304.96","135.62","N",,"fire_nrt_M-C61_803220.csv",39208,"NRT"
"-1.38806","110.12865","332.31","1.02","1.01","2026-08-29","1318","Terra","MODIS","100","6.1NRT","298.55","28.16","N",,"fire_nrt_M-C61_803220.csv",39209,"NRT"
"-1.39299","110.09291","328.66","1.02","1.01","2026-08-29","1318","Terra","MODIS","100","6.1NRT","299.49","23.99","N",,"fire_nrt_M-C61_803220.csv",39210,"NRT"
"-1.29432","110.74413","328.99","1","1","2026-08-29","1318","Terra","MODIS","100","6.1NRT","295.29","25.78","N",,"fire_nrt_M-C61_803220.csv",39211,"NRT"
"-1.29552","110.7354","309.12","1","1","2026-08-29","1318","Terra","MODIS","73","6.1NRT","294.62","6.88","N",,"fire_nrt_M-C61_803220.csv",39212,"NRT"
"-1.3645","110.23414","321.53","1.02","1.01","2026-08-29","1318","Terra","MODIS","100","6.1NRT","296.92","16.29","N",,"fire_nrt_M-C61_803220.csv",39213,"NRT"
"-1.37797","110.13632","346.99","1.02","1.01","2026-08-29","1318","Terra","MODIS","100","6.1NRT","298.5","54.25","N",,"fire_nrt_M-C61_803220.csv",39214,"NRT"
"-1.37919","110.12741","318.82","1.02","1.01","2026-08-29","1318","Terra","MODIS","97","6.1NRT","297.66","13.32","N",,"fire_nrt_M-C61_803220.csv",39215,"NRT"
"-1.38411","110.09168","315.29","1.02","1.01","2026-08-29","1318","Terra","MODIS","78","6.1NRT","296.76","9.95","N",,"fire_nrt_M-C61_803220.csv",39216,"NRT"
"-1.35687","110.22404","308.53","1.02","1.01","2026-08-29","1318","Terra","MODIS","47","6.1NRT","296.57","5.26","N",,"fire_nrt_M-C61_803220.csv",39217,"NRT"
"-1.37033","110.12617","321.79","1.02","1.01","2026-08-29","1318","Terra","MODIS","100","6.1NRT","297.48","16.71","N",,"fire_nrt_M-C61_803220.csv",39218,"NRT"
"-1.37155","110.11726","328.48","1.02","1.01","2026-08-29","1318","Terra","MODIS","100","6.1NRT","297.9","24.27","N",,"fire_nrt_M-C61_803220.csv",39219,"NRT"
"-1.29683","110.53038","307.67","1.01","1","2026-08-29","1318","Terra","MODIS","55","6.1NRT","296.41","4.78","N",,"fire_nrt_M-C61_803220.csv",39220,"NRT"
"-1.32025","110.22823","306.67","1.02","1.01","2026-08-29","1318","Terra","MODIS","62","6.1NRT","295.94","4.5","N",,"fire_nrt_M-C61_803220.csv",39222,"NRT"
"-1.22021","110.808","319.88","1","1","2026-08-29","1318","Terra","MODIS","99","6.1NRT","294.76","15.88","N",,"fire_nrt_M-C61_803220.csv",39224,"NRT"
"-1.17278","110.63219","319.43","1","1","2026-08-29","1318","Terra","MODIS","98","6.1NRT","296.1","14.2","N",,"fire_nrt_M-C61_803220.csv",39225,"NRT"
"-1.17398","110.62344","320.05","1","1","2026-08-29","1318","Terra","MODIS","100","6.1NRT","296.29","14.73","N",,"fire_nrt_M-C61_803220.csv",39226,"NRT"
"-1.15339","110.62315","307.61","1","1","2026-08-29","1318","Terra","MODIS","67","6.1NRT","296.25","5.8","N",,"fire_nrt_M-C61_803220.csv",39227,"NRT"
"-1.1546","110.6144","308.31","1","1","2026-08-29","1318","Terra","MODIS","70","6.1NRT","296.05","6.08","N",,"fire_nrt_M-C61_803220.csv",39228,"NRT"
"-1.14304","110.5682","325.81","1","1","2026-08-29","1318","Terra","MODIS","100","6.1NRT","296.2","21.76","N",,"fire_nrt_M-C61_803220.csv",39229,"NRT"
"-1.0465","110.66483","314.92","1","1","2026-08-29","1318","Terra","MODIS","89","6.1NRT","295.52","11.31","N",,"fire_nrt_M-C61_803220.csv",39240,"NRT"
"-1.03772","110.66362","310.69","1","1","2026-08-29","1318","Terra","MODIS","78","6.1NRT","295.32","7.99","N",,"fire_nrt_M-C61_803220.csv",39247,"NRT"
"-0.98787","110.35551","307.18","1.01","1","2026-08-29","1318","Terra","MODIS","65","6.1NRT","295.32","5.19","N",,"fire_nrt_M-C61_803220.csv",39269,"NRT"
"-0.97905","110.35429","309.51","1.01","1","2026-08-29","1318","Terra","MODIS","74","6.1NRT","295.18","6.89","N",,"fire_nrt_M-C61_803220.csv",39275,"NRT"
"-0.88452","110.71612","316.57","1","1","2026-08-29","1318","Terra","MODIS","93","6.1NRT","296.03","12.35","N",,"fire_nrt_M-C61_803220.csv",39288,"NRT"
"-0.90006","110.45392","315.95","1.01","1","2026-08-29","1318","Terra","MODIS","91","6.1NRT","296.17","12","N",,"fire_nrt_M-C61_803220.csv",39289,"NRT"
"-0.90127","110.44515","305.55","1.01","1","2026-08-29","1318","Terra","MODIS","34","6.1NRT","295.25","4.17","N",,"fire_nrt_M-C61_803220.csv",39290,"NRT"
"-0.89607","110.41776","309.14","1.01","1","2026-08-29","1318","Terra","MODIS","73","6.1NRT","295.86","6.52","N",,"fire_nrt_M-C61_803220.csv",39291,"NRT"
"-0.90518","110.22134","315.14","1.01","1.01","2026-08-29","1318","Terra","MODIS","89","6.1NRT","295.96","10.99","N",,"fire_nrt_M-C61_803220.csv",39295,"NRT"
"-0.89635","110.22012","322.63","1.01","1.01","2026-08-29","1318","Terra","MODIS","100","6.1NRT","296.92","17.85","N",,"fire_nrt_M-C61_803220.csv",39299,"NRT"
"-0.89757","110.21128","345.05","1.01","1.01","2026-08-29","1318","Terra","MODIS","100","6.1NRT","299.28","50.56","N",,"fire_nrt_M-C61_803220.csv",39300,"NRT"
"-0.89879","110.20243","348.59","1.01","1.01","2026-08-29","1318","Terra","MODIS","100","6.1NRT","299.46","58.19","N",,"fire_nrt_M-C61_803220.csv",39301,"NRT"
"-0.88631","110.22773","317.21","1.01","1.01","2026-08-29","1318","Terra","MODIS","94","6.1NRT","297.27","12.68","N",,"fire_nrt_M-C61_803220.csv",39305,"NRT"
"-0.88752","110.21889","328.96","1.01","1.01","2026-08-29","1318","Terra","MODIS","100","6.1NRT","298.06","24.78","N",,"fire_nrt_M-C61_803220.csv",39306,"NRT"
"-0.88874","110.21005","311.78","1.01","1.01","2026-08-29","1318","Terra","MODIS","81","6.1NRT","295.88","7.88","N",,"fire_nrt_M-C61_803220.csv",39307,"NRT"
"-0.84126","110.49039","306.23","1","1","2026-08-29","1318","Terra","MODIS","13","6.1NRT","295.31","4.28","N",,"fire_nrt_M-C61_803220.csv",39311,"NRT"
"-0.83246","110.48917","329.72","1","1","2026-08-29","1318","Terra","MODIS","100","6.1NRT","295.99","25.76","N",,"fire_nrt_M-C61_803220.csv",39313,"NRT"
"-0.81728","110.46919","307.49","1.01","1","2026-08-29","1318","Terra","MODIS","28","6.1NRT","295.86","4.8","N",,"fire_nrt_M-C61_803220.csv",39316,"NRT"
"-0.81848","110.46043","313.44","1.01","1","2026-08-29","1318","Terra","MODIS","85","6.1NRT","295.67","9.06","N",,"fire_nrt_M-C61_803220.csv",39317,"NRT"
"-0.8329","110.35511","311.13","1.01","1","2026-08-29","1318","Terra","MODIS","79","6.1NRT","295.43","8.45","N",,"fire_nrt_M-C61_803220.csv",39318,"NRT"
"-0.85704","110.17858","307.02","1.02","1.01","2026-08-29","1318","Terra","MODIS","57","6.1NRT","296.01","4.66","N",,"fire_nrt_M-C61_803220.csv",39319,"NRT"
"-0.73782","110.89683","305.63","1","1","2026-08-29","1318","Terra","MODIS","58","6.1NRT","294.67","4.43","N",,"fire_nrt_M-C61_803220.csv",39322,"NRT"
"-0.84174","110.14297","333.56","1.02","1.01","2026-08-29","1318","Terra","MODIS","100","6.1NRT","297.12","32.49","N",,"fire_nrt_M-C61_803220.csv",39323,"NRT"
"-0.84296","110.13411","323.12","1.02","1.01","2026-08-29","1318","Terra","MODIS","100","6.1NRT","295.9","19.51","N",,"fire_nrt_M-C61_803220.csv",39324,"NRT"
"-0.78279","110.44014","306.17","1.01","1","2026-08-29","1318","Terra","MODIS","60","6.1NRT","295.83","4.37","N",,"fire_nrt_M-C61_803220.csv",39328,"NRT"
"-0.76206","110.32983","308.04","1.01","1","2026-08-29","1318","Terra","MODIS","58","6.1NRT","296.08","5.59","N",,"fire_nrt_M-C61_803220.csv",39344,"NRT"
"-0.74482","110.39011","309.55","1.01","1","2026-08-29","1318","Terra","MODIS","74","6.1NRT","295.97","6.53","N",,"fire_nrt_M-C61_803220.csv",39345,"NRT"
"-0.75325","110.32858","308.61","1.01","1","2026-08-29","1318","Terra","MODIS","44","6.1NRT","295.67","5.73","N",,"fire_nrt_M-C61_803220.csv",39346,"NRT"
"-0.712","110.5641","307.29","1","1","2026-08-29","1318","Terra","MODIS","66","6.1NRT","295.29","5.55","N",,"fire_nrt_M-C61_803220.csv",39348,"NRT"
"-0.73602","110.38888","307.49","1.01","1","2026-08-29","1318","Terra","MODIS","43","6.1NRT","295.18","5.06","N",,"fire_nrt_M-C61_803220.csv",39349,"NRT"
"-0.65112","110.53194","318.15","1","1","2026-08-29","1318","Terra","MODIS","96","6.1NRT","296.39","13.08","N",,"fire_nrt_M-C61_803220.csv",39360,"NRT"
"-0.63633","110.57443","314.65","1","1","2026-08-29","1318","Terra","MODIS","88","6.1NRT","295.92","10.53","N",,"fire_nrt_M-C61_803220.csv",39364,"NRT"
"-0.63754","110.56569","306.04","1","1","2026-08-29","1318","Terra","MODIS","60","6.1NRT","295.22","4.44","N",,"fire_nrt_M-C61_803220.csv",39365,"NRT"
"-0.64234","110.53072","313.4","1","1","2026-08-29","1318","Terra","MODIS","85","6.1NRT","295.99","8.88","N",,"fire_nrt_M-C61_803220.csv",39366,"NRT"
"-0.64037","110.41444","312.22","1.01","1","2026-08-29","1318","Terra","MODIS","82","6.1NRT","295.19","9.38","N",,"fire_nrt_M-C61_803220.csv",39369,"NRT"
"-0.64157","110.40567","318.55","1.01","1","2026-08-29","1318","Terra","MODIS","97","6.1NRT","295.25","14.58","N",,"fire_nrt_M-C61_803220.csv",39370,"NRT"
"-0.61297","110.52917","317.55","1","1","2026-08-29","1318","Terra","MODIS","95","6.1NRT","295.57","13.34","N",,"fire_nrt_M-C61_803220.csv",39373,"NRT"
"-0.65972","110.06023","320.04","1.02","1.01","2026-08-29","1318","Terra","MODIS","100","6.1NRT","296.58","16.2","N",,"fire_nrt_M-C61_803220.csv",39378,"NRT"
"-0.63104","110.13754","311.85","1.01","1.01","2026-08-29","1318","Terra","MODIS","73","6.1NRT","296.7","8.06","N",,"fire_nrt_M-C61_803220.csv",39382,"NRT"
"-0.63226","110.12869","314.12","1.02","1.01","2026-08-29","1318","Terra","MODIS","87","6.1NRT","296.34","9.94","N",,"fire_nrt_M-C61_803220.csv",39383,"NRT"
"-0.6347","110.11098","316.3","1.02","1.01","2026-08-29","1318","Terra","MODIS","92","6.1NRT","296.1","12.59","N",,"fire_nrt_M-C61_803220.csv",39384,"NRT"
"-0.63592","110.10213","325.45","1.02","1.01","2026-08-29","1318","Terra","MODIS","100","6.1NRT","297.06","21.99","N",,"fire_nrt_M-C61_803220.csv",39385,"NRT"
"-0.63714","110.09326","312.48","1.02","1.01","2026-08-29","1318","Terra","MODIS","83","6.1NRT","296.41","9.53","N",,"fire_nrt_M-C61_803220.csv",39386,"NRT"
"-0.58349","110.41801","305.3","1.01","1","2026-08-29","1318","Terra","MODIS","56","6.1NRT","294.81","4.53","N",,"fire_nrt_M-C61_803220.csv",39391,"NRT"
"-0.61856","110.16287","323.32","1.01","1.01","2026-08-29","1318","Terra","MODIS","100","6.1NRT","296.34","18.41","N",,"fire_nrt_M-C61_803220.csv",39392,"NRT"
"-0.61977","110.15402","317.6","1.01","1.01","2026-08-29","1318","Terra","MODIS","95","6.1NRT","296","12.76","N",,"fire_nrt_M-C61_803220.csv",39393,"NRT"
"-0.62221","110.13631","315.7","1.01","1.01","2026-08-29","1318","Terra","MODIS","91","6.1NRT","295.83","11.02","N",,"fire_nrt_M-C61_803220.csv",39394,"NRT"
"-0.62586","110.10976","340.19","1.02","1.01","2026-08-29","1318","Terra","MODIS","100","6.1NRT","298.7","41.53","N",,"fire_nrt_M-C61_803220.csv",39395,"NRT"
"-0.62707","110.1009","330.56","1.02","1.01","2026-08-29","1318","Terra","MODIS","100","6.1NRT","298.7","26.93","N",,"fire_nrt_M-C61_803220.csv",39396,"NRT"
"-0.62829","110.09203","347.59","1.02","1.01","2026-08-29","1318","Terra","MODIS","100","6.1NRT","299.83","55.48","N",,"fire_nrt_M-C61_803220.csv",39397,"NRT"
"-0.62951","110.08316","330.09","1.02","1.01","2026-08-29","1318","Terra","MODIS","100","6.1NRT","296.76","26.49","N",,"fire_nrt_M-C61_803220.csv",39398,"NRT"
"-0.61094","110.15279","306.84","1.01","1.01","2026-08-29","1318","Terra","MODIS","51","6.1NRT","296.24","4.6","N",,"fire_nrt_M-C61_803220.csv",39407,"NRT"
"-0.61216","110.14393","328.43","1.01","1.01","2026-08-29","1318","Terra","MODIS","100","6.1NRT","296.9","24.57","N",,"fire_nrt_M-C61_803220.csv",39408,"NRT"
"-0.6158","110.11739","323.23","1.02","1.01","2026-08-29","1318","Terra","MODIS","100","6.1NRT","297.33","17.92","N",,"fire_nrt_M-C61_803220.csv",39409,"NRT"
"-0.61702","110.10854","351.25","1.02","1.01","2026-08-29","1318","Terra","MODIS","100","6.1NRT","301.56","62.82","N",,"fire_nrt_M-C61_803220.csv",39410,"NRT"
"-0.61823","110.09967","331.6","1.02","1.01","2026-08-29","1318","Terra","MODIS","100","6.1NRT","300.05","27.71","N",,"fire_nrt_M-C61_803220.csv",39411,"NRT"
"-0.61945","110.09081","346.51","1.02","1.01","2026-08-29","1318","Terra","MODIS","100","6.1NRT","299.7","52.86","N",,"fire_nrt_M-C61_803220.csv",39412,"NRT"
"-0.62067","110.08194","325.69","1.02","1.01","2026-08-29","1318","Terra","MODIS","100","6.1NRT","296.25","20.75","N",,"fire_nrt_M-C61_803220.csv",39413,"NRT"
"-0.6231","110.06418","312.95","1.02","1.01","2026-08-29","1318","Terra","MODIS","84","6.1NRT","296.13","9.32","N",,"fire_nrt_M-C61_803220.csv",39414,"NRT"
"-0.62432","110.05531","349.9","1.02","1.01","2026-08-29","1318","Terra","MODIS","100","6.1NRT","300.23","61.18","N",,"fire_nrt_M-C61_803220.csv",39415,"NRT"
"-0.62554","110.04642","322.59","1.02","1.01","2026-08-29","1318","Terra","MODIS","100","6.1NRT","296.19","18.37","N",,"fire_nrt_M-C61_803220.csv",39416,"NRT"
"-0.60696","110.11617","313.16","1.02","1.01","2026-08-29","1318","Terra","MODIS","85","6.1NRT","296.3","8.76","N",,"fire_nrt_M-C61_803220.csv",39421,"NRT"
"-0.60818","110.10732","320.14","1.02","1.01","2026-08-29","1318","Terra","MODIS","100","6.1NRT","296.61","15.18","N",,"fire_nrt_M-C61_803220.csv",39422,"NRT"
"-0.60939","110.09844","308.36","1.02","1.01","2026-08-29","1318","Terra","MODIS","70","6.1NRT","296.42","5.6","N",,"fire_nrt_M-C61_803220.csv",39423,"NRT"
"-0.61061","110.08958","306.52","1.02","1.01","2026-08-29","1318","Terra","MODIS","53","6.1NRT","295.78","4.31","N",,"fire_nrt_M-C61_803220.csv",39424,"NRT"
"-0.61425","110.06295","327.26","1.02","1.01","2026-08-29","1318","Terra","MODIS","100","6.1NRT","297.95","22.86","N",,"fire_nrt_M-C61_803220.csv",39425,"NRT"
"-0.61547","110.05408","364.31","1.02","1.01","2026-08-29","1318","Terra","MODIS","100","6.1NRT","302.95","97.82","N",,"fire_nrt_M-C61_803220.csv",39426,"NRT"
"-0.61669","110.0452","327.09","1.02","1.01","2026-08-29","1318","Terra","MODIS","100","6.1NRT","296.68","23.27","N",,"fire_nrt_M-C61_803220.csv",39427,"NRT"
"-0.60419","110.07061","319.26","1.02","1.01","2026-08-29","1318","Terra","MODIS","98","6.1NRT","296.33","14.1","N",,"fire_nrt_M-C61_803220.csv",39432,"NRT"
"-0.60541","110.06174","378.21","1.02","1.01","2026-08-29","1318","Terra","MODIS","100","6.1NRT","301.35","146.96","N",,"fire_nrt_M-C61_803220.csv",39433,"NRT"
"-0.60662","110.05286","331.28","1.02","1.01","2026-08-29","1318","Terra","MODIS","100","6.1NRT","296.84","28.2","N",,"fire_nrt_M-C61_803220.csv",39434,"NRT"
"-0.59656","110.06051","339.44","1.02","1.01","2026-08-29","1318","Terra","MODIS","100","6.1NRT","296.38","41.31","N",,"fire_nrt_M-C61_803220.csv",39436,"NRT"
"-0.59777","110.05162","305.19","1.02","1.01","2026-08-29","1318","Terra","MODIS","21","6.1NRT","295.05","3.69","N",,"fire_nrt_M-C61_803220.csv",39437,"NRT"
"-0.54169","110.1824","305.54","1.01","1.01","2026-08-29","1318","Terra","MODIS","58","6.1NRT","295.5","4.3","N",,"fire_nrt_M-C61_803220.csv",39439,"NRT"
"-0.54291","110.17356","310.16","1.01","1.01","2026-08-29","1318","Terra","MODIS","76","6.1NRT","295.87","7.42","N",,"fire_nrt_M-C61_803220.csv",39440,"NRT"
"-0.53287","110.18117","315.76","1.01","1.01","2026-08-29","1318","Terra","MODIS","91","6.1NRT","295.76","11.64","N",,"fire_nrt_M-C61_803220.csv",39441,"NRT"
"-0.53409","110.17234","326.13","1.01","1.01","2026-08-29","1318","Terra","MODIS","100","6.1NRT","296.3","22.26","N",,"fire_nrt_M-C61_803220.csv",39442,"NRT"
"-0.46978","110.57468","308.4","1","1","2026-08-29","1318","Terra","MODIS","71","6.1NRT","294.44","6.32","N",,"fire_nrt_M-C61_803220.csv",39443,"NRT"
"-0.47098","110.56595","307.52","1","1","2026-08-29","1318","Terra","MODIS","67","6.1NRT","294.79","5.71","N",,"fire_nrt_M-C61_803220.csv",39444,"NRT"
"-0.4682","110.52104","309.13","1","1","2026-08-29","1318","Terra","MODIS","73","6.1NRT","295.45","6.81","N",,"fire_nrt_M-C61_803220.csv",39445,"NRT"
"-0.52615","110.09914","344.7","1.02","1.01","2026-08-29","1318","Terra","MODIS","100","6.1NRT","298.71","49.64","N",,"fire_nrt_M-C61_803220.csv",39446,"NRT"
"-0.52736","110.09028","333.85","1.02","1.01","2026-08-29","1318","Terra","MODIS","100","6.1NRT","298.41","31.54","N",,"fire_nrt_M-C61_803220.csv",39447,"NRT"
"-0.51731","110.0979","380.95","1.02","1.01","2026-08-29","1318","Terra","MODIS","100","6.1NRT","302.3","157.66","N",,"fire_nrt_M-C61_803220.csv",39450,"NRT"
"-0.51852","110.08905","343.08","1.02","1.01","2026-08-29","1318","Terra","MODIS","100","6.1NRT","298.36","46.76","N",,"fire_nrt_M-C61_803220.csv",39451,"NRT"
"-0.51974","110.08019","306.63","1.02","1.01","2026-08-29","1318","Terra","MODIS","52","6.1NRT","295.51","4.36","N",,"fire_nrt_M-C61_803220.csv",39452,"NRT"
"-0.49758","110.17624","308.41","1.01","1.01","2026-08-29","1318","Terra","MODIS","71","6.1NRT","295.47","6.2","N",,"fire_nrt_M-C61_803220.csv",39455,"NRT"
"-0.49879","110.16742","318.98","1.01","1.01","2026-08-29","1318","Terra","MODIS","98","6.1NRT","295.72","14.59","N",,"fire_nrt_M-C61_803220.csv",39456,"NRT"
"-0.48755","110.18383","341.14","1.01","1.01","2026-08-29","1318","Terra","MODIS","100","6.1NRT","296.82","43.58","N",,"fire_nrt_M-C61_803220.csv",39457,"NRT"
"-0.48875","110.175","339.11","1.01","1.01","2026-08-29","1318","Terra","MODIS","100","6.1NRT","296.82","40.02","N",,"fire_nrt_M-C61_803220.csv",39458,"NRT"
"-0.48996","110.1662","311.26","1.01","1.01","2026-08-29","1318","Terra","MODIS","80","6.1NRT","295.89","7.7","N",,"fire_nrt_M-C61_803220.csv",39459,"NRT"
"-0.49117","110.15736","316.35","1.01","1.01","2026-08-29","1318","Terra","MODIS","92","6.1NRT","295.89","12.12","N",,"fire_nrt_M-C61_803220.csv",39460,"NRT"
"-0.43535","110.34958","313.49","1.01","1","2026-08-29","1318","Terra","MODIS","86","6.1NRT","295.44","9.94","N",,"fire_nrt_M-C61_803220.csv",39469,"NRT"
"-2.21652","110.34995","310.06","1.02","1.01","2026-08-29","1318","Terra","MODIS","75","6.1NRT","294.96","7.85","N",,"fire_nrt_M-C61_803220.csv",39619,"NRT"
"-2.10844","111.05492","315.96","1","1","2026-08-29","1318","Terra","MODIS","91","6.1NRT","295.87","12.12","N",,"fire_nrt_M-C61_803220.csv",39623,"NRT"
"-2.10964","111.04619","305.16","1","1","2026-08-29","1318","Terra","MODIS","53","6.1NRT","295.08","4.25","N",,"fire_nrt_M-C61_803220.csv",39624,"NRT"
"-2.20489","110.22405","315.13","1.03","1.01","2026-08-29","1318","Terra","MODIS","89","6.1NRT","295.73","11.58","N",,"fire_nrt_M-C61_803220.csv",39629,"NRT"
"-2.19601","110.22282","316.45","1.03","1.01","2026-08-29","1318","Terra","MODIS","92","6.1NRT","295.98","12.73","N",,"fire_nrt_M-C61_803220.csv",39638,"NRT"
"-2.16143","110.40878","305.31","1.02","1.01","2026-08-29","1318","Terra","MODIS","53","6.1NRT","295.11","4.42","N",,"fire_nrt_M-C61_803220.csv",39644,"NRT"
"-2.16265","110.39991","324.12","1.02","1.01","2026-08-29","1318","Terra","MODIS","100","6.1NRT","295.24","20.47","N",,"fire_nrt_M-C61_803220.csv",39645,"NRT"
"-2.16381","110.12682","306.83","1.03","1.01","2026-08-29","1318","Terra","MODIS","54","6.1NRT","295.9","5.21","N",,"fire_nrt_M-C61_803220.csv",39664,"NRT"
"-2.1549","110.12559","306.67","1.03","1.01","2026-08-29","1318","Terra","MODIS","51","6.1NRT","295.42","4.96","N",,"fire_nrt_M-C61_803220.csv",39668,"NRT"
"-2.08091","110.45452","306.62","1.01","1.01","2026-08-29","1318","Terra","MODIS","37","6.1NRT","295.24","4.62","N",,"fire_nrt_M-C61_803220.csv",39688,"NRT"
"-2.12262","110.15155","315.68","1.03","1.01","2026-08-29","1318","Terra","MODIS","90","6.1NRT","295.68","12.13","N",,"fire_nrt_M-C61_803220.csv",39689,"NRT"
"-2.07207","110.4533","309.39","1.01","1.01","2026-08-29","1318","Terra","MODIS","72","6.1NRT","295.35","6.71","N",,"fire_nrt_M-C61_803220.csv",39695,"NRT"
"-2.11248","110.15929","311.95","1.03","1.01","2026-08-29","1318","Terra","MODIS","80","6.1NRT","296.3","8.78","N",,"fire_nrt_M-C61_803220.csv",39696,"NRT"
"-2.11372","110.15031","330.23","1.03","1.01","2026-08-29","1318","Terra","MODIS","100","6.1NRT","298.35","27.83","N",,"fire_nrt_M-C61_803220.csv",39697,"NRT"
"-2.11495","110.14133","318.63","1.03","1.01","2026-08-29","1318","Terra","MODIS","97","6.1NRT","296.12","14.87","N",,"fire_nrt_M-C61_803220.csv",39698,"NRT"
"-2.10236","110.16704","306.49","1.03","1.01","2026-08-29","1318","Terra","MODIS","59","6.1NRT","295.62","5.16","N",,"fire_nrt_M-C61_803220.csv",39704,"NRT"
"-2.10359","110.15807","311.12","1.03","1.01","2026-08-29","1318","Terra","MODIS","78","6.1NRT","296.05","8.28","N",,"fire_nrt_M-C61_803220.csv",39705,"NRT"
"-2.10482","110.14909","313.57","1.03","1.01","2026-08-29","1318","Terra","MODIS","85","6.1NRT","296.17","9.92","N",,"fire_nrt_M-C61_803220.csv",39706,"NRT"
"-2.10605","110.1401","314.21","1.03","1.01","2026-08-29","1318","Terra","MODIS","87","6.1NRT","296.29","10.76","N",,"fire_nrt_M-C61_803220.csv",39707,"NRT"
"-2.0577","110.36096","305.33","1.02","1.01","2026-08-29","1318","Terra","MODIS","13","6.1NRT","295.11","3.68","N",,"fire_nrt_M-C61_803220.csv",39711,"NRT"
"-2.03915","110.43069","317.64","1.01","1.01","2026-08-29","1318","Terra","MODIS","95","6.1NRT","295.78","13.35","N",,"fire_nrt_M-C61_803220.csv",39714,"NRT"
"-2.072","110.19024","305.91","1.03","1.01","2026-08-29","1318","Terra","MODIS","56","6.1NRT","295.29","4.51","N",,"fire_nrt_M-C61_803220.csv",39715,"NRT"
"-2.07323","110.18127","314.36","1.03","1.01","2026-08-29","1318","Terra","MODIS","87","6.1NRT","295.93","10.93","N",,"fire_nrt_M-C61_803220.csv",39716,"NRT"
"-1.95895","110.88534","305.37","1","1","2026-08-29","1318","Terra","MODIS","53","6.1NRT","294.94","4.15","N",,"fire_nrt_M-C61_803220.csv",39721,"NRT"
"-1.94717","110.8867","312.4","1","1","2026-08-29","1318","Terra","MODIS","82","6.1NRT","295.1","9.17","N",,"fire_nrt_M-C61_803220.csv",39724,"NRT"
"-2.03348","110.26095","306.65","1.02","1.01","2026-08-29","1318","Terra","MODIS","10","6.1NRT","295.94","4.51","N",,"fire_nrt_M-C61_803220.csv",39725,"NRT"
"-2.03471","110.25203","314.81","1.02","1.01","2026-08-29","1318","Terra","MODIS","88","6.1NRT","296.46","10.37","N",,"fire_nrt_M-C61_803220.csv",39726,"NRT"
"-1.99402","110.48161","305.91","1.01","1.01","2026-08-29","1318","Terra","MODIS","56","6.1NRT","295.75","4.34","N",,"fire_nrt_M-C61_803220.csv",39733,"NRT"
"-1.99524","110.47276","321.26","1.01","1.01","2026-08-29","1318","Terra","MODIS","100","6.1NRT","296.31","16.83","N",,"fire_nrt_M-C61_803220.csv",39734,"NRT"
"-1.99645","110.46392","312.2","1.01","1.01","2026-08-29","1318","Terra","MODIS","81","6.1NRT","295.76","8.58","N",,"fire_nrt_M-C61_803220.csv",39735,"NRT"
"-2.02584","110.25079","310.44","1.02","1.01","2026-08-29","1318","Terra","MODIS","57","6.1NRT","296.14","6.99","N",,"fire_nrt_M-C61_803220.csv",39736,"NRT"
"-2.02707","110.24187","308.17","1.02","1.01","2026-08-29","1318","Terra","MODIS","31","6.1NRT","295.96","5.2","N",,"fire_nrt_M-C61_803220.csv",39737,"NRT"
"-1.98519","110.48038","322.33","1.01","1.01","2026-08-29","1318","Terra","MODIS","100","6.1NRT","295.84","17.64","N",,"fire_nrt_M-C61_803220.csv",39745,"NRT"
"-1.98641","110.47154","345.77","1.01","1.01","2026-08-29","1318","Terra","MODIS","100","6.1NRT","296.67","52.02","N",,"fire_nrt_M-C61_803220.csv",39746,"NRT"
"-1.99952","110.31071","307.26","1.02","1.01","2026-08-29","1318","Terra","MODIS","59","6.1NRT","295.12","4.72","N",,"fire_nrt_M-C61_803220.csv",39749,"NRT"
"-1.98059","110.31715","316.51","1.02","1.01","2026-08-29","1318","Terra","MODIS","92","6.1NRT","296.81","12.05","N",,"fire_nrt_M-C61_803220.csv",39758,"NRT"
"-2.00016","110.17434","305.92","1.03","1.01","2026-08-29","1318","Terra","MODIS","13","6.1NRT","295.61","4.05","N",,"fire_nrt_M-C61_803220.csv",39759,"NRT"
"-1.98515","110.21786","319.95","1.02","1.01","2026-08-29","1318","Terra","MODIS","99","6.1NRT","298.12","15.02","N",,"fire_nrt_M-C61_803220.csv",39762,"NRT"
"-1.98637","110.20892","311.45","1.02","1.01","2026-08-29","1318","Terra","MODIS","79","6.1NRT","296.57","7.29","N",,"fire_nrt_M-C61_803220.csv",39763,"NRT"
"-1.99127","110.1731","320.92","1.03","1.01","2026-08-29","1318","Terra","MODIS","100","6.1NRT","296.99","16.27","N",,"fire_nrt_M-C61_803220.csv",39764,"NRT"
"-1.97505","110.22557","326.43","1.02","1.01","2026-08-29","1318","Terra","MODIS","100","6.1NRT","297.25","22.07","N",,"fire_nrt_M-C61_803220.csv",39767,"NRT"
"-1.97627","110.21664","340.86","1.02","1.01","2026-08-29","1318","Terra","MODIS","100","6.1NRT","298.57","43.37","N",,"fire_nrt_M-C61_803220.csv",39768,"NRT"
"-1.97749","110.2077","306.8","1.02","1.01","2026-08-29","1318","Terra","MODIS","38","6.1NRT","295.47","4.12","N",,"fire_nrt_M-C61_803220.csv",39769,"NRT"
"-1.89006","110.63139","315.37","1.01","1","2026-08-29","1318","Terra","MODIS","90","6.1NRT","296.25","11.58","N",,"fire_nrt_M-C61_803220.csv",39784,"NRT"
"-1.8652","110.68162","313.29","1.01","1","2026-08-29","1318","Terra","MODIS","84","6.1NRT","295.93","9.45","N",,"fire_nrt_M-C61_803220.csv",39794,"NRT"
"-1.89914","110.43508","311.7","1.01","1.01","2026-08-29","1318","Terra","MODIS","80","6.1NRT","295.89","8.2","N",,"fire_nrt_M-C61_803220.csv",39795,"NRT"
"-1.927","110.16702","308.47","1.03","1.01","2026-08-29","1318","Terra","MODIS","62","6.1NRT","296.47","5.83","N",,"fire_nrt_M-C61_803220.csv",39799,"NRT"
"-1.91812","110.16579","312.67","1.03","1.01","2026-08-29","1318","Terra","MODIS","82","6.1NRT","296.11","8.51","N",,"fire_nrt_M-C61_803220.csv",39802,"NRT"
"-1.92551","110.11195","310.82","1.03","1.01","2026-08-29","1318","Terra","MODIS","77","6.1NRT","296.48","8.27","N",,"fire_nrt_M-C61_803220.csv",39803,"NRT"
"-1.89455","110.27171","315.69","1.02","1.01","2026-08-29","1318","Terra","MODIS","90","6.1NRT","297.3","11.74","N",,"fire_nrt_M-C61_803220.csv",39806,"NRT"
"-1.9031","110.20927","331.55","1.02","1.01","2026-08-29","1318","Terra","MODIS","100","6.1NRT","297.88","28.93","N",,"fire_nrt_M-C61_803220.csv",39807,"NRT"
"-1.90433","110.20034","311.4","1.02","1.01","2026-08-29","1318","Terra","MODIS","78","6.1NRT","296.44","7.55","N",,"fire_nrt_M-C61_803220.csv",39808,"NRT"
"-1.88569","110.27048","314.17","1.02","1.01","2026-08-29","1318","Terra","MODIS","86","6.1NRT","296.58","10.22","N",,"fire_nrt_M-C61_803220.csv",39814,"NRT"
"-1.8869","110.26157","310.17","1.02","1.01","2026-08-29","1318","Terra","MODIS","74","6.1NRT","296.34","6.99","N",,"fire_nrt_M-C61_803220.csv",39815,"NRT"
"-1.89146","110.16209","310.32","1.03","1.01","2026-08-29","1318","Terra","MODIS","75","6.1NRT","296.7","6.54","N",,"fire_nrt_M-C61_803220.csv",39817,"NRT"
"-1.89759","110.11724","317.33","1.03","1.01","2026-08-29","1318","Terra","MODIS","94","6.1NRT","296.57","13.72","N",,"fire_nrt_M-C61_803220.csv",39818,"NRT"
"-1.89881","110.10825","317.19","1.03","1.01","2026-08-29","1318","Terra","MODIS","94","6.1NRT","296.25","13.6","N",,"fire_nrt_M-C61_803220.csv",39819,"NRT"
"-1.88136","110.16981","311.98","1.03","1.01","2026-08-29","1318","Terra","MODIS","42","6.1NRT","296.73","7.31","N",,"fire_nrt_M-C61_803220.csv",39822,"NRT"
"-1.88258","110.16085","311.28","1.03","1.01","2026-08-29","1318","Terra","MODIS","65","6.1NRT","296.42","7.22","N",,"fire_nrt_M-C61_803220.csv",39823,"NRT"
"-1.88869","110.116","312.4","1.03","1.01","2026-08-29","1318","Terra","MODIS","82","6.1NRT","296.23","9.59","N",,"fire_nrt_M-C61_803220.csv",39824,"NRT"
"-1.87126","110.17751","310.63","1.03","1.01","2026-08-29","1318","Terra","MODIS","59","6.1NRT","296.7","6.53","N",,"fire_nrt_M-C61_803220.csv",39825,"NRT"
"-1.87247","110.16856","310.66","1.03","1.01","2026-08-29","1318","Terra","MODIS","38","6.1NRT","296.51","6.36","N",,"fire_nrt_M-C61_803220.csv",39826,"NRT"
"-1.84921","110.25963","310.74","1.02","1.01","2026-08-29","1318","Terra","MODIS","76","6.1NRT","296.12","8.06","N",,"fire_nrt_M-C61_803220.csv",39827,"NRT"
"-1.85908","110.18826","315.91","1.02","1.01","2026-08-29","1318","Terra","MODIS","91","6.1NRT","296.19","11.57","N",,"fire_nrt_M-C61_803220.csv",39828,"NRT"
"-1.86031","110.17932","307.5","1.02","1.01","2026-08-29","1318","Terra","MODIS","35","6.1NRT","296.13","4.7","N",,"fire_nrt_M-C61_803220.csv",39829,"NRT"
"-1.86155","110.17038","330.05","1.03","1.01","2026-08-29","1318","Terra","MODIS","100","6.1NRT","297.83","27.15","N",,"fire_nrt_M-C61_803220.csv",39830,"NRT"
"-1.84379","110.16791","365.44","1.03","1.01","2026-08-29","1318","Terra","MODIS","100","6.1NRT","300.31","102.1","N",,"fire_nrt_M-C61_803220.csv",39832,"NRT"
"-1.84502","110.15896","325.32","1.03","1.01","2026-08-29","1318","Terra","MODIS","100","6.1NRT","296.8","20.45","N",,"fire_nrt_M-C61_803220.csv",39833,"NRT"
"-1.82141","110.26485","318.77","1.02","1.01","2026-08-29","1318","Terra","MODIS","97","6.1NRT","297.25","14.4","N",,"fire_nrt_M-C61_803220.csv",39840,"NRT"
"-1.82263","110.25594","310.44","1.02","1.01","2026-08-29","1318","Terra","MODIS","75","6.1NRT","296.52","7.37","N",,"fire_nrt_M-C61_803220.csv",39841,"NRT"
"-1.77954","110.24089","312.8","1.02","1.01","2026-08-29","1318","Terra","MODIS","83","6.1NRT","296.73","8.57","N",,"fire_nrt_M-C61_803220.csv",39856,"NRT"
"-1.76946","110.24857","312.73","1.02","1.01","2026-08-29","1318","Terra","MODIS","82","6.1NRT","296.94","8.42","N",,"fire_nrt_M-C61_803220.csv",39860,"NRT"
"-1.77068","110.23966","324.53","1.02","1.01","2026-08-29","1318","Terra","MODIS","100","6.1NRT","297.81","19.48","N",,"fire_nrt_M-C61_803220.csv",39861,"NRT"
"-1.74821","110.25742","317.14","1.02","1.01","2026-08-29","1318","Terra","MODIS","94","6.1NRT","296.92","12.45","N",,"fire_nrt_M-C61_803220.csv",39873,"NRT"
"-1.74944","110.24852","311.03","1.02","1.01","2026-08-29","1318","Terra","MODIS","78","6.1NRT","296.49","7.26","N",,"fire_nrt_M-C61_803220.csv",39874,"NRT"
"-1.75067","110.23962","321.47","1.02","1.01","2026-08-29","1318","Terra","MODIS","100","6.1NRT","297.53","16.3","N",,"fire_nrt_M-C61_803220.csv",39875,"NRT"
"-1.7519","110.23071","326.26","1.02","1.01","2026-08-29","1318","Terra","MODIS","100","6.1NRT","297.41","21.66","N",,"fire_nrt_M-C61_803220.csv",39876,"NRT"
"-1.76669","110.12352","348.59","1.03","1.01","2026-08-29","1318","Terra","MODIS","100","6.1NRT","299.17","58.13","N",,"fire_nrt_M-C61_803220.csv",39877,"NRT"
"-1.76793","110.11456","384.59","1.03","1.01","2026-08-29","1318","Terra","MODIS","100","6.1NRT","302.89","176.89","N",,"fire_nrt_M-C61_803220.csv",39878,"NRT"
"-1.76917","110.1056","307.83","1.03","1.01","2026-08-29","1318","Terra","MODIS","39","6.1NRT","296.2","4.91","N",,"fire_nrt_M-C61_803220.csv",39879,"NRT"
"-1.74181","110.23839","313.61","1.02","1.01","2026-08-29","1318","Terra","MODIS","85","6.1NRT","296.3","8.51","N",,"fire_nrt_M-C61_803220.csv",39882,"NRT"
"-1.74304","110.22948","314.88","1.02","1.01","2026-08-29","1318","Terra","MODIS","88","6.1NRT","296.95","9.55","N",,"fire_nrt_M-C61_803220.csv",39883,"NRT"
"-1.7578","110.12229","309.49","1.03","1.01","2026-08-29","1318","Terra","MODIS","72","6.1NRT","296.18","6.18","N",,"fire_nrt_M-C61_803220.csv",39884,"NRT"
"-1.75904","110.11333","319.55","1.03","1.01","2026-08-29","1318","Terra","MODIS","99","6.1NRT","296.66","14.62","N",,"fire_nrt_M-C61_803220.csv",39885,"NRT"
"-1.73417","110.22826","329.95","1.02","1.01","2026-08-29","1318","Terra","MODIS","100","6.1NRT","297.94","25.86","N",,"fire_nrt_M-C61_803220.csv",39886,"NRT"
"-1.74399","110.15686","318.36","1.02","1.01","2026-08-29","1318","Terra","MODIS","96","6.1NRT","296.42","13.32","N",,"fire_nrt_M-C61_803220.csv",39887,"NRT"
"-1.74522","110.14792","319.57","1.03","1.01","2026-08-29","1318","Terra","MODIS","99","6.1NRT","296.24","14.65","N",,"fire_nrt_M-C61_803220.csv",39888,"NRT"
"-1.72531","110.22701","310.38","1.02","1.01","2026-08-29","1318","Terra","MODIS","75","6.1NRT","296.36","6.37","N",,"fire_nrt_M-C61_803220.csv",39893,"NRT"
"-1.73634","110.14668","316.94","1.03","1.01","2026-08-29","1318","Terra","MODIS","93","6.1NRT","295.64","11.75","N",,"fire_nrt_M-C61_803220.csv",39894,"NRT"
"-1.72746","110.14545","311.98","1.03","1.01","2026-08-29","1318","Terra","MODIS","23","6.1NRT","295.76","6.65","N",,"fire_nrt_M-C61_803220.csv",39897,"NRT"
"-1.64225","110.70103","312.73","1","1","2026-08-29","1318","Terra","MODIS","83","6.1NRT","296.68","8.56","N",,"fire_nrt_M-C61_803220.csv",39902,"NRT"
"-1.67844","110.43732","314.59","1.01","1.01","2026-08-29","1318","Terra","MODIS","88","6.1NRT","296.34","9.85","N",,"fire_nrt_M-C61_803220.csv",39903,"NRT"
"-1.70149","110.26906","317.69","1.02","1.01","2026-08-29","1318","Terra","MODIS","84","6.1NRT","296.71","11.59","N",,"fire_nrt_M-C61_803220.csv",39904,"NRT"
"-1.70271","110.26016","327.75","1.02","1.01","2026-08-29","1318","Terra","MODIS","100","6.1NRT","297.38","21.94","N",,"fire_nrt_M-C61_803220.csv",39905,"NRT"
"-1.70393","110.25126","313.57","1.02","1.01","2026-08-29","1318","Terra","MODIS","43","6.1NRT","296.54","7.37","N",,"fire_nrt_M-C61_803220.csv",39906,"NRT"
"-1.72471","110.09942","308.7","1.03","1.01","2026-08-29","1318","Terra","MODIS","16","6.1NRT","296.18","4.27","N",,"fire_nrt_M-C61_803220.csv",39907,"NRT"
"-1.66961","110.4361","307.1","1.01","1.01","2026-08-29","1318","Terra","MODIS","44","6.1NRT","296.64","4.19","N",,"fire_nrt_M-C61_803220.csv",39908,"NRT"
"-1.70326","110.12386","313.99","1.03","1.01","2026-08-29","1318","Terra","MODIS","79","6.1NRT","296.51","8.84","N",,"fire_nrt_M-C61_803220.csv",39910,"NRT"
"-1.66283","110.35408","308.14","1.01","1.01","2026-08-29","1318","Terra","MODIS","67","6.1NRT","296.26","5.29","N",,"fire_nrt_M-C61_803220.csv",39911,"NRT"
"-1.67493","110.26535","309.77","1.02","1.01","2026-08-29","1318","Terra","MODIS","25","6.1NRT","296.34","5.6","N",,"fire_nrt_M-C61_803220.csv",39912,"NRT"
"-1.70537","110.04183","306.14","1.03","1.01","2026-08-29","1318","Terra","MODIS","56","6.1NRT","295.47","4.49","N",,"fire_nrt_M-C61_803220.csv",39913,"NRT"
"-1.7066","110.03283","306.5","1.03","1.01","2026-08-29","1318","Terra","MODIS","58","6.1NRT","295.34","4.92","N",,"fire_nrt_M-C61_803220.csv",39914,"NRT"
"-1.64144","110.36327","311.19","1.01","1.01","2026-08-29","1318","Terra","MODIS","78","6.1NRT","296.65","7.64","N",,"fire_nrt_M-C61_803220.csv",39917,"NRT"
"-1.64266","110.35442","328.95","1.01","1.01","2026-08-29","1318","Terra","MODIS","100","6.1NRT","297.38","25.15","N",,"fire_nrt_M-C61_803220.csv",39918,"NRT"
"-1.60228","110.5823","325.04","1.01","1","2026-08-29","1318","Terra","MODIS","100","6.1NRT","297.33","20.21","N",,"fire_nrt_M-C61_803220.csv",39922,"NRT"
"-1.60349","110.57352","306.22","1.01","1","2026-08-29","1318","Terra","MODIS","59","6.1NRT","296.15","3.99","N",,"fire_nrt_M-C61_803220.csv",39923,"NRT"
"-1.56455","110.79128","309.43","1","1","2026-08-29","1318","Terra","MODIS","73","6.1NRT","295.47","7.14","N",,"fire_nrt_M-C61_803220.csv",39926,"NRT"
"-1.62224","110.30647","306.87","1.02","1.01","2026-08-29","1318","Terra","MODIS","61","6.1NRT","296.18","4.7","N",,"fire_nrt_M-C61_803220.csv",39931,"NRT"
"-2.86359","110.28234","307.14","1.04","1.02","2026-08-29","2019","Aqua","MODIS","52","6.1NRT","293.06","6.77","N",,"fire_nrt_M-C61_803220.csv",39935,"NRT"
"-2.50112","111.07183","304.42","1.1","1.04","2026-08-29","2019","Aqua","MODIS","28","6.1NRT","292.63","6.14","N",,"fire_nrt_M-C61_803220.csv",39958,"NRT"
"-2.49198","111.07315","306.71","1.1","1.04","2026-08-29","2019","Aqua","MODIS","41","6.1NRT","293.31","7.57","N",,"fire_nrt_M-C61_803220.csv",39959,"NRT"
"-2.48284","111.07448","304.2","1.1","1.04","2026-08-29","2019","Aqua","MODIS","14","6.1NRT","292.93","5.71","N",,"fire_nrt_M-C61_803220.csv",39960,"NRT"
"-2.2453","110.47175","304.45","1.04","1.02","2026-08-29","2019","Aqua","MODIS","60","6.1NRT","293.87","5.96","N",,"fire_nrt_M-C61_803220.csv",39966,"NRT"
"-2.22698","110.40993","305.45","1.04","1.02","2026-08-29","2019","Aqua","MODIS","64","6.1NRT","293.76","6.39","N",,"fire_nrt_M-C61_803220.csv",39969,"NRT"
"-2.1608","110.40698","302.5","1.03","1.02","2026-08-29","2019","Aqua","MODIS","49","6.1NRT","292.07","4.84","N",,"fire_nrt_M-C61_803220.csv",39979,"NRT"
"-2.11311","110.14959","314.39","1.02","1.01","2026-08-29","2019","Aqua","MODIS","85","6.1NRT","294.45","11.37","N",,"fire_nrt_M-C61_803220.csv",39980,"NRT"
"-2.10561","110.15974","306","1.02","1.01","2026-08-29","2019","Aqua","MODIS","18","6.1NRT","293.6","5.42","N",,"fire_nrt_M-C61_803220.csv",39981,"NRT"
"-2.07232","110.18935","303.8","1.02","1.01","2026-08-29","2019","Aqua","MODIS","57","6.1NRT","292.8","4.98","N",,"fire_nrt_M-C61_803220.csv",39983,"NRT"
"-1.99578","110.17918","305.79","1.02","1.01","2026-08-29","2019","Aqua","MODIS","66","6.1NRT","293.48","5.79","N",,"fire_nrt_M-C61_803220.csv",39994,"NRT"
"-2.04388","110.55628","307.53","1.04","1.02","2026-08-29","2019","Aqua","MODIS","72","6.1NRT","293.92","7","N",,"fire_nrt_M-C61_803220.csv",39995,"NRT"
"-1.98349","110.2172","313.83","1.02","1.01","2026-08-29","2019","Aqua","MODIS","88","6.1NRT","294.99","11.48","N",,"fire_nrt_M-C61_803220.csv",39998,"NRT"
"-1.976","110.22736","313.47","1.02","1.01","2026-08-29","2019","Aqua","MODIS","87","6.1NRT","294.55","11.09","N",,"fire_nrt_M-C61_803220.csv",39999,"NRT"
"-1.97465","110.21849","317.17","1.02","1.01","2026-08-29","2019","Aqua","MODIS","95","6.1NRT","294.74","14.22","N",,"fire_nrt_M-C61_803220.csv",40000,"NRT"
"-1.98192","110.32657","305.23","1.03","1.01","2026-08-29","2019","Aqua","MODIS","63","6.1NRT","293.27","5.72","N",,"fire_nrt_M-C61_803220.csv",40002,"NRT"
"-1.98058","110.31765","313.04","1.03","1.01","2026-08-29","2019","Aqua","MODIS","86","6.1NRT","294.07","11.33","N",,"fire_nrt_M-C61_803220.csv",40003,"NRT"
"-1.92336","110.11748","307.65","1.02","1.01","2026-08-29","2019","Aqua","MODIS","72","6.1NRT","294.38","7.18","N",,"fire_nrt_M-C61_803220.csv",40004,"NRT"
"-1.92251","110.17179","305.68","1.02","1.01","2026-08-29","2019","Aqua","MODIS","65","6.1NRT","293.88","5.98","N",,"fire_nrt_M-C61_803220.csv",40006,"NRT"
"-1.89476","110.11929","305.69","1.02","1.01","2026-08-29","2019","Aqua","MODIS","65","6.1NRT","293.4","5.89","N",,"fire_nrt_M-C61_803220.csv",40008,"NRT"
"-1.90068","110.21784","309.74","1.02","1.01","2026-08-29","2019","Aqua","MODIS","78","6.1NRT","293.78","8.42","N",,"fire_nrt_M-C61_803220.csv",40009,"NRT"
"-1.89934","110.20898","309.81","1.02","1.01","2026-08-29","2019","Aqua","MODIS","78","6.1NRT","294.39","8.43","N",,"fire_nrt_M-C61_803220.csv",40010,"NRT"
"-1.88595","110.12057","303.98","1.02","1.01","2026-08-29","2019","Aqua","MODIS","54","6.1NRT","293.42","4.65","N",,"fire_nrt_M-C61_803220.csv",40011,"NRT"
"-1.89106","110.27368","304.96","1.02","1.01","2026-08-29","2019","Aqua","MODIS","62","6.1NRT","294.47","5.27","N",,"fire_nrt_M-C61_803220.csv",40014,"NRT"
"-1.86751","110.17744","307.4","1.02","1.01","2026-08-29","2019","Aqua","MODIS","33","6.1NRT","294.16","5.74","N",,"fire_nrt_M-C61_803220.csv",40015,"NRT"
"-1.84854","110.17118","319.42","1.02","1.01","2026-08-29","2019","Aqua","MODIS","99","6.1NRT","294.7","15.83","N",,"fire_nrt_M-C61_803220.csv",40017,"NRT"
"-1.81452","110.26333","306.38","1.02","1.01","2026-08-29","2019","Aqua","MODIS","68","6.1NRT","293.68","6.55","N",,"fire_nrt_M-C61_803220.csv",40018,"NRT"
"-1.76665","110.12571","343.31","1.02","1.01","2026-08-29","2019","Aqua","MODIS","100","6.1NRT","299.4","49.32","N",,"fire_nrt_M-C61_803220.csv",40022,"NRT"
"-1.76532","110.1169","371.37","1.01","1.01","2026-08-29","2019","Aqua","MODIS","100","6.1NRT","303.64","122.61","N",,"fire_nrt_M-C61_803220.csv",40023,"NRT"
"-1.76634","110.24318","315.34","1.02","1.01","2026-08-29","2019","Aqua","MODIS","91","6.1NRT","294.66","12.31","N",,"fire_nrt_M-C61_803220.csv",40028,"NRT"
"-1.74421","110.15604","303.28","1.02","1.01","2026-08-29","2019","Aqua","MODIS","54","6.1NRT","292.61","4.59","N",,"fire_nrt_M-C61_803220.csv",40033,"NRT"
"-1.75001","110.25464","305.16","1.02","1.01","2026-08-29","2019","Aqua","MODIS","63","6.1NRT","292.88","5.73","N",,"fire_nrt_M-C61_803220.csv",40039,"NRT"
"-1.74735","110.23691","311.11","1.02","1.01","2026-08-29","2019","Aqua","MODIS","78","6.1NRT","293.2","9.03","N",,"fire_nrt_M-C61_803220.csv",40040,"NRT"
"-1.73719","110.22934","304.88","1.02","1.01","2026-08-29","2019","Aqua","MODIS","58","6.1NRT","293.73","5.36","N",,"fire_nrt_M-C61_803220.csv",40044,"NRT"
"-1.7263","110.22856","305.39","1.02","1.01","2026-08-29","2019","Aqua","MODIS","37","6.1NRT","293.76","5.33","N",,"fire_nrt_M-C61_803220.csv",40050,"NRT"
"-1.70518","110.26785","304.34","1.02","1.01","2026-08-29","2019","Aqua","MODIS","54","6.1NRT","293.6","5.25","N",,"fire_nrt_M-C61_803220.csv",40063,"NRT"
"-1.70384","110.259","309.79","1.02","1.01","2026-08-29","2019","Aqua","MODIS","78","6.1NRT","294.24","8.65","N",,"fire_nrt_M-C61_803220.csv",40064,"NRT"
"-1.64197","110.08762","307.23","1.01","1.01","2026-08-29","2019","Aqua","MODIS","31","6.1NRT","293.93","5.93","N",,"fire_nrt_M-C61_803220.csv",40071,"NRT"
"-1.63317","110.08892","325.13","1.01","1.01","2026-08-29","2019","Aqua","MODIS","100","6.1NRT","296.2","21.29","N",,"fire_nrt_M-C61_803220.csv",40074,"NRT"
"-1.63185","110.08013","311.38","1.01","1.01","2026-08-29","2019","Aqua","MODIS","49","6.1NRT","294.03","8.32","N",,"fire_nrt_M-C61_803220.csv",40075,"NRT"
"-1.62438","110.0902","306.57","1.01","1.01","2026-08-29","2019","Aqua","MODIS","20","6.1NRT","294.37","5.33","N",,"fire_nrt_M-C61_803220.csv",40081,"NRT"
"-1.54783","110.08025","310.52","1.01","1.01","2026-08-29","2019","Aqua","MODIS","80","6.1NRT","293.8","8.88","N",,"fire_nrt_M-C61_803220.csv",40096,"NRT"
"-1.5465","110.07147","314.56","1.01","1.01","2026-08-29","2019","Aqua","MODIS","89","6.1NRT","293.79","12.08","N",,"fire_nrt_M-C61_803220.csv",40097,"NRT"
"-1.53903","110.08154","311.59","1.01","1.01","2026-08-29","2019","Aqua","MODIS","83","6.1NRT","295.15","9.5","N",,"fire_nrt_M-C61_803220.csv",40098,"NRT"
"-1.53771","110.07276","354.46","1.01","1.01","2026-08-29","2019","Aqua","MODIS","100","6.1NRT","303.02","72.38","N",,"fire_nrt_M-C61_803220.csv",40099,"NRT"
"-1.53639","110.06398","355.53","1.01","1.01","2026-08-29","2019","Aqua","MODIS","100","6.1NRT","299.93","75.23","N",,"fire_nrt_M-C61_803220.csv",40100,"NRT"
"-1.52892","110.07405","336.74","1.01","1.01","2026-08-29","2019","Aqua","MODIS","100","6.1NRT","301.61","37.6","N",,"fire_nrt_M-C61_803220.csv",40101,"NRT"
"-1.5276","110.06527","365.81","1.01","1.01","2026-08-29","2019","Aqua","MODIS","100","6.1NRT","307.51","103.51","N",,"fire_nrt_M-C61_803220.csv",40102,"NRT"
"-1.52628","110.0565","316.26","1.01","1","2026-08-29","2019","Aqua","MODIS","93","6.1NRT","294.62","13.45","N",,"fire_nrt_M-C61_803220.csv",40103,"NRT"
"-1.55659","110.32917","307.83","1.02","1.01","2026-08-29","2019","Aqua","MODIS","73","6.1NRT","294.38","7.27","N",,"fire_nrt_M-C61_803220.csv",40104,"NRT"
"-1.52042","110.09084","310.8","1.01","1.01","2026-08-29","2019","Aqua","MODIS","65","6.1NRT","294.52","7.95","N",,"fire_nrt_M-C61_803220.csv",40105,"NRT"
"-1.51163","110.09212","312.74","1.01","1.01","2026-08-29","2019","Aqua","MODIS","86","6.1NRT","295.13","9.97","N",,"fire_nrt_M-C61_803220.csv",40106,"NRT"
"-1.50897","110.07457","312.57","1.01","1.01","2026-08-29","2019","Aqua","MODIS","85","6.1NRT","294.94","9.79","N",,"fire_nrt_M-C61_803220.csv",40107,"NRT"
"-1.50764","110.06579","308.46","1.01","1","2026-08-29","2019","Aqua","MODIS","35","6.1NRT","294.81","6.41","N",,"fire_nrt_M-C61_803220.csv",40108,"NRT"
"-1.51001","110.20032","311.56","1.02","1.01","2026-08-29","2019","Aqua","MODIS","33","6.1NRT","294.85","8.18","N",,"fire_nrt_M-C61_803220.csv",40109,"NRT"
"-1.50468","110.16506","383.11","1.01","1.01","2026-08-29","2019","Aqua","MODIS","100","6.1NRT","303.67","166.89","N",,"fire_nrt_M-C61_803220.csv",40110,"NRT"
"-1.50335","110.15625","356.78","1.01","1.01","2026-08-29","2019","Aqua","MODIS","100","6.1NRT","296.77","77.1","N",,"fire_nrt_M-C61_803220.csv",40111,"NRT"
"-1.50254","110.21043","312.66","1.02","1.01","2026-08-29","2019","Aqua","MODIS","55","6.1NRT","295.13","9.37","N",,"fire_nrt_M-C61_803220.csv",40114,"NRT"
"-1.49239","110.2029","313.67","1.02","1.01","2026-08-29","2019","Aqua","MODIS","32","6.1NRT","295.51","8.89","N",,"fire_nrt_M-C61_803220.csv",40118,"NRT"
"-1.49106","110.19407","318.25","1.02","1.01","2026-08-29","2019","Aqua","MODIS","96","6.1NRT","295.8","12.2","N",,"fire_nrt_M-C61_803220.csv",40119,"NRT"
"-1.48093","110.18655","317.9","1.02","1.01","2026-08-29","2019","Aqua","MODIS","67","6.1NRT","295.04","12.19","N",,"fire_nrt_M-C61_803220.csv",40121,"NRT"
"-1.47212","110.18784","310.62","1.02","1.01","2026-08-29","2019","Aqua","MODIS","56","6.1NRT","294.54","7.65","N",,"fire_nrt_M-C61_803220.csv",40122,"NRT"
"-1.55732","110.81676","315.5","1.05","1.03","2026-08-29","2019","Aqua","MODIS","91","6.1NRT","293.56","13.56","N",,"fire_nrt_M-C61_803220.csv",40123,"NRT"
"-1.45934","110.16268","306.68","1.01","1.01","2026-08-29","2019","Aqua","MODIS","11","6.1NRT","294.59","5.12","N",,"fire_nrt_M-C61_803220.csv",40124,"NRT"
"-1.45802","110.15388","312.9","1.01","1.01","2026-08-29","2019","Aqua","MODIS","86","6.1NRT","294.97","9.69","N",,"fire_nrt_M-C61_803220.csv",40125,"NRT"
"-1.44789","110.14639","308.29","1.01","1.01","2026-08-29","2019","Aqua","MODIS","32","6.1NRT","295.33","6.3","N",,"fire_nrt_M-C61_803220.csv",40129,"NRT"
"-1.43157","110.11868","308.07","1.01","1.01","2026-08-29","2019","Aqua","MODIS","12","6.1NRT","294","6.08","N",,"fire_nrt_M-C61_803220.csv",40130,"NRT"
"-1.39772","110.1326","311.9","1.01","1.01","2026-08-29","2019","Aqua","MODIS","37","6.1NRT","294.61","8.09","N",,"fire_nrt_M-C61_803220.csv",40145,"NRT"
"-1.39241","110.09749","322.23","1.01","1.01","2026-08-29","2019","Aqua","MODIS","100","6.1NRT","298.08","18.03","N",,"fire_nrt_M-C61_803220.csv",40146,"NRT"
"-1.39025","110.14268","337.96","1.01","1.01","2026-08-29","2019","Aqua","MODIS","100","6.1NRT","298.19","38.26","N",,"fire_nrt_M-C61_803220.csv",40147,"NRT"
"-1.38892","110.13389","342.21","1.01","1.01","2026-08-29","2019","Aqua","MODIS","100","6.1NRT","297.63","45.21","N",,"fire_nrt_M-C61_803220.csv",40148,"NRT"
"-1.38362","110.09877","305.74","1.01","1.01","2026-08-29","2019","Aqua","MODIS","54","6.1NRT","294.25","4.68","N",,"fire_nrt_M-C61_803220.csv",40149,"NRT"
"-1.38145","110.14397","342.91","1.01","1.01","2026-08-29","2019","Aqua","MODIS","100","6.1NRT","299.5","47","N",,"fire_nrt_M-C61_803220.csv",40151,"NRT"
"-1.38013","110.13518","351.98","1.01","1.01","2026-08-29","2019","Aqua","MODIS","100","6.1NRT","299.72","65.5","N",,"fire_nrt_M-C61_803220.csv",40152,"NRT"
"-1.37001","110.12768","325.95","1.01","1.01","2026-08-29","2019","Aqua","MODIS","100","6.1NRT","296.39","22.46","N",,"fire_nrt_M-C61_803220.csv",40153,"NRT"
"-1.36869","110.1189","315.47","1.01","1.01","2026-08-29","2019","Aqua","MODIS","91","6.1NRT","294.91","11.67","N",,"fire_nrt_M-C61_803220.csv",40154,"NRT"
"-1.43105","110.65504","304.19","1.04","1.02","2026-08-29","2019","Aqua","MODIS","59","6.1NRT","293.34","5.15","N",,"fire_nrt_M-C61_803220.csv",40159,"NRT"
"-1.41064","110.64624","317.38","1.04","1.02","2026-08-29","2019","Aqua","MODIS","95","6.1NRT","293.94","14.02","N",,"fire_nrt_M-C61_803220.csv",40163,"NRT"
"-1.40927","110.63723","317.75","1.04","1.02","2026-08-29","2019","Aqua","MODIS","96","6.1NRT","294.16","14.57","N",,"fire_nrt_M-C61_803220.csv",40164,"NRT"
"-1.40174","110.64755","306.9","1.04","1.02","2026-08-29","2019","Aqua","MODIS","70","6.1NRT","293.66","6.2","N",,"fire_nrt_M-C61_803220.csv",40165,"NRT"
"-1.40037","110.63854","304.35","1.04","1.02","2026-08-29","2019","Aqua","MODIS","60","6.1NRT","293.62","4.59","N",,"fire_nrt_M-C61_803220.csv",40166,"NRT"
"-1.29117","110.53183","306.85","1.03","1.01","2026-08-29","2019","Aqua","MODIS","69","6.1NRT","293.6","6.67","N",,"fire_nrt_M-C61_803220.csv",40168,"NRT"
"-1.04411","110.66944","304.7","1.04","1.02","2026-08-29","2019","Aqua","MODIS","61","6.1NRT","293","5.64","N",,"fire_nrt_M-C61_803220.csv",40212,"NRT"
"-0.9051","110.2271","307.22","1.01","1.01","2026-08-29","2019","Aqua","MODIS","71","6.1NRT","293.99","6.67","N",,"fire_nrt_M-C61_803220.csv",40264,"NRT"
"-0.90378","110.21831","305.5","1.01","1.01","2026-08-29","2019","Aqua","MODIS","65","6.1NRT","293.64","5.4","N",,"fire_nrt_M-C61_803220.csv",40265,"NRT"
"-0.90246","110.20953","312.23","1.01","1.01","2026-08-29","2019","Aqua","MODIS","84","6.1NRT","294.98","10","N",,"fire_nrt_M-C61_803220.csv",40266,"NRT"
"-0.89139","110.21709","317.66","1.01","1.01","2026-08-29","2019","Aqua","MODIS","95","6.1NRT","295.42","13.22","N",,"fire_nrt_M-C61_803220.csv",40268,"NRT"
"-0.89006","110.20831","323.98","1.01","1.01","2026-08-29","2019","Aqua","MODIS","100","6.1NRT","296.15","19.83","N",,"fire_nrt_M-C61_803220.csv",40269,"NRT"
"-0.88394","110.22715","314.65","1.01","1.01","2026-08-29","2019","Aqua","MODIS","72","6.1NRT","295.66","10.75","N",,"fire_nrt_M-C61_803220.csv",40270,"NRT"
"-0.97656","110.89759","304.05","1.05","1.02","2026-08-29","2019","Aqua","MODIS","58","6.1NRT","293.25","5.31","N",,"fire_nrt_M-C61_803220.csv",40272,"NRT"
"-0.84431","110.14335","317.18","1.01","1","2026-08-29","2019","Aqua","MODIS","95","6.1NRT","294.04","14.22","N",,"fire_nrt_M-C61_803220.csv",40273,"NRT"
"-0.72292","110.3261","304.04","1.01","1.01","2026-08-29","2019","Aqua","MODIS","58","6.1NRT","293.46","4.84","N",,"fire_nrt_M-C61_803220.csv",40278,"NRT"
"-0.67792","110.2071","316.31","1.01","1","2026-08-29","2019","Aqua","MODIS","93","6.1NRT","293.35","14.2","N",,"fire_nrt_M-C61_803220.csv",40279,"NRT"
"-0.65542","110.05851","308.31","1","1","2026-08-29","2019","Aqua","MODIS","74","6.1NRT","294.02","7.09","N",,"fire_nrt_M-C61_803220.csv",40280,"NRT"
"-0.63572","110.106","305.45","1.01","1","2026-08-29","2019","Aqua","MODIS","64","6.1NRT","293.87","5.67","N",,"fire_nrt_M-C61_803220.csv",40281,"NRT"
"-0.6344","110.09727","311.12","1.01","1","2026-08-29","2019","Aqua","MODIS","82","6.1NRT","294.35","9.14","N",,"fire_nrt_M-C61_803220.csv",40282,"NRT"
"-0.63309","110.08854","326.02","1.01","1","2026-08-29","2019","Aqua","MODIS","100","6.1NRT","294.15","22.9","N",,"fire_nrt_M-C61_803220.csv",40283,"NRT"
"-0.62827","110.11602","318.29","1.01","1","2026-08-29","2019","Aqua","MODIS","44","6.1NRT","294.65","13.32","N",,"fire_nrt_M-C61_803220.csv",40284,"NRT"
"-0.62696","110.10728","332.66","1.01","1","2026-08-29","2019","Aqua","MODIS","100","6.1NRT","297.04","30.36","N",,"fire_nrt_M-C61_803220.csv",40285,"NRT"
"-0.62564","110.09855","315.94","1.01","1","2026-08-29","2019","Aqua","MODIS","68","6.1NRT","296.04","11.54","N",,"fire_nrt_M-C61_803220.csv",40286,"NRT"
"-0.62432","110.08982","330.35","1.01","1","2026-08-29","2019","Aqua","MODIS","100","6.1NRT","296.17","27.56","N",,"fire_nrt_M-C61_803220.csv",40287,"NRT"
"-0.62037","110.06365","332.28","1","1","2026-08-29","2019","Aqua","MODIS","100","6.1NRT","297.42","30.38","N",,"fire_nrt_M-C61_803220.csv",40288,"NRT"
"-0.61905","110.05493","351.47","1","1","2026-08-29","2019","Aqua","MODIS","100","6.1NRT","299.66","64.6","N",,"fire_nrt_M-C61_803220.csv",40289,"NRT"
"-0.61773","110.0462","310.38","1","1","2026-08-29","2019","Aqua","MODIS","80","6.1NRT","293.66","8.45","N",,"fire_nrt_M-C61_803220.csv",40290,"NRT"
"-0.62346","110.14351","325.45","1.01","1","2026-08-29","2019","Aqua","MODIS","100","6.1NRT","294.77","21.44","N",,"fire_nrt_M-C61_803220.csv",40291,"NRT"
"-0.61951","110.1173","318.06","1.01","1","2026-08-29","2019","Aqua","MODIS","38","6.1NRT","295.31","13.12","N",,"fire_nrt_M-C61_803220.csv",40292,"NRT"
"-0.61819","110.10856","332.52","1.01","1","2026-08-29","2019","Aqua","MODIS","100","6.1NRT","298.41","30.18","N",,"fire_nrt_M-C61_803220.csv",40293,"NRT"
"-0.61687","110.09984","319.93","1.01","1","2026-08-29","2019","Aqua","MODIS","94","6.1NRT","296.95","15.07","N",,"fire_nrt_M-C61_803220.csv",40294,"NRT"
"-0.61555","110.0911","317","1.01","1","2026-08-29","2019","Aqua","MODIS","94","6.1NRT","295.53","12.91","N",,"fire_nrt_M-C61_803220.csv",40295,"NRT"
"-0.61161","110.06493","313.47","1","1","2026-08-29","2019","Aqua","MODIS","87","6.1NRT","295.21","10.31","N",,"fire_nrt_M-C61_803220.csv",40296,"NRT"
"-0.61029","110.05621","327.35","1","1","2026-08-29","2019","Aqua","MODIS","100","6.1NRT","297.1","24.56","N",,"fire_nrt_M-C61_803220.csv",40297,"NRT"
"-0.61732","110.16226","322.16","1.01","1","2026-08-29","2019","Aqua","MODIS","100","6.1NRT","294.56","18.52","N",,"fire_nrt_M-C61_803220.csv",40301,"NRT"
"-0.61469","110.1448","312.4","1.01","1","2026-08-29","2019","Aqua","MODIS","34","6.1NRT","294.11","8.84","N",,"fire_nrt_M-C61_803220.csv",40302,"NRT"
"-0.60942","110.10984","311.22","1.01","1","2026-08-29","2019","Aqua","MODIS","82","6.1NRT","295.41","9.26","N",,"fire_nrt_M-C61_803220.csv",40303,"NRT"
"-0.60284","110.06622","327.96","1","1","2026-08-29","2019","Aqua","MODIS","100","6.1NRT","296.01","24.88","N",,"fire_nrt_M-C61_803220.csv",40304,"NRT"
"-0.60153","110.0575","323.05","1","1","2026-08-29","2019","Aqua","MODIS","100","6.1NRT","295.09","19.6","N",,"fire_nrt_M-C61_803220.csv",40305,"NRT"
"-0.53268","110.09196","311.39","1.01","1","2026-08-29","2019","Aqua","MODIS","82","6.1NRT","293.9","9.55","N",,"fire_nrt_M-C61_803220.csv",40306,"NRT"
"-0.53708","110.18057","316.26","1.01","1","2026-08-29","2019","Aqua","MODIS","93","6.1NRT","293.84","13.75","N",,"fire_nrt_M-C61_803220.csv",40307,"NRT"
"-0.52523","110.10197","318.86","1.01","1","2026-08-29","2019","Aqua","MODIS","98","6.1NRT","295.47","15.61","N",,"fire_nrt_M-C61_803220.csv",40308,"NRT"
"-0.52391","110.09325","322.21","1.01","1","2026-08-29","2019","Aqua","MODIS","100","6.1NRT","295.81","18.97","N",,"fire_nrt_M-C61_803220.csv",40309,"NRT"
"-0.51647","110.10326","330.55","1.01","1","2026-08-29","2019","Aqua","MODIS","100","6.1NRT","296.52","28.58","N",,"fire_nrt_M-C61_803220.csv",40310,"NRT"
"-0.51515","110.09454","331.15","1.01","1","2026-08-29","2019","Aqua","MODIS","100","6.1NRT","295.71","29.35","N",,"fire_nrt_M-C61_803220.csv",40311,"NRT"
"-0.48943","110.18446","325.94","1.01","1","2026-08-29","2019","Aqua","MODIS","100","6.1NRT","294.3","23.16","N",,"fire_nrt_M-C61_803220.csv",40312,"NRT"
"-0.48811","110.17572","308.45","1.01","1","2026-08-29","2019","Aqua","MODIS","75","6.1NRT","293.59","7.17","N",,"fire_nrt_M-C61_803220.csv",40313,"NRT"
"-2.93699","110.27206","318.48","1.78","1.31","2026-08-30","0139","Terra","MODIS","53","6.1NRT","296.91","22.72","D",,"fire_nrt_M-C61_803220.csv",40483,"NRT"
"-0.89371","110.19971","313.81","1.63","1.26","2026-08-30","0139","Terra","MODIS","62","6.1NRT","297.01","14.52","D",,"fire_nrt_M-C61_803220.csv",40511,"NRT"
"-1.09212","110.54969","309.47","1.75","1.3","2026-08-30","0139","Terra","MODIS","58","6.1NRT","295.49","11.99","D",,"fire_nrt_M-C61_803220.csv",40515,"NRT"
"-1.09424","110.56502","316.12","1.75","1.3","2026-08-30","0139","Terra","MODIS","71","6.1NRT","295.61","23.88","D",,"fire_nrt_M-C61_803220.csv",40516,"NRT"
"-1.41607","110.64453","308.85","1.8","1.31","2026-08-30","0139","Terra","MODIS","47","6.1NRT","296.04","10.36","D",,"fire_nrt_M-C61_803220.csv",40519,"NRT"
"-1.55555","110.81344","310.55","1.86","1.33","2026-08-30","0139","Terra","MODIS","57","6.1NRT","296.17","15.91","D",,"fire_nrt_M-C61_803220.csv",40520,"NRT"
"-1.49069","110.19852","323.29","1.66","1.27","2026-08-30","0139","Terra","MODIS","35","6.1NRT","300.23","28.4","D",,"fire_nrt_M-C61_803220.csv",40521,"NRT"
"-1.49798","110.16224","328.9","1.65","1.26","2026-08-30","0139","Terra","MODIS","80","6.1NRT","298.31","44.49","D",,"fire_nrt_M-C61_803220.csv",40522,"NRT"
"-1.50913","110.16077","336.96","1.65","1.26","2026-08-30","0139","Terra","MODIS","89","6.1NRT","297.62","69.34","D",,"fire_nrt_M-C61_803220.csv",40523,"NRT"
"-1.50826","110.07336","316.05","1.63","1.26","2026-08-30","0139","Terra","MODIS","36","6.1NRT","298.69","15.71","D",,"fire_nrt_M-C61_803220.csv",40524,"NRT"
"-1.53038","110.07038","347.86","1.63","1.26","2026-08-30","0139","Terra","MODIS","94","6.1NRT","302.48","100.72","D",,"fire_nrt_M-C61_803220.csv",40525,"NRT"
"-1.56741","110.33208","311.98","1.71","1.28","2026-08-30","0139","Terra","MODIS","63","6.1NRT","297.59","13.96","D",,"fire_nrt_M-C61_803220.csv",40526,"NRT"
"-1.54143","110.06887","349.11","1.63","1.26","2026-08-30","0139","Terra","MODIS","95","6.1NRT","302","111.04","D",,"fire_nrt_M-C61_803220.csv",40527,"NRT"
"-1.54345","110.08302","316.84","1.63","1.26","2026-08-30","0139","Terra","MODIS","36","6.1NRT","297.31","17.7","D",,"fire_nrt_M-C61_803220.csv",40528,"NRT"
"-1.63475","110.07874","315.61","1.64","1.26","2026-08-30","0139","Terra","MODIS","60","6.1NRT","298.13","16.2","D",,"fire_nrt_M-C61_803220.csv",40529,"NRT"
"-1.63678","110.09301","316.24","1.64","1.26","2026-08-30","0139","Terra","MODIS","55","6.1NRT","296.98","18.36","D",,"fire_nrt_M-C61_803220.csv",40530,"NRT"
"-1.77278","110.24016","311.11","1.69","1.28","2026-08-30","0139","Terra","MODIS","46","6.1NRT","296.47","10.72","D",,"fire_nrt_M-C61_803220.csv",40531,"NRT"
"-1.76597","110.10715","323.48","1.65","1.26","2026-08-30","0139","Terra","MODIS","79","6.1NRT","297.77","29.93","D",,"fire_nrt_M-C61_803220.csv",40532,"NRT"
"-1.76796","110.12165","352.4","1.66","1.27","2026-08-30","0139","Terra","MODIS","96","6.1NRT","302.71","128.04","D",,"fire_nrt_M-C61_803220.csv",40533,"NRT"
"-1.84319","110.1708","319.85","1.68","1.27","2026-08-30","0139","Terra","MODIS","74","6.1NRT","298.72","22.37","D",,"fire_nrt_M-C61_803220.csv",40534,"NRT"
"-1.89292","110.11369","312.88","1.66","1.27","2026-08-30","0139","Terra","MODIS","49","6.1NRT","298.28","10.96","D",,"fire_nrt_M-C61_803220.csv",40535,"NRT"
"-1.92352","110.16897","315.38","1.68","1.27","2026-08-30","0139","Terra","MODIS","62","6.1NRT","298.7","15.4","D",,"fire_nrt_M-C61_803220.csv",40536,"NRT"
"-1.97902","110.32197","309.86","1.73","1.29","2026-08-30","0139","Terra","MODIS","54","6.1NRT","295.58","10.87","D",,"fire_nrt_M-C61_803220.csv",40537,"NRT"
"-1.97593","110.21555","318.77","1.7","1.28","2026-08-30","0139","Terra","MODIS","73","6.1NRT","298.02","22.94","D",,"fire_nrt_M-C61_803220.csv",40538,"NRT"
"-1.97799","110.23044","314.29","1.7","1.28","2026-08-30","0139","Terra","MODIS","60","6.1NRT","296.6","15.58","D",,"fire_nrt_M-C61_803220.csv",40539,"NRT"
"-1.98721","110.21404","316","1.7","1.28","2026-08-30","0139","Terra","MODIS","20","6.1NRT","298.02","16.14","D",,"fire_nrt_M-C61_803220.csv",40540,"NRT"
"-2.11538","110.14563","316.19","1.68","1.28","2026-08-30","0139","Terra","MODIS","63","6.1NRT","296.52","17.38","D",,"fire_nrt_M-C61_803220.csv",40541,"NRT"
"-2.16332","110.39993","321.87","1.77","1.3","2026-08-30","0139","Terra","MODIS","77","6.1NRT","293.86","31.28","D",,"fire_nrt_M-C61_803220.csv",40542,"NRT"
"-2.11686","110.15408","317.94","1.69","1.28","2026-08-30","0139","Terra","MODIS","45","6.1NRT","296.5","20.46","D",,"fire_nrt_M-C61_803220.csv",40543,"NRT"
"-2.16294","110.40932","315.78","1.77","1.3","2026-08-30","0139","Terra","MODIS","69","6.1NRT","293.84","19.85","D",,"fire_nrt_M-C61_803220.csv",40544,"NRT"
"-2.19685","110.23403","309.56","1.72","1.29","2026-08-30","0139","Terra","MODIS","53","6.1NRT","293.69","9.14","D",,"fire_nrt_M-C61_803220.csv",40545,"NRT"
"-2.8571","110.27348","316.06","1.77","1.3","2026-08-30","0139","Terra","MODIS","65","6.1NRT","296.62","19.92","D",,"fire_nrt_M-C61_803220.csv",40551,"NRT"
"-2.85927","110.28893","311.88","1.78","1.31","2026-08-30","0139","Terra","MODIS","56","6.1NRT","294.12","11.82","D",,"fire_nrt_M-C61_803220.csv",40552,"NRT"
"-2.86794","110.28127","316.13","1.78","1.31","2026-08-30","0139","Terra","MODIS","61","6.1NRT","294.06","19.58","D",,"fire_nrt_M-C61_803220.csv",40554,"NRT"
"-1.66713","110.225","311.07","1.71","1.28","2026-08-30","0837","Aqua","MODIS","31","6.1NRT","298.08","10.26","D",,"fire_nrt_M-C61_803220.csv",40622,"NRT"
"-1.64217","110.08639","325.18","1.67","1.27","2026-08-30","0837","Aqua","MODIS","78","6.1NRT","299.5","34.32","D",,"fire_nrt_M-C61_803220.csv",40623,"NRT"
"-1.63106","110.08475","336.44","1.67","1.27","2026-08-30","0837","Aqua","MODIS","88","6.1NRT","299.44","66.21","D",,"fire_nrt_M-C61_803220.csv",40624,"NRT"
"-1.54259","110.06574","357.53","1.67","1.27","2026-08-30","0837","Aqua","MODIS","99","6.1NRT","302.08","148.96","D",,"fire_nrt_M-C61_803220.csv",40628,"NRT"
"-1.53149","110.06409","355.34","1.67","1.27","2026-08-30","0837","Aqua","MODIS","98","6.1NRT","301.94","135.57","D",,"fire_nrt_M-C61_803220.csv",40629,"NRT"
"-1.29993","110.52767","318.01","1.83","1.33","2026-08-30","0837","Aqua","MODIS","70","6.1NRT","299.97","19.15","D",,"fire_nrt_M-C61_803220.csv",40634,"NRT"
"-1.17881","110.63447","316.42","1.88","1.34","2026-08-30","0837","Aqua","MODIS","68","6.1NRT","299.1","17.68","D",,"fire_nrt_M-C61_803220.csv",40636,"NRT"
"-0.66561","110.74699","312.14","1.96","1.37","2026-08-30","0837","Aqua","MODIS","57","6.1NRT","298.7","12.34","D",,"fire_nrt_M-C61_803220.csv",40663,"NRT"
"-0.64715","110.73708","313.44","1.96","1.37","2026-08-30","0837","Aqua","MODIS","61","6.1NRT","298.43","15.63","D",,"fire_nrt_M-C61_803220.csv",40666,"NRT"
"-0.44049","110.35313","318.32","1.84","1.33","2026-08-30","0837","Aqua","MODIS","56","6.1NRT","299.07","22","D",,"fire_nrt_M-C61_803220.csv",40673,"NRT"
"-2.87142","110.272","323.94","1.65","1.26","2026-08-30","0837","Aqua","MODIS","75","6.1NRT","299.72","29.82","D",,"fire_nrt_M-C61_803220.csv",40760,"NRT"
"-2.86903","110.28036","323.22","1.65","1.26","2026-08-30","0837","Aqua","MODIS","61","6.1NRT","298.81","26.85","D",,"fire_nrt_M-C61_803220.csv",40763,"NRT"
"-2.70077","111.09048","357.74","1.92","1.35","2026-08-30","0837","Aqua","MODIS","99","6.1NRT","298.23","188.03","D",,"fire_nrt_M-C61_803220.csv",40766,"NRT"
"-2.63447","111.07343","311.34","1.92","1.35","2026-08-30","0837","Aqua","MODIS","51","6.1NRT","296.97","13.58","D",,"fire_nrt_M-C61_803220.csv",40772,"NRT"
"-2.61554","110.43818","314.96","1.71","1.28","2026-08-30","0837","Aqua","MODIS","39","6.1NRT","299.34","11.46","D",,"fire_nrt_M-C61_803220.csv",40780,"NRT"
"-2.50818","111.06565","317.03","1.93","1.36","2026-08-30","0837","Aqua","MODIS","68","6.1NRT","298.4","21.9","D",,"fire_nrt_M-C61_803220.csv",40781,"NRT"
"-2.57197","110.64848","316.14","1.78","1.31","2026-08-30","0837","Aqua","MODIS","66","6.1NRT","298.53","19.43","D",,"fire_nrt_M-C61_803220.csv",40782,"NRT"
"-2.61333","110.37734","316.11","1.69","1.28","2026-08-30","0837","Aqua","MODIS","41","6.1NRT","300.64","11.87","D",,"fire_nrt_M-C61_803220.csv",40783,"NRT"
"-2.45286","110.44663","318.11","1.73","1.29","2026-08-30","0837","Aqua","MODIS","69","6.1NRT","298.27","21.58","D",,"fire_nrt_M-C61_803220.csv",40797,"NRT"
"-2.40551","110.4548","314.24","1.73","1.29","2026-08-30","0837","Aqua","MODIS","25","6.1NRT","297.62","12.38","D",,"fire_nrt_M-C61_803220.csv",40800,"NRT"
"-2.39191","110.46815","328.66","1.74","1.29","2026-08-30","0837","Aqua","MODIS","82","6.1NRT","297.74","44.43","D",,"fire_nrt_M-C61_803220.csv",40803,"NRT"
"-2.38062","110.46645","394.1","1.74","1.29","2026-08-30","0837","Aqua","MODIS","100","6.1NRT","299.81","474.88","D",,"fire_nrt_M-C61_803220.csv",40804,"NRT"
"-2.38296","110.45139","379.31","1.73","1.29","2026-08-30","0837","Aqua","MODIS","100","6.1NRT","300.92","318.09","D",,"fire_nrt_M-C61_803220.csv",40805,"NRT"
"-2.38102","110.45942","395.45","1.74","1.29","2026-08-30","0837","Aqua","MODIS","100","6.1NRT","302.34","492.64","D",,"fire_nrt_M-C61_803220.csv",40807,"NRT"
"-2.29218","110.28844","324.84","1.69","1.28","2026-08-30","0837","Aqua","MODIS","77","6.1NRT","299.53","31.44","D",,"fire_nrt_M-C61_803220.csv",40811,"NRT"
"-2.17328","110.46188","321.34","1.75","1.3","2026-08-30","0837","Aqua","MODIS","73","6.1NRT","298.5","24.24","D",,"fire_nrt_M-C61_803220.csv",40816,"NRT"
"-2.20869","110.22421","317.32","1.68","1.27","2026-08-30","0837","Aqua","MODIS","59","6.1NRT","298.75","16.52","D",,"fire_nrt_M-C61_803220.csv",40817,"NRT"
"-2.18195","110.17576","324.36","1.66","1.27","2026-08-30","0837","Aqua","MODIS","77","6.1NRT","298.3","33.18","D",,"fire_nrt_M-C61_803220.csv",40820,"NRT"
"-2.1928","110.10426","338.25","1.64","1.26","2026-08-30","0837","Aqua","MODIS","67","6.1NRT","299.58","68.16","D",,"fire_nrt_M-C61_803220.csv",40821,"NRT"
"-2.12667","110.16181","325.54","1.66","1.27","2026-08-30","0837","Aqua","MODIS","65","6.1NRT","298.2","33.66","D",,"fire_nrt_M-C61_803220.csv",40833,"NRT"
"-2.1288","110.14745","353.28","1.66","1.27","2026-08-30","0837","Aqua","MODIS","97","6.1NRT","302.12","129.04","D",,"fire_nrt_M-C61_803220.csv",40834,"NRT"
"-2.11559","110.16018","324.48","1.66","1.27","2026-08-30","0837","Aqua","MODIS","71","6.1NRT","299.23","32.07","D",,"fire_nrt_M-C61_803220.csv",40835,"NRT"
"-2.11775","110.14577","336.52","1.66","1.27","2026-08-30","0837","Aqua","MODIS","87","6.1NRT","301.52","63.64","D",,"fire_nrt_M-C61_803220.csv",40836,"NRT"
"-2.10452","110.15851","330.9","1.66","1.27","2026-08-30","0837","Aqua","MODIS","68","6.1NRT","299.33","45.71","D",,"fire_nrt_M-C61_803220.csv",40837,"NRT"
"-2.10669","110.1441","328.54","1.66","1.27","2026-08-30","0837","Aqua","MODIS","57","6.1NRT","299.82","38.66","D",,"fire_nrt_M-C61_803220.csv",40838,"NRT"
"-2.05087","110.43766","321.28","1.75","1.3","2026-08-30","0837","Aqua","MODIS","73","6.1NRT","299.76","25.06","D",,"fire_nrt_M-C61_803220.csv",40839,"NRT"
"-2.03953","110.43594","364.12","1.75","1.3","2026-08-30","0837","Aqua","MODIS","100","6.1NRT","300.9","202.33","D",,"fire_nrt_M-C61_803220.csv",40841,"NRT"
"-2.04185","110.42078","327.65","1.75","1.3","2026-08-30","0837","Aqua","MODIS","80","6.1NRT","299.7","38.56","D",,"fire_nrt_M-C61_803220.csv",40842,"NRT"
"-2.07797","110.18407","315.13","1.67","1.27","2026-08-30","0837","Aqua","MODIS","52","6.1NRT","298.27","15.11","D",,"fire_nrt_M-C61_803220.csv",40843,"NRT"
"-2.03107","110.26664","312.51","1.7","1.28","2026-08-30","0837","Aqua","MODIS","29","6.1NRT","298.4","9.91","D",,"fire_nrt_M-C61_803220.csv",40844,"NRT"
"-1.98582","110.32858","312.29","1.72","1.29","2026-08-30","0837","Aqua","MODIS","34","6.1NRT","298.28","10.25","D",,"fire_nrt_M-C61_803220.csv",40847,"NRT"
"-1.98806","110.31369","318.21","1.72","1.29","2026-08-30","0837","Aqua","MODIS","69","6.1NRT","298.8","21.61","D",,"fire_nrt_M-C61_803220.csv",40848,"NRT"
"-1.93284","110.60189","314.15","1.81","1.32","2026-08-30","0837","Aqua","MODIS","61","6.1NRT","296.58","12.79","D",,"fire_nrt_M-C61_803220.csv",40849,"NRT"
"-1.99688","110.17972","318.2","1.68","1.27","2026-08-30","0837","Aqua","MODIS","55","6.1NRT","298.51","17.97","D",,"fire_nrt_M-C61_803220.csv",40850,"NRT"
"-1.99908","110.1652","316.96","1.67","1.27","2026-08-30","0837","Aqua","MODIS","56","6.1NRT","298.88","17.17","D",,"fire_nrt_M-C61_803220.csv",40851,"NRT"
"-1.97912","110.22168","342.73","1.69","1.28","2026-08-30","0837","Aqua","MODIS","91","6.1NRT","299.83","88.52","D",,"fire_nrt_M-C61_803220.csv",40852,"NRT"
"-1.98134","110.20708","318.08","1.68","1.28","2026-08-30","0837","Aqua","MODIS","36","6.1NRT","299.71","16.94","D",,"fire_nrt_M-C61_803220.csv",40853,"NRT"
"-1.88374","110.69072","316.75","1.85","1.33","2026-08-30","0837","Aqua","MODIS","51","6.1NRT","297.16","17.51","D",,"fire_nrt_M-C61_803220.csv",40854,"NRT"
"-1.91297","110.206","315.54","1.69","1.28","2026-08-30","0837","Aqua","MODIS","65","6.1NRT","298.16","17.72","D",,"fire_nrt_M-C61_803220.csv",40857,"NRT"
"-1.90393","110.11552","323.56","1.66","1.27","2026-08-30","0837","Aqua","MODIS","77","6.1NRT","300.22","29.16","D",,"fire_nrt_M-C61_803220.csv",40858,"NRT"
"-1.88622","110.15717","321.3","1.68","1.27","2026-08-30","0837","Aqua","MODIS","59","6.1NRT","299.65","24.45","D",,"fire_nrt_M-C61_803220.csv",40859,"NRT"
"-1.8409","110.21844","331.79","1.7","1.28","2026-08-30","0837","Aqua","MODIS","84","6.1NRT","298.63","53.18","D",,"fire_nrt_M-C61_803220.csv",40862,"NRT"
"-1.84308","110.20378","319.12","1.69","1.28","2026-08-30","0837","Aqua","MODIS","53","6.1NRT","298.91","20.73","D",,"fire_nrt_M-C61_803220.csv",40863,"NRT"
"-1.77623","110.11916","335.07","1.67","1.27","2026-08-30","0837","Aqua","MODIS","87","6.1NRT","302.18","57.9","D",,"fire_nrt_M-C61_803220.csv",40868,"NRT"
"-1.77655","110.11345","337.42","1.67","1.27","2026-08-30","0837","Aqua","MODIS","88","6.1NRT","301.83","66.73","D",,"fire_nrt_M-C61_803220.csv",40869,"NRT"
"-1.76331","110.12624","321.64","1.68","1.27","2026-08-30","0837","Aqua","MODIS","60","6.1NRT","299.27","22.82","D",,"fire_nrt_M-C61_803220.csv",40870,"NRT"
"-1.76546","110.11171","348.8","1.67","1.27","2026-08-30","0837","Aqua","MODIS","95","6.1NRT","301.56","109.41","D",,"fire_nrt_M-C61_803220.csv",40871,"NRT"
"-1.71223","110.16324","320.95","1.69","1.28","2026-08-30","0837","Aqua","MODIS","53","6.1NRT","298.65","24.2","D",,"fire_nrt_M-C61_803220.csv",40878,"NRT"
"-1.66505","110.2468","331.99","1.72","1.29","2026-08-30","0837","Aqua","MODIS","0","6.1NRT","298.79","54.82","D",,"fire_nrt_M-C61_803220.csv",40879,"NRT"
"-1.66735","110.23193","332.71","1.71","1.28","2026-08-30","0837","Aqua","MODIS","74","6.1NRT","298.73","57.99","D",,"fire_nrt_M-C61_803220.csv",40880,"NRT"
"-1.64721","110.36025","313.18","1.76","1.3","2026-08-30","0837","Aqua","MODIS","35","6.1NRT","298.6","11.49","D",,"fire_nrt_M-C61_803220.csv",40883,"NRT"
"-1.66493","110.23991","346.62","1.72","1.29","2026-08-30","0837","Aqua","MODIS","81","6.1NRT","299.19","109.65","D",,"fire_nrt_M-C61_803220.csv",40884,"NRT"
"-2.67212","111.06557","306.5","1.83","1.33","2026-08-31","1257","Terra","MODIS","63","6.1NRT","294.55","13.38","N",,"fire_nrt_M-C61_803220.csv",41559,"NRT"
"-2.55756","111.05965","323.48","1.83","1.32","2026-08-31","1257","Terra","MODIS","100","6.1NRT","295.09","47.42","N",,"fire_nrt_M-C61_803220.csv",41605,"NRT"
"-2.54595","111.05807","336.49","1.83","1.32","2026-08-31","1257","Terra","MODIS","100","6.1NRT","294.91","87.65","N",,"fire_nrt_M-C61_803220.csv",41611,"NRT"
"-2.5471","111.06871","318.51","1.82","1.32","2026-08-31","1257","Terra","MODIS","97","6.1NRT","294.73","34.89","N",,"fire_nrt_M-C61_803220.csv",41623,"NRT"
"-2.54931","111.05286","330.42","1.83","1.32","2026-08-31","1257","Terra","MODIS","100","6.1NRT","295.13","66.62","N",,"fire_nrt_M-C61_803220.csv",41624,"NRT"
"-2.37262","110.47291","345.46","2.02","1.39","2026-08-31","1257","Terra","MODIS","100","6.1NRT","297.06","141.66","N",,"fire_nrt_M-C61_803220.csv",41681,"NRT"
"-2.37497","110.45534","335.26","2.03","1.39","2026-08-31","1257","Terra","MODIS","100","6.1NRT","296.26","94.05","N",,"fire_nrt_M-C61_803220.csv",41682,"NRT"
"-2.36047","110.47131","305.56","2.02","1.39","2026-08-31","1257","Terra","MODIS","58","6.1NRT","294.67","12.03","N",,"fire_nrt_M-C61_803220.csv",41683,"NRT"
"-2.3628","110.45377","309.53","2.03","1.39","2026-08-31","1257","Terra","MODIS","76","6.1NRT","294.74","19.51","N",,"fire_nrt_M-C61_803220.csv",41684,"NRT"
"-2.31464","110.22071","404.04","2.12","1.41","2026-08-31","1257","Terra","MODIS","100","6.1NRT","302.33","822.77","N",,"fire_nrt_M-C61_803220.csv",41689,"NRT"
"-2.31711","110.20226","394.13","2.12","1.42","2026-08-31","1257","Terra","MODIS","100","6.1NRT","300.42","651.53","N",,"fire_nrt_M-C61_803220.csv",41690,"NRT"
"-2.30225","110.21902","398.65","2.12","1.41","2026-08-31","1257","Terra","MODIS","100","6.1NRT","298.84","724.5","N",,"fire_nrt_M-C61_803220.csv",41696,"NRT"
"-2.30471","110.20055","403.65","2.12","1.42","2026-08-31","1257","Terra","MODIS","100","6.1NRT","299.17","818.78","N",,"fire_nrt_M-C61_803220.csv",41697,"NRT"
"-2.30716","110.18207","310.17","2.13","1.42","2026-08-31","1257","Terra","MODIS","77","6.1NRT","295.13","18.37","N",,"fire_nrt_M-C61_803220.csv",41698,"NRT"
"-2.20537","110.88449","305.77","1.86","1.33","2026-08-31","1257","Terra","MODIS","60","6.1NRT","294.75","11.07","N",,"fire_nrt_M-C61_803220.csv",41702,"NRT"
"-2.29967","110.2131","382.7","2.12","1.41","2026-08-31","1257","Terra","MODIS","100","6.1NRT","297.96","484","N",,"fire_nrt_M-C61_803220.csv",41703,"NRT"
"-2.30227","110.19465","349.22","2.12","1.42","2026-08-31","1257","Terra","MODIS","100","6.1NRT","296.02","172.56","N",,"fire_nrt_M-C61_803220.csv",41704,"NRT"
"-2.16144","110.94401","312.81","1.84","1.33","2026-08-31","1257","Terra","MODIS","84","6.1NRT","294.84","23.11","N",,"fire_nrt_M-C61_803220.csv",41712,"NRT"
"-2.18825","110.17297","305.53","2.12","1.42","2026-08-31","1257","Terra","MODIS","58","6.1NRT","295.14","12.72","N",,"fire_nrt_M-C61_803220.csv",41720,"NRT"
"-2.17584","110.17128","339.62","2.12","1.42","2026-08-31","1257","Terra","MODIS","100","6.1NRT","296.68","122.06","N",,"fire_nrt_M-C61_803220.csv",41722,"NRT"
"-2.17838","110.15279","309.99","2.13","1.42","2026-08-31","1257","Terra","MODIS","76","6.1NRT","295.11","21.55","N",,"fire_nrt_M-C61_803220.csv",41723,"NRT"
"-2.12622","110.1645","307.53","2.12","1.42","2026-08-31","1257","Terra","MODIS","29","6.1NRT","295.36","14.73","N",,"fire_nrt_M-C61_803220.csv",41730,"NRT"
"-2.12869","110.14597","312.16","2.13","1.42","2026-08-31","1257","Terra","MODIS","67","6.1NRT","295.36","24.29","N",,"fire_nrt_M-C61_803220.csv",41731,"NRT"
"-2.11626","110.14426","308.83","2.13","1.42","2026-08-31","1257","Terra","MODIS","26","6.1NRT","295.22","16.65","N",,"fire_nrt_M-C61_803220.csv",41735,"NRT"
"-2.05017","110.55203","310.84","1.97","1.37","2026-08-31","1257","Terra","MODIS","79","6.1NRT","295.42","19.27","N",,"fire_nrt_M-C61_803220.csv",41737,"NRT"
"-2.10142","110.16103","320.16","2.12","1.42","2026-08-31","1257","Terra","MODIS","100","6.1NRT","295.78","43.01","N",,"fire_nrt_M-C61_803220.csv",41738,"NRT"
"-2.10384","110.14256","315.53","2.13","1.42","2026-08-31","1257","Terra","MODIS","44","6.1NRT","295.45","29","N",,"fire_nrt_M-C61_803220.csv",41739,"NRT"
"-2.12379","110.15867","316.12","2.12","1.42","2026-08-31","1257","Terra","MODIS","92","6.1NRT","295.65","33.65","N",,"fire_nrt_M-C61_803220.csv",41742,"NRT"
"-2.04241","110.56322","308.54","1.96","1.37","2026-08-31","1257","Terra","MODIS","73","6.1NRT","295.27","16.06","N",,"fire_nrt_M-C61_803220.csv",41747,"NRT"
"-2.04483","110.54577","308.65","1.97","1.37","2026-08-31","1257","Terra","MODIS","73","6.1NRT","295.39","16.39","N",,"fire_nrt_M-C61_803220.csv",41748,"NRT"
"-2.09899","110.15527","323.23","2.12","1.42","2026-08-31","1257","Terra","MODIS","100","6.1NRT","295.72","53.77","N",,"fire_nrt_M-C61_803220.csv",41749,"NRT"
"-2.02215","110.13822","308.8","2.12","1.42","2026-08-31","1257","Terra","MODIS","74","6.1NRT","295.05","17.8","N",,"fire_nrt_M-C61_803220.csv",41758,"NRT"
"-1.97239","110.31594","310.65","2.05","1.39","2026-08-31","1257","Terra","MODIS","80","6.1NRT","295.49","21.71","N",,"fire_nrt_M-C61_803220.csv",41760,"NRT"
"-1.90844","110.69257","310.99","1.91","1.35","2026-08-31","1257","Terra","MODIS","80","6.1NRT","295.24","20.07","N",,"fire_nrt_M-C61_803220.csv",41761,"NRT"
"-1.97243","110.22463","306.74","2.09","1.41","2026-08-31","1257","Terra","MODIS","67","6.1NRT","295.27","13.7","N",,"fire_nrt_M-C61_803220.csv",41762,"NRT"
"-1.91089","110.21618","305.68","2.09","1.41","2026-08-31","1259","Terra","MODIS","63","6.1NRT","295.45","11.37","N",,"fire_nrt_M-C61_803220.csv",41770,"NRT"
"-1.90785","110.21021","316.55","2.09","1.41","2026-08-31","1259","Terra","MODIS","93","6.1NRT","295.7","35.42","N",,"fire_nrt_M-C61_803220.csv",41771,"NRT"
"-1.89304","110.22662","333.22","2.08","1.4","2026-08-31","1259","Terra","MODIS","100","6.1NRT","295.87","88.88","N",,"fire_nrt_M-C61_803220.csv",41772,"NRT"
"-1.89553","110.20859","348.93","2.09","1.41","2026-08-31","1259","Terra","MODIS","100","6.1NRT","296.49","168.14","N",,"fire_nrt_M-C61_803220.csv",41773,"NRT"
"-1.77418","110.24059","310.29","2.07","1.4","2026-08-31","1259","Terra","MODIS","79","6.1NRT","295.55","19.33","N",,"fire_nrt_M-C61_803220.csv",41789,"NRT"
"-1.76667","110.11023","312.94","2.12","1.41","2026-08-31","1259","Terra","MODIS","85","6.1NRT","295.48","28.29","N",,"fire_nrt_M-C61_803220.csv",41791,"NRT"
"-1.68909","110.5994","311.19","1.93","1.36","2026-08-31","1259","Terra","MODIS","81","6.1NRT","295.65","18.65","N",,"fire_nrt_M-C61_803220.csv",41793,"NRT"
"-1.76158","110.12289","309.95","2.11","1.41","2026-08-31","1259","Terra","MODIS","76","6.1NRT","295.31","20.28","N",,"fire_nrt_M-C61_803220.csv",41794,"NRT"
"-1.76417","110.10459","306.29","2.12","1.41","2026-08-31","1259","Terra","MODIS","63","6.1NRT","295.03","13.41","N",,"fire_nrt_M-C61_803220.csv",41795,"NRT"
"-1.68298","110.5931","309.61","1.93","1.36","2026-08-31","1259","Terra","MODIS","76","6.1NRT","295.23","16.71","N",,"fire_nrt_M-C61_803220.csv",41797,"NRT"
"-1.56707","110.8278","311.56","1.84","1.33","2026-08-31","1259","Terra","MODIS","82","6.1NRT","295.31","18.47","N",,"fire_nrt_M-C61_803220.csv",41803,"NRT"
"-1.5735","110.77956","310.27","1.86","1.33","2026-08-31","1259","Terra","MODIS","78","6.1NRT","294.86","18.08","N",,"fire_nrt_M-C61_803220.csv",41804,"NRT"
"-1.57524","110.78965","306.11","1.85","1.33","2026-08-31","1259","Terra","MODIS","48","6.1NRT","294.66","10.05","N",,"fire_nrt_M-C61_803220.csv",41807,"NRT"
"-1.55681","110.83625","305.43","1.83","1.33","2026-08-31","1259","Terra","MODIS","59","6.1NRT","295.17","9.63","N",,"fire_nrt_M-C61_803220.csv",41808,"NRT"
"-1.55906","110.82026","307.1","1.84","1.33","2026-08-31","1259","Terra","MODIS","49","6.1NRT","295.11","11.52","N",,"fire_nrt_M-C61_803220.csv",41809,"NRT"
"-1.54723","110.82004","325.13","1.84","1.33","2026-08-31","1259","Terra","MODIS","100","6.1NRT","295.46","49.08","N",,"fire_nrt_M-C61_803220.csv",41810,"NRT"
"-1.54957","110.8033","321.44","1.85","1.33","2026-08-31","1259","Terra","MODIS","100","6.1NRT","295.16","39.23","N",,"fire_nrt_M-C61_803220.csv",41811,"NRT"
"-1.4876","110.64446","305.19","1.9","1.35","2026-08-31","1259","Terra","MODIS","51","6.1NRT","295.09","9.07","N",,"fire_nrt_M-C61_803220.csv",41817,"NRT"
"-1.48979","110.62795","306.88","1.9","1.35","2026-08-31","1259","Terra","MODIS","65","6.1NRT","295.22","11.65","N",,"fire_nrt_M-C61_803220.csv",41818,"NRT"
"-1.49269","110.63949","307.68","1.9","1.35","2026-08-31","1259","Terra","MODIS","68","6.1NRT","295.14","14.04","N",,"fire_nrt_M-C61_803220.csv",41819,"NRT"
"-1.53619","110.06109","320.15","2.12","1.41","2026-08-31","1259","Terra","MODIS","100","6.1NRT","296.01","43.33","N",,"fire_nrt_M-C61_803220.csv",41820,"NRT"
"-1.52131","110.07772","307.2","2.11","1.41","2026-08-31","1259","Terra","MODIS","17","6.1NRT","294.98","13.74","N",,"fire_nrt_M-C61_803220.csv",41821,"NRT"
"-1.52381","110.05939","310.5","2.12","1.41","2026-08-31","1259","Terra","MODIS","59","6.1NRT","295.34","19.2","N",,"fire_nrt_M-C61_803220.csv",41822,"NRT"
"-1.49666","110.16679","308.57","2.07","1.4","2026-08-31","1259","Terra","MODIS","9","6.1NRT","295.12","15.25","N",,"fire_nrt_M-C61_803220.csv",41823,"NRT"
"-1.4991","110.1488","312.37","2.08","1.4","2026-08-31","1259","Terra","MODIS","58","6.1NRT","294.63","24.06","N",,"fire_nrt_M-C61_803220.csv",41824,"NRT"
"-1.45367","110.39386","312.9","1.98","1.37","2026-08-31","1259","Terra","MODIS","84","6.1NRT","295.55","23.87","N",,"fire_nrt_M-C61_803220.csv",41825,"NRT"
"-1.37891","110.77335","306.43","1.85","1.33","2026-08-31","1259","Terra","MODIS","62","6.1NRT","295.27","11.08","N",,"fire_nrt_M-C61_803220.csv",41826,"NRT"
"-1.44865","110.38678","314.57","1.98","1.37","2026-08-31","1259","Terra","MODIS","88","6.1NRT","295.39","27.4","N",,"fire_nrt_M-C61_803220.csv",41827,"NRT"
"-1.38052","110.78357","308.31","1.84","1.33","2026-08-31","1259","Terra","MODIS","70","6.1NRT","295.47","14.62","N",,"fire_nrt_M-C61_803220.csv",41828,"NRT"
"-1.45908","110.13678","309.1","2.08","1.4","2026-08-31","1259","Terra","MODIS","73","6.1NRT","294.74","19.69","N",,"fire_nrt_M-C61_803220.csv",41829,"NRT"
"-1.42222","110.13172","305.97","2.08","1.4","2026-08-31","1259","Terra","MODIS","59","6.1NRT","294.71","12.61","N",,"fire_nrt_M-C61_803220.csv",41830,"NRT"
"-1.4247","110.1136","304.64","2.09","1.41","2026-08-31","1259","Terra","MODIS","33","6.1NRT","294.53","10.42","N",,"fire_nrt_M-C61_803220.csv",41831,"NRT"
"-1.38534","110.12682","309.15","2.08","1.4","2026-08-31","1259","Terra","MODIS","34","6.1NRT","294.89","16.8","N",,"fire_nrt_M-C61_803220.csv",41832,"NRT"
"-1.37306","110.12511","309.97","2.08","1.4","2026-08-31","1259","Terra","MODIS","32","6.1NRT","294.63","18.8","N",,"fire_nrt_M-C61_803220.csv",41833,"NRT"
"-1.37945","110.13877","311.74","2.07","1.4","2026-08-31","1259","Terra","MODIS","81","6.1NRT","295.01","23.81","N",,"fire_nrt_M-C61_803220.csv",41834,"NRT"
"-1.3697","110.1191","305.04","2.08","1.4","2026-08-31","1259","Terra","MODIS","38","6.1NRT","294.38","11.49","N",,"fire_nrt_M-C61_803220.csv",41835,"NRT"
"-1.1422","110.57303","307.05","1.9","1.35","2026-08-31","1259","Terra","MODIS","65","6.1NRT","295.46","12.19","N",,"fire_nrt_M-C61_803220.csv",41840,"NRT"
"-0.89853","110.20435","308.71","2.01","1.38","2026-08-31","1259","Terra","MODIS","71","6.1NRT","294.88","17.68","N",,"fire_nrt_M-C61_803220.csv",41863,"NRT"
"-0.84616","110.49108","305.06","1.9","1.35","2026-08-31","1259","Terra","MODIS","54","6.1NRT","294.98","10.19","N",,"fire_nrt_M-C61_803220.csv",41866,"NRT"
"-0.82127","110.22903","307.65","2","1.38","2026-08-31","1259","Terra","MODIS","67","6.1NRT","294.51","14.48","N",,"fire_nrt_M-C61_803220.csv",41869,"NRT"
"-0.81384","110.19263","305.71","2.01","1.38","2026-08-31","1259","Terra","MODIS","40","6.1NRT","294.45","11.32","N",,"fire_nrt_M-C61_803220.csv",41874,"NRT"
"-0.82843","110.22458","307.33","2","1.38","2026-08-31","1259","Terra","MODIS","64","6.1NRT","294.58","13.85","N",,"fire_nrt_M-C61_803220.csv",41876,"NRT"
"-0.81883","110.20557","308.55","2","1.38","2026-08-31","1259","Terra","MODIS","71","6.1NRT","294.59","16.79","N",,"fire_nrt_M-C61_803220.csv",41877,"NRT"
"-0.64432","110.53503","320.46","1.87","1.34","2026-08-31","1259","Terra","MODIS","100","6.1NRT","295.11","39.42","N",,"fire_nrt_M-C61_803220.csv",41887,"NRT"
"-0.63665","110.41661","305.66","1.91","1.35","2026-08-31","1259","Terra","MODIS","58","6.1NRT","294.35","11.82","N",,"fire_nrt_M-C61_803220.csv",41888,"NRT"
"-0.63814","110.09737","313.16","2.03","1.39","2026-08-31","1259","Terra","MODIS","22","6.1NRT","294.98","22.87","N",,"fire_nrt_M-C61_803220.csv",41891,"NRT"
"-0.61614","110.16595","304.8","2","1.38","2026-08-31","1259","Terra","MODIS","53","6.1NRT","294.78","10.24","N",,"fire_nrt_M-C61_803220.csv",41894,"NRT"
"-0.59194","110.07311","320.74","2.04","1.39","2026-08-31","1259","Terra","MODIS","100","6.1NRT","295.31","42.32","N",,"fire_nrt_M-C61_803220.csv",41896,"NRT"
"-0.59438","110.05532","329.1","2.04","1.39","2026-08-31","1259","Terra","MODIS","100","6.1NRT","295.87","69.87","N",,"fire_nrt_M-C61_803220.csv",41897,"NRT"
"-0.59681","110.03755","311.58","2.05","1.39","2026-08-31","1259","Terra","MODIS","80","6.1NRT","294.81","21.5","N",,"fire_nrt_M-C61_803220.csv",41898,"NRT"
"-0.51971","110.11037","322.88","2.02","1.38","2026-08-31","1259","Terra","MODIS","100","6.1NRT","295.89","49.81","N",,"fire_nrt_M-C61_803220.csv",41899,"NRT"
"-0.52214","110.09293","311.7","2.02","1.39","2026-08-31","1259","Terra","MODIS","81","6.1NRT","295.46","22.11","N",,"fire_nrt_M-C61_803220.csv",41900,"NRT"
"-0.50759","110.10869","333.77","2.02","1.38","2026-08-31","1259","Terra","MODIS","100","6.1NRT","295.94","87.69","N",,"fire_nrt_M-C61_803220.csv",41902,"NRT"
"-0.51001","110.09125","305.95","2.02","1.39","2026-08-31","1259","Terra","MODIS","60","6.1NRT","295.04","11.36","N",,"fire_nrt_M-C61_803220.csv",41903,"NRT"
"-0.50149","110.11459","312.28","1.83","1.33","2026-08-31","1957","Aqua","MODIS","84","6.1NRT","295.07","23.83","N",,"fire_nrt_M-C61_803220.csv",42128,"NRT"
"-0.51307","110.11291","314.12","1.83","1.33","2026-08-31","1957","Aqua","MODIS","89","6.1NRT","295.41","26.53","N",,"fire_nrt_M-C61_803220.csv",42131,"NRT"
"-0.51063","110.10766","314.54","1.83","1.33","2026-08-31","1957","Aqua","MODIS","89","6.1NRT","295.57","27.3","N",,"fire_nrt_M-C61_803220.csv",42133,"NRT"
"-0.51311","110.1235","305.22","1.83","1.32","2026-08-31","1957","Aqua","MODIS","39","6.1NRT","294.56","11.12","N",,"fire_nrt_M-C61_803220.csv",42134,"NRT"
"-0.58691","110.06376","307.42","1.85","1.33","2026-08-31","1957","Aqua","MODIS","23","6.1NRT","295.08","13.76","N",,"fire_nrt_M-C61_803220.csv",42135,"NRT"
"-0.61266","110.15719","304.52","1.81","1.32","2026-08-31","1957","Aqua","MODIS","20","6.1NRT","294.47","9.29","N",,"fire_nrt_M-C61_803220.csv",42136,"NRT"
"-0.61502","110.17308","308.37","1.81","1.32","2026-08-31","1957","Aqua","MODIS","74","6.1NRT","294.5","16.32","N",,"fire_nrt_M-C61_803220.csv",42137,"NRT"
"-0.6334","110.29665","305.04","1.77","1.3","2026-08-31","1957","Aqua","MODIS","63","6.1NRT","294.21","11.46","N",,"fire_nrt_M-C61_803220.csv",42138,"NRT"
"-0.63568","110.31199","343.06","1.76","1.3","2026-08-31","1957","Aqua","MODIS","100","6.1NRT","295.54","109.03","N",,"fire_nrt_M-C61_803220.csv",42139,"NRT"
"-0.59382","110.05569","317.85","1.85","1.33","2026-08-31","1957","Aqua","MODIS","84","6.1NRT","295.38","31.72","N",,"fire_nrt_M-C61_803220.csv",42140,"NRT"
"-0.61121","110.16652","310.67","1.81","1.32","2026-08-31","1957","Aqua","MODIS","81","6.1NRT","294.57","18.76","N",,"fire_nrt_M-C61_803220.csv",42141,"NRT"
"-0.63301","110.30549","330.3","1.76","1.3","2026-08-31","1957","Aqua","MODIS","100","6.1NRT","295.01","63.75","N",,"fire_nrt_M-C61_803220.csv",42142,"NRT"
"-0.6354","110.32073","320.5","1.76","1.3","2026-08-31","1957","Aqua","MODIS","100","6.1NRT","294.79","38.18","N",,"fire_nrt_M-C61_803220.csv",42143,"NRT"
"-0.88406","110.20818","307.83","1.78","1.31","2026-08-31","1957","Aqua","MODIS","73","6.1NRT","295.22","14.73","N",,"fire_nrt_M-C61_803220.csv",42146,"NRT"
"-1.38075","110.36433","305.33","1.69","1.28","2026-08-31","1957","Aqua","MODIS","64","6.1NRT","294.37","11.69","N",,"fire_nrt_M-C61_803220.csv",42173,"NRT"
"-1.37969","110.35766","307.07","1.69","1.28","2026-08-31","1957","Aqua","MODIS","70","6.1NRT","294.42","13.2","N",,"fire_nrt_M-C61_803220.csv",42177,"NRT"
"-1.367","110.12964","317.87","1.77","1.3","2026-08-31","1957","Aqua","MODIS","96","6.1NRT","295.69","32.7","N",,"fire_nrt_M-C61_803220.csv",42179,"NRT"
"-1.36937","110.14488","308.55","1.76","1.3","2026-08-31","1957","Aqua","MODIS","75","6.1NRT","295.12","15.76","N",,"fire_nrt_M-C61_803220.csv",42180,"NRT"
"-1.38074","110.14317","313.52","1.76","1.3","2026-08-31","1957","Aqua","MODIS","87","6.1NRT","295.75","23.44","N",,"fire_nrt_M-C61_803220.csv",42183,"NRT"
"-1.44223","110.39307","305.67","1.68","1.27","2026-08-31","1957","Aqua","MODIS","65","6.1NRT","294.84","10.96","N",,"fire_nrt_M-C61_803220.csv",42184,"NRT"
"-1.41251","110.12276","306.82","1.77","1.3","2026-08-31","1957","Aqua","MODIS","69","6.1NRT","294.86","13.13","N",,"fire_nrt_M-C61_803220.csv",42189,"NRT"
"-1.4512","110.14809","315.02","1.76","1.3","2026-08-31","1957","Aqua","MODIS","90","6.1NRT","295.75","27.03","N",,"fire_nrt_M-C61_803220.csv",42196,"NRT"
"-1.45054","110.14253","313.26","1.76","1.3","2026-08-31","1957","Aqua","MODIS","87","6.1NRT","295.58","24.01","N",,"fire_nrt_M-C61_803220.csv",42197,"NRT"
"-1.49829","110.15101","325.1","1.75","1.3","2026-08-31","1957","Aqua","MODIS","100","6.1NRT","295.59","48.03","N",,"fire_nrt_M-C61_803220.csv",42198,"NRT"
"-1.5006","110.16611","331.55","1.75","1.3","2026-08-31","1957","Aqua","MODIS","100","6.1NRT","296.79","64.71","N",,"fire_nrt_M-C61_803220.csv",42199,"NRT"
"-1.52081","110.06936","311.69","1.78","1.31","2026-08-31","1957","Aqua","MODIS","45","6.1NRT","296.26","17.96","N",,"fire_nrt_M-C61_803220.csv",42200,"NRT"
"-1.53222","110.06763","320.74","1.78","1.31","2026-08-31","1957","Aqua","MODIS","66","6.1NRT","297.06","33.94","N",,"fire_nrt_M-C61_803220.csv",42201,"NRT"
"-1.76553","110.24431","306.24","1.7","1.28","2026-08-31","1957","Aqua","MODIS","67","6.1NRT","294.41","13.25","N",,"fire_nrt_M-C61_803220.csv",42243,"NRT"
"-1.75828","110.12325","309.53","1.74","1.29","2026-08-31","1957","Aqua","MODIS","78","6.1NRT","295.34","18.22","N",,"fire_nrt_M-C61_803220.csv",42245,"NRT"
"-1.88696","110.20531","307.58","1.71","1.28","2026-08-31","1957","Aqua","MODIS","72","6.1NRT","295.04","12.73","N",,"fire_nrt_M-C61_803220.csv",42248,"NRT"
"-1.88921","110.22006","353.51","1.7","1.28","2026-08-31","1957","Aqua","MODIS","100","6.1NRT","298.19","149.72","N",,"fire_nrt_M-C61_803220.csv",42249,"NRT"
"-1.92665","110.46544","318.08","1.63","1.26","2026-08-31","1957","Aqua","MODIS","96","6.1NRT","294.57","30.48","N",,"fire_nrt_M-C61_803220.csv",42250,"NRT"
"-1.90041","110.21835","322.29","1.7","1.28","2026-08-31","1957","Aqua","MODIS","100","6.1NRT","296.29","39.56","N",,"fire_nrt_M-C61_803220.csv",42251,"NRT"
"-1.97082","110.23096","306.06","1.69","1.28","2026-08-31","1957","Aqua","MODIS","67","6.1NRT","294.99","12.03","N",,"fire_nrt_M-C61_803220.csv",42253,"NRT"
"-2.09894","110.1604","315.61","1.71","1.28","2026-08-31","1957","Aqua","MODIS","92","6.1NRT","295.09","26.97","N",,"fire_nrt_M-C61_803220.csv",42275,"NRT"
"-2.09756","110.15381","311.39","1.71","1.28","2026-08-31","1957","Aqua","MODIS","82","6.1NRT","294.76","18.98","N",,"fire_nrt_M-C61_803220.csv",42276,"NRT"
"-2.09989","110.16859","305.09","1.7","1.28","2026-08-31","1957","Aqua","MODIS","24","6.1NRT","294.5","10.23","N",,"fire_nrt_M-C61_803220.csv",42277,"NRT"
"-2.16932","110.17326","320.18","1.7","1.28","2026-08-31","1957","Aqua","MODIS","100","6.1NRT","295.66","37.33","N",,"fire_nrt_M-C61_803220.csv",42281,"NRT"
"-2.1805","110.17156","310.79","1.7","1.28","2026-08-31","1957","Aqua","MODIS","81","6.1NRT","294.72","19.86","N",,"fire_nrt_M-C61_803220.csv",42283,"NRT"
"-2.30101","110.20067","317.11","1.68","1.27","2026-08-31","1957","Aqua","MODIS","94","6.1NRT","294.12","28.02","N",,"fire_nrt_M-C61_803220.csv",42284,"NRT"
"-2.3033","110.21526","347.02","1.68","1.27","2026-08-31","1957","Aqua","MODIS","100","6.1NRT","297.21","116.24","N",,"fire_nrt_M-C61_803220.csv",42285,"NRT"
"-2.30558","110.22977","305.81","1.67","1.27","2026-08-31","1957","Aqua","MODIS","27","6.1NRT","294.65","10.46","N",,"fire_nrt_M-C61_803220.csv",42286,"NRT"
"-2.31214","110.19898","321.18","1.68","1.27","2026-08-31","1957","Aqua","MODIS","100","6.1NRT","294.35","36.09","N",,"fire_nrt_M-C61_803220.csv",42287,"NRT"
"-2.31442","110.21358","370.11","1.68","1.27","2026-08-31","1957","Aqua","MODIS","100","6.1NRT","297.69","244.92","N",,"fire_nrt_M-C61_803220.csv",42288,"NRT"
"-2.36518","110.46748","343.57","1.6","1.25","2026-08-31","1957","Aqua","MODIS","100","6.1NRT","296.81","97.1","N",,"fire_nrt_M-C61_803220.csv",42289,"NRT"
"-2.36732","110.48127","315.77","1.6","1.24","2026-08-31","1957","Aqua","MODIS","92","6.1NRT","294.52","25.67","N",,"fire_nrt_M-C61_803220.csv",42290,"NRT"
"-2.37605","110.46577","317.93","1.6","1.25","2026-08-31","1957","Aqua","MODIS","96","6.1NRT","295.47","30.17","N",,"fire_nrt_M-C61_803220.csv",42291,"NRT"
"-2.37819","110.47962","308.73","1.6","1.24","2026-08-31","1957","Aqua","MODIS","75","6.1NRT","294.4","15.65","N",,"fire_nrt_M-C61_803220.csv",42292,"NRT"
